class_name,file_name,x0,y0,x1,y1,x2,y2,x3,y3,x4,y4,x5,y5,x6,y6,x7,y7,x8,y8,x9,y9,x10,y10,x11,y11,x12,y12,x13,y13,x14,y14,x15,y15,x16,y16,x17,y17,x18,y18,x19,y19,x20,y20
0,0_000.JPG,0.0,0.0,-0.3364714356052039,-0.09398203257090283,-0.5557787092359235,-0.35988661578728526,-0.7231415051783812,-0.6311287404447051,-0.7844806697612747,-0.8523687029485931,-0.012664321955660158,-0.9412412532367421,-0.23458770527542747,-1.3804628613719958,-0.5011940051007701,-1.1904121732441217,-0.5638204234274675,-0.9398456940697513,1.665981628883281e-16,-1.0,-0.2750846550483519,-1.4382238306418793,-0.5408207636161875,-1.2266439830721618,-0.5666830409755829,-0.9879330298796407,-0.018225690411784738,-1.0106033000931238,-0.2969128840633811,-1.4198724896806965,-0.5194745690627597,-1.1972393336433695,-0.5141162605370215,-0.9487779208468452,-0.044894029105001614,-0.9677398484913107,-0.27740973653419193,-1.314620792213765,-0.4752450118802913,-1.1674158103734134,-0.5182656288471071,-0.9218985133930744
0,0_001.JPG,0.0,0.0,0.3693656702756919,-0.2679664199531169,0.5775322030667946,-0.64317909177157,0.7504780471245182,-0.8803991688427552,0.8016968974369565,-1.1183355608452692,0.08468417078373411,-0.989050916063151,0.3435916850522718,-1.4891717398634656,0.6482157255997539,-1.4453123364831277,0.750084100496092,-1.2422717823169775,0.0,-1.0,0.3343106412416532,-1.5505811823972249,0.6835115808111041,-1.4433579067049471,0.7721816347566715,-1.2248652727167788,-0.01414819250545998,-0.9819335671659398,0.34574791128179866,-1.4983388289357409,0.6784143582474313,-1.3776730929396483,0.7668591456676273,-1.1769189362033978,0.04769432244813572,-0.9156744701581324,0.34329761371350653,-1.3346471262772759,0.6135510594444215,-1.3071300725137474,0.704871406894112,-1.1820171200421976
0,0_002.JPG,0.0,0.0,0.32632845531207477,-0.20443211398598085,0.5100435684840118,-0.5750339183342595,0.6972878387958047,-0.8412184790181714,0.8364169897720083,-1.1091602438820019,0.03927453135092874,-0.9661856081021765,0.4120374492152704,-1.442828618120928,0.7406311154475498,-1.4738914274362387,0.8803373369677147,-1.3458300087524506,8.993186726954373e-17,-1.0,0.4295078720606339,-1.5341941234071577,0.7662821424832648,-1.5097250073583552,0.8834635361312869,-1.3660454914251952,0.05723812078916187,-0.9860981847357736,0.4973637156808006,-1.4967059809102858,0.817802706085975,-1.450950542745114,0.9259901770831629,-1.3003128824395207,0.2078143481573187,-0.9271209341552364,0.5818924807517555,-1.331432047563349,0.8477694811251544,-1.3525705760112026,0.9501447434787159,-1.2757592230332775
0,0_003.JPG,0.0,0.0,0.28245944569122394,-0.20623796867625063,0.4855246736712832,-0.5297608511990592,0.6973922347353544,-0.7354081060050903,0.8171155864795528,-0.9390534245582026,0.04925422422505055,-0.971830133138825,0.4538095914134381,-1.425674795316033,0.7616276736638053,-1.4041963763514704,0.8612977580897814,-1.2126371997021028,-6.901227436758247e-17,-1.0,0.45519113156899416,-1.5097784915631185,0.7952257739465547,-1.425093867035355,0.8724195073024743,-1.2267135446537845,0.0440580856903205,-0.974018240457815,0.47849916667476766,-1.498035433341741,0.80690170150199,-1.394325630246417,0.881676935294367,-1.204616285887152,0.1855391866124295,-0.9004375139487549,0.5548490605989537,-1.3425095749104725,0.8029494549699544,-1.3069011116654605,0.8704607052214229,-1.1673877558646417
0,0_004.JPG,0.0,0.0,0.4391724468620406,-0.23853691840357227,0.592449977550268,-0.5457835205342635,0.7593941449881291,-0.739588928359321,0.8429325227192729,-0.9073607578049715,0.06432549809060459,-1.0261519384813902,0.35027323370801255,-1.3441124782301546,0.6139116979033734,-1.2642569060174491,0.7438048668898412,-1.099854862475138,5.850380744361335e-17,-1.0,0.38672771277977064,-1.3347904315627155,0.6557526192337103,-1.178665211952583,0.7511305086154871,-0.9983322106275753,0.026500027086618298,-0.8931750441902241,0.3939576055877428,-1.1998173336428182,0.6653772271914143,-1.0594616655009035,0.7570068203373794,-0.8975117189172094,0.11810923399332093,-0.7129509030934114,0.45341716356021233,-0.9390872916989514,0.6820861011719076,-0.8931076440174784,0.7978031080928051,-0.8122461224604238
0,0_005.JPG,0.0,0.0,0.35766208039929986,-0.19719014629374298,0.5431873593906381,-0.5218689088213281,0.7469158264122054,-0.7310056404603816,0.900096489021581,-0.9395333784752462,0.05950970702066358,-0.9916489468862631,0.4885926342100029,-1.3437498013425841,0.7958123483173635,-1.228984406263546,0.914194093242629,-1.022939993068057,1.420169667423018e-16,-1.0,0.4850074042459154,-1.4229651920521549,0.8245952435866488,-1.268611100461745,0.9481784123564141,-1.060315127835187,0.03469774679703473,-0.9666718273765214,0.506610310187351,-1.4314878465086547,0.8332351679726974,-1.2737876730454911,0.935548908462842,-1.0552316059761477,0.16694292431407265,-0.8768134899152971,0.5732860254107186,-1.2211600702651164,0.8108963286206111,-1.127268809699214,0.8805098090739542,-0.9513782023601711
0,0_006.JPG,0.0,0.0,0.3334558867964221,-0.2715063873011511,0.5045376942199779,-0.5864179665038679,0.6601979669628194,-0.7824001418373947,0.7419936949643052,-0.9718378874483313,0.04227451972953149,-1.0253732083691705,0.4467794049771038,-1.4779893967862023,0.7493816395558593,-1.3502155961997246,0.8519865385730083,-1.1135183765502772,1.6894033567274956e-16,-0.9999999999999998,0.46405103053817875,-1.5000044938915706,0.7887253902920178,-1.3150002479279028,0.8798135089415469,-1.098521034024962,0.06226873688840356,-0.9209605901857524,0.5131841763267346,-1.419641262518455,0.8098374001371615,-1.2475510174808981,0.881339928601551,-1.035191237701604,0.21307916444078967,-0.7730582797052097,0.5800679883567398,-1.1366237743212375,0.804888482860318,-1.0422005708411235,0.8595348642058218,-0.8744808389238226
0,0_007.JPG,0.0,0.0,0.3939816157761497,-0.16188160192389991,0.6058133550725738,-0.5851789848780553,0.7977507649396199,-0.8829318718973156,0.9267994980861249,-1.1520828683264632,0.1007696486328535,-0.9636360762598855,0.49255716221731904,-1.4245210284676106,0.8601679760635144,-1.5426537007837713,1.1266512893018885,-1.538648398190201,0.0,-1.0,0.4662879847122015,-1.5188599775942961,0.8890286121913618,-1.6026788060666233,1.1907748789935804,-1.5494067889541618,0.012441713824541078,-0.9754780483116487,0.48814914656063574,-1.5011894201029483,0.9154574124002319,-1.5942230555580932,1.2029714577668917,-1.5446298116547126,0.14017338297604412,-0.910488642915477,0.52663245889891,-1.3585449902848954,0.8447938232453716,-1.5237626073063815,1.0712842780395995,-1.578935738571574
0,0_008.JPG,0.0,0.0,0.3689799558167575,-0.24891996452334275,0.5474379957962456,-0.542863359813392,0.74506093728083,-0.7150917077554237,0.8446614406011528,-0.9408459567731927,0.0405586990646829,-1.0088570958406318,0.4212785760210255,-1.401496874816856,0.7308859401199094,-1.3394539799120173,0.8407021126450638,-1.1557386542722565,1.2443472857970982e-16,-0.9999999999999999,0.41793340290140973,-1.488293290641988,0.7571597269076286,-1.3863474304546488,0.8713063609332447,-1.188025935467009,0.054508848918598904,-0.9500461745695734,0.4583337392776438,-1.4603410274862256,0.7782984015548732,-1.3459471599389723,0.8572577968923724,-1.1614330132916615,0.20529928638825287,-0.8456912575288512,0.5883962552186198,-1.2053649093697527,0.8405326325874811,-1.1528675562977595,0.90667345811926,-1.0189949609958837
0,0_009.JPG,0.0,0.0,0.30754561512216116,-0.23219311910433843,0.4739161744405843,-0.5068544902984846,0.6255605479644639,-0.6716407557750276,0.6524549370791247,-0.8275784347721424,0.05544424507532018,-1.0103235336537768,0.3455184048882775,-1.3828229635151292,0.5870100278245137,-1.292620166393787,0.6315680093340026,-1.0971957476165404,1.6410529673423238e-16,-1.0,0.36879456193959653,-1.4438499200503783,0.6366730057850405,-1.2972739046823212,0.6604925951968279,-1.1027132327446465,0.022165751436899053,-0.9409455919219049,0.36760701943465884,-1.400571723730873,0.6199889307996158,-1.2537598792276323,0.6406566535514364,-1.0765168681887791,0.11649024962894446,-0.8293572912315692,0.41593254687816056,-1.1878792551082007,0.6045202228183709,-1.1020256441633927,0.6189640704933091,-0.9508785893032258
0,0_011.JPG,0.0,0.0,0.388702852112022,-0.12948271168575967,0.652005048077705,-0.535348981232312,0.8801914003429433,-0.8822272194583852,0.9877141966768317,-1.2326294770443778,0.23190674605540545,-0.9541627061327689,0.45829878993304624,-1.5181897241809752,0.7169405012114819,-1.6073559664897092,0.8328801025537392,-1.5204126370237623,1.04722185884351e-16,-1.0,0.2645348404190868,-1.6068907869436146,0.5677203956471757,-1.7034657262837523,0.7359745422335343,-1.6368941587167953,-0.12856323607304815,-1.0038214238452594,0.16877038109408654,-1.5471356787078614,0.4689491120863493,-1.634717918647403,0.6391597798612016,-1.5945398325222493,-0.16063518325146517,-0.9778290522879892,0.10967486028782958,-1.4109646827391014,0.3509117513438032,-1.5225241505276101,0.49190893104575384,-1.5173846405374154
0,0_012.JPG,0.0,0.0,0.40451833012012367,-0.3402088844070911,0.5659314782595253,-0.6862402513264924,0.7153758485610193,-0.8913471894352234,0.8208374278006522,-1.0929226351309838,0.04841112971060026,-1.0166955601425962,0.31282577709842024,-1.346655339257942,0.5786161559369163,-1.4240291338638476,0.7854116033266241,-1.4263438012773275,1.4657465279913542e-16,-1.0000000000000002,0.3446435490139429,-1.4099812223490786,0.6320818665544132,-1.4443238261578746,0.8319228374323975,-1.3710589241211655,0.03688629072974827,-0.9349312759965367,0.345462241357965,-1.373364437398274,0.6410993123215794,-1.4467471046574696,0.8620436989153315,-1.416218870407093,0.1618891759357262,-0.8203376056356307,0.391973967556555,-1.18544250352927,0.610149871160248,-1.3602471396620626,0.7918178709970318,-1.4465786809996384
0,0_013.JPG,0.0,0.0,0.3593391259654792,-0.21109104131116393,0.570437482701966,-0.5594286996083313,0.8135540115578855,-0.7796813586303335,0.9488412674976513,-1.0295034285894298,0.0350719815047997,-0.9718246074290062,0.46136051127059546,-1.2328146210729005,0.7558774631490447,-1.2234135660849734,0.9001689136786811,-1.1179078659367303,8.037736630487867e-17,-1.0,0.429849603175498,-1.371941800922092,0.7468633670155056,-1.3637009375316742,0.9321925976011937,-1.239866699778837,0.04418466922798088,-0.9826326857395136,0.47223915228917634,-1.3681256217844544,0.7884337017743454,-1.3457033483435261,0.9531784017169066,-1.2410632608750527,0.1857632921996503,-0.9051285935011809,0.56693854867698,-1.1989619511128686,0.8106817069939238,-1.2130849338570553,0.947770870059164,-1.1718377983125072
0,0_014.JPG,0.0,0.0,0.44360558448341664,-0.289300182439872,0.6093719915267051,-0.6743854303055862,0.781477682000701,-0.9289549725721848,0.8713998106603058,-1.1962241662116062,0.07841678861055382,-0.9911362595603253,0.3585558410044414,-1.4084758562404143,0.6691584277776915,-1.382851695904363,0.8072148838997011,-1.233183554910561,3.958730250917827e-17,-0.9999999999999999,0.33628397871773263,-1.5219417388557535,0.7100859148427923,-1.4623678114121113,0.8534613725263218,-1.2536157842104543,0.008491510496189859,-0.9804110726792652,0.3509738435796595,-1.5109971337550157,0.692536720196825,-1.4311316098788045,0.8065703497683707,-1.2487967866368395,0.09678542805262108,-0.9093934796738331,0.40431036694081585,-1.3142565598222953,0.6609475228300431,-1.3189016022313118,0.7646509006293485,-1.2248428729854564
0,0_015.JPG,0.0,0.0,0.2977809221986174,-0.21777721784990978,0.44078682645343364,-0.560131151107765,0.5904362563850107,-0.7725137997177167,0.6841353132963515,-1.0085989347680473,0.038284054491753476,-0.9745257402102278,0.25518852571111195,-1.3309288703982323,0.5293291371197603,-1.3609051701861135,0.6900289596391187,-1.2434399178273834,8.093175278900766e-17,-1.0000000000000002,0.2189311485502575,-1.419086987163977,0.534998928463658,-1.4203892538457505,0.6998187558373333,-1.2616936496480875,0.01619304785566001,-0.9825560259310969,0.22570154940885753,-1.4215505186532844,0.5367369986773141,-1.4237773600645043,0.7028283142855245,-1.2979510676561221,0.09022111978607694,-0.9149125537507738,0.259826175307512,-1.2922342831600462,0.46925416530118236,-1.3882542695131148,0.6089471239748089,-1.3706756585498834
0,0_016.JPG,0.0,0.0,0.3267323784282379,-0.3023185182693476,0.48561033770150297,-0.6415383577033981,0.660464422208501,-0.8623624711594542,0.7784605370512939,-1.0488110128605315,0.03131083613957697,-1.0316789519503506,0.29513794530327114,-1.475449696398263,0.568980055259526,-1.3956193245444846,0.6580035824394004,-1.202362981696316,1.3172545687717526e-16,-1.0,0.3314904206037285,-1.5105439138340317,0.6259110366847879,-1.4013483781075025,0.696013063479791,-1.214685312273881,0.0623057049287693,-0.9099614526838251,0.39809137405159506,-1.3803544499662064,0.6739601180025544,-1.2631142171488843,0.727234390331812,-1.0896109847228272,0.20610635897000706,-0.7646807065404494,0.4936832909177973,-1.1344707497084014,0.6842072113826474,-1.0821531543688396,0.7130943828645536,-0.9379142538533983
0,0_017.JPG,0.0,0.0,0.3452290463365959,-0.22730563707504736,0.4939981963400862,-0.49382942037473193,0.6573164580600047,-0.6603141604806733,0.7722231708642812,-0.8669827873569795,0.04154695031435203,-0.9915634939998316,0.33995750617517584,-1.3284593547728976,0.5404463314210942,-1.1971964608394856,0.5611789861533647,-0.9913546080795832,1.0751512748417407e-16,-1.0,0.3553687500799676,-1.3779863915423027,0.5621122855176696,-1.233714601111378,0.5805906746574219,-1.0570967247092233,0.04795270802526239,-0.9584035938620606,0.40919556183658395,-1.3365288938582727,0.6064789382357343,-1.1848486126533209,0.6112307399064129,-1.0048969195645983,0.17809692346328482,-0.8658024250901841,0.5007061105050095,-1.1329797803063428,0.6335494453450957,-1.0167618394805171,0.6096280223530828,-0.853480970876425
0,0_018.JPG,0.0,0.0,0.3374502458190941,-0.2187100956347858,0.543441637512307,-0.4899737376451956,0.7540266887166139,-0.6623795050870641,0.8875311989178785,-0.8779172500870164,0.023897454536629132,-0.9980325051090914,0.39171801839010767,-1.401606125871193,0.65462318784389,-1.321639212872251,0.7199489862928935,-1.1274177766631857,-3.6730349915545315e-17,-1.0,0.43341658477588374,-1.467782484966826,0.7094126126790287,-1.3217233891824587,0.7540865436128628,-1.1126066508264298,0.07801296559192943,-0.9502474061416121,0.46895912516460386,-1.4421099170198577,0.7350150697634871,-1.2954375002323084,0.7703924413715549,-1.0847854576859863,0.24178854123039806,-0.8416263654599019,0.5549264523874051,-1.2598454701722221,0.7510591901340194,-1.1838671170571478,0.7789167975395378,-1.0156108040001424
0,0_019.JPG,0.0,0.0,0.31969057892594144,-0.20222997270812942,0.4976919811566932,-0.47356911110427585,0.6641147529651594,-0.6224714283535837,0.765737230305857,-0.7930431828213726,0.030519978466266435,-0.9988836023207176,0.3496488390191955,-1.3033204377544465,0.6227940057177932,-1.2468435044693218,0.77000223220465,-1.0757099485606714,6.73996277786379e-17,-0.9999999999999999,0.4131312029324736,-1.351900269247695,0.7061126794254478,-1.2489933903140584,0.8141346417776228,-1.03647364084778,0.048057117666043626,-0.9588154340515955,0.3946489380853547,-1.32639171535309,0.6883623476764084,-1.2610910527019425,0.8058080951417625,-1.0777339118333926,0.17974635797457408,-0.8710679316796158,0.4292282316327843,-1.2009308980440903,0.6466351997488174,-1.2319032340296285,0.7698307241783332,-1.1542601576489027
0,0_021.JPG,0.0,0.0,0.3883087885836254,-0.2645926599290824,0.5789575818186945,-0.5485914595059956,0.786551072760994,-0.7377429764798381,0.9899901654294835,-0.9196370172421952,0.09716290467109015,-0.9921346288454266,0.3876202114018124,-1.2710766096958208,0.6570033487803101,-1.1790847368920734,0.8150171012766689,-1.0394422158750727,-3.842555551292622e-17,-1.0,0.3832615468745029,-1.3309409505706713,0.6947934388597738,-1.2056104173721751,0.8546610737627308,-1.0209007063494904,-0.03501094095933511,-0.9483084996984021,0.34435339172599383,-1.2874566747555862,0.6670671988364303,-1.1614100564365168,0.8355882039243258,-0.9791359881235759,-0.010782046917905675,-0.8390877887182487,0.3354013532077336,-1.0633821175949347,0.6118547232329663,-1.01289207800216,0.7805219051625243,-0.9075577016940564
0,0_022.JPG,0.0,0.0,-0.03898455605462097,-0.3890231754396717,0.1397257787765652,-0.8287065400661418,0.41130103595602174,-1.1105366288957557,0.6695085498944365,-1.278141336110833,-0.0527085364844932,-1.1331197623853821,0.5321516971515268,-1.3629940293114302,0.7293010968858283,-1.3753217240923796,0.7643043597781257,-1.3706606864232398,-4.8228591346883395e-17,-1.0,0.6538511295963152,-1.2353255106124852,0.7910063226607967,-1.2000796524216977,0.7550746375108428,-1.1630091458588534,0.09572143358877283,-0.8091275938521826,0.7581281854514305,-1.0696178733665103,0.8360913868306615,-0.9994857663849639,0.755291307725557,-0.9306596563654281,0.21468036285402958,-0.5861852724562341,0.7457064779935078,-0.8226611328903639,0.8069419235665929,-0.7692135725816635,0.7296172640353469,-0.7008538946527709
0,0_023.JPG,0.0,0.0,0.39138831779561306,-0.32142108380394224,0.5762722159331598,-0.6493393486431223,0.7393034045596683,-0.8564177417194059,0.7753739801464915,-1.0567632610701894,0.08586530974933476,-1.041662622864596,0.2567759010039317,-1.4643407900083236,0.561643390966894,-1.454484058614305,0.7730723926573747,-1.3274991933921074,1.4912851045453363e-16,-1.0000000000000002,0.2111143648024827,-1.4959862870578937,0.5792587691813175,-1.4360564700773928,0.7826274517828485,-1.248138250326621,-0.023280919247969045,-0.9004398495500121,0.18360141225993018,-1.3794839418267353,0.5533529856894831,-1.3184830893450175,0.7833576451252576,-1.1615611099416194,-0.003407951599109111,-0.7541989177625422,0.22295408399096567,-1.1257648729735918,0.510893428329017,-1.1771883373855523,0.7185058451045744,-1.1259208833143093
0,0_024.JPG,0.0,0.0,0.4142813927708279,-0.27593716358756964,0.6030687396979513,-0.5103845251086315,0.8217484133495113,-0.625396567434964,0.9825654847144629,-0.7010900505421072,0.06713053127321647,-0.9968149870247354,0.4388961516443815,-1.2126421007481014,0.7151193472377876,-1.0987400583648237,0.8678873959922868,-0.9452568847311571,6.69398263551053e-17,-1.0,0.5054432100518981,-1.2578173120847829,0.785326900942966,-1.0842259108515189,0.8921574110135878,-0.891158951121195,0.01802081913611574,-0.9468204349097021,0.49681121280001067,-1.2297522665556604,0.7864781327115812,-1.0615220134439816,0.8972599306082897,-0.8682324041730828,0.09536224776072871,-0.8359659289004195,0.50096560994318,-1.0107731578141603,0.7477946155781594,-0.9338373584622706,0.8764768573216757,-0.8197939242442731
0,0_025.JPG,0.0,0.0,0.4373707029577177,-0.2110301727163227,0.6001823520075718,-0.4904876948053716,0.7818897268667109,-0.6433522613762327,0.9186524554288698,-0.8098195650146779,0.04061342724273682,-1.012352207286291,0.4456320896010122,-1.2909033436406496,0.7524985784045567,-1.2152273785412204,0.918211333532332,-1.0521379127461319,8.415074233292567e-17,-1.0,0.5065956463657747,-1.3082053753931173,0.825323070278633,-1.1757457511098077,0.9658825789593614,-0.9903112573348879,0.06142411447326673,-0.9233737979509815,0.5503904073550584,-1.199773619215091,0.861671141475055,-1.0713967102203703,0.9922121733102726,-0.8991994586106602,0.1980865342213273,-0.782723376860493,0.6065148817970616,-1.0062227646275377,0.8611888818687432,-0.9602393961199892,0.9855539535735129,-0.8566004372161561
0,0_026.JPG,0.0,0.0,0.43843397889120883,-0.2960320278692481,0.6146190993538552,-0.569289508634117,0.8103024769974038,-0.7365925013592803,0.9408979250759801,-0.92810693167501,0.08196568725313558,-0.994820824240835,0.3925145060282657,-1.2631180753266433,0.6769769934445091,-1.1837862696234005,0.8441587190021357,-1.03658156414146,1.567314520753871e-16,-1.0,0.4283495640240077,-1.3397164034378273,0.7322447221569608,-1.188301235809591,0.8689722459303238,-0.9892276878838068,-0.007363925392054966,-0.9531438935619858,0.4011752787771234,-1.321073641902259,0.7145026129932256,-1.166989545542203,0.8455755932204609,-0.9757306232341354,0.05042498254773312,-0.8374938570528948,0.4387364462865293,-1.0815379982220308,0.697255842808324,-1.006911439969946,0.8289466603027781,-0.8896737567155386
0,0_027.JPG,0.0,0.0,0.41673973938119135,-0.26513214409516583,0.5901642969035654,-0.5118864885109492,0.7883546152091084,-0.6622926738035517,0.918351128602525,-0.8329743371912604,0.03578487173143141,-0.9937114962722429,0.3978467285937313,-1.1533142398404859,0.6770111393241028,-1.126609396171411,0.8833763761428406,-1.0667253456541066,-3.986992413248869e-17,-1.0000000000000002,0.48150474543494826,-1.2149397529180441,0.7606422720979714,-1.1517144186327213,0.948176791015114,-1.03936404189862,0.03786059123318284,-0.9524586357011934,0.495638701211133,-1.1535274272875138,0.7888515773392483,-1.1009210901172308,0.9798286095648823,-1.0004250893355766,0.1340444282912031,-0.8426495316705753,0.5012088117181625,-0.9991425824375267,0.7480251943050485,-1.0264546198627933,0.9285846867356607,-1.0137527294052189
0,0_028.JPG,0.0,0.0,0.41575072185717915,-0.21199164043607185,0.61197992490646,-0.5118746465683547,0.8247185129636596,-0.6711921930398418,0.9886481731413735,-0.8157970736223692,0.07069302034946501,-1.0014670369921121,0.5310159375849908,-1.2601920167402074,0.8634157445687995,-1.151376112078052,1.0699933041525629,-0.9624329661144881,-5.7498427700216e-17,-0.9999999999999999,0.588575830495396,-1.3315676168265296,0.9403369140129971,-1.1578012207594264,1.1035541096961707,-0.9372996736526141,0.03824623102587679,-0.9311148031099145,0.5734085836054355,-1.272468765687554,0.9244068689553857,-1.1143214584152341,1.074403169264931,-0.9221609905788486,0.14767904831105513,-0.7863772515143105,0.5892821229849694,-1.0237528842419508,0.8745804067027187,-0.9698316446812634,1.021302914624382,-0.8695281598045375
0,0_029.JPG,0.0,0.0,0.47455873435220236,-0.2865565597785518,0.6636489147966123,-0.6187007416464652,0.8707904196699204,-0.8193981730295717,1.000325125872669,-1.0247698576665705,0.07666176593039895,-0.9908781036685678,0.3974013431011935,-1.3002829043659008,0.7009295089683478,-1.2826028217917815,0.9105337701939195,-1.183817955155567,-1.2995622588261728e-16,-1.0,0.3888404588379724,-1.4039369361225769,0.7498665980784037,-1.339855113536597,0.9564976589426052,-1.1502370920179437,0.0021390228863306803,-0.9577176163200729,0.3557951575415605,-1.3940166408554786,0.7199171039659995,-1.3267803172248975,0.928026748997975,-1.157806031687094,0.09264920634746175,-0.8607337597580733,0.4129018162887468,-1.1973672270891778,0.7009869558437707,-1.2139187921891328,0.8998630353237862,-1.1314902306024806
0,0_030.JPG,0.0,0.0,0.41991975529227893,-0.3604719155836177,0.5678409433713958,-0.71590722922415,0.7115507806579424,-0.9852401464471375,0.7776226522896782,-1.2493160270330212,0.10667867108860211,-0.9879797964666099,0.18551949458074626,-1.3626290805287025,0.4358006727290369,-1.364006770359342,0.6115972755189155,-1.283370202882896,4.611207036107484e-17,-0.9999999999999999,0.14547203880143447,-1.4731747050039787,0.4545774432674647,-1.4373001980828546,0.632777456195604,-1.2709691627654474,-0.05634059970396986,-0.968269935205211,0.08719686451058066,-1.4285624848722558,0.4160649831722292,-1.3839109630073698,0.6280075664420185,-1.2209993288000878,-0.05109582499344731,-0.8847465068235811,0.14232428615786655,-1.2107311718050304,0.40500086803015634,-1.2250512463685261,0.6038366539199425,-1.1312766583913942
0,0_031.JPG,0.0,0.0,0.42476229123535025,-0.26434873905217426,0.5991022347612753,-0.5812334148081371,0.7858047000375714,-0.7550024241133468,0.9233034087017612,-0.9137637658538279,0.060398941281774296,-1.0044293250670766,0.4004874453921923,-1.3638118794135738,0.6895074978437508,-1.3180633980890066,0.8439284704596747,-1.164062781772554,1.5627697736880038e-16,-0.9999999999999998,0.4203984260536686,-1.4158314313161626,0.7496230604673719,-1.3037158776838234,0.8886919735158029,-1.1145496134575905,0.039777344741592086,-0.9375452529399873,0.43161481721130873,-1.371449764433223,0.7507048959663143,-1.2513217521468083,0.8859438837160879,-1.06122020383498,0.165945990528741,-0.8250473804868029,0.4678313428914165,-1.1863902682294603,0.7137229358657992,-1.1608218681288491,0.8452273224180025,-1.0463495963258946
0,0_033.JPG,0.0,0.0,0.43833248251426654,-0.29359787645013435,0.6285539159756907,-0.6041471601124861,0.8366141083941705,-0.80604433768009,0.9435304331158771,-1.0220693214349692,0.07912363989852995,-0.9929588863668848,0.393530549091774,-1.302541263080629,0.6717258147051685,-1.2449235638034672,0.8345857517825287,-1.1196052731792165,0.0,-1.0,0.4117747811771708,-1.381693132862661,0.7317874443256643,-1.2640493364577619,0.8730781074197662,-1.0706107225401382,0.00393357059009019,-0.9589729022958096,0.40279723813138013,-1.3544681878101543,0.7281030488670993,-1.2215631738952617,0.8704925688950091,-1.0309351242111717,0.08731903943408283,-0.8569958458146933,0.44610950965959845,-1.179164580144971,0.7069661822684541,-1.1268827896335505,0.8376803877417183,-0.9967137374514741
0,0_035.JPG,0.0,0.0,0.41107498024537414,-0.341682623424156,0.6054494030030724,-0.69199853454404,0.7828749785775715,-0.9497325141580991,0.7447103794439174,-1.1914418705554548,0.09905913096486453,-0.9941423924884658,0.2856174631132024,-1.431119472050656,0.5469106024218876,-1.2915841485221307,0.6295571798246784,-1.0410863453066412,-3.642057150298204e-17,-1.0,0.19101617412226876,-1.5682731795286577,0.5340620869221497,-1.4334710457532982,0.6458693947688253,-1.2039795098770218,-0.03039305849453507,-0.9722339762964827,0.19174505956265675,-1.5554123275084433,0.5199437580399273,-1.399837641260318,0.6118088268550493,-1.1797942074010006,0.002366028259349584,-0.884118912516091,0.2879167506609857,-1.25915771114187,0.5216314525569312,-1.1456008473415773,0.5837477941293345,-0.9548473568712185
0,0_036.JPG,0.0,0.0,0.3653638858615972,-0.31018699400304545,0.5482583493268148,-0.6887113019539418,0.728441573267808,-0.9241663137180495,0.9528359597770321,-1.129147521670958,0.08356817748639221,-1.0251873477679552,0.1563658431361935,-1.4972499565514452,0.44321111336389674,-1.5526277840147682,0.6749821307145601,-1.470474004355064,1.2038189437841663e-16,-1.0,0.11408102235060871,-1.5223352206730765,0.48145686524794945,-1.5362505824746222,0.7298852319010193,-1.3821364070753268,-0.023228273890338935,-0.9220531608706443,0.12199209097107169,-1.4231913860990724,0.492079923406384,-1.4471000503334395,0.7528786684626033,-1.315588816193211,0.016613834188226345,-0.7981570524377187,0.19079083421077575,-1.2054785014857068,0.4672577268334893,-1.2977589368449651,0.6802348495295575,-1.2559969365401575
0,0_037.JPG,0.0,0.0,0.4260473810294217,-0.20182215708105197,0.6150951680165613,-0.511562889331668,0.8201201622160775,-0.6936003977932382,1.0137726671062726,-0.8649404501738053,0.06850141115523817,-0.9760705499515914,0.4541682699826227,-1.237594527055817,0.7445703157032814,-1.157809363583275,0.8989854331361835,-0.9908576478796289,7.894681903559676e-17,-1.0,0.46542822979619375,-1.3091591696634304,0.7834285552231229,-1.1704397549227608,0.9229779919863195,-0.963470526382471,0.023352928092209197,-0.9658787998100339,0.48003097821675256,-1.2927776282106511,0.8069493979937385,-1.1565297903662273,0.9402494966253693,-0.9586625148552239,0.13429875510135372,-0.871229934295038,0.5184232852148045,-1.157082564410561,0.7734866901123182,-1.085197175632788,0.8890455087035611,-0.9452493114103876
0,0_038.JPG,0.0,0.0,-0.024562345009618746,-0.4855330196171285,0.2216110397929332,-0.9813579501890031,0.6105013637082192,-1.269549065976099,0.9965506711704334,-1.4086224233904978,-0.08705980918930988,-1.1472084849596371,0.49489730328419457,-1.6463279719568016,1.0206399682927103,-1.7704210105291478,1.4153184483187518,-1.7314747600374947,0.0,-0.9999999999999999,0.5235352149577719,-1.544585880271659,1.0695503930005383,-1.6581328539478362,1.463548046359016,-1.6064550668002107,0.2058005580740813,-0.773937386617668,0.7138109911483262,-1.25268892295629,1.2125087733951225,-1.3680665290870273,1.5846713929962148,-1.3525944119723528,0.5108969052627877,-0.48966679019952863,0.9737625748240385,-0.8262464601769046,1.3422472935512393,-0.9663517613661873,1.6524191028317923,-1.0235056796744852
0,0_039.JPG,0.0,0.0,0.4258627215276957,-0.2747092624727354,0.6070543311163474,-0.5260991256231112,0.8268083196569238,-0.6561065153827236,0.983233552526413,-0.8313864637831335,0.028477157836318004,-1.0066143018458562,0.4701921296708505,-1.2017254668865645,0.7237617809071082,-1.079112766222888,0.8295316611545569,-0.900022132541726,7.108910787225692e-17,-1.0,0.5349347509632838,-1.2476888650437699,0.7870557282650886,-1.0790805873467222,0.8512210822342603,-0.872580998737984,0.061171765870633,-0.9353217824106828,0.5483282989299259,-1.191912883325332,0.7974470471700262,-1.0310620953837166,0.8487747074230287,-0.8407070911822084,0.18922130257729955,-0.8101228588949296,0.5924056635647332,-1.0358385175359144,0.7971877150211453,-0.9561777055728595,0.8543131088738727,-0.8280862666748695
0,0_040.JPG,0.0,0.0,0.35067255236447115,-0.29397012962788166,0.5012348289255307,-0.6759122180299255,0.6230428804766841,-0.9248638552237042,0.7507716569163685,-1.1602229464355758,0.08543890336781224,-0.9975630520753277,0.14404560009318046,-1.372865345316057,0.39806156445713026,-1.4272841776498983,0.6244667671507418,-1.3910341021429906,9.971383047156255e-17,-1.0000000000000002,0.1076742283451458,-1.424221211871093,0.40768122758538455,-1.4634336805351915,0.6469798912632048,-1.3755568080954537,-0.05793605237506922,-0.959785221650543,0.07701335467390563,-1.3825270449089733,0.39671699509291913,-1.4347570218376677,0.6542695351719453,-1.356121738201998,-0.07794131340622745,-0.8774931879521302,0.09699632058922553,-1.2270403604391684,0.3401659412564359,-1.344070825074285,0.5439997900597389,-1.3539847582754698
0,0_041.JPG,0.0,0.0,0.39063274636845396,-0.28449209163252104,0.6073266947684774,-0.6047041649838564,0.8118550774660486,-0.8176022051405392,0.8362586293856848,-1.0427901611510237,0.09233596247744696,-1.0393233266956108,0.2530801673898218,-1.4611854309212848,0.5562287218550304,-1.4390574254197854,0.7821007391634365,-1.3017272498362313,1.6236915196835552e-16,-1.0,0.19169828446637163,-1.4809249972438785,0.55020522693699,-1.4272550086081783,0.7830375763657841,-1.250104050193616,-0.03222250518851506,-0.9139948053467273,0.15343797534262357,-1.3777812213897385,0.5211668469403041,-1.3380402964745046,0.771257717781439,-1.1872985580032798,-0.01947228680051997,-0.773479059732823,0.1823652120594998,-1.1279238795608544,0.4577902468579131,-1.1685179462354576,0.6690675254776739,-1.099833167982982
0,0_042.JPG,0.0,0.0,0.36940587131606073,-0.28958170333115607,0.5620787250338687,-0.6065631300893471,0.73741306830734,-0.7959271814791049,0.857531432746935,-1.0159187328390038,0.06461835629907854,-1.0147123458835232,0.25220161630055354,-1.4229637532659019,0.5686697588186513,-1.3885732735248182,0.782421028609198,-1.240536332272851,2.119022932420319e-17,-1.0000000000000002,0.2502934161969569,-1.4855069352360293,0.6222315265810152,-1.416476148225313,0.8244640707130371,-1.2162861066802613,-0.0007371031377761277,-0.949464262234804,0.21424736600540137,-1.4170039959834793,0.5858048645749742,-1.3665199118967353,0.8097847585810002,-1.20543016569369,0.06538071419710025,-0.845568982353453,0.25115536270060973,-1.21979121675607,0.5206650002409736,-1.2442731942214729,0.7147731601621522,-1.155220418013987
0,0_043.JPG,0.0,0.0,0.4106399604472131,-0.318387794989452,0.6020380350828343,-0.648060672963877,0.8030509312544087,-0.8437986048588062,0.9308136623350918,-1.0457233687471084,0.07746882188643509,-0.9872829707539243,0.3714198960787433,-1.2534418525849091,0.6332675214245667,-1.2337330708236718,0.8110395622899301,-1.1502223121439228,1.4416198670515797e-16,-1.0,0.3822530893711847,-1.3588472297960983,0.6824148868997654,-1.2924117643941788,0.8664968540550171,-1.1224396240801904,-0.026279749053784923,-0.9843602258470598,0.31075465000015734,-1.3730575744067597,0.6160876927818744,-1.319315783805379,0.8168660376606052,-1.1692108407379735,0.0036216759846222804,-0.9369869175522453,0.25092198319350606,-1.311293548133833,0.5041676306873872,-1.3607943597019003,0.7079976026028917,-1.2930314435515444
0,0_044.JPG,0.0,0.0,0.30634583090733414,-0.31942993810700715,0.43941840470943433,-0.6470720098314006,0.5730882717836914,-0.8822419027697332,0.6152861558860062,-1.1443967520458367,0.11592005154411605,-1.0060308869008487,0.13776189607284814,-1.4123366885570925,0.37511266898274614,-1.373760181110859,0.5423013286752723,-1.2360814862486158,2.1330932916802734e-17,-1.0,0.027905563216415144,-1.4717400106228558,0.3111723424652591,-1.4085437073053895,0.46347163243502354,-1.2098634904189356,-0.11661715366202412,-0.9659641621034911,-0.12935159853625028,-1.4109737479437476,0.15265805581509542,-1.3698750022819859,0.33323510931062417,-1.2022433874162362,-0.23287071842793194,-0.8857905599279144,-0.23477713613521103,-1.2395456990025124,-0.023899716713380852,-1.2899190735415138,0.15344341050646537,-1.2156560032490398
0,0_045.JPG,0.0,0.0,0.42514910584300303,-0.20290243369826397,0.6335812233886207,-0.5441274783867222,0.8429876768458658,-0.7559176156727211,0.9979182400074971,-0.9716165929185534,0.09122672733952107,-0.9629857567157872,0.43384337663670486,-1.1546776280717732,0.7267186688320411,-1.1683603289306885,0.9578320511931603,-1.1438814672630564,1.1846082289952357e-16,-1.0,0.4438146534661121,-1.2606177755938104,0.7815830569029748,-1.2391292310008524,1.0207401366357456,-1.1480185492085198,-0.010914256893312555,-0.9591422276166992,0.44191926839372186,-1.2353642243135583,0.7943876772921881,-1.2185128799585225,1.0359688060166512,-1.1475710753117914,0.06329043484601048,-0.8514165456211369,0.4584985102306807,-1.0425859951370493,0.7401095506636819,-1.0939347090950904,0.9550472100256852,-1.1121112542823193
0,0_046.JPG,0.0,0.0,0.4176601965177502,-0.30959943140065,0.6292779696920331,-0.6620586029856801,0.8441447160726279,-0.899780316019027,0.9668975927782592,-1.1166450091765596,0.1027752448899087,-1.0131806398001995,0.37976695524301973,-1.4531838269332864,0.6815796867609135,-1.4547495405665776,0.8858921269473395,-1.3178562431074452,-1.493722364344582e-17,-1.0,0.3194688276891605,-1.49416104851446,0.6741635812577934,-1.4292651984879323,0.8751231389715137,-1.233622485167227,-0.03753174309291441,-0.9189630878652868,0.2785387249741137,-1.4226937584276982,0.630048109487582,-1.3529200617438677,0.8345755163433847,-1.16778336016871,-0.02260422357001678,-0.7760324961546756,0.3020796428620943,-1.115755938951245,0.5991381304898633,-1.133368488884388,0.7995015946997617,-1.0464444316699835
0,0_047.JPG,0.0,0.0,0.43245865067762046,-0.2588990383735149,0.6396240135661803,-0.5438390178188983,0.846053455534968,-0.7077473943199605,0.9680991610403129,-0.904883741531992,0.07028480101728975,-1.0122570533029174,0.41859320106262243,-1.3144523153927443,0.7215029466667526,-1.2432864184301669,0.9083580270304341,-1.089974006899891,1.1441586094730983e-16,-1.0,0.4487899890577657,-1.3634556276980374,0.7883665526364841,-1.2411239755293189,0.9560183668646876,-1.0325444809432685,0.01241629959109347,-0.9415043986823843,0.4159681130220738,-1.2990897117746578,0.7658036126795474,-1.1991545689537062,0.9458251864261842,-1.0144493122085545,0.0981495504010199,-0.8279880657412293,0.4156655004667427,-1.1373186520889478,0.6872182495860997,-1.1339557496230577,0.8568049947536929,-1.0414054275259699
0,0_048.JPG,0.0,0.0,0.42603269161349294,-0.27619179520143117,0.6450578038016815,-0.5856020743503951,0.8749286200449302,-0.7612829262811182,1.0734010047214049,-0.9140012498522401,0.07829721975310591,-1.0196363579784185,0.43999303694218467,-1.2732403461256068,0.7453815134472573,-1.2055200398511374,0.9583671440609671,-1.0930277246508828,1.134343899116078e-16,-1.0,0.4610336265828462,-1.3041086413740277,0.7900723370924042,-1.2029459049952458,0.9991648812912354,-1.0543841497471058,0.004125468694288473,-0.920744059078835,0.43995161149448403,-1.2098434528214819,0.7769428846446372,-1.1216559266266957,0.9810948432040003,-0.9848623046955147,0.07460651035658038,-0.7830529576277403,0.4353346196030994,-1.0127092064812546,0.7067686099212118,-1.0179198493242436,0.8871736942580971,-0.974788433400636
0,0_049.JPG,0.0,0.0,0.4131433437500267,-0.2709932191313366,0.6192841360411351,-0.6265697035030745,0.8390691625487423,-0.8273209662622888,0.993297491895825,-1.0424929495218584,0.07264502989041549,-1.023367058110175,0.4307138753324856,-1.3220231559488662,0.728395435889355,-1.3182063466697849,0.9449139227493042,-1.2527866777868595,-4.084567278290053e-17,-1.0,0.4376753296263509,-1.3682731872627742,0.7853574205649038,-1.335451285973559,1.0091076205379592,-1.2107322207482474,0.019629981078082302,-0.9120663252841141,0.4334584712591018,-1.2953765309783034,0.777298841126644,-1.2767392684014107,0.994330643930117,-1.1765691041243616,0.11989821028083561,-0.7755739428005832,0.42649837836069476,-1.092284383364169,0.6878648193107014,-1.1791947213284368,0.875865518318527,-1.1865015133803267
0,0_050.JPG,0.0,0.0,0.3961413755706457,-0.39569406932444867,0.4837857486002331,-0.713881030404909,0.5630698576400313,-0.9456865114555263,0.6336143087515805,-1.2039948580914808,0.08742090961134318,-0.9860544484028176,0.10642465937536535,-1.3333950701477912,0.32069523881564355,-1.443059535446086,0.5234103279421655,-1.484799322495751,-2.0976269137067854e-18,-1.0,0.024538776727551073,-1.4624201435236985,0.31830680684386514,-1.5429102916227948,0.546119537589128,-1.469699473856795,-0.06501474723869255,-0.9801089815489757,-0.06414342218508107,-1.4506043798758808,0.24736114498707365,-1.5186392582724753,0.4984395185089873,-1.449026829556349,-0.08745248797983066,-0.9239417040653495,-0.03426936762485041,-1.3105307656629215,0.19830424798221216,-1.4114051754204273,0.4180451861973283,-1.405401760491936
0,0_051.JPG,0.0,0.0,0.39210199124519934,-0.27906765020369945,0.5708704979524866,-0.5938552997203259,0.7543591970732852,-0.7856943657958478,0.8478517037005717,-0.9798833694502127,0.05184809831974695,-0.9963494370690164,0.3997692322812536,-1.2843588385052271,0.6780390705166405,-1.22833796686093,0.8346380433482293,-1.1062653469040675,8.423074603683746e-17,-1.0,0.42538412142320325,-1.368171433513955,0.729659865279704,-1.2617457752011925,0.8636394011307426,-1.0906850984076863,0.03830516698183568,-0.9559579512323597,0.42698405265122835,-1.3433946460172477,0.7331582940304459,-1.2329136834208123,0.869387597398624,-1.0578580730429048,0.15818435280073112,-0.8638924731161942,0.4728784605038293,-1.1769476048639758,0.7133256408680423,-1.144415293581614,0.8448080486289681,-1.0328251814987788
0,0_052.JPG,0.0,0.0,0.40146158213169053,-0.22994675982800256,0.5964078749560052,-0.5180762660819818,0.8029634884563547,-0.7076243189537385,0.9488281763972528,-0.8946613724514797,0.02261190057504778,-0.9869742916290279,0.4457195861091011,-1.2997655382641833,0.7407593371996893,-1.1848053748691603,0.8648975694164348,-0.9879296089766468,-8.05980767928663e-17,-1.0,0.4988402426307412,-1.385238768511575,0.8065703237533723,-1.2107531298094691,0.8972121690345249,-0.986124883150831,0.08421094173803093,-0.9564513141696751,0.5490052711018577,-1.3562300477802152,0.8387039606404697,-1.171150120702884,0.9078340348161545,-0.9521855017135322,0.24608753351485105,-0.8576284338690995,0.6250577322437118,-1.1731512282867524,0.8571697041947973,-1.0723122025284197,0.9335733731738602,-0.9063109549084739
0,0_053.JPG,0.0,0.0,0.39129079118005655,-0.32857324474926336,0.5838173285220769,-0.6322632887291474,0.7690022493129489,-0.83975577709388,0.8781300763339984,-1.0943733473189525,0.11205638489070026,-1.0253018388679616,0.26631834225604784,-1.4170897610530666,0.5626791727914342,-1.3886132174392882,0.7909178665176447,-1.278639539189353,1.823327769916839e-16,-0.9999999999999999,0.20179343956651674,-1.4637861599067807,0.5519784789222183,-1.3944888436098208,0.7757733367699093,-1.2236942875435877,-0.06323043801630748,-0.9364927631323964,0.1181304341038786,-1.387976744230259,0.47270734866230363,-1.3204481268251669,0.7048262682599185,-1.159049072620049,-0.08367489465753065,-0.8257167239105873,0.12887034298114192,-1.1584871960181347,0.403789447693949,-1.1613745114914478,0.5992437858105525,-1.0625351954007898
0,0_054.JPG,0.0,0.0,0.40032686268165124,-0.3064140005982499,0.5973561742866829,-0.6015156923013117,0.7875635848939745,-0.789330090765766,0.9419804531254392,-1.0080146115789068,0.08904418703513417,-1.0088820986393134,0.31639884932265616,-1.3771794446851928,0.6133522460309369,-1.31894321864716,0.8195515022783898,-1.1852445364757305,1.1174003733354974e-16,-1.0,0.3029242563891468,-1.4239662603904957,0.6602687142321145,-1.3272791033084772,0.8624326458659838,-1.1396638763184102,-0.031104613019539762,-0.9502070906909771,0.25143814253907126,-1.3589640577672022,0.6115454889623099,-1.2753318440447405,0.8267470563830548,-1.110833273226229,-0.005044663250443277,-0.8520770301122186,0.24872552832256284,-1.178878148936731,0.5307672151943527,-1.182312054948972,0.7216962646221784,-1.09072995903862
0,0_055.JPG,0.0,0.0,0.3941661980974611,-0.2717630032396952,0.5920411912470428,-0.5867153567848999,0.7910283441265326,-0.78407836258728,0.882132321866603,-0.9834391381314249,0.034904059698751454,-1.00497328220409,0.4946081357243926,-1.262244368383215,0.7273058023734087,-1.1503617726005952,0.8046139123259326,-0.9729907294543695,1.8063860445020583e-17,-1.0,0.5379156371276648,-1.3135923122832356,0.7619210408896236,-1.1424241476372328,0.7956246691652525,-0.9546851164934425,0.0675394215356989,-0.9355677545030376,0.5576186726357267,-1.2827798099603474,0.77887985712295,-1.1105862713808883,0.7959607470345442,-0.9105648471891713,0.21407571617345103,-0.8175554764859178,0.5912087069948769,-1.1450674251093536,0.774363078685956,-1.065072429693441,0.803579640357754,-0.9208259288167013
0,0_056.JPG,0.0,0.0,0.3894729974094157,-0.27803491220618815,0.5353252744701479,-0.5893646572544282,0.7079491396614438,-0.7642174500476026,0.8285885159400522,-0.9619837217071078,0.05375334836598496,-0.9780541951803151,0.38361135254880424,-1.2434734263944394,0.6394086797173955,-1.175758351105908,0.762298306197407,-1.021198805035638,3.255145937795635e-17,-1.0,0.4071610916051455,-1.3035400771982388,0.6989771938376436,-1.1585121089326256,0.7952952267566847,-0.9342146423643362,0.011734410263873968,-0.9757427688387148,0.40035741653668033,-1.316551715098215,0.6830176637725934,-1.1575774001406824,0.765833516834851,-0.9446434941577677,0.08955082329653048,-0.9144006705349988,0.4109110840416995,-1.256012516284122,0.6340314385510151,-1.2026389189519162,0.7208221430097327,-1.0590184452246352
0,0_058.JPG,0.0,0.0,0.42669561562090563,-0.23448407641358035,0.6120755227539685,-0.5438610276288742,0.8090866821590105,-0.7110461068187462,0.9589175884973403,-0.8390918609561326,0.04863044635135012,-1.0265722864581515,0.44387027627826653,-1.300779987644597,0.7692276116108852,-1.242885130504153,0.9972264677028235,-1.1012456720872166,7.922282789814594e-17,-1.0,0.4928778699370908,-1.3125882727272977,0.8444141350080908,-1.1777957990999046,1.0370598022708717,-0.9710554954640456,0.044279642331735806,-0.8770007786357839,0.5282365232757303,-1.1292993661095012,0.8771523307748774,-0.9964566541357507,1.067337121903615,-0.825530642888161,0.16201756228285802,-0.6865182278060471,0.5691101364571114,-0.8645308730330505,0.8493685590744406,-0.8441031742379131,1.032093350540296,-0.7875168864414591
0,0_059.JPG,0.0,0.0,0.45966742920341364,-0.26144372835497987,0.6312512331040839,-0.5733040758578615,0.8276175720024406,-0.7724804144077998,0.985599596724945,-0.9608738728664966,0.05552972319946347,-0.9868808600000623,0.41904762017299274,-1.3530692200123837,0.728276471664726,-1.3052408759893872,0.9072698894608314,-1.1465001387457254,2.3407151603368995e-16,-1.0000000000000002,0.4546341859283026,-1.4069111299055697,0.8008056444423195,-1.3114688924886972,0.9671080809794677,-1.1278867654821108,0.0349721674246273,-0.9498578468035866,0.48717627755550813,-1.3445216513031397,0.844940696649734,-1.239569066785047,1.018103016242112,-1.0557483451830705,0.1547283440774977,-0.8379062533647713,0.5463094512812752,-1.1463936934723222,0.8467077094636891,-1.1074399260258898,1.0190093483547062,-0.9947970342735108
0,0_061.JPG,0.0,0.0,0.34150013177541505,-0.2607558979898968,0.5334198056468821,-0.5642113296544516,0.7188231561551471,-0.7733492401756061,0.853792964336946,-1.006923649583333,0.11206294672624761,-1.012779397525506,0.28385897773867896,-1.4383394226611468,0.5883134330944855,-1.3754178088560673,0.7886093905250688,-1.223953476275604,-3.823343133022736e-17,-1.0,0.21171021523327446,-1.4954317282995637,0.5702823980218189,-1.3904922885367994,0.7641085872079024,-1.187179734171502,-0.06368890668136135,-0.9366060610904422,0.13755260376562922,-1.4121468248240527,0.5147328442534008,-1.3208944320733036,0.7473675620645455,-1.1420258229303892,-0.07889253848809454,-0.8019777796355617,0.16180728537441944,-1.1499580899963295,0.4719394261075074,-1.1595569722378114,0.6882594347380001,-1.0779149209008825
0,0_062.JPG,0.0,0.0,0.40090665090949823,-0.2823693171264789,0.6327423495353753,-0.5857868503976524,0.8591370302740277,-0.7973662506351512,0.9036580798132592,-1.0373069747458168,0.13001628852856545,-1.0039052818252667,0.3712644304449951,-1.3752962157438096,0.6644935380221527,-1.248056182213474,0.8054201714325291,-1.049794828347376,-1.3301121650303134e-17,-1.0,0.3636946880777093,-1.4218265699976496,0.6945028833894369,-1.2066368468428017,0.7935369814274197,-0.962983635106937,-0.06737898670200108,-0.9486978284064009,0.3112901858111564,-1.3313760128754737,0.6296199505896722,-1.1039155532634513,0.7219993273701001,-0.8723227809406257,-0.09509446725855361,-0.8291210845666981,0.25891174915756615,-1.1101256153108712,0.5243367447703123,-0.9984983310175559,0.622259395727709,-0.8414233544030404
0,0_063.JPG,0.0,0.0,0.4426335938342985,-0.2599100421595628,0.6408901519609749,-0.5820021710704829,0.8250095309625209,-0.8071561725731875,0.9462895188180439,-1.048960218157869,0.08252926689941545,-0.9824478107516772,0.3459880929884693,-1.314238615389218,0.639950703334045,-1.239022302755147,0.8093226974732055,-1.0873141444876941,-3.502479171729473e-17,-0.9999999999999999,0.35250641536462096,-1.4010299835957256,0.6896714140766254,-1.260802348434852,0.8411604990559238,-1.0420814112159513,-0.0034952149115027764,-0.9811570680546943,0.33999394321725057,-1.3858986221332643,0.6718863030951707,-1.2396901284729425,0.8120841590337937,-1.0310482218806323,0.06530423651086145,-0.9080328810175732,0.3853879398016128,-1.2165370417477754,0.6490351079932636,-1.157073976478383,0.7825475759488061,-1.0247315063929916
0,0_064.JPG,0.0,0.0,0.4016505081748638,-0.22032795223666332,0.6240774451571339,-0.5355911452424766,0.8387500048675205,-0.7378004039595246,1.0419204604611516,-0.9049224496768622,0.09233422877009201,-0.9803687786398774,0.4349697517175032,-1.241382643075736,0.7525101360067865,-1.19466851397669,0.9736182882834973,-1.0830945662192586,1.52249437881005e-16,-1.0,0.4450450849302035,-1.2801051306325426,0.7972009255872045,-1.2024719367790442,1.026483453853514,-1.0574314060599568,-0.015127534619494395,-0.9461263455313337,0.4326458589460599,-1.2149676984852162,0.7968307252105785,-1.1547104655809521,1.0346382165100905,-1.017912027508139,0.03275994272417853,-0.8358956165208551,0.3985202223218218,-1.0518566410818113,0.6920096512180067,-1.0656835288739268,0.899619696871557,-1.0119187411364874
0,0_065.JPG,0.0,0.0,0.4444334526609822,-0.22613870957051738,0.6212359862872499,-0.5428888771328745,0.8193390116914655,-0.7461590146266202,0.9380324996198681,-0.9816723602582803,0.048718904841867104,-0.9720782873998394,0.3622313789692549,-1.3384402520731615,0.6680930838510418,-1.293627848712485,0.8257754936237407,-1.1322386647364096,1.6225284815001027e-16,-1.0000000000000002,0.3770618953866098,-1.4366282186998882,0.7330080662006272,-1.3272151580236746,0.8855376130101662,-1.108055894516599,0.046191077484606616,-0.9879684996957463,0.3922047430421618,-1.4296948248411747,0.7471726537927469,-1.3116187596380537,0.8998504206995824,-1.1077560537077424,0.17930057375486394,-0.9237696998284051,0.47290967235934167,-1.2903653647059914,0.7266869016491944,-1.2416562760859329,0.8485812185327707,-1.0982080423244702
0,0_066.JPG,0.0,0.0,0.46492835880702377,-0.25725713638222814,0.6421259552129891,-0.5777958132153062,0.8388715353182995,-0.7950534868349904,1.0082334509691788,-1.0134997346947068,0.08256010985190432,-0.9710484076895318,0.3977254071265531,-1.255695449405029,0.682105921083213,-1.2575169902153815,0.878010639981952,-1.1897826733428405,3.340788286809778e-17,-1.0,0.40376000670756385,-1.3661268613379718,0.715688386375691,-1.3186689243787784,0.9002994693665032,-1.1757115689622633,0.003722147423616063,-0.9675814453323454,0.39944848651389914,-1.3483916946327534,0.7371608193712682,-1.2920176395817409,0.93523380443415,-1.1535142109735346,0.10723774998996202,-0.8562281413917191,0.47291321841369666,-1.144327380655588,0.7543766285915077,-1.1675775070622345,0.9389881000740934,-1.1201368231538773
0,0_067.JPG,0.0,0.0,0.4241799093932064,-0.272174718361279,0.5561836064095586,-0.5989649042165849,0.6980440950059871,-0.812065659110455,0.8049020823062474,-0.9939200647915652,0.06376784678195234,-0.9793169966573665,0.3864787162319075,-1.3120587606105447,0.6544968142810323,-1.221850753640104,0.7824166947313438,-1.0363197597488663,7.187019521431248e-17,-0.9999999999999999,0.41744143332864453,-1.3751158966618575,0.7135311149172677,-1.2253049203312565,0.8094742979435532,-1.0035803813348305,0.026413144418013106,-0.9820446066368302,0.4343867573126574,-1.3712941022716227,0.7213599190362686,-1.2099413190880206,0.8080748979871314,-0.9937139240505656,0.13617139493705227,-0.9218942980167483,0.48199532917055665,-1.2477092829017036,0.7110802770312171,-1.159128978292611,0.7958814978311315,-0.986848655566048
0,0_077.JPG,0.0,0.0,0.38134854324103784,-0.23867026966253252,0.5774877067859494,-0.5372839012344536,0.8208665490434518,-0.6847513846968347,1.045931976605877,-0.8140498217147468,0.03035636715579755,-0.989702645495132,0.4741121972990587,-1.2267642268178276,0.8012141385082365,-1.1513551400603768,1.0072690342323192,-1.0140730668739877,1.3184572519622377e-16,-1.0000000000000002,0.5131124697814478,-1.2858917898962636,0.849080847394975,-1.1681670028909779,1.0320996335184143,-0.9983511863314309,0.06729539302363305,-0.9461178445229399,0.5245710591069621,-1.265632101547563,0.8540265900787596,-1.1539957161779504,1.0179943303922099,-0.9817923805221321,0.21672465083991238,-0.8201332912526608,0.5838837629836513,-1.0757723320385881,0.8279206209964335,-1.0394189582752897,0.9586376253029245,-0.9365803193446005
0,0_078.JPG,0.0,0.0,0.2663661165898691,-0.12731411228187905,0.5716218531193923,-0.4118085579306216,0.9031482698333422,-0.5824927680437564,1.1465822092978504,-0.7676779591936044,0.09491632695474683,-1.0075407015212037,0.543441815018181,-1.120423911765467,0.8687322290609001,-1.053483551465487,1.0750766615491218,-0.9272428476153334,-3.8515188123077643e-17,-1.0,0.5183790033649343,-1.1470652581754903,0.8454972378138087,-1.0504142430758048,1.0401664048041723,-0.8915062473880763,-0.002051458012267044,-0.8886317380526221,0.4994777280153308,-1.0752716350664642,0.830182099099927,-0.9712090312770073,1.020872888786546,-0.8105605827589429,0.07053594127463861,-0.7042563942407362,0.5247662363536462,-0.8706919592547718,0.80225687137023,-0.8243591717907113,0.963341697257893,-0.7269918869318942
0,0_080.JPG,0.0,0.0,0.41456071308749337,-0.29276865521631673,0.5876616877507723,-0.6220876578731082,0.7377913135397729,-0.8427337065399362,0.8527284800881596,-1.0653306688972881,0.11865786817275437,-0.9954772820051238,0.2704218540587179,-1.3488151666003547,0.5375984270724269,-1.3170589018301688,0.7224942862590595,-1.2134745931899875,6.04885452137927e-17,-1.0,0.21200729993380038,-1.4076792363321948,0.5352682884657306,-1.3256335632542322,0.7199103368678549,-1.1585121011977337,-0.06581584683518069,-0.9459409128921029,0.16447879986220584,-1.3586549072300933,0.5000798938278974,-1.2702782714998586,0.6950562613737931,-1.1099749890382868,-0.07657513941082697,-0.831567599271629,0.20668088433876375,-1.119212829180216,0.4892647615116244,-1.1153552744609925,0.6787488328841713,-1.038325985459529
0,0_084.JPG,0.0,0.0,0.42308696840025123,-0.28089717283046284,0.6071503430055216,-0.5606692188661858,0.8160664277102968,-0.7316081416188742,0.9908577839414828,-0.896833372028962,0.07054571397629086,-0.9921617373047952,0.425766306586083,-1.2340241354142654,0.6835254704598684,-1.1450030036326422,0.8183581402735689,-0.9933633113237272,3.1915963232153826e-17,-1.0,0.4712619856386811,-1.2800682513592607,0.7524762999383674,-1.1184522643112909,0.8474831901244186,-0.9048649923545287,0.012631810051860315,-0.9550741075273269,0.46253910082037814,-1.2451363305389889,0.7505681711491384,-1.0903385194036923,0.8419654874335517,-0.9012763340608427,0.09476329073090921,-0.8625622700591893,0.4701506598823184,-1.1319271405958327,0.7075254602641387,-1.0573920947131505,0.8057186139319706,-0.92667323782121
0,0_085.JPG,0.0,0.0,0.42840434865732546,-0.21306653116591173,0.6209870464625624,-0.5034577687048788,0.8300613376628044,-0.6780437753345615,0.9614074619734437,-0.8725678357488281,0.05432907193499552,-0.9910530759668593,0.4676609089884985,-1.25240343755578,0.7190562594134704,-1.080172983196644,0.7822237332132324,-0.8640490179280864,2.054744040118113e-16,-0.9999999999999999,0.5158239943662757,-1.2877279614938242,0.7701902698330813,-1.055993431514036,0.8017144746920234,-0.8378510808680428,0.05036087405205171,-0.930142253569592,0.5603512455681056,-1.2501354501640196,0.7846039974674412,-1.0044787338730512,0.776026890535678,-0.7872321125786437,0.19096943394455737,-0.7822525549031524,0.654716351841435,-0.9659332268960023,0.8134664659921871,-0.7894152972536151,0.7807735225617825,-0.6094744441099168
0,0_087.JPG,0.0,0.0,0.3910795025119331,-0.27607504470553507,0.5716842375155966,-0.5418783629462693,0.7623749206262289,-0.7082171295363625,0.9234278833001484,-0.8759552619876776,0.06663077368511366,-0.9753467231259267,0.36688886388363123,-1.2095561148923561,0.6423393207233352,-1.1465836425725737,0.8205969403787764,-1.0346781561528728,1.6569548197060924e-16,-1.0,0.40662510157174175,-1.2735923806452105,0.7027176560731521,-1.1675897939471889,0.861138172974465,-1.001470080554731,-0.004975967616158267,-0.9705190556644754,0.3875471995120044,-1.2389841277918296,0.6954050567668368,-1.136753126583457,0.868679712138022,-0.9785607856861901,0.044347268147376814,-0.8753245320798565,0.3924497944346375,-1.0865924393613975,0.654986939083484,-1.0642913735518031,0.8244495098409247,-0.9840550221059743
0,0_088.JPG,0.0,0.0,0.4068607840239535,-0.193033384761236,0.6105537174170137,-0.5291370863305395,0.8009982090338483,-0.7246586727580571,0.9121749371453757,-0.8798430843644253,0.0724986023500483,-0.9914041722877011,0.43392749399335023,-1.3780194058187778,0.7687163882231988,-1.295894767045994,0.9101996472975378,-1.0580113178535993,0.0,-1.0000000000000002,0.44696560456840617,-1.4759582985642605,0.8323668547292333,-1.3095901378942925,0.946102310806651,-1.0419256523602687,0.02655542586681771,-0.93545273909284,0.485407465367319,-1.439024917318122,0.8578619831557796,-1.2640746762164543,0.9581669282551265,-1.0237090433374103,0.14559030599996797,-0.7941724588782337,0.5738836982404865,-1.1619954543010669,0.8560318603804651,-1.0736561165727294,0.9373250855038887,-0.9029350970243012
0,0_090.JPG,0.0,0.0,0.3714002846084902,-0.2205519708837596,0.5937637002971551,-0.5167141631716732,0.8083945037041296,-0.690416632988168,0.9231017176523657,-0.8990150129424069,0.07037125975529747,-0.9931048984581885,0.40787695196127466,-1.3146540293303717,0.7142857012145977,-1.2063149570017855,0.8658738810349121,-1.0139070142024118,-2.0875375850536335e-17,-1.0,0.4297538466388391,-1.3716271315224404,0.7640801833180604,-1.2051984476699877,0.869151722038308,-0.9712772333647334,0.011785918273234604,-0.9579345589368803,0.4143410035929882,-1.314728270797554,0.7412770787603048,-1.152826521269378,0.841282835261249,-0.932240524702048,0.09635003793558293,-0.8513356088505197,0.43001898514845516,-1.1546243379307957,0.6836132440581003,-1.084675785726073,0.7843326724422971,-0.9373162801382279
0,0_091.JPG,0.0,0.0,0.356944287338911,-0.2394213265440796,0.5306578834629775,-0.5458428383699276,0.6933844472523708,-0.7342278463029343,0.8183468101297465,-0.9326062611616922,0.0901159298856302,-0.9728620526236832,0.294019055610947,-1.227877390961683,0.5552702387656793,-1.2677394393394983,0.7546412704626968,-1.2450652846944998,1.117690402673547e-16,-0.9999999999999999,0.2959935002741228,-1.3130079538978618,0.5859413314543829,-1.3188135093153701,0.7817580739953487,-1.234389585222596,-0.03957227605558781,-0.9689175107421159,0.27527245426667174,-1.2758223196738216,0.5804478225564765,-1.2903070931964538,0.7915384293513017,-1.220110124201649,-0.01363114083604667,-0.8625029666106536,0.3097764655953256,-1.1115347413754582,0.5725654340957357,-1.1792660967034079,0.7671406263112794,-1.1745431955511654
0,0_092.JPG,0.0,0.0,0.2972286023202367,-0.28721133342145805,0.5597712545538087,-0.6058302852430092,0.8492039254823612,-0.7869334246032412,1.1002596536004976,-0.8924791222938528,0.09132217085067641,-1.0632020077452036,0.7308809200152164,-1.2144119937418008,1.1429729504532253,-1.0924535546887895,1.427978865086016,-0.925817571944232,0.0,-1.0,0.748627031311725,-1.1327157094210665,1.1896525324999814,-0.9424753734261907,1.4697727611839633,-0.7424691356920649,-0.0001224355404360555,-0.851763246012083,0.7656452875250241,-0.9514658936531557,1.176110203681328,-0.7571748688580855,1.423551282347204,-0.563955982353512,0.07539843659032389,-0.632971838355206,0.6860872081184295,-0.6993927150750926,1.0009531015889197,-0.5575963098251298,1.1839099044224521,-0.39919898522815256
0,0_093.JPG,0.0,0.0,0.3986029814907736,-0.21616281965312953,0.6029003339682407,-0.517042704194934,0.8567843124941297,-0.6785804334628897,1.0596902764569731,-0.8129730165382664,0.04575108770675368,-1.0079648900773108,0.5251566475575808,-1.1917714526128187,0.7825745477375419,-1.0236832900531563,0.8451720158563244,-0.8380130303681577,-6.72343218416807e-17,-1.0,0.559921867879907,-1.2524501931276701,0.8244506159324505,-1.027535859705269,0.862271237085743,-0.8311989548182416,0.06435068292108719,-0.9140223154750106,0.6047545259254924,-1.2113619566885516,0.8530374256362306,-0.9761057314700727,0.856691578168615,-0.7665621802044116,0.2206313806079607,-0.7636685361623711,0.6811592720549532,-0.9892082485531352,0.8722984258946481,-0.8530037705538446,0.8707672651727332,-0.6953515392308476
0,0_094.JPG,0.0,0.0,0.34029817137519375,-0.24298634665009827,0.5404287328858071,-0.6413865654915247,0.7416046548221857,-0.9003354116982835,0.8687101081155773,-1.177502428979909,0.09877210479942286,-0.9649852665748478,0.21808778106980278,-1.2890413220981654,0.46116303543404036,-1.3664550269440807,0.6691410057371244,-1.3373888431955616,1.3725698193065824e-16,-1.0,0.17392328467678844,-1.3963315454714813,0.46233861063141446,-1.4252231449818857,0.6725063347922452,-1.2965274611209958,-0.11632115173973744,-1.0017207768424443,0.030976432467848442,-1.4179939443811531,0.3284907203626363,-1.483150130541948,0.5595386312367778,-1.4078565539426076,-0.2412984074438664,-0.9606097103688335,-0.1566677361363734,-1.3512875266580204,0.05756286086127866,-1.531079962238075,0.27990029639920977,-1.5965301037785133
0,0_095.JPG,0.0,0.0,0.40222210250875196,-0.26618329084715703,0.5714151063702487,-0.5789482523866124,0.7597988162462604,-0.765211138100725,0.9070172971365955,-0.9006081669727142,0.06801345472164726,-0.997704552700574,0.4632492799355815,-1.212498098541253,0.7408318119041601,-1.1121078247502303,0.9117806611674266,-0.976883037058398,2.3975560688386707e-17,-0.9999999999999999,0.5206265861564029,-1.263754649276371,0.798703044313433,-1.0890235578490781,0.919178132496887,-0.8989470069452761,0.017884319520656517,-0.9372380073233252,0.5095437475652325,-1.2132303261968997,0.7820416949380531,-1.0272846424728141,0.8771187582527628,-0.8354411486405816,0.09536083201813449,-0.8139782932733209,0.5062719640707594,-1.0100434300761485,0.7345926238843921,-0.9218111982159232,0.8394748504415502,-0.8056744074709612
0,0_096.JPG,0.0,0.0,0.38436961305907275,-0.16153080501242084,0.5822609582402446,-0.5095668081290481,0.7712223335255003,-0.7208107357082183,0.914676850642151,-0.9612559983165889,0.0949755030889486,-0.9763194750422782,0.3872026008250542,-1.3309958994168714,0.7114669086191052,-1.2853442786322142,0.8951820408780372,-1.1185218149094163,6.072433195357787e-17,-1.0,0.3576149754979044,-1.4330510607271336,0.7235372385959837,-1.353071965954997,0.9127856100624591,-1.1462102113220585,-0.029959191360942782,-0.9724747370651147,0.3414503133500482,-1.4177687066294542,0.71670243994186,-1.339476853987588,0.9153919659845692,-1.146948370758878,0.019326406342326664,-0.8666051621014754,0.400127953860852,-1.2182214979787802,0.6989276955339466,-1.2161415053578941,0.8637963082817718,-1.0975583430204332
0,0_097.JPG,0.0,0.0,0.4219763958136823,-0.26986923791073053,0.6078475123687077,-0.5794247483646968,0.8019771992854633,-0.7626567233624021,0.9757666129406587,-0.926170444910435,0.0713480755787683,-1.014876561809089,0.41564383950278727,-1.340525405923609,0.7232919859404124,-1.2587893819225886,0.906810965598835,-1.1033662262536592,7.703189467354521e-17,-1.0,0.4433515122621627,-1.3949958371477629,0.801807514696355,-1.2794464330128417,0.9745913034909959,-1.0863936320807155,0.0157409751703924,-0.9391199950904273,0.4339487883203551,-1.3274152583801069,0.7842245323707111,-1.2173268238289667,0.9478548526668918,-1.0389509336399387,0.10373067355587932,-0.8217144642345141,0.4537917759851501,-1.1240950161568135,0.725434394926993,-1.1113031834889806,0.878008458383605,-1.014255293508942
0,0_101.JPG,0.0,0.0,0.41344729736997826,-0.27556525821949396,0.5913261491583928,-0.5985904531100943,0.7889580380794118,-0.7979436025878281,0.9431006686157056,-1.028532821606922,0.06628125365524358,-0.9805107991150898,0.37543639664472167,-1.330571085414486,0.6621135368224328,-1.2872680322209975,0.7961404302674786,-1.1360562469998183,3.698126995909707e-17,-1.0,0.35976268244031084,-1.449932468798099,0.6875374930173754,-1.368805349863476,0.8167953959770106,-1.1711194773293412,0.013017182011142252,-0.9705933193668709,0.34245439779493975,-1.4528341369677866,0.6785831105101269,-1.35885056424187,0.8140809677042503,-1.1652734934911961,0.1145382921037287,-0.8658574216281708,0.4346937916439866,-1.2382789724951808,0.6983540108237626,-1.2022924246078786,0.8181776803828757,-1.0610922061192694
0,0_102.JPG,0.0,0.0,0.14620418372728552,-0.20595983577253266,0.29668885818348506,-0.5248615900171196,0.48872413842602536,-0.7891107600887355,0.6491451759877166,-0.9934696595844104,0.0493318695549423,-0.9123581993191634,0.6192061077790423,-1.0628873488998856,0.8753993075835362,-0.8703839786282705,1.021779394756947,-0.685171654306896,7.035944978587047e-17,-0.9999999999999999,0.6519934139214276,-1.1004318752198494,0.8821141123917471,-0.8781698907957597,0.9905752369839074,-0.6907013793126269,0.03148129119350295,-1.0091812163547806,0.6733798570820845,-1.078016331645887,0.8851485102478852,-0.879065221104771,0.9803781963208088,-0.6943230357067351,0.11561901475260382,-0.9437077533590339,0.610219944564339,-0.9717893691972795,0.8322682018095294,-0.8366712907808984,0.9620610767387081,-0.7117621769498027
0,0_103.JPG,0.0,0.0,0.381400762441575,-0.2604719765817912,0.5557189194585972,-0.5627934982161752,0.7311667162759936,-0.7370449573509972,0.8066828151367744,-0.922561726700381,0.029031778148936982,-1.0157552918509984,0.39663641117249415,-1.4016945918570503,0.6985453437358032,-1.3222795778067267,0.8304308422902453,-1.1044385041443887,0.0,-1.0,0.4620710006338666,-1.4327666478696208,0.7908287039294472,-1.2982944870319717,0.8845739911129045,-1.075708714206072,0.07047257773486872,-0.934841747194458,0.5081715815583225,-1.366361211015372,0.8191094906892546,-1.2302630859168613,0.9027405457276306,-1.0246830016108621,0.21477568203092431,-0.8177607123575252,0.5579754684245812,-1.1744789206058304,0.7912056087432237,-1.1274933609139235,0.8766226803246364,-0.9895811845741334
0,0_104.JPG,0.0,0.0,0.4013004362509282,-0.400251582401221,0.5243853546136222,-0.7545231949074096,0.6495080114354832,-1.0044211106517302,0.7592313602039459,-1.2570942692498488,0.08962325142372442,-0.9962767283357272,0.08095088019150877,-1.346972652128225,0.31953617981789956,-1.3830216086062568,0.5262147106487712,-1.3441701729325872,7.377789286622518e-17,-1.0,0.03046743665274815,-1.4499934231882512,0.3412347752276713,-1.4347014096090451,0.5582431122377857,-1.2857408251188647,-0.06547728550786677,-0.9745974224268468,-0.04340120115550109,-1.442501048908879,0.27995723388023663,-1.422872509617538,0.5210132402072113,-1.272961662545485,-0.10578814495044647,-0.9143705496854344,-0.025226310045800386,-1.2837529170471962,0.23643504328156084,-1.34449515772592,0.4707092434661572,-1.286941016881813
0,0_105.JPG,0.0,0.0,0.44234927330425783,-0.28354322988893854,0.6494495214538916,-0.6132245296138747,0.8393800703748748,-0.811946465318795,0.9381447961905623,-1.036282720710341,0.10139331754781875,-1.0215422803768501,0.3750325569970223,-1.3854710793156864,0.6880671164470469,-1.2375091846172956,0.820600138825949,-1.0100291413444609,0.0,-0.9999999999999999,0.37811028967950117,-1.4333457358859203,0.730734495026164,-1.219076332004589,0.8202804484100341,-0.9677549908504826,-0.01856715958923039,-0.9274877661519653,0.33921110391438086,-1.3607782121587413,0.6644788610204263,-1.1509461641472198,0.7375123644996703,-0.9198422926313569,0.006174234556630198,-0.8009825521270235,0.3185184762995836,-1.1615179603323915,0.5685931669744453,-1.078135313796446,0.6366590635261103,-0.9111923161365559
0,0_106.JPG,0.0,0.0,0.36370911116402604,-0.2841342895018711,0.5467628772405005,-0.680238501851091,0.6990975548273012,-0.9462919788540516,0.7921618207158503,-1.2226681704666003,0.0995421421335629,-0.97667325731706,0.1903443415152946,-1.3550263823999817,0.455491683016687,-1.393543573213109,0.6703115064273736,-1.3254293547231175,7.22859279694652e-17,-1.0000000000000002,0.12282324649399948,-1.461147070218858,0.4476909324449401,-1.4563417277877087,0.6743914866665003,-1.3042783290726243,-0.11786880258499151,-1.0003628282750925,0.058484671663974364,-1.445600226116747,0.4128810099349716,-1.3972506742014745,0.6504114825755519,-1.2228161381537377,-0.22568506383558554,-0.9705297635689009,0.01621400557649157,-1.3249413458122428,0.3078574626829536,-1.3246206405774463,0.521075749581598,-1.2082347153918318
0,0_111.JPG,0.0,0.0,0.44360352905881456,-0.31965168853538894,0.6043673504723467,-0.6341920750000708,0.7683059511141362,-0.8287915958615533,0.8805506061357229,-1.0448471394169283,0.062312416740866905,-1.0163509060693652,0.4344782064395623,-1.2545743217188232,0.6334578604174131,-1.104922834002293,0.6888726654091006,-0.9162436485582145,4.855610302113947e-18,-1.0,0.47810452012189586,-1.281180234937455,0.6727841421312426,-1.0640350203652893,0.6801316365648944,-0.8611069969526214,0.021070052654900747,-0.9391440874654441,0.49639198713462784,-1.2313562236320141,0.6891923641043063,-1.0016236166347012,0.6742708712033311,-0.7984047277423036,0.09795335040483008,-0.8273230321506214,0.4833522552376165,-1.0925018798685,0.6500560333097849,-0.9530403713480926,0.6500467366236629,-0.7901244431789987
0,0_112.JPG,0.0,0.0,0.2981481839065099,-0.3214495818048187,0.6055685660947839,-0.771618972633064,0.9014211810822435,-1.071389873325462,1.1765947372049825,-1.2723031004121066,0.07964588549547737,-1.0476463219226995,0.5010014612502681,-1.4109390684198724,0.9283986855035854,-1.5672168750557758,1.2425128042582956,-1.6197667942440888,1.630775802849081e-16,-1.0,0.4493608823778047,-1.406187767890859,0.8926853216750272,-1.5565598302324961,1.2382545948960229,-1.6200675556812845,0.03834536176725236,-0.8766542630739101,0.5065470949980951,-1.3082797981522463,0.9227039115128549,-1.4695377355312873,1.255113143280456,-1.5492261806663858,0.1680166085521557,-0.6932654745592641,0.5622863286571975,-0.9997194144701534,0.8738410497226239,-1.1428593772408167,1.1226590807133578,-1.2246387657863869
0,0_113.JPG,0.0,0.0,0.3603484895446951,-0.24081620112278784,0.5406815178353248,-0.5622299320397941,0.7498380391427871,-0.7411071486192927,0.9352399669825845,-0.8816475097425415,0.041097681534248205,-0.9973777395389222,0.4651006570244002,-1.2849989203917636,0.7724403191007475,-1.218398855056978,0.9494589801711404,-1.0514698677910872,9.010415500126694e-17,-1.0,0.4990002915659939,-1.3429249485673143,0.8297682382238839,-1.2365911577821638,0.9788324586698713,-1.03748246214934,0.052633753485898306,-0.94277664320326,0.5215548534206531,-1.317973265430166,0.8475792752670611,-1.2212872083046376,0.9909068666934724,-1.0301188458017254,0.1897960724757468,-0.8314980073894531,0.5623123305736839,-1.1693910064683324,0.8218102138482716,-1.1632590676861008,0.951930448978481,-1.0540445836013967
0,0_114.JPG,0.0,0.0,0.41593937286073057,-0.20092604629955615,0.5912485080211923,-0.4818597360413057,0.7840044335830259,-0.6557659198311052,0.9309531942646668,-0.8662189246323944,0.056358519516633565,-0.9752614853422195,0.4040852118049522,-1.2568300688865583,0.6955745393081424,-1.1911177054661848,0.8536430994097334,-1.0311251293137338,-9.170711077006815e-18,-1.0,0.4329412526809228,-1.3216971606961931,0.7507458400628494,-1.2250596715336848,0.9048469057632651,-1.0354164848481262,0.025183712679701077,-0.9803865009576522,0.45140495049167967,-1.2931645925641468,0.7749490399305906,-1.1985626470511594,0.9287830659694024,-1.020803833623322,0.12920242546449015,-0.900825381552093,0.4960028943126111,-1.1687256034520845,0.7570891078746284,-1.1349812683533016,0.8934429295280132,-1.0144105838686577
0,0_115.JPG,0.0,0.0,0.36475441440476797,-0.20670189600470765,0.5567241995859308,-0.4798326235743168,0.7856667572714943,-0.625570676473347,0.9857655960792241,-0.7817179409367123,0.03411551149663023,-0.9805764873089935,0.4598237886431423,-1.1784674996840612,0.7660908509892779,-1.122627082594298,0.9798462491047282,-1.015680191714073,9.494509022269053e-17,-1.0,0.520384268796886,-1.246235012357247,0.8484344888746241,-1.1508030065938966,1.0434416909438395,-0.9877867756259424,0.04507916201560628,-0.9548793089131573,0.5491982558570795,-1.2036423251433075,0.8888170572148307,-1.1050434880436024,1.0783319159754714,-0.9484939730461435,0.16898168349388606,-0.850747983288802,0.5850562765800451,-1.0814575906439519,0.8513365598676659,-1.0497528914121423,1.0080239367681771,-0.9637212390242548
0,0_116.JPG,0.0,0.0,0.40421136313640205,-0.2394056830961122,0.6061153430448862,-0.5486634133932226,0.8295527896914199,-0.7280670185818365,1.0197807051454848,-0.9174006823090544,0.048675903590341824,-0.992670075170259,0.47596727548350837,-1.251125994554227,0.8066215761195551,-1.2331294499029828,1.0456875875901146,-1.1532945394570053,-3.1837157042107813e-18,-1.0,0.5037673327812482,-1.3063433265699924,0.8868864515817598,-1.2578885041632866,1.1315641912624812,-1.1026112461224205,0.04620546308771113,-0.9364421900079397,0.4896304578314268,-1.2793094834277883,0.8672726875383101,-1.244846844917982,1.106919005656692,-1.1210270024074036,0.18620302748758508,-0.8195767304529015,0.5053249327886535,-1.1769212364446668,0.7758575168701803,-1.2315239700229292,0.970919432828254,-1.184339159111003
0,0_117.JPG,0.0,0.0,0.43053924671659133,-0.27595443845948386,0.6351572761459245,-0.5823534176169616,0.853140015234733,-0.7464405558212969,1.0321704563664862,-0.9320601283415326,0.056087209564538415,-1.0338051542931745,0.49645266086869444,-1.318945710743713,0.8285501430024285,-1.2508288460907806,1.0574793711742834,-1.1195914208326647,-3.6260629056415806e-17,-1.0,0.5381262927696521,-1.3448409374897,0.8962464754242769,-1.2623772884944788,1.1088074104762984,-1.1040245476936597,0.04107133693115878,-0.9030180210406435,0.535718006184258,-1.2397409919246576,0.8944033985188445,-1.1826242273095047,1.0995232593900346,-1.0563906609833837,0.16440400470781608,-0.7426686892076394,0.5438951577481058,-1.0370072093903309,0.813815001253402,-1.0678112537960753,0.9822240930356648,-1.0244015107575775
0,0_118.JPG,0.0,0.0,0.37291101933534687,-0.31411009607377344,0.5180766903911284,-0.6866481777910783,0.6485551078605803,-0.9440771641042546,0.7071119827232522,-1.2224629348641614,0.09662819736193803,-0.9998498130916977,0.11387685731980524,-1.3884105058511156,0.3723171832308656,-1.412154143875541,0.5764839621061503,-1.3329112483750087,0.0,-1.0,0.03028600931826549,-1.498821698976527,0.3743613835215236,-1.4849891969996125,0.5685052249680672,-1.3071156473313792,-0.09381600921194311,-0.9742655255613493,-0.03792819305894295,-1.4590146400485724,0.30721217598845757,-1.3968841281985804,0.5031295813161846,-1.2122217642072084,-0.18478611546762397,-0.9106456215409127,-0.0697352915900368,-1.3145531312751204,0.20544937999752816,-1.337676849770124,0.3972559905017696,-1.2210095506330387
0,0_119.JPG,0.0,0.0,0.34235010269681376,-0.276286784835641,0.518992770378045,-0.6343631157272073,0.6980203625804988,-0.860177906253889,0.8823167104306011,-1.1081354046714567,0.09434356030655096,-0.972869802317849,0.23446873974173768,-1.3172411958641355,0.5143221718726285,-1.3248796747162015,0.7327261783947351,-1.208177951495957,3.9478073282029134e-17,-1.0000000000000002,0.12588868446151627,-1.4609182112501402,0.473088678850977,-1.4431458920159241,0.7075885196148007,-1.23926781097864,-0.09177752320144444,-0.9978262193844218,0.0041206143934849416,-1.4748093968616087,0.3552245142207786,-1.4644800477895594,0.6064746458637602,-1.2912694439746475,-0.16526619967961312,-0.9599184448904092,-0.05775444730018005,-1.3660151826142706,0.20731063092203872,-1.4358423457763876,0.43191198249545143,-1.3475935810528792
0,0_120.JPG,0.0,0.0,0.3988788903174847,-0.32047401305419115,0.5242284095378955,-0.6810446946589975,0.6280157915869947,-0.957833685900992,0.6662504675881463,-1.203444548868515,0.11733000395358334,-0.953530765417855,0.22457084681515552,-1.253311533919943,0.44882529716714015,-1.2428962771551744,0.5979398692867682,-1.162052649719525,2.0548738287059383e-16,-1.0,0.16729289158678468,-1.3977210555014188,0.42644035797729385,-1.341777738062255,0.5647855281995133,-1.1763169765504369,-0.09485243878956374,-1.0159429863562823,0.12724634644854105,-1.4143708787851255,0.4294004903464759,-1.3334296578672502,0.6066690084621448,-1.162322041356242,-0.14313437023415984,-0.9698506266696452,0.15716681246447867,-1.171184540882536,0.4345625233541927,-1.119627713178069,0.6247229509075947,-1.005133696911581
0,0_122.JPG,0.0,0.0,0.4439064166321334,-0.2239405665237307,0.6103250307531786,-0.5360459104548511,0.7926064946932041,-0.7457982107906582,0.9311865597884581,-0.9625927327735506,0.05208973123684146,-0.9732396068675182,0.4190379880507351,-1.2796158671948745,0.7390279946626873,-1.265628063954139,0.9424541796916595,-1.153359690491717,-3.825206672375344e-17,-1.0,0.44630764417085117,-1.3928519216245887,0.7913604795505487,-1.3276592419452555,0.9774100484037709,-1.1660240085689548,0.04214214712477097,-0.9612724671739008,0.48639659103984617,-1.3528146644939232,0.8476334179919544,-1.284857777652344,1.0401095438175485,-1.1217744133420207,0.19073457780817168,-0.8368415978477293,0.5870623133966744,-1.1381459666315852,0.8770396396083927,-1.1373660087453776,1.047354286518915,-1.0541567537943322
0,0_123.JPG,0.0,0.0,0.09497586880254996,-0.40346525385516285,0.3545621725199148,-0.8382620717358675,0.6768792528983767,-1.0730356437371604,1.0001026639116746,-1.2089098176790396,0.05227076668604045,-1.1376379255461022,0.6860635926123285,-1.4723216174237284,1.1544503187080806,-1.4308034005635628,1.4399017406061452,-1.2641093051615573,8.099328230431361e-17,-1.0,0.7100228256634201,-1.3997805574246323,1.2125933271528395,-1.3000868053344257,1.4891434805730186,-1.1040094962576308,0.04480186046265433,-0.7710415184041178,0.7311001737849537,-1.1512858657904843,1.2166035531462662,-1.033885556265773,1.4918168393743747,-0.8510249195927522,0.1744785576589194,-0.47303192208943445,0.7296301573214063,-0.8024929389380239,1.0915232214599908,-0.7585356950852467,1.28956913921932,-0.6269606769833439
1,1_000.JPG,0.0,0.0,0.18939929758108212,-0.2652812078054701,0.2454061164543443,-0.6749425094705149,0.0966155229549134,-0.9808099257935478,-0.11256108838470001,-1.147804874278606,0.20629900680644167,-1.0709913984633368,0.2272707653786535,-1.6130398804210468,0.25943908441468955,-1.9506947571686706,0.2726326335897084,-2.2261617115892873,4.3556974699371816e-17,-1.0,-0.04927470098640004,-1.3934804196064594,0.00784559318449832,-1.1538755589623388,0.05979732560148268,-0.9561835786325298,-0.1831798195132835,-0.85705149316984,-0.23236154163725087,-1.0544122014685058,-0.09917248868522001,-0.7641197340645122,-0.017875039934325834,-0.5883993906892531,-0.34126080510513634,-0.6563759579735157,-0.3279489499360346,-0.887884936519811,-0.22852033271010727,-0.6818983671998186,-0.18162403999859444,-0.5012354925657131
1,1_001.JPG,0.0,0.0,0.2601767257324211,-0.2535392471135575,0.386929209903976,-0.6956253166789166,0.32274138705339045,-0.9979404676245456,0.06657143093473404,-0.9883068084636158,0.1849073313403506,-1.0680574586839557,0.1795183805867419,-1.5698632638602725,0.1818894177021293,-1.8695414671332313,0.1786702765645813,-2.130427560362308,3.9846650697187776e-17,-1.0000000000000002,-0.015624542870634563,-1.3722188292765376,0.08225403991578205,-1.1083617010228726,0.12493934710143668,-0.8940440376899915,-0.165196383601248,-0.868393729470639,-0.13967421232791571,-1.0862863024613938,0.013861454368664617,-0.7932488153817163,0.07059973134562474,-0.5980571644048416,-0.2968980027004128,-0.6831431672878088,-0.21427036186717766,-0.9142871945681426,-0.07587330867034085,-0.716744538329559,-0.03312880969616734,-0.529870110896345
1,1_002.JPG,0.0,0.0,0.22699955002488412,-0.14684150696486764,0.29523710622156946,-0.5480695893194476,0.23828499504516595,-0.8783915771758903,0.14407435326688298,-1.11299023595317,0.22636891288149513,-1.06180045888012,0.2848416020905385,-1.5751974209071797,0.3317188937037791,-1.9084067620096512,0.3425754793504376,-2.1784405917069316,1.2942767746521815e-16,-1.0,-0.06322158103052715,-1.3244809058022333,-0.0036537201563207095,-1.037410308091605,0.05902123049603508,-0.8001552015385032,-0.19844179108451548,-0.8601120744314815,-0.25232907193719595,-1.169696822867991,-0.13734140528074532,-0.9139436022619669,-0.0518226901962769,-0.7109439740128879,-0.3705404434700149,-0.6616942751076234,-0.3832708708012891,-0.8768347435334778,-0.2629491961764206,-0.7193435518920732,-0.16450968109462333,-0.5724481277884664
1,1_003.JPG,0.0,0.0,0.2854888004319291,-0.19200683744893235,0.4323238292548246,-0.6055971069565452,0.30889871238917427,-0.9101876198908966,0.04999102522323201,-1.0623922416486915,0.2805266034843571,-1.0859775331468846,0.36862839733474323,-1.6918001455615843,0.439122083057671,-2.079509263563218,0.4813484777147115,-2.390655866111787,8.998428295210765e-17,-1.0,-0.01711524811303582,-1.336492263776437,0.04918528370528804,-0.9726264388763582,0.08854704756956322,-0.6556282537159565,-0.2411893754823144,-0.8412198890533739,-0.2480359399961242,-1.0641919546490703,-0.11160781527485619,-0.6679163050019421,-0.045032373045683395,-0.38959373691640325,-0.457092339312446,-0.6318142828819636,-0.43895417333563413,-0.8327082873605853,-0.3140060568826181,-0.5493657233550447,-0.24819876438093005,-0.33281601829828517
1,1_004.JPG,0.0,0.0,0.2232926977402194,-0.10551515995975669,0.3922992709477678,-0.5567965424773104,0.4040981251404367,-0.9442084233384035,0.22333504167849236,-1.1804022623782455,0.2457259309494939,-1.0622853025586492,0.33589198466591597,-1.698337397961585,0.41563016142779824,-2.072171184392207,0.47454226977863473,-2.3812769326505596,8.80858044379757e-17,-0.9999999999999998,0.04334126577737554,-1.4982557427413137,0.13629721773749282,-1.216437206044653,0.1912938123314215,-0.9439372312835906,-0.22015470036190948,-0.8525557770005228,-0.1268668439545949,-1.104972371664915,0.004191012081074328,-0.7371488214955577,0.07743434525547756,-0.4869499215485559,-0.40743732080410755,-0.6493930296584979,-0.2860650832272739,-0.7603960975316125,-0.16926516741862313,-0.48786164154778583,-0.11874959797218865,-0.3037104763411802
1,1_005.JPG,0.0,0.0,0.25995705383796647,-0.12436476298954649,0.38999162877266974,-0.5166603233060663,0.25536078691403247,-0.8655681229078422,0.035231643129206396,-1.0847001676223118,0.25238705457049015,-1.0683917023278013,0.2600053192847916,-1.6588569085333096,0.27375417325610935,-2.0705538208081573,0.2660567116129698,-2.387689659627212,3.7003537262351635e-17,-1.0,-0.07839591792854382,-1.4411268760370186,0.041259890952238296,-1.1940975239703118,0.1223461279028486,-0.9414970182705336,-0.2077078998843715,-0.841273175836978,-0.20671461434386165,-1.0599880642886572,-0.048842671362004396,-0.7055887137435137,0.017123442986129674,-0.47567438486190083,-0.3933778632525192,-0.6223821570396086,-0.3322558647052083,-0.8317970618392616,-0.20728745785195515,-0.5732639352458303,-0.16572444994275648,-0.388538694743856
1,1_006.JPG,0.0,0.0,0.225056967684858,-0.14545072204220305,0.3343203474814988,-0.46357897259411746,0.21692320275408614,-0.7632344650229848,0.015800495048339115,-0.9598220994302581,0.23114848435342972,-1.0620573847147525,0.25988780024675223,-1.6333205178890247,0.30910993294514194,-1.9893186356991424,0.3150552126863624,-2.269964860403246,4.3973378556748755e-17,-1.0,-0.03853731010791898,-1.3165532576147545,0.021043336470727647,-0.963195866424472,0.06709160700055551,-0.7535170513302556,-0.1900537783884379,-0.8593163601750066,-0.22103184104414603,-1.083341066072477,-0.10281076698007022,-0.7646477687208203,-0.04504052531981147,-0.5793010865416449,-0.35153756948531206,-0.6428053941311519,-0.3592159206089618,-0.837523826747771,-0.23546704604820287,-0.6144477536064022,-0.17313373474694033,-0.4672775664243729
1,1_007.JPG,0.0,0.0,0.21897207561171608,-0.20466895714214509,0.3735392361263878,-0.6042415033720593,0.35512500126657615,-0.928401405922807,0.17084387442991095,-1.1276180791442287,0.23357628667106986,-1.0573125783683468,0.31929382543800916,-1.6184380970898218,0.3930266935105388,-1.9809292116452648,0.42458266850182,-2.277074093749332,2.13282731438003e-17,-0.9999999999999998,0.011713721175778503,-1.4723669795694216,0.11063572284249597,-1.1935185219255802,0.14521347666659007,-0.9675610876676574,-0.19703438254416641,-0.8489875813802755,-0.09630777500825483,-1.064343463885684,0.021353502368007315,-0.7229336936612039,0.02982134405589933,-0.5672162778670073,-0.3667922308593441,-0.6365721759407849,-0.22043085074108376,-0.8256925850904576,-0.12444738610765131,-0.6041505705251018,-0.14285738899910447,-0.4847747924846454
1,1_008.JPG,0.0,0.0,0.264519560122682,-0.25523993233676506,0.42412489648957835,-0.6619099743304742,0.27337784667066717,-0.9936307372355503,0.010959757902756172,-1.1190080210357178,0.22766155742024477,-1.081934258294328,0.2464801185880202,-1.6165585694535431,0.27416828111361957,-1.9526516628601995,0.2767005977356416,-2.2401720833720744,1.3784113383049574e-16,-1.0,-0.0069699678623698,-1.3531139676435686,0.09157728089657502,-1.0367587147966582,0.12826772305606166,-0.8068601683401732,-0.1917698726050189,-0.8491077438848751,-0.18337333196704902,-1.0900512588079967,-0.030925682147956067,-0.7766897231751684,0.021572969589522525,-0.587898549731364,-0.3616395307466565,-0.6506094306346139,-0.29954402981421224,-0.8981344998722878,-0.1719375128205725,-0.6901323416410414,-0.13810838707676912,-0.5239398181253583
1,1_009.JPG,0.0,0.0,0.1901811486746372,-0.20822251404168432,0.2792561592580681,-0.5476824246541376,0.2664249434731786,-0.8138645403647502,0.12130406488560501,-0.9869948702161195,0.16869061811422043,-1.0396136561848328,0.1939250076764274,-1.54767929167389,0.24666933718025347,-1.8641162015180917,0.25532119094720324,-2.1376874075982184,8.920913490419533e-17,-1.0,-0.0971864003105836,-1.4555924593406506,-0.0013967387263614712,-1.2288523226274937,0.06500803161413368,-1.015202127133651,-0.14816442219496212,-0.8843628017758906,-0.21925914778869662,-1.3105384934310207,-0.08706211019313917,-1.111840796882181,-0.017087217515273225,-0.9101128864082744,-0.2739802624105038,-0.7053079459084126,-0.2893622288455285,-1.016450405430274,-0.16765479205633738,-0.911662614137784,-0.08577463555093601,-0.7619641297491353
1,1_010.JPG,0.0,0.0,0.2809183489688123,-0.2143989799129882,0.37763826076860607,-0.5541097251787994,0.35656661668020856,-0.8541721067984542,0.1771972549991054,-1.0183504523769582,0.17308523268983686,-1.0731159048416496,0.08127231681401044,-1.6212195307558392,0.06782491816091434,-1.9312298864607291,0.048205916517139326,-2.197496271205428,1.5308169381008108e-16,-1.0,-0.09235073729489163,-1.366444222149366,0.06792571798681518,-1.122226916442797,0.14662322953862453,-0.9044406144456261,-0.15130451715584792,-0.8468259613612963,-0.1997986522276667,-1.1852761484310488,-0.0012102591453296814,-0.9781954734172188,0.07531390162556846,-0.7875492332904482,-0.28525519234527097,-0.6465146089977074,-0.307526477015441,-0.9442369541234986,-0.12260688440954794,-0.8484583460270108,-0.020974555267337346,-0.7030222536190707
1,1_012.JPG,0.0,0.0,0.16595445315437998,-0.2742381380905038,0.18823272033908678,-0.7337486621061841,0.007307051304539354,-1.1142313143399727,-0.13227169666602967,-1.4146712177730856,0.23970731709679216,-1.0870454887198873,0.1909507158910162,-1.644942216348791,0.17091541471936392,-2.01729868279651,0.11775319260431492,-2.3207110969941427,1.0239367367290273e-16,-1.0,-0.12491866215656242,-1.2862663767869982,-0.06978729951745564,-1.0208954357531732,-0.005828896496789747,-0.8899442079491751,-0.2190373742132129,-0.8347590400658836,-0.3358985298037222,-0.9937054827281635,-0.17825538454089535,-0.6605598723095996,-0.05046033428408648,-0.5299052251453844,-0.4114472261634648,-0.6148274707139932,-0.4770326722940464,-0.7917452894562925,-0.3602092717302932,-0.5626114389556695,-0.267443181161518,-0.4492195419176906
1,1_014.JPG,0.0,0.0,0.2873736043816917,-0.1293355151394844,0.44130694156546424,-0.5055166156463888,0.24806781605046554,-0.8511656083694975,-0.05264318949295463,-0.9853428968336272,0.2933400785818676,-1.0652454637222717,0.32428031720281064,-1.6955688654688417,0.3630894066765829,-2.115587789986145,0.36185001520749893,-2.4611827283120262,1.7090200030019312e-16,-1.0,-0.11622189990814516,-1.4119178812768616,-0.03670766766105434,-1.139831228476159,0.05613710680224911,-0.9811574609288227,-0.23737023292778353,-0.8190944667054618,-0.28598683051846596,-0.9793111735991525,-0.11468870698199467,-0.6385087381437211,-0.0022644004763765434,-0.5106478035118803,-0.44974275559985577,-0.5720665062999889,-0.4338073045508915,-0.692151497990946,-0.3017712024685348,-0.43341079608636324,-0.22983375804788045,-0.33235160049245466
1,1_015.JPG,0.0,0.0,0.2651536784320887,-0.13714604249502066,0.37597962168266946,-0.5371148970845249,0.23293005816148754,-0.8859610894203691,0.007858177016233175,-1.060983518689666,0.2617691168427619,-1.035962118259598,0.2954909301855598,-1.560656549907059,0.32307491532939925,-1.9135949499597873,0.3587404125425905,-2.1739788620986826,-3.5928528752445936e-17,-1.0000000000000002,-0.1663446070986878,-1.4855319555129942,-0.17756768302473064,-1.3123854067998566,-0.1194315871133481,-1.0629453479647224,-0.23212457834865735,-0.8689584439314006,-0.3786254269422945,-1.0838803216839752,-0.28632422486460646,-0.7416586863072638,-0.1519765926881201,-0.47269839646982187,-0.43148778699454454,-0.67175576544998,-0.5310217924586287,-0.8342557049541319,-0.4386365523554432,-0.584375630193185,-0.3084480630357629,-0.3807079264832431
1,1_016.JPG,0.0,0.0,0.23816401613307175,-0.13431567687022708,0.3366915282842071,-0.43545360446990616,0.2669770987303399,-0.7166209632880224,0.0848576631901437,-0.860586191399259,0.22608369840127598,-1.056863062142071,0.2811815196401081,-1.627633835209842,0.3471980520396188,-1.999332925106374,0.3672037946417045,-2.2928069607735786,-2.1909641202448695e-17,-1.0,-0.05938981987121494,-1.4067410978926767,0.03032548995084027,-1.1503177531288185,0.0874774646555169,-0.9375264266260468,-0.17213074324891656,-0.8399210553094658,-0.1747765686989264,-1.0543215652960702,-0.024265695201617025,-0.7563547762513738,0.05034582977554233,-0.5745738296266824,-0.318605862260862,-0.6123530887535807,-0.25484124488942717,-0.7992138039827399,-0.13996886357142313,-0.5782136164710189,-0.09333468615232406,-0.42638925776325737
1,1_018.JPG,0.0,0.0,-0.23529160149929101,-0.16950923456663386,-0.46602920206841925,-0.4478071217292889,-0.6840108161866082,-0.6246659307585102,-0.8509407747278785,-0.6971134417803198,-0.18299500191853524,-1.0079138953722548,-0.13521759957676335,-1.473189350879722,-0.12130732676669216,-1.8186749154062054,-0.12463130944974207,-2.090097452679656,2.894139627441734e-17,-1.0,0.036230215367170616,-1.4663505302594098,0.03254463734112525,-1.854712544737467,0.018598297254353007,-2.1717895495742736,0.16778191767277834,-0.9434520197323008,0.21228156075511162,-1.373938914690791,0.20654586495374688,-1.7063980663874811,0.18084338814563047,-1.9720331851538229,0.3244979407417582,-0.8413513263129514,0.3944255723793822,-1.1879533932057769,0.4109558706194503,-1.455479731920832,0.4070359250382784,-1.6830722909851021
1,1_021.JPG,0.0,0.0,0.28109028980462464,-0.23580694969380553,0.4171226280119119,-0.5354568713779794,0.3698443172063636,-0.774955764391172,0.21687737378902977,-0.9454929161265997,0.20030237752637403,-1.0458779435552885,0.1767123192510519,-1.431907881234217,0.17165365995556942,-1.6796383152664403,0.14731878924820663,-1.9089305937488603,1.426625872865396e-16,-1.0,-0.08001700458506424,-1.3389145520407821,0.038527383545645257,-1.0961967525368699,0.11424934239779198,-0.9094933558939274,-0.17852297157084734,-0.8789168808907426,-0.2720746166762867,-1.1893943942785514,-0.092513770774605,-0.9594840291925727,0.0035505357800122922,-0.771601377567316,-0.3450433675463476,-0.7108371417130477,-0.38263225253778765,-0.9671613377902842,-0.23235208156514012,-0.8381441547318216,-0.1386606911460048,-0.6983999367348608
1,1_022.JPG,0.0,0.0,0.2230079651774959,-0.2365620604574589,0.3125747910210363,-0.5679463128725768,0.2606031625079896,-0.8774887987148526,0.12469506697800035,-1.10592997755154,0.22782384250538618,-1.0019546554546217,0.3120276512509457,-1.3919372209550274,0.3425418509695503,-1.6526926009680551,0.35634506340239736,-1.8704212089677148,1.040046990768897e-16,-1.0,-0.054885649589887515,-1.3733321821251654,-0.012832328109274167,-1.1610667674471533,0.025981259569383977,-0.944331046684902,-0.20424261243385436,-0.9138598964175768,-0.28201668710013733,-1.2238104710973143,-0.17527810612917696,-1.042304825672176,-0.10652312454268809,-0.8372741391569717,-0.39801734660435606,-0.7726493575472692,-0.4890373909441101,-1.0459908620410725,-0.3907842797664549,-0.9800260780295816,-0.2953808421602478,-0.8454640540915269
1,1_023.JPG,0.0,0.0,0.2399841791309319,-0.23279501675540815,0.3680489513812495,-0.5644966884152834,0.28364635574531255,-0.8290395671526544,0.05299431529074372,-0.9062914388523254,0.21476004056101883,-1.0067759007090586,0.282385375843026,-1.386914710779477,0.32710857339156746,-1.627579707184558,0.3358578474385879,-1.8437889582282123,0.0,-1.0000000000000002,-0.05427143768578249,-1.340751520971833,0.049879838971057675,-1.0849004129207296,0.09199166879612074,-0.8694328486201229,-0.19389699981760466,-0.9139290048677042,-0.27300925362992107,-1.2014862947384963,-0.12412272292534135,-0.9813947393548256,-0.06817338947980082,-0.7822163725617065,-0.38918439784429926,-0.7785862197863007,-0.45110762065021465,-1.0561586060690358,-0.316955171475261,-0.946919453139917,-0.24014121640550448,-0.7952776304988405
1,1_024.JPG,0.0,0.0,0.2895619351585415,-0.2185050661397034,0.46742551610782596,-0.5467911961712076,0.30576658148612973,-0.8177152985235009,0.037589991135303306,-0.8964263516496626,0.22726411097102772,-1.040989871927543,0.23311811603417992,-1.4673103768796876,0.2245880716662908,-1.7311074993077313,0.20518693093616547,-1.967973010039301,7.080309667513152e-17,-1.0,-0.02244548398160791,-1.3174896220047798,0.03589190641758542,-1.0295174890174492,0.06781761255648631,-0.8198743889073423,-0.2041500004009182,-0.8922423594745592,-0.25702028249984255,-1.1661179083421847,-0.1312654802827976,-0.8474133673700125,-0.06121859325168597,-0.6194222448123082,-0.4089234256782043,-0.7313026297435679,-0.4355339733389788,-0.9612727120123448,-0.30133401575203,-0.7559109077831333,-0.21276170511300158,-0.5760903199237704
1,1_025.JPG,0.0,0.0,0.3106511371919472,-0.2657269842269831,0.48371534861003906,-0.6830355908001796,0.46826433677553475,-0.9998696006280416,0.27656763396435463,-1.2002515382955663,0.22355259185868562,-1.0825922448472396,0.1258311916356111,-1.5591245977049222,0.09319279287410343,-1.8286428111178838,0.059240243743232855,-2.073782531698124,1.6687600975993803e-16,-1.0000000000000002,0.01243388540967156,-1.2612448187806713,0.14749840798829494,-0.9104911402064901,0.20596096388724056,-0.6769221953322161,-0.21834671874001427,-0.8558510493692428,-0.19663655432449131,-1.1071849110664733,-0.01574210642948921,-0.7874843561702166,0.05371361438788613,-0.5682226137242493,-0.439196431206904,-0.6822281375957276,-0.3969853935084239,-0.9259980086109829,-0.23570026566918462,-0.7237991302038833,-0.16384823439520801,-0.5446803472223365
1,1_026.JPG,0.0,0.0,0.27386513208400376,-0.2011134262812323,0.41464447505281715,-0.5215038008557737,0.23526940831152862,-0.7537577314414127,-0.025182159632237744,-0.8349000794945555,0.24701432546848748,-1.0393112713273487,0.2809368384588161,-1.4450219134416702,0.279707393931737,-1.6926753989490533,0.2564365600041519,-1.9075978250557022,-1.059710500775333e-17,-0.9999999999999999,-0.057774700109940166,-1.2193670401924157,-0.0305116263986995,-0.9250125057248091,0.0004697569891289596,-0.7530634924308561,-0.21931552561154,-0.8890049059731837,-0.30878408464843576,-1.1241795130562549,-0.2153927259166538,-0.8454048956440013,-0.1435641911447919,-0.6708091052561888,-0.416842479708294,-0.7195704445170599,-0.4887568043156885,-0.8939401887185491,-0.37616749237566377,-0.7141502405988448,-0.27513605079091685,-0.5817935420062614
1,1_027.JPG,0.0,0.0,0.2746283305495263,-0.20662095872547973,0.4510920896111485,-0.4794824987354661,0.4655604287331027,-0.7197007860904991,0.2569221275204743,-0.8361359474011854,0.21941356349409444,-1.0408817692619925,0.2623326391771739,-1.467329856540064,0.29402524762107324,-1.7281329204632145,0.300261887203334,-1.9546176884170496,7.401307987007179e-17,-1.0,0.01371288147421876,-1.3332986646473401,0.14776737148172583,-1.0641242518234006,0.20891870981456995,-0.8251040247353998,-0.20244566889728116,-0.8858163263605714,-0.21663584440521017,-1.2199565161234764,-0.03349895601403154,-0.9993760123745323,0.060240068765571454,-0.7726256110766201,-0.4047818070900509,-0.7240258356650484,-0.38767054236020404,-0.9697320711647595,-0.20836997333124752,-0.9053338490603902,-0.08107327864670845,-0.7942618417631463
1,1_028.JPG,0.0,0.0,0.28654883685060684,-0.15978738750261562,0.5258729759094503,-0.5929130496431698,0.4071697827407481,-0.9785975889375099,0.1327374259676283,-1.1504844470726572,0.2968464007765732,-1.0066936764866956,0.3609671733293143,-1.5185156203159775,0.40407868804039176,-1.8108103243771951,0.4383682684800875,-2.1301835482273908,9.62569643880783e-17,-1.0,0.05201377912629785,-1.320618701346421,0.08932682172653832,-1.0103635784197502,0.08441566725558947,-0.9576525752876033,-0.2585172130074812,-0.8915746933472425,-0.18029477196881213,-1.0199377347215954,-0.09320050228135025,-0.6226055042057571,-0.10028734806491803,-0.5827182155546721,-0.49656789657252337,-0.7245099749834402,-0.3976375929869114,-0.815765350678299,-0.2894651829456665,-0.5523837765495241,-0.3047605401264797,-0.5041215716962547
1,1_029.JPG,0.0,0.0,0.21846203619120538,-0.21120863204482024,0.2847313854380319,-0.606504056843433,0.0568116317063292,-0.8756942879739102,-0.19270968606478375,-0.9842647383773135,0.2441276229448188,-1.0440638895550134,0.3222275147291619,-1.4807525012273675,0.3668034159657203,-1.7389215443536254,0.3925985815948243,-1.9776983942383373,7.967541331681576e-17,-1.0000000000000002,-0.11491579514940169,-1.2840568173130213,-0.07207913367252365,-0.9993891685884019,-0.009958413808676283,-0.877036779456331,-0.20984850562841378,-0.8832355040209439,-0.3209677270358388,-0.9892276332514397,-0.1845949839362876,-0.6960259944838005,-0.07090647954649466,-0.6363205397765852,-0.3778029610705484,-0.710371846617201,-0.4452111928145595,-0.8302225463497939,-0.3278930802423202,-0.6323718600113893,-0.24189602822131698,-0.5564539670136515
1,1_030.JPG,0.0,0.0,0.32631666149595306,-0.17303668380780826,0.5510591705727786,-0.5200206926562814,0.38564207364313624,-0.8531246254632756,0.1107921358582812,-1.0611297562032502,0.3377794491039587,-1.0622105644179725,0.29422187248539483,-1.5607192661064457,0.24368689436107158,-1.8640448678886488,0.209533562031611,-2.1832085687877236,0.0,-1.0,-0.023048124666416522,-1.129902470926494,0.048279023080588575,-0.6351458601489367,0.14711915000706743,-0.5143551939554082,-0.2989676923494478,-0.8545381067542,-0.34137193750956857,-0.9094749288015553,-0.18551889512274597,-0.46672542450478316,-0.0582177947032692,-0.389045944232926,-0.5723715726569987,-0.6548775602602179,-0.6100149600384854,-0.7098366342781431,-0.46576802045160914,-0.43443443207872684,-0.3924245551058672,-0.3776651015449554
1,1_032.JPG,0.0,0.0,0.28287593563352503,-0.1541372300027817,0.4580137562711078,-0.4628226580611369,0.429429648509496,-0.7448350824259791,0.2053335055004865,-0.8957938511966425,0.2458144160140906,-1.0593968261411615,0.3034994925005575,-1.4927532231819944,0.3275714912919287,-1.7752289232719785,0.33741213411780274,-2.0055661171726573,1.3981833471477812e-16,-1.0,-0.05968474803598046,-1.299625757907629,-0.00755919553499795,-0.9735453749517075,0.05088562824877702,-0.7077138903499508,-0.2157047345854616,-0.8668030988717597,-0.2778644294099539,-1.0540111295804147,-0.15680085281980527,-0.7375830519673742,-0.06322717601378423,-0.5149975731459553,-0.4030410251766687,-0.6840219127980283,-0.4355295991198217,-0.806525889337927,-0.297993177546649,-0.5955205952652604,-0.19050874052191086,-0.4374568578570955
1,1_033.JPG,0.0,0.0,0.25867455462120303,-0.17923561419333517,0.4389199212435087,-0.5230402795988522,0.4374176371863432,-0.8162981361985941,0.185709406208801,-0.9281815083498693,0.23604242731659064,-1.0528045709282599,0.2795942504333739,-1.457863081849585,0.31836953934313467,-1.722858279934568,0.32848459160181204,-1.9566898732122815,3.7864442109791206e-17,-1.0,-0.004765477432594224,-1.3074023702815907,0.09689057594696471,-0.9634862585627959,0.13404117950078995,-0.7337284750092453,-0.21961921248003194,-0.8679348842528309,-0.23044176095040103,-1.095642473855653,-0.04626125648227392,-0.7505676992672783,0.025806425537793408,-0.5243188384268263,-0.43619617030813534,-0.6840274139484981,-0.41159276580889775,-0.8968552584887161,-0.23935265030783787,-0.685560881622664,-0.1545284311721688,-0.5043886793495737
1,1_034.JPG,0.0,0.0,0.27151667804760443,-0.19077970018588306,0.4902996021498781,-0.5752583764966649,0.31785970686342985,-0.9177231527357861,0.06726616303548447,-1.1262347303881777,0.27974768104647635,-1.060575650273455,0.281253669777778,-1.5306869621889898,0.26297127055809416,-1.8101640274676654,0.2192145507537545,-2.0842363662569787,1.1345449244224062e-16,-1.0,0.012230126726803509,-1.23176339894268,0.10666376416483628,-0.8539544704513568,0.13755350865970464,-0.720100337866949,-0.24653603721587936,-0.8672559003331276,-0.24585225658813134,-1.023203400821715,-0.09679111611705211,-0.6445866344655823,-0.0450887874609986,-0.5527852397771197,-0.4897381316117748,-0.684318578274562,-0.4675532471752471,-0.8478185940996456,-0.31839135651563544,-0.6018602551255534,-0.2853013006522519,-0.5102853744736018
1,1_035.JPG,0.0,0.0,0.260488675411923,-0.14558423695334863,0.48213739120142257,-0.4464925665043155,0.5257562956504922,-0.7424278576117084,0.2662329829222641,-0.8786407988901304,0.22100933528526606,-1.029844367852049,0.23473260577438682,-1.5166840257203624,0.243542790990684,-1.8173584893310553,0.22831114028469554,-2.0801865381013736,1.324690286087721e-16,-0.9999999999999999,0.04739104236250946,-1.230955604857239,0.16037663955150852,-0.8728413934582196,0.2013556447342606,-0.6428905564183522,-0.2055406921766573,-0.9100125436830722,-0.17767985404229222,-1.1580447743108855,-0.0102955012379112,-0.8206757650233547,0.05041358126181892,-0.5713949972388374,-0.41554506562494997,-0.7681062945531748,-0.3666323461759118,-0.9887353630351587,-0.18089097835601456,-0.797458659206592,-0.0804103269460442,-0.6047816781567844
1,1_036.JPG,0.0,0.0,0.17665437219374805,-0.17376173860381472,0.24906917800957853,-0.5383950864183441,0.15504115100456164,-0.8502871571312245,-0.04155674381149619,-1.0633019581212817,0.2485871262811361,-0.982569287657939,0.36042574845358005,-1.3959739885647053,0.4399852057626367,-1.6621700938449402,0.5143352028044842,-1.8605306724578874,1.5474288663736236e-16,-1.0000000000000002,-0.11360096601094628,-1.354997697146133,-0.1385231490995877,-1.2408704144062381,-0.1188129855702465,-1.0557118883984467,-0.21485961246941884,-0.9346554805751931,-0.33325978231526054,-1.2162583471736812,-0.2959500943928636,-1.1351444872261307,-0.2544995695843931,-0.9643582690267256,-0.38912511011990325,-0.8059981289166073,-0.4955495690239177,-1.0671881614711376,-0.46777546821106114,-1.0653058241950055,-0.4090703170015232,-0.957640266628337
1,1_037.JPG,0.0,0.0,0.30924536925055884,-0.23548024889974353,0.501225688872534,-0.5812737644848616,0.5325145232205293,-0.8827992946659984,0.4624568711817331,-1.1282408772793482,0.21698076507626998,-1.0567577428143038,0.2543708441846858,-1.47875820572197,0.27995427139416323,-1.752384057015983,0.2858395369091022,-1.9937913857003713,1.452425503191156e-17,-1.0,0.026654254657553462,-1.3780493716558713,0.1699849568724602,-1.128343782569929,0.24046192183309179,-0.8849614775401154,-0.20725393828307165,-0.863016941660029,-0.1759625369411255,-1.0782481040160592,-0.0032966850633964133,-0.7892833397344053,0.07197424389865636,-0.5645166861218156,-0.4237444169526018,-0.6845911856741125,-0.3912073948290144,-0.9011213209921611,-0.20863858690918075,-0.7213380545948702,-0.09958949276789536,-0.5356052101428904
1,1_038.JPG,0.0,0.0,0.2668192480689669,-0.19956595210640699,0.4362961137426233,-0.5057735647167737,0.3552718326601467,-0.7934967350854062,0.14708697616458055,-0.9681787412063037,0.2301796984108608,-1.0087216339199805,0.2664684732298695,-1.4129389451656278,0.2818927995681862,-1.6774337243281263,0.302333349130433,-1.8846882683078952,-9.002210154932056e-18,-0.9999999999999999,-0.056954297306963296,-1.3612666791888386,-0.029003856690913564,-1.2153317276763607,0.015852786903019587,-1.024042314816429,-0.1984030309639124,-0.9128746157089602,-0.27657276486313587,-1.238362152643633,-0.2044599232888324,-1.1295099762075833,-0.14098900305808285,-0.947052350510236,-0.3863380255663068,-0.7780338702663568,-0.4314923121986376,-1.0421875881837899,-0.35460715275203003,-1.025053015884191,-0.2708619164890322,-0.9239526450711316
1,1_039.JPG,0.0,0.0,0.26619137875626636,-0.15339625771769064,0.43631622990254826,-0.480787108414985,0.33107260266383004,-0.7410431576741904,0.0667371752885794,-0.8312539903579798,0.24767974057852082,-1.0053668339389397,0.3406581745295596,-1.4206656896453387,0.4024906248688889,-1.6818079269531685,0.43584737329347745,-1.9145073433959077,-7.060430503089389e-17,-1.0,-0.03752708751719765,-1.3428005642762113,0.04873476781446808,-1.0814683496529054,0.09399134474594162,-0.8600845809096765,-0.21374865754882522,-0.9056794000065755,-0.2649985826655231,-1.2353165373775945,-0.13630258493684694,-0.964653291083871,-0.07630315200868433,-0.7392965375442856,-0.413946996479677,-0.7366336362723211,-0.4490287217564528,-0.9887066554747912,-0.3107852621049166,-0.8210200767890424,-0.22153960812245113,-0.6375549642674119
1,1_041.JPG,0.0,0.0,0.1710275032460708,-0.23734770901041843,0.1278822931942008,-0.6401810280819995,-0.1878455444290758,-0.9046318240032886,-0.4377023263436318,-0.9938903759687305,0.15363229658422553,-1.0409892326729053,0.1329649729151837,-1.4941793121227063,0.10620733241148848,-1.7794065776644985,0.07887117911951251,-2.0142775542541678,7.289192617960574e-17,-1.0,-0.022060215801615584,-1.4693270517016106,0.004285741882960932,-1.7361275489682972,0.010043634142234066,-1.9826436386124733,-0.15124421282905348,-0.8757419468809146,-0.32939357968462146,-1.0886971610876088,-0.280074466808299,-0.8963114242442968,-0.23891528520394598,-0.7690124583541796,-0.30829670112561364,-0.7172780757375787,-0.42580283247891504,-0.8582282044000586,-0.3979328909394618,-0.7858836760026057,-0.3798179047719741,-0.733526161570802
1,1_042.JPG,0.0,0.0,0.22357503782647886,-0.12426057835433764,0.3665414756326612,-0.5024294303820998,0.26281334438358195,-0.8601773127395466,0.05828533154831852,-1.153008427923232,0.30559108660575274,-1.0208916661176857,0.3987122183861922,-1.5299778172407452,0.44486891610384993,-1.8646310253136327,0.458220089070657,-2.1484064242478986,4.559851385108088e-17,-1.0,-0.05218761009224402,-1.4088935596055352,-0.03073609233258475,-1.080557259049454,0.015917739566494393,-0.8677011594295998,-0.28030490066164143,-0.862108675668501,-0.3174235265739326,-1.093072078989695,-0.1839280848827579,-0.679127541727688,-0.06811856739904969,-0.4753731362073346,-0.5207664837472286,-0.6406442155523185,-0.538581197210395,-0.7706429472014631,-0.37865854280325667,-0.49327218503321574,-0.2484432249928439,-0.34539765090045565
1,1_043.JPG,0.0,0.0,0.24960549862870632,-0.1601012751180106,0.3756299378278691,-0.5600771938296606,0.24009385103826905,-0.9164513964186275,0.13597743593662304,-1.2094359838755342,0.27974636150664767,-1.0343151473745293,0.3793801504902757,-1.521439886814856,0.46341021925773246,-1.859346425722154,0.4990436367562729,-2.1374747623683628,-4.006528630492581e-17,-1.0,-0.01116816551578915,-1.29107605394775,0.023637811116961407,-0.8785235410120341,0.05958644200763456,-0.69528265249359,-0.250930384223144,-0.867817473867453,-0.2740254417774007,-1.1153351813766768,-0.16103060408744477,-0.7228416541853341,-0.10227475563775157,-0.5788293406583326,-0.498505351968691,-0.6746934421180634,-0.504287600068198,-0.8646552662627927,-0.3826225024175885,-0.6076624733856374,-0.325172968471471,-0.49675897097434774
1,1_044.JPG,0.0,0.0,0.26908448127921836,-0.21413742662639587,0.5136593531278362,-0.5131345891132095,0.5499929920853511,-0.775531971880345,0.30034207915445704,-0.8764558004719369,0.255725698301584,-1.0281387534664874,0.33378769480382925,-1.4359265031303714,0.3773908366861272,-1.6841912802269718,0.3852824893277527,-1.909261338658264,0.0,-1.0,-0.0006088419150118773,-1.300298417009474,0.07930588545324374,-0.984002792974901,0.0996176797310206,-0.7818722004978681,-0.23698458405999112,-0.8817130853456726,-0.28517223919770324,-1.1438573907930776,-0.15088849803100773,-0.8743163679714877,-0.10112880573224886,-0.7078089761210744,-0.47634904682207363,-0.719178337750788,-0.4986858425917783,-0.9083405314776128,-0.3646098759818672,-0.753876240458045,-0.2983330084052932,-0.6346460688087411
1,1_046.JPG,0.0,0.0,0.22944483949008374,-0.17888923286972794,0.31729373049810045,-0.513816671497297,0.1254231326200236,-0.779900182137023,-0.12716995890397115,-0.9092750957423316,0.27517225617707886,-1.0097786855022466,0.44465117288369616,-1.4297106771011243,0.5584978033880872,-1.6914029024558397,0.6347328314730049,-1.9239959287334814,0.0,-1.0000000000000002,-0.0983910265554402,-1.3575141315497983,-0.08258731982460264,-1.091851403966104,-0.0410491528159168,-0.8880147656826483,-0.2262357103945666,-0.8773196138916179,-0.3366107497608402,-1.1488082303063416,-0.2381117792486169,-0.8789593249783481,-0.15870527324640185,-0.6958247610931212,-0.39344236889734924,-0.6635983921428723,-0.46018118024526133,-0.8061710917709339,-0.3482736813613479,-0.6258880317017855,-0.24525567353771932,-0.48791527164465026
1,1_047.JPG,0.0,0.0,0.3157677623999362,-0.22731317134698317,0.5133353796246999,-0.6588844417832641,0.43992954625111697,-1.0300761846259447,0.15496582819121973,-1.1503064886794112,0.2549045476684941,-1.0413172824845902,0.2569166498367754,-1.5261198411111012,0.23851830708129554,-1.8244419654382673,0.20985087733048569,-2.0852730026264736,3.0785181494285714e-17,-0.9999999999999999,-0.08330054527711582,-1.2497904745663206,-0.031939787536638536,-0.8818657275935584,0.023131318536747304,-0.642033379764983,-0.22954156674784282,-0.9030147589321021,-0.3219901511616964,-1.115116963976216,-0.20899030237609664,-0.782535868577956,-0.1280127945171545,-0.5724453608822432,-0.4593911851430135,-0.7712147905478676,-0.5159170513909342,-0.9788402309176804,-0.40884322237335324,-0.7637641443293806,-0.32909282682369106,-0.6028366103700012
1,1_048.JPG,0.0,0.0,0.2887896958558808,-0.22741521030869502,0.48350258597580587,-0.6203160871466975,0.43627213272801263,-0.9423555594621181,0.15971309207740325,-1.0313901935289331,0.26294682539263653,-1.0608725959699006,0.361201679451525,-1.5289294591304305,0.4192742608758566,-1.818250984714142,0.47304621854615453,-2.0625828302840103,8.431929506178241e-17,-1.0,-0.055825478771027365,-1.3824598154083232,0.03721172522381656,-1.1495075497018845,0.1146890623930159,-0.9148494633444147,-0.2386559841256445,-0.8662370850488982,-0.27425050030739456,-1.0705737587223454,-0.1164805407734228,-0.7371685681349961,-0.016668587950430722,-0.4842804209989971,-0.4549373554724922,-0.688569560211231,-0.4815263169740467,-0.8676657662282885,-0.33962268379385296,-0.6505578604579108,-0.23844027045359392,-0.46241931999877917
1,1_049.JPG,0.0,0.0,0.2296388498747849,-0.15994348940474154,0.4108996473783981,-0.4386772528718256,0.3968846112999244,-0.6651657706807148,0.14679288752794736,-0.7173522589017517,0.2264451442982021,-1.0426152476254722,0.2730554691122802,-1.4600316089672365,0.30772643652306686,-1.7185260706407754,0.3132188407674238,-1.9391252959387646,9.965126478498924e-18,-0.9999999999999999,0.04241305507118644,-1.3141046670470906,0.11778784195510379,-0.9811606589788415,0.14204214364617795,-0.7526367870005245,-0.20555777084209192,-0.8815100111888013,-0.20194127250311375,-1.1693765391721616,-0.06333563472817176,-0.857738986888892,-0.010436667609697277,-0.6322211722537281,-0.4072259618753651,-0.705685861362903,-0.36199074857927277,-0.9170144518794576,-0.21570365905797756,-0.7106302439236843,-0.156362225922539,-0.5295590251675876
1,1_051.JPG,0.0,0.0,0.2045667585101756,-0.2974883706391975,0.2840491836125702,-0.6719940555821023,0.1306545290526606,-0.9554557427031783,-0.09934595304425001,-1.0630454859087937,0.22991647417567637,-0.9897855784249008,0.34675621677048896,-1.3513198535256081,0.4022278978178394,-1.5619078974358245,0.44013383589200733,-1.7541850128109149,1.6598268810961903e-16,-1.0,-0.037218133123816395,-1.315320538726906,-0.018526684619868696,-1.049700597242889,-0.0037567693882271575,-0.878986948298334,-0.20472231851629744,-0.9297809583077276,-0.29100365185331406,-1.158370094520887,-0.1858961917077097,-0.9018976069829189,-0.12669810621197725,-0.7416820353911108,-0.39214812711550295,-0.8063428904739767,-0.46728312252455423,-1.0088927281723767,-0.36433904971021963,-0.8619453043772883,-0.28805262134346526,-0.7235258893307916
1,1_052.JPG,0.0,0.0,0.2813795960248833,-0.19780958110177532,0.470343988012281,-0.5035185673531019,0.43015662370050656,-0.7994835080052481,0.1831155246654337,-0.8727489794781117,0.22567955327111452,-1.0106843057468198,0.2739382897472834,-1.3820312849253467,0.28437165713177986,-1.6202060501628857,0.2804614785275272,-1.8289207477477354,8.333704048323146e-17,-1.0,-0.06264019994583062,-1.3202440953931522,0.03290259187608776,-1.0758827968332185,0.08892120589152941,-0.8507540949481207,-0.19624618867818344,-0.9099649203211297,-0.2896454805760183,-1.1875223713734895,-0.1427024134224988,-0.973253092599236,-0.06074355775892457,-0.7570775997515286,-0.3952754874806616,-0.7744600004596707,-0.46386317537233857,-1.0206298494658779,-0.33301839757546814,-0.9195147369531309,-0.23414356449627152,-0.7720105897288208
1,1_053.JPG,0.0,0.0,0.30954969627100254,-0.21159749487256904,0.48873375239157274,-0.5313702957897368,0.4911410631435048,-0.830541333279471,0.2487175000632963,-0.9559918501364151,0.23008257974084545,-1.0402205925710755,0.23956628176536482,-1.4369711774657363,0.2652799853802188,-1.693050823850241,0.28139444513927353,-1.9002618827213018,-1.710871828065233e-17,-0.9999999999999999,-0.11970555128694857,-1.3845358330792625,0.010099132130020587,-1.2023705753590281,0.114889182156433,-0.9897947967484938,-0.20260442257164993,-0.8692091200962716,-0.34796836364181,-1.2093846517321767,-0.15131106143112605,-1.052179255474549,-0.0036839209148831617,-0.8462414352832155,-0.4002755384406413,-0.6972342587671723,-0.5080968685540649,-0.9663534161347074,-0.34439128994822854,-0.9176997269394468,-0.1884524598670526,-0.7829282149383611
1,1_054.JPG,0.0,0.0,0.2886357289275945,-0.25423253101374327,0.4338814207192223,-0.5992552702655302,0.1792564251910924,-0.861292066144457,-0.09637720413475537,-0.973644397294503,0.26923216021337554,-1.0325421098168137,0.33678316609163256,-1.4764567720053947,0.3653701019211536,-1.730789879050511,0.3728823609496348,-1.953609897314575,0.0,-1.0,-0.05164206455140791,-1.1766785496180767,-0.0007085702173696213,-0.8478221988849103,0.040115892751555346,-0.641093715015024,-0.22716283648181765,-0.9125115480960103,-0.3169091385451263,-1.067880811187173,-0.19285874575128895,-0.7600267537713169,-0.11185775443396473,-0.5692968158415765,-0.44165178163995483,-0.7862912964253952,-0.5175136764086388,-0.96792029264048,-0.3999205407114251,-0.774151980837764,-0.30283193913538853,-0.6219213854265486
1,1_055.JPG,0.0,0.0,0.27874411600686033,-0.17791615959556942,0.4856780745283883,-0.5230090525358253,0.3493524112213691,-0.821369791531553,0.1214891885719924,-1.0016579242201793,0.2795209319664474,-1.0313276067761632,0.374819757364677,-1.518686001876364,0.4493451114949749,-1.8089380049957446,0.49430858286531826,-2.0557779614652976,0.0,-1.0,0.07470165578390857,-1.2670434266257709,0.1447745073539135,-0.9621084741928768,0.1544904105717936,-0.7690381955564617,-0.2468916013026044,-0.8905302955121326,-0.15322824530585202,-0.9363127514040639,-0.05355785909733766,-0.6007257762688816,-0.0383136811187823,-0.467897010421412,-0.4817737774159397,-0.740647038557438,-0.36253045797684025,-0.7981304770714129,-0.25441820380837893,-0.5707529015906332,-0.2344871812897206,-0.48033652382258646
1,1_056.JPG,0.0,0.0,0.3089205940222765,-0.1314665734066721,0.5352119348869412,-0.4735157264249432,0.49832054671072473,-0.7693865712732504,0.264879599012545,-0.9724398354621421,0.28546514558985814,-1.059731591560117,0.3230820004734571,-1.5807384916423357,0.35954529563838056,-1.915367844223045,0.37953460673029454,-2.1927941113779386,1.539369364623524e-16,-1.0,0.017598305260452942,-1.2004572237571756,0.08372790443145342,-0.775099947097144,0.12328204021874012,-0.48231456201700046,-0.2516789298672502,-0.8700424252228836,-0.2466559869471033,-1.1223714235232507,-0.11119713068771044,-0.7088197134097898,-0.028551994576533245,-0.4190123686002448,-0.4818602554667747,-0.6849052207181174,-0.4641392776884789,-0.7951785636587559,-0.3057256542472808,-0.496027028586708,-0.19204554633745496,-0.28469480908343847
1,1_060.JPG,0.0,0.0,0.28141684139626216,-0.2317628143648907,0.4559168763184742,-0.5811159058953304,0.31921070877093083,-0.8971516296432224,0.08234663477790374,-1.0764427981368854,0.25525768223242745,-1.016222957275532,0.25283250250381867,-1.3941991263299465,0.1976244093844879,-1.6354388384191672,0.16354108002802362,-1.8216969625376505,5.369363320990176e-17,-1.0,-0.08475707362128398,-1.2958460993968772,-0.12733152639142684,-1.0669366555334114,-0.12510575258424533,-0.8505767251958268,-0.22194948251151964,-0.8980118710981028,-0.3524459520323805,-1.128683617638169,-0.3188890396142921,-0.8894883670264085,-0.26854697284154677,-0.6830321769061951,-0.4357466940224604,-0.7436843582739824,-0.5590603175395321,-0.9299493242279885,-0.49869587540854,-0.7836800403984105,-0.41499133329672777,-0.6304291152946895
1,1_061.JPG,0.0,0.0,0.22213801290722235,-0.21118132251366561,0.3038710863095273,-0.5053748517586296,0.22856551108803158,-0.7397170754482837,0.026152192468854783,-0.8790521009337332,0.22993154515831618,-1.0121954227096766,0.2873845365518517,-1.3881508716418998,0.3177226557782229,-1.6349598474034241,0.32331938536322485,-1.8523553584783818,-2.3861319194722163e-17,-1.0,-0.05585990015359563,-1.2879935806929632,-0.04004668553011614,-0.9812467279505579,-0.02016990227943825,-0.7628936288010449,-0.2129941793975388,-0.9161555452720865,-0.29128842710411396,-1.188275507914968,-0.20029940019181564,-0.9122757894259154,-0.14414305603407276,-0.6918024875666613,-0.40427150172168963,-0.7654208390858868,-0.4670365027733412,-0.9902183057615686,-0.366424442976696,-0.8298634967427553,-0.2844393504695321,-0.6679541553276175
1,1_062.JPG,0.0,0.0,0.2456529896082187,-0.2570508398052409,0.3849532694618365,-0.6540769878702589,0.2664974068299206,-0.9993080217524151,0.034481803495012855,-1.2075856982147406,0.26335542590922134,-1.06758813027998,0.29365118154663034,-1.550193525737939,0.29430889813052274,-1.8500051925697298,0.276541132560587,-2.1042511242819004,-2.096664174617737e-17,-1.0,-0.0375075874889428,-1.253227884646995,0.0187603162531997,-0.9350317810851232,0.0528525817401703,-0.7485289200622885,-0.23632408149123038,-0.8805545757137013,-0.26901427645705983,-1.0066359665076796,-0.13834440739042425,-0.6743592208001837,-0.07108119708444664,-0.5294582174565066,-0.46165273457979067,-0.7299025324743157,-0.46979922048883116,-0.8699334345695923,-0.3539507702873039,-0.6465073791257492,-0.3026086021067964,-0.5354446656501863
1,1_063.JPG,0.0,0.0,0.327649223526148,-0.22484702558124428,0.4583909133932884,-0.6297661918974965,0.2150303877921478,-0.92962861431658,-0.1109602421425229,-1.0042508906202572,0.23030300005169124,-1.0787759896263045,0.17800107641322413,-1.530059319722455,0.13267677562008126,-1.7973404263545103,0.10071783615904795,-2.0269703101578256,7.411882169073013e-17,-0.9999999999999999,-0.06640921583238005,-1.269014735017007,0.0033883740427902128,-1.009725952024388,0.07069814714142597,-0.8436858180116069,-0.19599005437225908,-0.8617662912436242,-0.24616111196678728,-1.0055190567492893,-0.09942416219136105,-0.7235785526578205,0.009394202372610036,-0.5878916433039534,-0.35567833447883307,-0.6703896702973292,-0.3541893324124302,-0.785057504426073,-0.21153008550204494,-0.5917100037421783,-0.13230825614306313,-0.4662970404321655
1,1_065.JPG,0.0,0.0,0.2948555982439457,-0.22038699761015196,0.4209248892648375,-0.578236388285075,0.34905657167626064,-0.8848799441984413,0.2438254149548026,-1.1039334972923633,0.224931678577904,-1.0104608496200504,0.29117326788719233,-1.3968497898748977,0.3398975443103766,-1.635558725511576,0.3598462747954644,-1.849790742662082,-1.931809032300575e-17,-1.0,-0.06571663085167545,-1.415701424917534,0.009341645755627114,-1.1485639080754626,0.03966158133981832,-0.9100504541518086,-0.19959123758830696,-0.8966688406672018,-0.2730309313563756,-1.2670962869223354,-0.14347220370048103,-1.0173387519339605,-0.09476438436422595,-0.8006532248441387,-0.3955274971063553,-0.7345140396765868,-0.4062450771368141,-1.0151699747556835,-0.2835615978229634,-0.8612327157618594,-0.23492526708257253,-0.6969611341076171
1,1_066.JPG,0.0,0.0,0.28567476034712647,-0.17378278813542228,0.5027789177773523,-0.4575042860597127,0.3270105288379651,-0.6950492018199863,0.05182009129962481,-0.7490483520943515,0.2446441817552253,-1.0136426264677403,0.2856630287176387,-1.3891918980497668,0.32330626836120513,-1.623507320006338,0.32954442043361304,-1.8332061672529658,0.0,-1.0,-0.013351845057733135,-1.307629317872916,0.07504372661191833,-0.9914982439518225,0.09633174728678633,-0.7775372252258942,-0.2019053523657983,-0.9021358896405955,-0.2712959221440226,-1.1803201450229102,-0.12376124539232704,-0.8966235692291937,-0.07057989998712999,-0.7085855166262816,-0.4072930204208815,-0.7465911082149325,-0.4422908093059949,-0.9902012027164745,-0.3007671662728046,-0.815060406745321,-0.2324841085222658,-0.666641450420563
1,1_067.JPG,0.0,0.0,0.24410695091788912,-0.16609961808353063,0.37928570789534066,-0.4732041561479702,0.4178802948672451,-0.7215473106492627,0.41319323078576914,-0.978305311082047,0.2471046420931948,-1.0542222017048504,0.30867638229859073,-1.5147968370988818,0.37155559853951586,-1.8066956591350893,0.40092660127087537,-2.0551466750024017,-3.953634588799244e-17,-1.0,0.023825785047691585,-1.361766907229204,0.1340867883295093,-1.0311219479154863,0.1597859274912405,-0.7686347619737575,-0.22926744722262976,-0.8493936528518194,-0.16842955206045665,-1.0519276804981736,-0.005916779189411695,-0.7042286130060277,0.0406823479317723,-0.48783222359612044,-0.4422884961959663,-0.6384310060917138,-0.35155727639142853,-0.7853221304795216,-0.1855462027934507,-0.569574844667795,-0.1238936976912454,-0.4229793370340425
1,1_071.JPG,0.0,0.0,0.337059422449047,-0.1125316846542474,0.5589291414613746,-0.46979511159491966,0.4943014486961148,-0.8039240609732056,0.18968918371819776,-0.9852998176003516,0.32925248588701267,-1.0161603048804044,0.3961643146562462,-1.5544271400893206,0.4279807993383964,-1.883517828894004,0.4336900976681514,-2.154459916280529,1.245655736388094e-16,-1.0,-0.031205459780743416,-1.2221902940440907,0.060636894834360605,-0.7959606765754719,0.13453965078375735,-0.47258791622548,-0.3052005739522373,-0.8975368867046692,-0.36032143206167916,-1.143608343494573,-0.17977036005449878,-0.75069239513165,-0.0555909911313922,-0.441196671255312,-0.5795696152409437,-0.7327237208725124,-0.65373793640656,-0.9274155082879642,-0.4590302855022235,-0.7171160908877602,-0.31613418783484104,-0.5235071020975781
1,1_073.JPG,0.0,0.0,0.2565805048296412,-0.08621154463754244,0.39397630950839224,-0.38716174143169807,0.20857102207451111,-0.6178792511988233,-0.08216836757550393,-0.7047747227339766,0.2603163141403858,-1.0003619250560767,0.32939944263748844,-1.4482227474627067,0.35099116112229445,-1.7335033354378035,0.350295830497473,-1.935719110147021,1.1365303586713144e-16,-1.0,-0.004331764761472305,-1.3804953712524135,0.09808398777879825,-1.129785966262867,0.1492449184894161,-0.9014288362297044,-0.23273254810028307,-0.9096195063966838,-0.2804267979283672,-1.2981606515928912,-0.15227315470883163,-1.0765958211490423,-0.08390049801808833,-0.8432539331423147,-0.45736189071731126,-0.7322797146656453,-0.45163644650052026,-1.026235850978164,-0.32234263729937124,-0.8899381605391212,-0.24198220920698313,-0.6883749750675686
1,1_074.JPG,0.0,0.0,0.2381993953926996,-0.12392919811051113,0.4224146928272831,-0.494464555022299,0.3897628730123668,-0.7960145622629057,0.16235587835916687,-1.0368758163987328,0.28308248906759337,-1.0112910493695217,0.41882385694180363,-1.4749191797454346,0.5217580595691969,-1.8127974769652158,0.5782632342299344,-2.1071697947946344,1.4034489868262517e-16,-1.0,-0.016026477888550845,-1.3434281780493325,0.05180137688203888,-1.0309049537328967,0.11564117224881006,-0.8184671837973193,-0.2532438582944748,-0.875468934254074,-0.2109130831373344,-1.0144093595728405,-0.07836712693309601,-0.6523929302764238,-0.0034146829142957702,-0.47364111331063646,-0.4707191869594069,-0.6724167742180279,-0.3438927443091855,-0.6806601132759909,-0.1925430448624415,-0.3883986282389483,-0.11417480617077445,-0.23944934227386436
1,1_075.JPG,0.0,0.0,0.3250838961122159,-0.1565265934049093,0.5205439902471354,-0.6183740395059324,0.3125034305745519,-1.014015854591733,-0.0011298829314955571,-1.1534095451173798,0.2957530203696248,-1.0365098398114876,0.4043282846077742,-1.5370030129114403,0.4772893764139891,-1.848100017683698,0.5126589419014047,-2.1194835393627502,3.7758299215849495e-17,-1.0,-0.03760996284058297,-1.397038111954781,0.02791215156116163,-1.1522591358756418,0.027436847531943788,-1.0066574531893706,-0.2512808981376749,-0.8705692673942275,-0.21629431162652807,-1.0551466572441455,-0.07302894012038598,-0.708156349605519,-0.04618432195254137,-0.5901201507600045,-0.4724570810123622,-0.6832942331113178,-0.3632108042819858,-0.8166751545002047,-0.2470713939340706,-0.5866768215265202,-0.24961660952145648,-0.4976084713791912
1,1_078.JPG,0.0,0.0,0.28265725793139035,-0.11105822331642137,0.4608684643891929,-0.44448413775893786,0.2962220553824065,-0.7484199386149779,-0.02477886139886139,-0.8659673118990198,0.28960178692686345,-1.0178480819597049,0.3701167230838785,-1.530371845599659,0.4226941633404776,-1.8471155874367526,0.4399014782905092,-2.109766150932619,0.0,-1.0000000000000002,-0.07414341101551528,-1.2512466572989975,-0.022420573583464665,-0.8583589086557455,0.0229439386730374,-0.6166897934831183,-0.24831754868897393,-0.9071125599461517,-0.34909402448079646,-1.1506620855797818,-0.22193675946273606,-0.7756280120153153,-0.14864916254421004,-0.5335051120994178,-0.4882967765615387,-0.7389360054485724,-0.5709946722969171,-0.9400262817989349,-0.41768862085158903,-0.7031850014762994,-0.3094317939360145,-0.5204549013562771
1,1_080.JPG,0.0,-0.0,-0.41691807817477367,-0.2509969915011778,-0.6874154098463108,-0.6118039397767667,-0.7358507318967347,-0.9501912787184409,-0.6195851274155794,-1.187279850030898,-0.3167802870085301,-0.9817060967543275,-0.35256346938005007,-1.321703027682614,-0.44434785929630843,-1.2727796696538598,-0.4878189031052383,-1.1428194633502393,5.0330975457086685e-17,-1.0,-0.033610093616540715,-1.3599355699291347,-0.1184004540295707,-1.320606420890596,-0.1600550845153946,-1.1745418445609925,0.26347154423559527,-0.958488555242405,0.20822846584987434,-1.3144703240278144,0.13042342987317507,-1.2609772750256014,0.09047303276674899,-1.110321549788936,0.48573429381227606,-0.8787279898052763,0.442078471599465,-1.1806437165457604,0.39250874640706945,-1.1666359275029818,0.3727147571966621,-1.0644491116070596
1,1_081.JPG,0.0,0.0,0.2959831091484625,-0.13829092995786668,0.4560902029359055,-0.617450260272541,0.3123036576824504,-1.0315356213306697,0.02197849439166008,-1.222584091656063,0.31221767180157267,-1.0183739468511657,0.3857888550580244,-1.5471491174258858,0.4198741492578848,-1.8861460704346615,0.43511978046697286,-2.173479006898366,0.0,-1.0000000000000002,-0.07419898029828499,-1.3396987996241985,-0.01914369760615496,-1.0034843538039218,0.03427494549221794,-0.7371213863681183,-0.2754481151722573,-0.8890113937852856,-0.3596213018604158,-1.1813804992471124,-0.22274983374660554,-0.7732423279569983,-0.12280377349359278,-0.4904062017577701,-0.5239487710320953,-0.7044047461744749,-0.6045982284653783,-0.9354059753927826,-0.46652677371113643,-0.6627730555220719,-0.34218948389181797,-0.4465837996161507
1,1_082.JPG,0.0,0.0,0.33427101894755107,-0.2588866751560636,0.4886497441737597,-0.6794291082552785,0.3726576133746429,-1.0241127400121117,0.13079801935719396,-1.1655504431937027,0.2084299555561428,-1.0966519128717147,0.08314707221906381,-1.5578989763107407,0.006376952190255969,-1.7937671966702433,-0.04910523650068431,-2.060231289544359,3.696523247785329e-17,-1.0,-0.09836491988545053,-1.1885366359954477,0.01953011989093787,-0.8529046565562218,0.138664717147303,-0.7884150698553458,-0.19901128225159853,-0.8349386982428376,-0.2757133661514379,-0.9520535711073357,-0.1155905730144613,-0.649079060220179,0.008542173681319671,-0.6204868568316162,-0.3922177410387986,-0.6214640787416802,-0.442913155088119,-0.7036668750524531,-0.27586978583185684,-0.5076245946597095,-0.19656011520026515,-0.45276808708389527
1,1_084.JPG,0.0,0.0,0.2856743327644226,-0.26365727085886465,0.415271284777815,-0.6795736243416444,0.27018738611863113,-1.0137992007614403,-0.0016791001103481115,-1.1282623684621225,0.22665210061827767,-1.0453562599092205,0.23399997779938253,-1.4522923221938884,0.20874177522921503,-1.7080963169107493,0.1877790711526631,-1.930719193904033,1.7592813451351968e-17,-1.0,-0.06652876936859252,-1.3239500990832402,0.01019428004613035,-1.1342700554466099,0.060071102313743095,-0.9611399557736922,-0.21354610325889076,-0.901265703391356,-0.27900143451616116,-1.1431646296500582,-0.12151680680851085,-0.8555319373516878,-0.041302743241312626,-0.6174135744065725,-0.4317749201280033,-0.7715602576327184,-0.4712656784301511,-1.0249099791972913,-0.343817384254225,-0.8466965571311101,-0.25880419460063203,-0.6504697065744782
1,1_085.JPG,0.0,0.0,0.29379053992686915,-0.18695553655587627,0.4185716591232621,-0.5910719153864271,0.2037943699947233,-0.9032243805297645,-0.08091059889706022,-1.039996412494214,0.2843350190555107,-1.0688158604941662,0.369464469490182,-1.5777603124311146,0.4119731407234307,-1.9152758534045016,0.43126741529429813,-2.184696631452064,5.453320707695421e-17,-1.0,-0.09570611430663135,-1.3740641291888305,-0.03905277049739547,-1.1351289244526162,0.02370227049654918,-0.9227271786016489,-0.2437194711736217,-0.8531619354654695,-0.3024037361953133,-0.9853348202395119,-0.13667501327544787,-0.6466210378735553,-0.022892238875343866,-0.44288876740164396,-0.45169578753444845,-0.6550129801128173,-0.4531540745726916,-0.7829757450489147,-0.3096555352885002,-0.5362372959648951,-0.2124512093864463,-0.37383157294419533
1,1_086.JPG,0.0,0.0,0.2751684443548317,-0.07403266475840736,0.46382470088006933,-0.4530236458338783,0.3058425128958549,-0.8282979439917243,0.06177356326393043,-1.0832118250784013,0.3121194632122177,-1.0390380891805304,0.3632123573907424,-1.5495321281815262,0.41342280273461,-1.8710706183841135,0.432225666836375,-2.1451057727731366,9.575648615323209e-17,-0.9999999999999999,0.045231912595727265,-1.1828845588414831,0.11838168173767034,-0.76549455695805,0.14874948451499326,-0.613146536610267,-0.2643844434417905,-0.8698030298848184,-0.21656643349417737,-0.9646207407637736,-0.07952003506915889,-0.5240426768081696,-0.03582775476478029,-0.37309292426301893,-0.5223911431185693,-0.6872014748601045,-0.44989879778015796,-0.7324248476563809,-0.2865685672430175,-0.40826815145886175,-0.22727750128361254,-0.27972207534197696
1,1_087.JPG,0.0,0.0,0.2728226598799542,-0.253033735994664,0.4306826889585983,-0.5977721702742437,0.36811257037635364,-0.9160487563824687,0.12546603262753306,-1.083615330366977,0.24016379131860355,-1.0373999036552721,0.2829616463862586,-1.416317419317543,0.28732001507449306,-1.6701327829019892,0.28645354182399324,-1.8809268745868322,3.811729878995888e-17,-1.0,-0.06959914147860774,-1.3189444751415578,0.0009118733591009783,-1.003443114510038,0.06177930964553773,-0.7490722154988085,-0.21785514579735824,-0.8856351251869449,-0.297474736943595,-1.1342323459762145,-0.152460013337772,-0.8322056779478492,-0.06223803046237642,-0.6022606733836534,-0.42922862211119656,-0.7192162339285784,-0.45258250303775904,-0.8970309214112602,-0.3045439790009935,-0.7079585113072945,-0.2043796594792181,-0.5444253526610694
1,1_088.JPG,0.0,0.0,0.21415566469675118,-0.20369410806128052,0.30548179034386513,-0.6307607656938975,0.14738590440039703,-1.0034981607933078,-0.10082706136304743,-1.1780714000896098,0.23923839958120002,-0.9754150180815858,0.297250643185954,-1.3812917842199737,0.32432873596697004,-1.6594818597691403,0.33456592567399485,-1.8809891384133983,1.4903354165477233e-16,-1.0000000000000002,-0.047146116311979916,-1.3746218888574093,-0.015891585312764158,-1.252086896209949,-0.013065759077758919,-1.0712426980461134,-0.20527880789085154,-0.9382511479049375,-0.27332180588398497,-1.2651283091918653,-0.18941383888804317,-1.1413377774876503,-0.1583866782391218,-0.9713510418843726,-0.4045164657760407,-0.8151523347896676,-0.4500372898326279,-1.071758576185974,-0.3369708252245585,-0.985576571266807,-0.24549713748100224,-0.8107873621426047
1,1_089.JPG,0.0,0.0,0.23233531852611136,-0.24934596513407573,0.3837823128429681,-0.6696226014453586,0.2515799899506412,-0.9959378646788702,-0.015052409010707616,-1.1324283419843808,0.22904974892527422,-1.0139366493765045,0.2578291710083933,-1.47829420096506,0.2774932986626323,-1.7193996668078748,0.2852357802098158,-1.9499196948017612,5.158071619746989e-17,-1.0000000000000002,0.0032888129130855684,-1.1774636007045525,0.03988903745864578,-0.8124474345460025,0.04188422978707071,-0.6454654260856324,-0.20502578823536874,-0.9393049682981841,-0.2526901624299336,-1.1541614538694158,-0.15399516288922416,-0.8029450428948198,-0.1282397826403039,-0.6361908799762209,-0.41488428095133234,-0.8390630751703705,-0.4518087427041891,-1.070463185366341,-0.3573077677797301,-0.8595462338800854,-0.33492621031902825,-0.7322807038592265
1,1_090.JPG,0.0,0.0,0.21592540968328075,-0.2085345008541358,0.29274210141086177,-0.5888799403908311,0.07315778967351552,-0.9015597461882062,-0.18435411320347242,-1.055117723734142,0.2605009357437102,-0.9819219000410879,0.3613831531426,-1.342256340988128,0.4004526259252135,-1.575239444128833,0.42788951263450165,-1.7633220044365654,-3.689007289221006e-17,-1.0,-0.13689424203216602,-1.3126518282552855,-0.14913505055451012,-1.0910318959828469,-0.11684251760793235,-0.8919448634646161,-0.2221139886755075,-0.9123136029699235,-0.3564028816572689,-1.1464509163126773,-0.29898512512837067,-0.9333769644517037,-0.2375855720310303,-0.7628227633178484,-0.4086509620278249,-0.7463058829300774,-0.5279109579893564,-0.9366668014559043,-0.47124976453405165,-0.8260842027528029,-0.39258143690351693,-0.7039722898926655
1,1_091.JPG,0.0,0.0,0.23477550715487086,-0.2017414705882389,0.3284361932664165,-0.5777531340373492,0.14410931537597896,-0.913114501806038,-0.009850034943515778,-1.1781407456444828,0.26412306303125227,-1.0455144780311814,0.2918618390644031,-1.4940932111698813,0.30173962901256873,-1.799295537746945,0.2961534096855992,-2.050200703391199,2.2802755744697987e-17,-1.0,-0.08642127729264787,-1.3190451583737401,-0.08306708803652586,-1.039672133666508,-0.05309489537672326,-0.8617303922155513,-0.23837761230758253,-0.8669487106914177,-0.34718529072239057,-1.0735220834140702,-0.243386646048773,-0.7458853786657823,-0.14190902589257678,-0.5932198839783,-0.4618502725397151,-0.6856882257477559,-0.5478886081697564,-0.8624281609574513,-0.44244107566403623,-0.6440724376958147,-0.3351766646819369,-0.5373475474660873
1,1_094.JPG,0.0,0.0,0.29457811687040336,-0.08474438663949344,0.48850431190314053,-0.5473053805893159,0.43826122813015495,-0.9822691060808445,0.24223639905231056,-1.2987593423610777,0.26948814243076735,-1.0492205011717461,0.22419892854762205,-1.5335236671011028,0.1604389144698047,-1.8586566184018731,0.09872816479111064,-2.0997699250165756,1.1586056655687285e-16,-1.0,-0.04095681042629316,-1.3480708579626162,0.03773769624873531,-1.0010465621043785,0.12001813694691665,-0.7049632967584232,-0.250349559962833,-0.8777675316977945,-0.30538008798261046,-1.2081192478272755,-0.15199305834064827,-0.8474277736380309,-0.032486612835132336,-0.5592538817490447,-0.5022338159440585,-0.6909499550452877,-0.52007810539173,-0.8951010954593125,-0.33327903722015,-0.6591699917223864,-0.20181141103231026,-0.45062102868877363
1,1_095.JPG,0.0,0.0,0.24238361656771668,-0.2456845687671747,0.36221481301465525,-0.6265344948084687,0.3040171012043533,-0.9416972588068085,0.11115170429807203,-1.1338639617922273,0.22181196294547487,-1.0166556834158087,0.2516166810975197,-1.378185120171006,0.25931694015879075,-1.6183306648300873,0.250845747803372,-1.8183099105426304,1.3715723386731597e-16,-1.0000000000000002,-0.10431518137198059,-1.3434787803372157,-0.028494769025412245,-1.1363362555480307,0.034924160795461665,-0.936086015974226,-0.19528622146173089,-0.8936548720711419,-0.3218708075149014,-1.1986830147495682,-0.18902414744638837,-1.0226847393605452,-0.09479548233381,-0.837120741632348,-0.3856682732739429,-0.7384757908484175,-0.486033780098526,-0.980717796399442,-0.3692120406463358,-0.9118639573894601,-0.25437967850466786,-0.788332176103122
1,1_096.JPG,0.0,0.0,0.24258070745285265,-0.14471870871552645,0.4146405281589978,-0.4234944615983798,0.4098150921416461,-0.6757024821350489,0.24399334819033236,-0.8888858132888878,0.2888899079603915,-1.0016550807336395,0.39164699271550957,-1.45010458611213,0.46761084120090823,-1.7187351608266224,0.5071269718968247,-1.9597868432405934,1.791833548534683e-16,-1.0,0.05367275049413852,-1.1628786218180376,0.10417236890176515,-0.8011085582057865,0.1286565576515509,-0.6817208080318357,-0.23712981174927097,-0.8861092306117476,-0.14078329240285842,-0.8130443292367406,-0.020349782344623958,-0.4999888300931846,0.0312423650159285,-0.4697824225152001,-0.4330128079216413,-0.7086939940519491,-0.3072473465160771,-0.5766948446075645,-0.17365690747242787,-0.3602342814862646,-0.12223451504449762,-0.35583790411166094
1,1_097.JPG,0.0,0.0,0.21653229976009739,-0.3642797993114892,0.25514206226454006,-0.7791754416669299,0.03063330565538978,-1.0976866913746706,-0.21403192600196577,-1.1840217213461535,0.24343991253814426,-1.0740790151364146,0.25832099108426415,-1.5199558097937977,0.25482773987496093,-1.8187609752926306,0.26306447519680737,-2.049920640335574,1.3092927129682141e-17,-1.0,-0.16833098237837812,-1.3273959550507248,-0.14361246153439014,-1.132594337537535,-0.06539256392299199,-0.9640018115129594,-0.21784429683148349,-0.8587794815084756,-0.40101818012119816,-1.0815341244004355,-0.2830746734759718,-0.8330390459703705,-0.14063583867414123,-0.6547461100303543,-0.40483786243835385,-0.6761829327865475,-0.5658529174971848,-0.899762372353489,-0.4814832729661893,-0.768975999327449,-0.35869653068694574,-0.6210777157528076
1,1_100.JPG,0.0,0.0,0.30138260201656025,-0.1466676825800786,0.5036081731632228,-0.49171135931501125,0.553417148692401,-0.7687792433424273,0.3289001956583244,-0.8848497435781968,0.25150229026739535,-1.0766078162135815,0.26507085867193736,-1.604595985685696,0.31124332359092344,-1.9359844654259712,0.3063008449893872,-2.225652516151102,7.673256255620926e-17,-1.0,0.02568433445805967,-1.3638807744635513,0.1564800029620216,-0.9300480228716406,0.22058354525707743,-0.6648495158870708,-0.23727572359579455,-0.834207149224737,-0.18990466243934562,-1.1199404945593119,0.017099874766234327,-0.7327407731912564,0.10664808352038099,-0.4908871871307314,-0.4700036639762405,-0.6213638503390397,-0.3934858270186883,-0.812380520574891,-0.19436626876574153,-0.5970048184766001,-0.09667491344388342,-0.44065527216108313
1,1_101.JPG,0.0,0.0,0.20430193499605273,-0.20478846249554233,0.28296013308458573,-0.567518863028239,0.1572035870009559,-0.8648703448593159,-0.045985019844155865,-1.1032439744621862,0.25171331521560675,-1.025886889783426,0.3648067502096303,-1.4308060142848937,0.4366084594990544,-1.7050953960667468,0.47816385814856066,-1.9253530085192223,8.547552948813598e-17,-1.0,-0.10575144666404639,-1.427016090716771,-0.06387386129625217,-1.1988947881493521,-0.003927901807209084,-1.0206080481375566,-0.23152679767683126,-0.8884609590046081,-0.29625077056367194,-1.0887123454338465,-0.16623831206748207,-0.7602982989703405,-0.08258608723624303,-0.5849712382942889,-0.43177320788044454,-0.7149480939501183,-0.44141736320543096,-0.8880938384394879,-0.31502457137644846,-0.6630463936892544,-0.23651595399937114,-0.5171990639756127
1,1_102.JPG,0.0,0.0,0.33174123818737167,-0.14721746748540948,0.4582842112046754,-0.6181139235456388,0.268623360037025,-1.0289049764386051,0.07922229177484051,-1.2929392101973352,0.27662267147949215,-1.025586449527226,0.29194758911649976,-1.5262202812342223,0.25729089599010385,-1.8641410911994953,0.230534508531302,-2.1233301930447364,6.767543163971183e-17,-1.0,-0.1336984565170311,-1.5070617098154901,-0.11964642925689,-1.2985558359091576,-0.07398256489575326,-1.0168163551269809,-0.24650261125593803,-0.8910183511802758,-0.3399397142141356,-1.1602596932828613,-0.21125516237184197,-0.7906620939533371,-0.10833942576972262,-0.5159669760441309,-0.47336033642550324,-0.7188901365129877,-0.5247864282886631,-0.9554383865299468,-0.39053905308617515,-0.6858163176766595,-0.28563987427056864,-0.46935136733437594
1,1_103.JPG,0.0,0.0,0.22101178567071716,-0.1677830078390202,0.37517423187089827,-0.46471757739118075,0.2942737085599227,-0.738519593584754,0.06945963094081518,-0.9162491403691521,0.24587402550592935,-1.0048181119266026,0.27802823322383474,-1.3577523798188524,0.30155193760610827,-1.6124562580906607,0.2900641715852472,-1.8216410362214353,1.3126558111208435e-16,-0.9999999999999999,-0.023315945067903587,-1.2486279248604446,0.01580229165929572,-0.9227457697100688,0.04263941890110686,-0.7982275484859812,-0.20447569959654782,-0.915836690423732,-0.26215010611874395,-1.09680876815812,-0.16231740359124652,-0.8145586821249526,-0.11831666818195909,-0.7139087810444756,-0.41076604294328267,-0.7759554864860768,-0.44370374148993835,-0.9125304416635172,-0.3351508467852501,-0.7391287830717044,-0.27583164787299735,-0.6619944826651544
1,1_104.JPG,0.0,0.0,0.2846599858903408,-0.23288599547862576,0.47894633805882947,-0.6007473848662851,0.37262812356417985,-0.9055199103378072,0.0953133855729814,-0.9773902704641468,0.2387363981481486,-1.01936097489943,0.2502524288399068,-1.376606577663102,0.24985407866133863,-1.605105161645842,0.24397244005585303,-1.8123622669124373,4.7664246876629503e-17,-0.9999999999999999,-0.02847675148621971,-1.2734189226229162,0.047902797488792,-0.9821981220736801,0.09189370633506544,-0.775754331995142,-0.21370970734176484,-0.8993371567848414,-0.28979543724256046,-1.1768094209715498,-0.1532607220973122,-0.8965619467335472,-0.07086371287097382,-0.6849902177020836,-0.4328050830705333,-0.7428396895697483,-0.5031479062957314,-0.9769125447064549,-0.3671801340315862,-0.8364465597298207,-0.2651762783035775,-0.6918047922080204
1,1_106.JPG,0.0,0.0,0.31879354084757106,-0.2252645924703384,0.4669413189175073,-0.7083116718100785,0.2819734964428549,-1.1166788678535917,0.06401425439259854,-1.3851605845434016,0.27518031334055515,-1.0379293123860291,0.22330354314816628,-1.394787474115638,0.2107337450992462,-1.6664956786065435,0.1969730828163577,-1.8926586700252015,1.769069529973681e-16,-1.0,-0.032872053696404294,-1.2909205055093014,0.08168620306623627,-0.9555726103550548,0.1503051795342288,-0.6897844057655181,-0.244725382677985,-0.8868033063779546,-0.2822979729472736,-1.199940422493307,-0.11989625342406225,-0.8248753482243298,-0.027320254177509325,-0.55820395300484,-0.48803701860091986,-0.7122002447617329,-0.4806162924724758,-0.9415254385529424,-0.3198546993353225,-0.688423026951899,-0.21855923945948472,-0.4797120031820096
1,1_107.JPG,0.0,0.0,0.24091736257428104,-0.174836053821446,0.3603355899777542,-0.48730833623046554,0.2654809904835188,-0.7555801604728525,0.03522133657407488,-0.8680935451468601,0.24040752896885698,-0.9977039372722017,0.31391730534681106,-1.4158692173087917,0.36029975274500103,-1.6903635003548585,0.39055056481796213,-1.9126003643968896,5.309331150527349e-17,-1.0,-0.08860671457296362,-1.374395258429064,-0.043652466880184544,-1.1632633560296173,0.009793221666280213,-0.93040976140593,-0.21005645582752816,-0.9152163794010573,-0.31413591561711013,-1.2465388916407258,-0.22611430922465323,-1.0924437653518309,-0.16469363821235194,-0.878775395957408,-0.4008420033400881,-0.7748686887180717,-0.488281902127108,-1.0570726950918687,-0.4086508805298272,-1.0144601715503994,-0.3353547268432822,-0.8801742263545811
1,1_109.JPG,0.0,0.0,0.20057484797817854,-0.2164153127275177,0.29849546233680924,-0.6323978822836391,0.17671295131964693,-0.9509557413150183,-0.058631183577529764,-1.1293862371854635,0.22520080290198702,-1.029862556985672,0.2794354891986377,-1.4634540488100627,0.3122839050778544,-1.7305749516063258,0.3163428463819985,-1.969750854846794,2.3216552558094964e-17,-1.0000000000000002,-0.03104034375837851,-1.3236116203916304,0.02783966516853986,-1.0320371546608358,0.048851254387882646,-0.8478786383497816,-0.20414354130592102,-0.8907231657280618,-0.2683995241298716,-1.152851450628596,-0.12584411415198635,-0.8587900095429191,-0.06478912705626025,-0.6903674761084792,-0.39017208153951555,-0.7266123092927823,-0.38911885335126434,-0.9295679057614492,-0.26839025290777363,-0.7297216797722199,-0.2116413480887844,-0.5827870970880478
1,1_110.JPG,0.0,0.0,0.32871336611877905,-0.25100179143721496,0.5389218978517153,-0.5397808747918804,0.5858342690957069,-0.8235386324993225,0.37517458398911147,-0.945431727351326,0.19684335986539395,-1.0480387212632254,0.18647309915950194,-1.47738132297096,0.20330161061278404,-1.7206854307283328,0.20841623180523913,-1.9355087875714663,1.426732951832311e-16,-1.0,-0.06518694576996514,-1.3931650743348183,0.07627400065629684,-1.2344877746718457,0.1691114334096098,-1.041551058541907,-0.17091937757941486,-0.8924288600797586,-0.25671601361996904,-1.2621225771888698,-0.07246183659036168,-1.1407039069996245,0.03726322998499442,-0.9543324478495696,-0.34913554217627313,-0.7592200738667081,-0.4027230878517607,-1.0711668602432562,-0.24074575691289204,-1.0671658921041165,-0.11007083800160757,-0.9768331275741032
1,1_111.JPG,0.0,0.0,0.3037013466827507,-0.29894684996428833,0.43131744653279225,-0.7104230701745706,0.4572041184218356,-1.0698712394582728,0.5533049238677137,-1.3362313211230195,0.21754684629532506,-1.0677200181635014,0.22803572535221267,-1.5238327133639253,0.2646482968840976,-1.820795682407738,0.30507466251283877,-2.083815802819974,7.444385183926205e-17,-1.0000000000000002,0.0018053965702660069,-1.3620108177227401,0.1387702315190302,-1.0689488018488573,0.23133997345026341,-0.7826024083627605,-0.22083298032450152,-0.8666733671432764,-0.19067978814678588,-1.1202139476881718,-0.006067883340042934,-0.8242128342278027,0.12104271891452917,-0.5627053822897741,-0.46589833567281597,-0.6935423938864652,-0.48863066519937337,-0.9471373171235065,-0.2962492074754084,-0.8280416358328949,-0.12914247240462925,-0.6697635962136855
1,1_112.JPG,0.0,0.0,0.2975284392118186,-0.21998814076627346,0.5156092103131358,-0.4845245098090514,0.615263239846951,-0.660174401983565,0.45520610541766526,-0.7105986661570828,0.2096195216707534,-1.0636129356277138,0.17495994919530525,-1.5056411358430442,0.2056895543289773,-1.7675326186717346,0.2183919158872837,-1.988260055361307,-3.4135753051608787e-17,-1.0,0.018926048941976272,-1.259824996727295,0.16750591728737935,-0.9595969690401606,0.23267735986720328,-0.7279130241413513,-0.2115696599589793,-0.8659859329141655,-0.22920752555149107,-1.089841576455452,-0.05837944045378451,-0.8379440600283153,0.018537171386040587,-0.6340515817698684,-0.4341832748065202,-0.7041284123808563,-0.5098734602489391,-0.961143678625089,-0.35695356748799145,-0.8539267762001594,-0.24816984763578132,-0.714123219003069
1,1_114.JPG,0.0,0.0,0.3059211322005665,-0.25681465737116854,0.4775796713750542,-0.6072942237923783,0.5303218060367649,-0.9071289623407249,0.36330091967039196,-1.1077655407439189,0.16484309219471785,-1.0117211054679651,0.05694009666432514,-1.3806804580295995,0.023035833725137823,-1.6035419696963673,-0.04150071639552712,-1.815160621577108,1.4034936804433475e-16,-1.0,0.06893681310789011,-1.3540153183461383,0.22541530501871368,-1.0591704600877392,0.25477676362399576,-0.850006776904844,-0.1443746019680127,-0.9131274741903311,-0.02875351453095169,-1.2155734788491108,0.12518893817010035,-0.8855719284430733,0.11868548074836853,-0.6772765018608198,-0.28282842988904977,-0.7743555486641076,-0.14361219511203563,-1.0194492856223456,-0.012970465764161256,-0.8156259746162428,-0.033296048707318185,-0.6595541560770367
1,1_115.JPG,0.0,0.0,0.2917291386065725,-0.2211632397025596,0.4590963741834765,-0.5583814693512843,0.17341463088035355,-0.7943429754477538,-0.16567405518757675,-0.8443084233221373,0.28820756836886735,-1.0110656217288736,0.39936696105207803,-1.4253506835910708,0.45859228614927194,-1.6711701919217,0.492133047610663,-1.904711840542237,1.0843213216595171e-16,-1.0000000000000002,-0.05541230172422684,-1.2268505134403882,-0.010068795824415167,-0.8827530572932447,0.030764994392606788,-0.6980982732064915,-0.2408488517605189,-0.9118944749130851,-0.3280086537591115,-1.093825318034576,-0.207526204325106,-0.7642887453386237,-0.12683410734656653,-0.603933598941174,-0.46627670706533225,-0.7595475322109395,-0.5272818668307185,-0.9371640642049396,-0.40062492974083,-0.7331775677879256,-0.31725925525436205,-0.5986417577066704
1,1_116.JPG,0.0,0.0,0.26762956369615304,-0.13654716994061192,0.4672995848178153,-0.524823095255608,0.5133918760119632,-0.8505548909999016,0.35685854716258575,-1.0980456157395093,0.22614137545233398,-1.0200413163275919,0.1991901992725491,-1.473681470350186,0.19048249277783524,-1.7844790678270823,0.18713439881050187,-2.0207653429708112,1.1489215017425465e-16,-1.0,-0.06578589617518454,-1.407970424412989,0.06890492189880341,-1.3217144334100057,0.19129626395985078,-1.1305919829528097,-0.21998322784458252,-0.9052010300015115,-0.26582741642519,-1.2840921520609563,-0.10661288009219173,-1.205975701243967,0.013873335662654782,-1.0087138029984488,-0.4535381287417494,-0.7735563362065997,-0.4835882439987686,-1.1119812704838576,-0.3359470560343745,-1.104328802385569,-0.21006313672433868,-0.9596998607625001
1,1_119.JPG,0.0,0.0,0.27924391998474424,-0.2599420734988686,0.4383411816825403,-0.6857390116127695,0.36574847185324266,-1.0574200893021197,0.08953428465194366,-1.204004180939731,0.2377429704490375,-1.0494209007610626,0.2807488786172401,-1.4585894187957937,0.27407172649939693,-1.7320805840758933,0.2656686342399354,-1.9743261060926691,1.3301102820038981e-16,-1.0,-0.08221411085532226,-1.3721310351404523,-0.0025330232919613294,-1.0611951502620685,0.07498087752297622,-0.7811835662847574,-0.2180471571337478,-0.882464092911601,-0.2621875464545891,-1.110762976763801,-0.0926321550281655,-0.7677686733021422,0.015567155696464111,-0.5060436178177409,-0.4290588219451641,-0.7243782952519047,-0.4188598782695373,-0.915938072565431,-0.26104694328079886,-0.6901261732651881,-0.16171483144325643,-0.4985946800804507
1,1_120.JPG,0.0,0.0,0.26059791459617854,-0.2597050348103083,0.39994820567506034,-0.6884145169795898,0.2234967312804645,-1.0526471592168007,0.01519358252406512,-1.2822456380368745,0.2435544858602045,-1.0465980383331794,0.27389205948855955,-1.5137392355242498,0.2862068785339977,-1.8030901015037553,0.28100831886618943,-2.049542698585162,-4.063769545533076e-17,-1.0,-0.046193557354017985,-1.3676053308921254,0.015926746216224467,-1.0640733729169598,0.048606345711378916,-0.8359345949135591,-0.21935579181635595,-0.8805998786854807,-0.2585317273841024,-1.1619940179540371,-0.1232898809169172,-0.8146835560842868,-0.05536937712926408,-0.6060117802674984,-0.4416054762956232,-0.7147414512501857,-0.4353152736000669,-0.9340075841182787,-0.305279293374952,-0.6939180800053084,-0.23407215125663933,-0.533829573855521
1,1_121.JPG,0.0,0.0,0.25775224282372444,-0.41163948779552284,0.25600582986628834,-0.8343418321426025,0.014744183119222263,-1.1808284369699809,-0.23487823234442176,-1.3623446812064888,0.2768184719798866,-1.0688852007175182,0.30036104436252525,-1.484488356081792,0.29171302138323696,-1.752588490340972,0.2841846536403709,-1.9711754223633884,0.0,-1.0,-0.15076367661125056,-1.3198296230118687,-0.15676770827834038,-1.1496669387743401,-0.1367500197295928,-0.9817377230345669,-0.25058394158810227,-0.8549648940062337,-0.3948926462446122,-1.1132488988881724,-0.2968840117996033,-0.8112011209646056,-0.21459734466610297,-0.5662163886990955,-0.47302589596950095,-0.6541064914592454,-0.5959858544229498,-0.8619087057298491,-0.4981560794300542,-0.6803493744032896,-0.387026075541875,-0.5131206315038318
1,1_122.JPG,0.0,0.0,0.299247855000121,-0.20737950653493697,0.5378219516862703,-0.5837783283101394,0.4702323678281595,-0.8698270146336472,0.18502471750251023,-0.8822808858897363,0.2682440664648768,-1.0615717969873852,0.2510547724287596,-1.5466353555136239,0.22236708440141972,-1.8130490621444437,0.16606806876474559,-2.0720616226873494,1.2196583715929262e-16,-1.0,0.0660644209045071,-1.2248249456724678,0.14649798659674002,-0.8593810941408745,0.15096961417600566,-0.7426190851717696,-0.23758844291081804,-0.875391606718049,-0.16996234053593479,-0.9684954768603488,-0.044669795489053025,-0.6210234118956154,-0.024367801734081172,-0.5437855268782285,-0.4652992113398253,-0.7077386841654961,-0.3769241672140007,-0.8229423598462176,-0.24809906903542717,-0.5933139271777177,-0.2347287958424045,-0.5138185033956559
1,1_123.JPG,0.0,0.0,0.26242268333234736,-0.2763683971398962,0.1600656280850951,-0.635387242693918,-0.22551062483304904,-0.8731453873263244,-0.5607518380603034,-0.8752733571112398,0.1715921540601622,-0.9321873018873789,-0.12565560459721728,-1.011034389038058,-0.33494734611879967,-0.8567938754056162,-0.4187626572440215,-0.7890446485212192,0.0,-1.0,-0.511730711305451,-0.9170910020693759,-0.48033447515000616,-0.6280381692949263,-0.32986982782496405,-0.5268110392437785,-0.16796239011286163,-1.001848468718527,-0.6015136363643898,-0.9006887144160007,-0.4637758037999372,-0.6263328468363151,-0.26747836797287117,-0.5498564734388197,-0.27234319384140626,-0.9742038759981515,-0.4594853858863914,-0.9714540444646848,-0.42871684329260873,-0.8384820674146709,-0.4032711775896287,-0.8006481797986661
2,2_000.JPG,0.0,0.0,0.1650677929117633,-0.2951538732186678,0.1969924638511253,-0.7368342707417007,0.027734075439545702,-1.0551138002344667,-0.17844881191346817,-1.2241297824286177,0.179252150075638,-1.0218066715285923,0.2515984783400772,-1.5320657717193342,0.3033691769607451,-1.8372945690000901,0.3321319007737654,-2.085315581444784,8.235298113063873e-17,-1.0,0.006394145192391463,-1.5654018278275488,0.05109423335043095,-1.9005347023572514,0.056620185165451226,-2.165798452083442,-0.16659106554482944,-0.8898897727866787,-0.1897761928259801,-1.1042024264617143,-0.07396060341255287,-0.8689154516279954,-0.02103338025973241,-0.6919037756148823,-0.29952055143405687,-0.7234569940982618,-0.24348894480783964,-0.9209226129881739,-0.1434773609424975,-0.764587764032485,-0.12086301241915756,-0.6127266619870775
2,2_001.JPG,0.0,0.0,0.2417021522920775,-0.22246022817101876,0.34922685102417356,-0.6127862229821192,0.25705795511810986,-0.9213175545646605,0.013761956746523314,-0.9512030495348907,0.16823028980705027,-0.9989341277916942,0.22548861238709295,-1.4682359134397296,0.2613985335518226,-1.7367864310530357,0.28117688007711694,-1.9727644606299224,0.0,-0.9999999999999999,-0.05954833743256288,-1.525132497796411,-0.053275875522246274,-1.8355561532651317,-0.0729504059147504,-2.095398833263445,-0.1472609565275042,-0.9096932000594546,-0.1688537906115442,-1.251827351987679,-0.020547850116243247,-1.0379918121853742,0.05509838029320831,-0.8364469162956214,-0.26029187646569407,-0.7538212029745631,-0.2671517817075333,-1.0786300768163652,-0.11714750788133503,-0.9666874142964996,-0.02947350014610547,-0.7882556346825397
2,2_002.JPG,0.0,0.0,0.18631883923114997,-0.20382191390816023,0.23331503058823436,-0.595468766999076,0.09531647199743948,-0.8948916398889109,-0.08413972175275768,-1.1008322741069698,0.22256235446784878,-1.018749263695278,0.2846354160898211,-1.5542512682358787,0.32239216611570826,-1.884728257693181,0.3408493700355766,-2.1613007756056577,6.272896222502823e-17,-1.0000000000000002,-0.11359451872115546,-1.5463660737565614,-0.17269921106837238,-1.8789425495992278,-0.2297169961238446,-2.159229366243773,-0.19275058112122834,-0.8618690418638946,-0.27313931189242774,-1.0959056008153307,-0.1708407752483273,-0.844962002997878,-0.08323730298608999,-0.669354862502306,-0.3360922739742315,-0.6516872126569103,-0.38501868768628106,-0.8120009849867662,-0.2871560144794202,-0.6497892508915649,-0.18988349080637018,-0.5195261066463626
2,2_003.JPG,0.0,0.0,0.2951023662749878,-0.15399210320981566,0.41150482680052053,-0.4747382555890712,0.12857710658572985,-0.7014620161323158,-0.18106248373033326,-0.8136350549282756,0.30313679838745344,-1.042548521226064,0.46612088930507506,-1.6403148600223485,0.5733969533324009,-2.0144050594206955,0.6506560382686184,-2.325860941584972,0.0,-0.9999999999999998,-0.02747261735830582,-1.6134655856225102,-0.0289553988910999,-2.009159233078643,-0.04303403202612458,-2.319605231960037,-0.2483721274629531,-0.8147550707579547,-0.23956791048607606,-0.8452980537978141,-0.12747317819168733,-0.49068270363843836,-0.05003004072400417,-0.24780098858637276,-0.4451740930813571,-0.5595451365882721,-0.4113007157890278,-0.5695999907649386,-0.2926081363162332,-0.30455341250323403,-0.21104913040433046,-0.10017021561295296
2,2_004.JPG,0.0,0.0,0.24073790898919542,-0.15331115477924004,0.31520614041859585,-0.58919167146572,0.16167041526703052,-0.907092067344542,-0.0503308837984238,-1.1030776110027511,0.22306730801776367,-1.01187327391265,0.32632144154024506,-1.5231797834321263,0.4009617194573509,-1.8418940685123941,0.4637101694972306,-2.111733091916188,7.781428032135719e-17,-1.0,-0.024160272777965033,-1.5869208854944876,0.031115922142045303,-1.9350470170274254,0.06445136432644465,-2.207098910575681,-0.19438633187268298,-0.8833832983196983,-0.18277386672597076,-1.1867267789329827,-0.07597256417189488,-0.9068987336570105,-0.02899330630779034,-0.6887306403553396,-0.33516206198858495,-0.6965802503623818,-0.26240402488807507,-0.8159258359084989,-0.14494925349673543,-0.5762520707943779,-0.08708815650217118,-0.38479577643667456
2,2_005.JPG,0.0,0.0,0.24062374524471633,-0.20284205475813522,0.3196162941967239,-0.5733392150920799,0.08212234697496104,-0.8383997832291165,-0.15919359872731864,-1.0305478099075123,0.23814059793242182,-1.0409017322651004,0.28754626530841254,-1.6070455893883901,0.30812718738480344,-1.9621129887935524,0.31548077529537455,-2.267148396452645,9.29702755894452e-17,-1.0,-0.10031563870826432,-1.6334215979962423,-0.14099687543740208,-2.0237292637395483,-0.1937569614154033,-2.370673578950036,-0.19512032183881262,-0.8391431120620988,-0.20263901141370075,-1.048343883189689,-0.07338729612125063,-0.7373223291423047,0.008514190911624551,-0.5562609229909354,-0.3482497310734475,-0.6135940188057694,-0.3231891065574507,-0.7890281948210468,-0.18267691160981755,-0.5677501521352065,-0.0925565891071591,-0.41931187433951644
2,2_006.JPG,0.0,0.0,0.18980108104338803,-0.13146392234880888,0.2325743985374456,-0.41690730788922076,0.06301108429933071,-0.6962419870617156,-0.09233088445325416,-0.9484338827733051,0.2421297935098588,-1.010738114217843,0.3434990691058102,-1.5506439809306218,0.41327069235897285,-1.9164608714633522,0.45825929359151985,-2.2155566179595154,-1.122620772401518e-17,-1.0,-0.1281153376447503,-1.622911359142259,-0.17867623341530153,-1.9970132961803488,-0.2135286719042808,-2.311348228035188,-0.19822219643840974,-0.8568780256250589,-0.27661466513651106,-1.0870377629809393,-0.180890108251496,-0.8210595430620511,-0.10060715148916946,-0.644863842844967,-0.3430805275676277,-0.6304245530526559,-0.3633650470414295,-0.7755224551518208,-0.2397817590357223,-0.565642110426438,-0.13467452758445178,-0.4066273488901415
2,2_007.JPG,0.0,0.0,0.24360518294147665,-0.23485099291377853,0.32442019919551124,-0.6225553500691817,0.1951479492730808,-0.9155858097607839,-0.027865534162733168,-1.0503019769214241,0.21814732666253986,-1.0405256179525544,0.29615548002849446,-1.5930564999915247,0.33190452966345196,-1.9146101099447634,0.3670162001177816,-2.1862364775165317,5.603524982121857e-17,-1.0,-0.07273246109278363,-1.6175894929429229,-0.07684797735213159,-1.9957583209316556,-0.08963371322579948,-2.3056243440978563,-0.1836532957963553,-0.8491807231582507,-0.16933455563790542,-1.0971364446977634,-0.03628169654385507,-0.8131165622008277,0.02823933200915366,-0.6158701021770022,-0.3187263806801709,-0.6323652102248957,-0.249748088740258,-0.852079977823526,-0.1293416445498209,-0.6463964363757712,-0.08739702335245864,-0.47466872814287425
2,2_008.JPG,0.0,0.0,0.23087878671020948,-0.25265227796938405,0.32548073830370716,-0.6192582654065328,0.14435916034706903,-0.8691016954369746,-0.08183125655054739,-0.99338669816572,0.20567224294489542,-1.0245142704932713,0.27255029598012726,-1.505091048281932,0.3068094541564375,-1.7921815015814502,0.3300056167884239,-2.0381168030255146,1.5055588803394383e-16,-0.9999999999999999,-0.027308529450118555,-1.5523733925518288,-0.005256746938170494,-1.8882091228137734,-0.005104298955872631,-2.163335767895561,-0.17800745292503303,-0.8642195762168188,-0.15365214364286056,-1.1406701898225362,-0.013153184191813877,-0.9212549979609371,0.05787437182162185,-0.7348636746215265,-0.32297587859079135,-0.6644845158129379,-0.2887485372190658,-0.9000342122389523,-0.1493610335265254,-0.7665386781604001,-0.06058711684032907,-0.6143973037821445
2,2_010.JPG,0.0,0.0,0.29558492565593997,-0.21351537076256535,0.44856917267104846,-0.5680362052093497,0.3709264327973802,-0.8797395792532157,0.14777750542245202,-1.0073771370875213,0.23144099221853415,-1.0143638844744263,0.20094774268818688,-1.5546023666572446,0.19464192040751968,-1.929931779123398,0.1839241703914946,-2.232134429103671,0.0,-1.0,-0.1543093425724105,-1.5496809432178946,-0.19118737331115537,-1.9091057612974243,-0.24097587193072023,-2.1745922168987044,-0.19348687639705053,-0.875642836113213,-0.20965602513763562,-1.1867444421871898,-0.029640755192634736,-0.9819281099063082,0.07249049371577716,-0.7731348554332457,-0.3558186698026268,-0.6820900745203194,-0.34542161770778435,-0.9322029988869127,-0.181756953511685,-0.8224238161009658,-0.0770271252794846,-0.6770835862018896
2,2_011.JPG,0.0,0.0,0.20216473157681716,-0.2298567687508451,0.224739170789635,-0.6779486850406623,-0.04589465196689313,-1.0126298223041739,-0.2905177610762751,-1.2475230543592968,0.22696686462141943,-1.033932412905898,0.22802136227186506,-1.6285270548726714,0.23242683378501974,-1.9962809809603066,0.23095285769979018,-2.3042631671103484,1.0606702164110096e-16,-1.0,-0.1474507386141106,-1.621823519523097,-0.23776247076792728,-2.024456867513638,-0.32626481815460373,-2.3622467624161905,-0.20492304365186775,-0.8606933637133954,-0.22591561631185464,-1.0511463705100226,-0.08739843512892752,-0.7156357597394761,0.0009944026053071546,-0.4960060515371025,-0.3686206751654387,-0.6525374777425076,-0.32962987751267375,-0.8109663030301606,-0.18520644021909638,-0.5686390688446917,-0.10677318116224052,-0.36800338774840285
2,2_012.JPG,0.0,0.0,0.24410025141457506,-0.4016551430009404,0.28727960076429365,-0.797104386145426,0.0769566548378534,-1.0213196282589179,-0.16384361334057337,-1.0765504039655345,0.2101692063055104,-1.0388004305485723,0.21982212004957752,-1.5455102125767162,0.19901092117670116,-1.825709856647111,0.18413019807873443,-2.0564422328502805,4.060971210509767e-17,-1.0,-0.06859959420340066,-1.5271034855449923,-0.11223336527469044,-1.838735191206566,-0.16167359285891245,-2.097526875377456,-0.1854465169793057,-0.8671962721048477,-0.21108162727967908,-1.089471448737952,-0.07741275587954384,-0.880083059845105,0.009772454046477107,-0.7490792492290701,-0.3411987938280462,-0.6717103424004265,-0.3597646037513543,-0.9176053863436882,-0.21905336614333515,-0.7912584325054303,-0.12286987301999715,-0.634534605497554
2,2_016.JPG,0.0,0.0,0.23475353178651734,-0.1578801797916018,0.28985875795133775,-0.46279422238303386,0.08513116552010688,-0.6737379963089256,-0.15300731547927163,-0.8223611833303367,0.2321585121496637,-1.0077353422667088,0.33922798321617975,-1.5240770866945046,0.39235568547563626,-1.857227379007618,0.42683109582251705,-2.1383513225949544,6.449511844476494e-17,-1.0,-0.06954992436623918,-1.5716994307454866,-0.08306512617816669,-1.9044418938747685,-0.09868821671891131,-2.1815080018401716,-0.1989805402123976,-0.8683705760738533,-0.21770885735144319,-1.0927404022336025,-0.13503749912581117,-0.7876610188022971,-0.08185755058801977,-0.586139024704605,-0.3602069513411948,-0.6622499068855932,-0.37558385385056275,-0.8116869093981318,-0.2742633136168677,-0.6035365075681267,-0.20588438456053368,-0.4440961349425767
2,2_020.JPG,0.0,0.0,0.13332721614739673,-0.017460444087687686,0.10654650632769104,-0.28853399175953737,-0.12938339630575893,-0.6256352241758476,-0.3038533669092476,-0.9407864416256663,0.24701497260810037,-0.8969953022688564,0.35438856371092425,-1.4702523636693583,0.4358967834224493,-1.8707970062328574,0.4843714096995113,-2.218279897693385,2.6601517804887228e-17,-1.0,-0.05989743052887718,-1.6316371430353314,-0.08816986562441845,-2.0697243413582354,-0.11776277907645326,-2.431153148279618,-0.2181587677220644,-0.9358871005671769,-0.5033285853092695,-1.1008779830174462,-0.5119456633301142,-0.6971443341720911,-0.4454982432468282,-0.4029550470040731,-0.38579962874668977,-0.7580455296568362,-0.605512930547387,-0.826704391353281,-0.583417400784724,-0.5184474271346355,-0.5005029691796833,-0.2799578193121962
2,2_023.JPG,0.0,0.0,0.2710347620704298,-0.19627391651625098,0.41198319171435777,-0.5438859682040466,0.30868467104734637,-0.833973354925974,0.05778483903515765,-0.9161989464791623,0.21674449138000126,-0.9867583162535191,0.33913866693929673,-1.359324023991201,0.4054014585240733,-1.5954651215724602,0.4493052228428893,-1.7977491642197516,-6.595325157441535e-17,-1.0000000000000002,-0.06541485513568294,-1.4176108058443455,-0.07226292784605597,-1.6825847484254335,-0.09752723255859068,-1.903909306320148,-0.19431217749994037,-0.9183266921558939,-0.24819821722347704,-1.1712620150675854,-0.10650179422006849,-0.973122252951986,-0.030954101636200645,-0.7789705649063391,-0.3839311020648841,-0.7810550309819789,-0.4175367486095241,-1.022074404522003,-0.2812619540281983,-0.9319997645326261,-0.18099524258854624,-0.7914428903184331
2,2_024.JPG,0.0,0.0,0.2742554031777662,-0.2095012848491335,0.4011022162006726,-0.542145276131905,0.15765263220298778,-0.7648125631233054,-0.1128031387273115,-0.8155527904870213,0.22935421396264813,-1.0099813247066567,0.3220020192544298,-1.377921395674314,0.3696927818465416,-1.6169116451305494,0.40587022461127176,-1.8231399427441182,8.801089182380198e-17,-1.0,-0.040439922046456994,-1.433899073129338,-0.055946726069209175,-1.6971762749527133,-0.08271164133153626,-1.9188939017914879,-0.19149002228997056,-0.8954381789813943,-0.22131344760513585,-1.1718599964233225,-0.10518821606738872,-0.9437212473258887,-0.03979072254713018,-0.7456157400946157,-0.36124953793049824,-0.7290976507797224,-0.34572616449243515,-0.9157100920723632,-0.21738193812673295,-0.7537073909055979,-0.13324116357517635,-0.5896965639007314
2,2_025.JPG,0.0,0.0,0.28972539832257604,-0.21595717657260874,0.42769677753917323,-0.5901370969314659,0.2961351748957655,-0.8898465729389897,0.0866033517960636,-1.071881762741453,0.24604078651111724,-1.0169264294316314,0.3512616354428121,-1.445609150528648,0.4006459254824071,-1.7201234486268056,0.43085369090598263,-1.947914588674537,3.4172745349162293e-17,-1.0,-0.08202451808380459,-1.5206114800306334,-0.12096376685709694,-1.8426156652986867,-0.17813606005125865,-2.0992880456893515,-0.2208194983921427,-0.8797367462341491,-0.20085925566745433,-1.1371632321289251,-0.018241384577602267,-0.8703600710334514,0.07728876604948931,-0.6487552967640301,-0.412187418996929,-0.6994236072362023,-0.33266212226377706,-0.9207824385209894,-0.16588875285519886,-0.7300053898838588,-0.08084713006526494,-0.5434219918475145
2,2_026.JPG,0.0,0.0,0.30589494441130183,-0.18589536402351667,0.4128712568080094,-0.5746933494264257,0.20660431154991635,-0.789428116377094,-0.06977627801886568,-0.8054237398633525,0.25031351730223506,-0.9989199886757305,0.32643646556719447,-1.4019979226203256,0.36067222161662943,-1.6549775548926546,0.3817453458228887,-1.867396426960235,7.446530345653046e-17,-0.9999999999999999,-0.07146671998035524,-1.4650874732538746,-0.10710850877930304,-1.7619437724461102,-0.1550635026835515,-2.006935080606257,-0.20445716792565843,-0.8823912970999229,-0.3212135255728236,-1.1307917954433548,-0.23593585824566113,-0.8244601784301078,-0.17043088495241507,-0.59756144513856,-0.3869554318505381,-0.6766602620068904,-0.4531919885290521,-0.8323053116357918,-0.33620088909531864,-0.6222385368848706,-0.23472230603927458,-0.4410668348974611
2,2_028.JPG,0.0,0.0,0.2665960573795047,-0.21136620419528512,0.4019495872228554,-0.6385729433531523,0.19522248931026975,-0.9562271894878794,-0.07259875258946703,-1.118298153124616,0.25448004569007004,-1.0015535146270007,0.42140081074084534,-1.434781195995249,0.5227908707314466,-1.692015775663864,0.593926126160827,-1.9127772642114018,3.5551148579023276e-17,-1.0000000000000002,-0.08233728581444832,-1.5495982978168392,-0.07526854920897393,-1.84911072827304,-0.10185794472915419,-2.112790757960482,-0.21879471009952153,-0.884648488464756,-0.16851048712892727,-1.1468677900882875,-0.023008471509607435,-0.8600981531934179,0.013916743895718835,-0.6833675846626229,-0.38775040347040224,-0.7060959510104555,-0.2848736073865064,-0.8937053917842773,-0.14420684364756517,-0.6796211741996038,-0.10695053090763987,-0.5190555403051542
2,2_029.JPG,0.0,0.0,0.20749272313513045,-0.2104123377547243,0.25148436048730544,-0.5564287298792946,0.013177125216327417,-0.7851990296210482,-0.23465756252478392,-0.903202547471209,0.24780614723578065,-0.9978282949895363,0.3885933138479174,-1.403403235897281,0.4679047007452102,-1.679446100985159,0.5169954196722372,-1.8985759806795812,9.480673087171207e-17,-1.0,-0.05301989502476544,-1.4617292701257765,-0.08295567050711723,-1.7679808118676326,-0.11809382181324454,-2.001763799616166,-0.2015911256174311,-0.8850821638666821,-0.2929774313958251,-1.0919481126177462,-0.22283772739670496,-0.9214680499757503,-0.17255489588215406,-0.7734044576708227,-0.3612164407162621,-0.7001964409244926,-0.3996039603341164,-0.8281330109374827,-0.29963030602551133,-0.6807678778042793,-0.20323865681414324,-0.5366955996966174
2,2_030.JPG,0.0,0.0,0.2164141186429807,-0.16880653099108436,0.3262411668024968,-0.493623411364551,0.05674602711812931,-0.7061403478766093,-0.19753949704258694,-0.8770584731578863,0.2705931966682149,-0.9930873062489723,0.43845990084330044,-1.4126344372552013,0.5581943276383405,-1.6789234875229913,0.6331582600462077,-1.9129283374440178,5.4425474461765904e-17,-1.0,-0.016882022690847726,-1.5000258210732644,-0.026689898967354898,-1.7870352079535479,-0.05473959928010819,-2.0694251262913954,-0.23531293246085194,-0.8859703572190479,-0.3189504651332388,-0.8894467670052,-0.2051604592086974,-0.5632265107981744,-0.0922073904037324,-0.43714303801797166,-0.4406774170349102,-0.700061010705178,-0.5082463604744503,-0.7143476904072985,-0.3678381446374097,-0.47560702772086905,-0.2323898945398369,-0.35387821915235423
2,2_033.JPG,0.0,0.0,0.26453131334930596,-0.2249181327922023,0.3793098545397259,-0.5857994765250493,0.24631183192171652,-0.8518466609383939,0.015232410797774936,-0.9837539343063969,0.23720078893464733,-1.0117158555263073,0.37726670865426853,-1.4143775962198515,0.4512247451548089,-1.6703446256849972,0.5033420704881646,-1.8884733908823117,0.0,-1.0,-0.08173550724261766,-1.5170936290880588,-0.10615472896593117,-1.8273471494130735,-0.14133219794237278,-2.083972425965522,-0.2135244202513823,-0.8763808128313849,-0.17237385046841577,-1.1210431103300071,-0.013098842773297098,-0.874017779859862,0.0638802775670537,-0.6759909162287393,-0.3825976499807151,-0.6815074080579839,-0.2986913178438184,-0.8913866733233261,-0.12584480530174505,-0.7131629720611512,-0.028465377699972982,-0.5304623213523666
2,2_034.JPG,0.0,0.0,0.25290716463384866,-0.15212176335415856,0.3343671574410987,-0.5479495263523932,0.0034628992821951615,-0.8299147221116456,-0.2773389118615699,-1.0171479436580106,0.2537761150914951,-1.0125616612464037,0.3069169915773079,-1.435909158496571,0.3376871940578709,-1.7150433369674087,0.35649447855450184,-1.9517005585676537,1.0989237200197239e-16,-1.0,-0.05631233586086707,-1.5041271981519708,-0.062021786973079224,-1.776188679804779,-0.07174606537514773,-2.039622473605852,-0.22485040604216888,-0.8698552762584799,-0.2895166401480086,-0.9953752133708031,-0.1831817227014788,-0.697452017762335,-0.0840896900227643,-0.579019074212854,-0.4140338746455223,-0.6638076034918041,-0.4429195059109984,-0.7530659432547665,-0.3034623948332862,-0.5403117687449583,-0.1955552304501574,-0.4297132074155385
2,2_037.JPG,0.0,0.0,0.2823916494512859,-0.18936292751456135,0.43919937945086857,-0.4939408093065023,0.3084841965214764,-0.735407494970191,0.07655223143639613,-0.8544029695951526,0.23879856658474927,-1.0006730554014611,0.3194197691855798,-1.363794593252322,0.36210581540339964,-1.6033318029123214,0.39227339338154577,-1.8105967184787417,-2.0427258426217906e-18,-1.0,-0.11747089202465004,-1.4413263011571023,-0.17717720039326632,-1.7273591713917167,-0.23533511045620248,-1.9634223561034496,-0.21160678877131323,-0.8845029222887703,-0.20443724689227213,-1.062692554314837,-0.06146384756417343,-0.8136655266785414,0.02171436445052904,-0.6150843529971859,-0.3980651851591754,-0.7033668163345653,-0.38490303236214796,-0.8759026886650146,-0.23148090992039458,-0.7354718456054407,-0.11587714172324895,-0.5886640112744159
2,2_039.JPG,0.0,0.0,0.24013510034860477,-0.1620844813408316,0.3044823960628139,-0.4940367820834381,0.0832939164944898,-0.7244414234565346,-0.16040241459751114,-0.8629894647397142,0.23871538582541957,-0.9676616197244838,0.3593812711622446,-1.3570378450661988,0.4336740095397166,-1.606926564421405,0.48459836917075977,-1.8278145267332049,6.796182809821682e-17,-1.0,-0.01700784366421303,-1.4297448096385967,-0.009391638290513137,-1.7006906641159134,-0.025610953805926245,-1.9458303048845051,-0.20084440714785637,-0.9044557160840998,-0.2558983278547433,-1.1982392183560109,-0.1585954770295147,-0.9523684406875148,-0.11251928843482509,-0.759440078985339,-0.3833008653215573,-0.7078045668374244,-0.4188202242251945,-0.9312520258288018,-0.28990544877764823,-0.7726322509469955,-0.19338385502084834,-0.6042391756156373
2,2_041.JPG,0.0,0.0,0.19423978595996627,-0.20332144649078027,0.1988697358042082,-0.5697452759334484,-0.062230221416654276,-0.8191786424858623,-0.3114137803048079,-0.9323994761896282,0.17109265131643295,-1.0221428723917383,0.26732877589277126,-1.474502265300946,0.3230739950199709,-1.7500531350180724,0.36588407721893323,-1.9847116268220162,1.3294023958542066e-16,-1.0,-0.1270820030958306,-1.4995052420451958,-0.20708733224518902,-1.7910373592680278,-0.2845146877902948,-2.029474353560484,-0.14534240410444935,-0.8796521289809192,-0.26084180490471487,-1.0951065729551352,-0.20278526729417196,-0.9336226484692257,-0.1624201832299396,-0.8062147072074755,-0.25517899372141284,-0.7082994714988067,-0.33258134601546063,-0.870519943940765,-0.26917422167839444,-0.7734586516413341,-0.23491024415385708,-0.6675088260454738
2,2_042.JPG,0.0,0.0,0.21985838999062327,-0.22953977202052292,0.26960678203120547,-0.5791129148185837,0.09068491048665646,-0.829593378967429,-0.1339800771515311,-0.9869147605268788,0.2293464712564141,-1.0040022671402835,0.3014457689673123,-1.4029905564770015,0.3346642378406867,-1.6599596255742342,0.3474225634978586,-1.8772730342980954,1.6443773577410046e-16,-1.0,-0.04163083935388134,-1.462503854510251,-0.06188794158510416,-1.7468787024475287,-0.09854704014254694,-1.979135365976653,-0.20808716235378052,-0.8813894236562225,-0.27997594674132925,-1.124894137907208,-0.16920724821939123,-0.8856562982339519,-0.08430823778083689,-0.6975834431626587,-0.381288274403964,-0.6935210001393474,-0.4080612082011794,-0.8288372063216897,-0.27625665698883345,-0.6691423641955087,-0.1504808357707651,-0.5230909035558057
2,2_043.JPG,0.0,0.0,0.22993857606179008,-0.188937402630272,0.2906935483915282,-0.5508929630585574,0.04021597410662134,-0.795064866921085,-0.20370512606489388,-0.948415815226087,0.23938778847440378,-1.004175822245886,0.37030346179393553,-1.442630105652948,0.4534835839127907,-1.7231471035623434,0.5026709058472885,-1.960337797403813,0.0,-1.0,-0.007476567991283639,-1.4977148504915474,0.01111874317123991,-1.803944661786756,0.008785119784876807,-2.0658961420546698,-0.21171913397386297,-0.875838190250237,-0.2899934238952115,-1.1655660251381785,-0.2129667481880384,-0.9076645125625248,-0.1536744768907907,-0.7221745629527873,-0.39014385442899785,-0.6725856943003866,-0.4294693927045887,-0.8037376675835268,-0.3054454993663634,-0.619982671787411,-0.1955648323199015,-0.4757705957320023
2,2_044.JPG,0.0,0.0,0.2785662816707863,-0.2473677892191853,0.39513840284910823,-0.6089801634587583,0.21657047546712677,-0.8190840987375198,-0.03948900139138355,-0.8950941497767946,0.2510329644479568,-1.0074210821322263,0.360083648094922,-1.4135128909231476,0.4188691010639608,-1.663455085680278,0.4482460333689952,-1.879271965524136,2.04554108681136e-17,-1.0,-0.0318534692383035,-1.4749921899993472,-0.041355301019856114,-1.7580861228831286,-0.07691757017473959,-2.0024618268630583,-0.22118041914917907,-0.8784534470705007,-0.25929551590659206,-1.0774183703880065,-0.13654577806952273,-0.8021338990202249,-0.06268435953648065,-0.601438385974414,-0.41841817036819234,-0.6885114274436442,-0.428265526618873,-0.8405441151702325,-0.29180430916636974,-0.6714065510698505,-0.19145117059930453,-0.5115690410504117
2,2_045.JPG,0.0,0.0,0.3069132582100005,-0.13194300745398874,0.3803028679437725,-0.49406186700275234,0.006754982885938945,-0.7987964068688171,-0.3019081501714006,-0.9574911364251666,0.32121843140685,-0.9751996001968354,0.41246928072659944,-1.507027231043254,0.4479892959275652,-1.8229504195193147,0.47222296365559124,-2.0955505934029897,1.5071819818239975e-16,-1.0,-0.07280742871942561,-1.5376150865518659,-0.13299529497381068,-1.8562984529559734,-0.1972931165469688,-2.1556954960978496,-0.27307045955663933,-0.8947494808726192,-0.4243012280888226,-1.1469310066324998,-0.32618723545047135,-0.8055995989063087,-0.2206492403670747,-0.5908611714970201,-0.5080050798523777,-0.6914398890477333,-0.6531815775130251,-0.8851197955696299,-0.5002750047274579,-0.6648354808530702,-0.3350225021870881,-0.4794087990787416
2,2_047.JPG,0.0,0.0,0.27308056119457547,-0.2823287919314224,0.3844502576668178,-0.7138420476090903,0.1979536596105579,-1.0136942373510305,-0.08427794930224963,-1.123714807964019,0.2520040286688566,-1.0339214321024868,0.37727794697979466,-1.5133401804694815,0.44667381449175086,-1.7955606645801054,0.49367123104828425,-2.0316092405192947,0.0,-1.0,-0.0539713901440705,-1.5372119325044142,-0.06279142204184822,-1.8472383592773507,-0.09670204906887118,-2.114354689478601,-0.2222588445794299,-0.8671872740284202,-0.23735714778677722,-1.0559559429713807,-0.10513473264502712,-0.7545483894998956,-0.04101776437783426,-0.5639141706573938,-0.41931352578554315,-0.6862229370011138,-0.40195267630655174,-0.8787789055554099,-0.27342236525044766,-0.6705005916342256,-0.2151777284108899,-0.5005838381069349
2,2_048.JPG,0.0,0.0,0.26969034088412547,-0.2491014260081402,0.36583638535655344,-0.6639030020445165,0.20466314069198327,-0.937492422367851,-0.062163235354255296,-1.00238798343406,0.23501683675782228,-1.0142555614243494,0.3358641578351341,-1.4346254044511313,0.39860602473152557,-1.6863772083793114,0.44523818709514235,-1.9020024235423176,2.0163492805981664e-17,-1.0,-0.0675019523394547,-1.4785499354801568,-0.08211989626912791,-1.7772679677080272,-0.11817782278251239,-2.0301634642656587,-0.2076657792464055,-0.8774405261141663,-0.2875447775274889,-1.1163372217301382,-0.15862584518172626,-0.8516239438888379,-0.07803781082877732,-0.645323748706062,-0.38727236885847016,-0.6957536176786729,-0.43710105817253486,-0.8731583166997036,-0.3132912517774612,-0.713070463916067,-0.22287938173791738,-0.5608250856221091
2,2_049.JPG,0.0,0.0,0.22637098712078565,-0.16366954038629355,0.341153982232998,-0.4702953138590816,0.1627494426301236,-0.6769643775080143,-0.06970888325091865,-0.7945948955748279,0.22897377622355086,-0.9976576747091455,0.329113967822483,-1.383772813736778,0.3911423054540754,-1.6362971285755377,0.4197412833366086,-1.8480737176024447,1.33519799840395e-16,-1.0,-0.04344736738744067,-1.4777064048802275,-0.03943322515894986,-1.7877143969462934,-0.061251640206781706,-2.040064462603347,-0.20548948429289393,-0.8778344208580351,-0.14756077147004504,-1.0194830698637296,-0.04172635525643625,-0.7881910745176113,-0.006397517689041721,-0.6265791940215105,-0.3787522173334948,-0.6868453454220708,-0.28834606710707544,-0.7985540118888337,-0.15925209352171563,-0.6261086491611776,-0.09237906321438798,-0.4790344174577599
2,2_051.JPG,0.0,0.0,0.2496161561535028,-0.21346566988981608,0.32799412496264474,-0.5967053459446766,0.11084083936815935,-0.8515804686057814,-0.16052330175548116,-0.9191610000613551,0.22735332823708854,-0.9713500617506807,0.33191421945405924,-1.3391401746929121,0.3878820801329935,-1.5521806208979354,0.4259967412905752,-1.7456678290855745,1.8782095052434123e-17,-1.0,-0.06375850541245968,-1.4184815521844871,-0.1065764605300053,-1.6548284512091844,-0.1723013093190993,-1.8645902849771696,-0.19428632336637525,-0.9245271726332699,-0.215581371195508,-1.1670494580131363,-0.12421254323696486,-0.9613674363105985,-0.09045747954111039,-0.7953724580913702,-0.3613475789852698,-0.7836136139822079,-0.3840843728076088,-0.9583705911959247,-0.26943944596795394,-0.834422017952519,-0.19265341670681335,-0.6974276815300704
2,2_052.JPG,0.0,0.0,0.254022540863222,-0.14112233507070224,0.364089226910197,-0.4438410570479592,0.16066002017433828,-0.685002126043473,-0.09292654395483796,-0.8059089748516541,0.23543761966219756,-0.9627090610045771,0.2916788371092769,-1.3809892143152247,0.3124132371731124,-1.6428026170320935,0.3187503192935369,-1.8730416551591482,3.8668443198092115e-17,-1.0,-0.028126499192303027,-1.4396617782446257,-0.045994640922119016,-1.7273116945837665,-0.0765271384717058,-1.9767696591442832,-0.19829867182775607,-0.9163530108243636,-0.2526887914718729,-1.2161547047959917,-0.18297581423979464,-0.9973383836926322,-0.14507218540123756,-0.8045809161934311,-0.38227332152555293,-0.7438142773955465,-0.4358990436953248,-0.9845928575738743,-0.3406023288290414,-0.8803952180129053,-0.26143397945955765,-0.7432016281443697
2,2_053.JPG,0.0,0.0,0.28908006715634604,-0.17228915610459866,0.43462318879605377,-0.4923325144265832,0.2625861488737693,-0.7444239297069233,0.015299644168303176,-0.8529050073868835,0.2531519622608243,-0.9768759840346323,0.37428610589347794,-1.3851479323162637,0.4365799942862365,-1.629773742458962,0.4860085923122427,-1.8315226763208168,0.0,-1.0000000000000002,-0.07429978754871248,-1.444879335573304,-0.1030369958313474,-1.725185529730356,-0.1310724645717456,-1.940337638058855,-0.20729289437109408,-0.9114541615094389,-0.32940169231440247,-1.1997267343887508,-0.20814646907767445,-1.053454757435609,-0.1032990092580607,-0.8821821956381942,-0.39402608750324947,-0.7616001604844777,-0.4930623385810104,-1.004842107415984,-0.3768310646359941,-0.9550790425733248,-0.2472216254746584,-0.8464411133785623
2,2_054.JPG,0.0,0.0,0.2648132203313739,-0.15967887145017412,0.3678281635658349,-0.4846048535922794,0.10152896829739581,-0.7062704080687608,-0.1685845229999674,-0.8229493996916993,0.25755325399081097,-0.9681432545477339,0.36813197900931477,-1.3661485153393353,0.4239462382787269,-1.622401947590016,0.4537903927077774,-1.83980445954621,7.533238431886564e-17,-1.0,-0.009105145654947352,-1.4609006473762807,-0.019261357924271874,-1.7671191406493405,-0.05315202046657973,-2.0246994945699024,-0.21780182364276632,-0.9067898032148368,-0.2980770733930036,-1.127927451423535,-0.21466787115687536,-0.8620626481772895,-0.1634123390173549,-0.6558905494105435,-0.4164154499986012,-0.7301779831574791,-0.49597230454258356,-0.9351802894297967,-0.3831018725991006,-0.7723211560463935,-0.27746286436137046,-0.6073563096769843
2,2_057.JPG,0.0,0.0,0.2541958685286206,-0.10225707757264643,0.32153929671388964,-0.43086376474603394,0.006135397172953848,-0.6775278586599706,-0.254013378192342,-0.8665829830438435,0.2848698515113033,-0.9786615590413075,0.45935247545848296,-1.4243956328629577,0.5785175684835377,-1.7082399687648189,0.6677225572634745,-1.9472276725733522,1.172762891481685e-16,-0.9999999999999999,-0.06238394421366749,-1.5326526645119236,-0.09761259506152951,-1.864250459198342,-0.13413425430147377,-2.1338436028825125,-0.23317580061118184,-0.8848490550091108,-0.3100712092365009,-1.0166041506719061,-0.2295130512202743,-0.6961244438069046,-0.16704790120958604,-0.4847697886775043,-0.4211675246889437,-0.683395062877399,-0.465928624014954,-0.7621361708090931,-0.3357998447922038,-0.5194824799484408,-0.21839821375164878,-0.32861649137801974
2,2_060.JPG,0.0,0.0,0.21463097970638007,-0.20604792640525119,0.21726008709073028,-0.556554957790492,-0.0974642874797667,-0.791437542897737,-0.34719328663447757,-0.9484665927693722,0.24299256178938716,-0.9754014958331341,0.366415078531275,-1.3221965392247217,0.4244482794353869,-1.5514167995455643,0.4653940276493484,-1.74631578466933,2.1737344826255885e-17,-0.9999999999999999,-0.027952052403770893,-1.3992109217406368,-0.03229368731822194,-1.6405094597170158,-0.04083158304159487,-1.8348835500586445,-0.21678794064827053,-0.9050211523952684,-0.39185590570745876,-1.1300851409075543,-0.38991442130230125,-0.912444994427241,-0.3723780377713223,-0.7385446302919494,-0.407465854364451,-0.7461795191790239,-0.56445974032023,-0.9145738005854498,-0.5405057985878553,-0.7959415748347827,-0.48293312644745046,-0.6767061757768081
2,2_061.JPG,0.0,0.0,0.2543505186744001,-0.214724478382233,0.323399128306425,-0.5414490275692637,0.12662687018559393,-0.7766960835648885,-0.11494932815607461,-0.8830469867008435,0.22789784189786771,-0.9781051145725834,0.28207476198100656,-1.3876104238145088,0.29443042446749507,-1.6411015156725068,0.29358612442454646,-1.8574520160082797,-2.6210805868427014e-17,-1.0,-0.04170197143331998,-1.424900481234862,-0.07717760788585147,-1.707421648183538,-0.1229760458855204,-1.9395647285099513,-0.20402945418631027,-0.9153600868417631,-0.2672726499045274,-1.2054087468790882,-0.2013898959618182,-0.9770169427028933,-0.15658265471922045,-0.772688499730218,-0.40154844183144206,-0.7604122439353939,-0.5055155043039484,-1.0178523355581521,-0.419038249492474,-0.9221505228714247,-0.321651078865015,-0.7843896889539107
2,2_062.JPG,0.0,0.0,0.18427677765419712,-0.25865491747176333,0.2164146489606642,-0.6593273634707169,0.03309467134320617,-0.9436561713746991,-0.20153059371952636,-1.116208524632571,0.22690477517860586,-1.0111296465411002,0.28042801970417824,-1.46143049979325,0.30323971390474624,-1.7436386651710825,0.32084624083551033,-1.9788267334791447,5.773861960450528e-17,-1.0,-0.08094234897794521,-1.5040950000265403,-0.12756455805589634,-1.8017945163025364,-0.1738334667012994,-2.0232236326541653,-0.20574480791288743,-0.8753077022041622,-0.2831186278318779,-1.1379686663334565,-0.21602678664101513,-0.9274230145925288,-0.17500858397278485,-0.755478868779314,-0.3809370541238009,-0.6840477188598368,-0.41937675047899065,-0.854452788484256,-0.3458732559603116,-0.6525424712564797,-0.2901026920056052,-0.4648077601891366
2,2_064.JPG,0.0,0.0,-0.0038366249882083236,-0.41697929885458834,-0.01024121703436251,-0.9033326871122893,0.00395527281697716,-1.2818933274982265,0.018055625537355728,-1.595805557648351,-0.03147365568531373,-1.0032694247845675,-0.031519414077886374,-1.5326828130096184,-0.028518495736912505,-1.9502734376776951,-0.0324397668649099,-2.2947959626375267,1.2261560537530394e-16,-1.0000000000000002,-0.004890774248185057,-1.5357235277871282,-0.014421274044058378,-1.9872408399681056,-0.01959245913294007,-2.397200155036962,0.05531706284958921,-0.9983580450425558,0.038915975570541994,-1.5210421668664318,0.0178472879500169,-1.9260984731170219,-0.0030850503119634817,-2.2980834315153227,0.1291702659893941,-0.970550420070085,0.10404354940471282,-1.408442798872019,0.08051845102841687,-1.7404413155476859,0.07217624093538261,-2.0411245045947637
2,2_065.JPG,0.0,0.0,0.29775278980084824,-0.19224447792183053,0.3832727087962617,-0.5814770000936956,0.16749033974056884,-0.845737972605144,-0.0676658121609326,-0.978396674636765,0.23617758746502546,-0.9687970779713128,0.33504569019452973,-1.3982568751189406,0.3921468919979646,-1.6639557242063934,0.4267375837533106,-1.896001417938865,-1.4572543891174683e-17,-1.0,0.016306145007830914,-1.468147822256043,0.023757805431742014,-1.7848564363212396,0.007457264981654733,-2.0519080206809694,-0.20966614984027987,-0.9250221615003991,-0.26887948794572647,-1.264657455304635,-0.19435303107687726,-1.0031600552033664,-0.15242044917409622,-0.7756019832611178,-0.40237001083360135,-0.7570674554884776,-0.4216530144994117,-0.975402479947969,-0.3004560236458983,-0.7896206069403024,-0.2113864577518289,-0.5941133897073164
2,2_066.JPG,0.0,0.0,0.3161331010123502,-0.1434646093730321,0.5354357292787046,-0.40269453966415814,0.4009963056353809,-0.6426965909020035,0.1453583129876778,-0.7600102923477358,0.22697896756639951,-0.9941551696101477,0.30805724091702047,-1.404826964667821,0.3521974460563368,-1.6421973373425212,0.3834907279806558,-1.8494726808649435,1.564072784806733e-16,-1.0,-0.0841270380874098,-1.48975577562557,-0.08688163874858444,-1.7649574700466744,-0.11299000094696295,-1.9937667930111833,-0.1853621053358875,-0.8929977571392614,-0.23285410742184354,-1.2387852857099568,-0.04672126509105404,-1.0397196730847382,0.06259421989679163,-0.8465305863636837,-0.3537805043627863,-0.7192688500726483,-0.3202860281131806,-0.9976982631475115,-0.16011858640304025,-0.8753711651194602,-0.05717189919141728,-0.7169569458458699
2,2_067.JPG,0.0,0.0,0.25932188906922704,-0.12673653677460725,0.389695535905307,-0.4523747853370311,0.35930090508146884,-0.7008986581946776,0.2264289240075818,-0.9119274835077397,0.25205967230782544,-1.0017486215333593,0.3757555379950559,-1.42085547671267,0.44054936098153175,-1.6989922237140884,0.491447553167418,-1.937585056537455,1.347531458966725e-16,-1.0,-0.002778007890289686,-1.476201885426785,0.0482690137336663,-1.7988395054768556,0.09526030210001679,-2.0807149584025257,-0.2386021898823986,-0.8799821330996183,-0.22680166937938426,-1.1736253778914303,-0.062233398693284696,-0.8636289338991634,0.04465966382828003,-0.6083353354388635,-0.4560460958354013,-0.6672690428886753,-0.40111872389368536,-0.8552973008377613,-0.2204052772269177,-0.6557753771424163,-0.09607346754023403,-0.4678888635718173
2,2_068.JPG,0.0,0.0,0.19950941690069507,-0.2166858545776604,0.22520638630348028,-0.6290822184461579,-0.08574864144007369,-0.8868081103903919,-0.3456330215385218,-1.0205470477578231,0.23955016770069293,-1.0155160990673697,0.28279424549755333,-1.4533467131123348,0.3061270384639392,-1.7349580243203762,0.31978567687434095,-1.9586254923506918,-2.5096585879113288e-17,-1.0,-0.1289954405533205,-1.45414555798404,-0.1907266605636154,-1.7216258828428357,-0.24118229657360066,-1.9633590142356734,-0.2110931472081952,-0.8878567028263422,-0.32018625911870163,-1.0499734958886675,-0.24672812633545052,-0.8049587324599589,-0.17783734322374548,-0.7047415599408099,-0.3775765589652889,-0.7250838941774866,-0.45611576161747835,-0.9023792472253027,-0.36940529450419834,-0.7448944796854828,-0.30420267077235996,-0.6343245455016799
2,2_073.JPG,0.0,0.0,0.3262851504216111,-0.11550836080754749,0.48656924715119093,-0.4242027650000141,0.23756978456882266,-0.6335622241680536,-0.06440920328772805,-0.7220612157020658,0.2668612808585461,-0.9560179424618998,0.3804676943796123,-1.3925048207943684,0.44051410363200977,-1.6632603209838963,0.47096338921910524,-1.9064178796150695,-1.2378931035793477e-17,-1.0,-0.10042505389891797,-1.5002416038537585,-0.11793891716948177,-1.8097221077154886,-0.1636675977126968,-2.0828592677071667,-0.21133893465776601,-0.9165883243484978,-0.25952397132217825,-1.2870603229282098,-0.09465824863580094,-1.0361057780819167,-0.029269034701625892,-0.8225312901362536,-0.3944531505845374,-0.7376607891182075,-0.37835915280545507,-1.0020577238676176,-0.2182295781767465,-0.8636184429104902,-0.14031968037305853,-0.6892671331879543
2,2_075.JPG,0.0,0.0,0.35337429942370524,-0.22874755266803623,0.45288275465669253,-0.7211343796120125,0.15758633463526048,-1.078251400729124,-0.18355550470267853,-1.1717250679733984,0.2822650197764943,-1.0190078046195323,0.4011878836467619,-1.5002257091266515,0.47708963974237956,-1.775208373370523,0.5328512663578944,-2.012157563449512,1.1942454479996674e-16,-1.0000000000000002,-0.0935631982074372,-1.576046498953544,-0.11170710280336316,-1.9135800097855167,-0.15914121013412652,-2.200644539277582,-0.24168958953787514,-0.8792757299837459,-0.24828276767903662,-1.1744462679263112,-0.09253736036925664,-0.912769406212868,-0.014707408971216702,-0.7250215362438509,-0.42012527001841665,-0.6933173696150159,-0.324639264749337,-0.857405712338207,-0.10287909527412438,-0.6290479223995535,0.0258656219380322,-0.4258237253869368
2,2_076.JPG,0.0,0.0,0.3063600693988648,-0.2230230221667834,0.4751861076860107,-0.5526138539124871,0.4004580981629741,-0.8408751439511684,0.1520786171920143,-0.9460663572934431,0.2167854119441944,-1.0045849931896482,0.2703170600533551,-1.402094348776511,0.28283614939983187,-1.648974223959011,0.29343379059791863,-1.8697848582530194,-4.909611440096213e-17,-1.0,-0.14026538376310402,-1.4524566218451764,-0.1830115041584925,-1.7266589358876956,-0.23796669995944825,-1.947252936031067,-0.18139143302014651,-0.9031697046324685,-0.20732928236289216,-1.2618427687136284,-0.042298375137859744,-1.1014524638651544,0.03674255801828326,-0.9151488564848326,-0.34338825735394635,-0.757266834275689,-0.3290128504568553,-1.0586321189445387,-0.17732949146684657,-0.9908496305287237,-0.08233091321266149,-0.8617346482359586
2,2_078.JPG,0.0,0.0,0.29461743095918946,-0.08235801414129287,0.3896336989103254,-0.36501875844234977,0.17130318626392535,-0.6457005995219158,-0.1349567368851635,-0.8134545759509845,0.29780707205872287,-0.9722919215636336,0.409905714129107,-1.5109392399668025,0.4496509528609752,-1.850800304211377,0.4706222550576113,-2.147011159677883,1.0454765675984382e-17,-0.9999999999999998,-0.058480885706448334,-1.546391487483916,-0.1178580896329382,-1.9046122826838408,-0.17596662366779872,-2.221336550518256,-0.2525751836783379,-0.9045034891152015,-0.32437402608484694,-1.2374891176214389,-0.21724629351968075,-0.9448287054008104,-0.15196339542217174,-0.70202273842133,-0.46181595824154714,-0.7194773766910065,-0.5275102624058629,-0.9642415470325044,-0.4036762640121391,-0.7813538788202519,-0.31548502713838633,-0.5891381757743988
2,2_080.JPG,0.0,0.0,0.2938299845315699,-0.21935617950218714,0.3840780874515974,-0.6410645586802859,0.14500112961841916,-0.9253520532436493,-0.15881913894175664,-0.9753974318602759,0.2512650647017149,-1.017715033242014,0.2914103023991311,-1.4237346074347388,0.2944557786521004,-1.6652177485939221,0.2918972598196335,-1.8693699164137336,0.0,-1.0,-0.12388680779478134,-1.4393459256171972,-0.20970875889189486,-1.6912109615381334,-0.30646161338891453,-1.8992757983434592,-0.2059376726585037,-0.8810056551930031,-0.3266128736966392,-1.1431145235130002,-0.23740467830173834,-0.8668006392694863,-0.17793150638314342,-0.65609613593627,-0.38932007588317596,-0.7016279562953979,-0.4704477546222695,-0.8888735715837834,-0.36524130702728297,-0.7158749381108113,-0.27147897342584326,-0.5498874522940734
2,2_081.JPG,0.0,0.0,0.22154633641683733,-0.12441994717361303,0.2764390747919198,-0.532385636666832,0.0874821742109566,-0.842588810485666,-0.19102314422267605,-0.9929903916412463,0.26860409126964785,-0.9743025463444666,0.37511187755832504,-1.454719851082471,0.4313177114982476,-1.7456456615025104,0.4589366287429585,-1.9991767227350328,3.582365479632178e-17,-1.0000000000000002,-0.08042291168811067,-1.4880083428760256,-0.13762235014052238,-1.7814134373687864,-0.20763030251005124,-2.0479335307083146,-0.22621437040586648,-0.8996742654161483,-0.29772122334939727,-1.1433606571833215,-0.1950363090717535,-0.8513465422063138,-0.1412887751017554,-0.6579320057093769,-0.4246643637760756,-0.7130423548703312,-0.47895308022543887,-0.9251196105606266,-0.35226730883710067,-0.7233327505262467,-0.2527547871960376,-0.5508232169147779
2,2_082.JPG,0.0,0.0,0.25403505388542125,-0.13166621967403053,0.36800416737082453,-0.4979580732141542,0.11635245983530908,-0.776268256402497,-0.14018289929253722,-0.9933291204898995,0.278793544579595,-1.00333521725294,0.3780854848284212,-1.4463734852605132,0.4237117890108901,-1.7471304156038565,0.45589807914360037,-2.0023327269271993,6.267843446005551e-17,-0.9999999999999999,-0.14538521125750464,-1.5192782391115167,-0.241379109850888,-1.8321871007074855,-0.33038672425021476,-2.086695337093979,-0.21669854349528744,-0.8833310059066972,-0.2744109524676628,-1.1890342338507263,-0.17006318564780679,-0.973859205311193,-0.11660525786128108,-0.8211958539600692,-0.3823063989584405,-0.6872958752054559,-0.33970287610730704,-0.8225091399129881,-0.19726364429070292,-0.5900212756914385,-0.10847928535660642,-0.4161599979910499
2,2_084.JPG,0.0,0.0,0.2850984392921054,-0.2141931655994909,0.39959264121005394,-0.6302562053076295,0.19016776231795016,-0.9417565697734808,-0.09672089440068236,-1.0405703682198941,0.24140808294607002,-1.0108551301985997,0.31409261322268567,-1.4004916230399291,0.3511824279321762,-1.6524144483012815,0.37616873301368725,-1.860303675011669,6.635629382788018e-17,-1.0,-0.09163232639567143,-1.4323220463649304,-0.12806584735772908,-1.7173066181503978,-0.18394297065331255,-1.9437826375015885,-0.20963157690357956,-0.8923617999770623,-0.25029314357941085,-1.1334930088656419,-0.11108924640744346,-0.9057779212401855,-0.03721023411690733,-0.7079248489531118,-0.403425840393151,-0.7373279163722951,-0.4397141254086426,-0.9745891010453686,-0.3112733613037693,-0.8610410004571177,-0.21443859042570798,-0.7199690216654411
2,2_086.JPG,0.0,0.0,0.3299710551679858,-0.060051752433133467,0.43625065441572247,-0.4099005113188165,0.09510160179040104,-0.7212214512730115,-0.19808138369245773,-0.9442982306269762,0.35286074843633974,-0.9887142128654188,0.5595142480144788,-1.5176056531389523,0.7018240327583529,-1.8574921852522457,0.7965993719949734,-2.1337955466879652,1.3326127572801075e-16,-1.0,-0.08797674669999572,-1.6464004190076234,-0.125786600869491,-2.0262951100500164,-0.16781771149576194,-2.3541910435883455,-0.28316455444455085,-0.8489530779196519,-0.3434867541262086,-0.9477911884812107,-0.18457075388690902,-0.5409712534689811,-0.053808827197377104,-0.29865278033431514,-0.4888736694053738,-0.6090769652776246,-0.5092351213269198,-0.657467054346205,-0.35829472863527995,-0.36344419269912526,-0.24951880495677803,-0.18152561658228486
2,2_087.JPG,0.0,0.0,0.23360820632348833,-0.2615005134128598,0.289846719895425,-0.6309456129129375,0.10773028339465156,-0.8934271157655601,-0.12159414838418482,-1.0303253652180928,0.2115524398088971,-1.010709188295202,0.28008367479910184,-1.3537246658225859,0.3098741579559009,-1.5676777490035692,0.33087609817967756,-1.7502638358660019,2.662179437459793e-17,-1.0,-0.06665237534606924,-1.380627221819177,-0.08364154492512384,-1.6230058868105959,-0.11465124975921688,-1.8260311391638815,-0.1909954280519228,-0.8872731904702965,-0.28292102833431826,-1.138501199203197,-0.17843778577985273,-0.9594065890979634,-0.11373555349618779,-0.7958756103053667,-0.36905392626069233,-0.7311586039587115,-0.4338840040563237,-0.9404390643100993,-0.34419449081026,-0.8522818059075649,-0.26052464291387833,-0.7364269405967396
2,2_088.JPG,0.0,0.0,0.23057834640287975,-0.14687318605247143,0.31157592280344465,-0.5408361537152672,0.11178897903656276,-0.8306372913720753,-0.17208520085493734,-0.9761194084531583,0.2437081556750499,-0.9627034249825261,0.3257477606937755,-1.3699612849317016,0.3786097384085779,-1.6272968223603443,0.40709815671488375,-1.8412261816263507,1.0456795961546811e-16,-1.0,-0.07649133486341211,-1.464644263487227,-0.1062189110464972,-1.757903602565697,-0.1582019465804199,-1.9905146978375916,-0.2042635836706569,-0.9249868540835338,-0.24840403089058652,-1.2594707629360022,-0.145653121916167,-1.1112041023977635,-0.11564582812830587,-0.9638007395845878,-0.3913756409122212,-0.77138700112349,-0.3930295962686449,-0.9559775541983893,-0.26374629649495396,-0.7952117793025413,-0.18710230888323964,-0.6219875620103757
2,2_089.JPG,0.0,0.0,0.2480004044415807,-0.2642397264783853,0.3088177718698745,-0.7180676497620163,0.09355095727260639,-1.0578321639630182,-0.15057765009426477,-1.2446098015206397,0.22572317960144167,-1.0053597289675458,0.3283310311089612,-1.4918266609177868,0.3892385303218982,-1.7644255191858962,0.44105863028434406,-1.9917942887289293,-2.0441161201980012e-17,-1.0,-0.05078973667764961,-1.546917812247395,-0.05147627679514546,-1.8424560764736797,-0.07797739598682192,-2.078271134762234,-0.20344568962814694,-0.9004126621896105,-0.18770053240711043,-1.2029655255969265,-0.07576128088349879,-0.9280022396639589,-0.04356203303263159,-0.725469103568122,-0.37943725939083733,-0.7488319295944657,-0.3288965952412773,-1.0172237109392601,-0.2139041321972914,-0.8240601168153385,-0.17300478609431064,-0.6383549282692259
2,2_090.JPG,0.0,0.0,0.2016482110846807,-0.26195360579865834,0.19467964313852543,-0.6558826321112043,-0.09034130059618793,-0.8795158000597687,-0.34793543351709216,-0.9933562663693959,0.24270751749617514,-1.0137888237456505,0.3728492038013332,-1.3760444300137156,0.44694506035702475,-1.6192480947329402,0.5060262170884647,-1.8097303337131003,7.292047241672004e-17,-1.0,-0.06288807887357215,-1.44030608980357,-0.08697999786852416,-1.7210920772256593,-0.11733574281681222,-1.9327119261524632,-0.21366001947952545,-0.875699022045028,-0.3272248745831198,-1.1257756988166214,-0.2636237603334063,-0.9468401661098905,-0.22075382375153899,-0.8174938283153117,-0.37478888462761123,-0.682046399040098,-0.45863668798525115,-0.8482519481627332,-0.36199861663844213,-0.704954478313513,-0.2816164975505295,-0.5588398287268472
2,2_091.JPG,0.0,0.0,0.21990794556441035,-0.23064806234193133,0.2558620955564364,-0.6254026517080301,0.0017469649310092393,-0.910261531973357,-0.21920228920543858,-1.1124822917021877,0.24218314429176596,-1.0031713957710169,0.3459875133915736,-1.3703287552286227,0.41829703284693975,-1.6098070884326379,0.466555147081366,-1.8044523405523005,-4.046371663289304e-17,-1.0,-0.07155943816312207,-1.4463778869789599,-0.09538159844018111,-1.7155544179694482,-0.13509420720667364,-1.9401237932123738,-0.20731466230315754,-0.8717583922328745,-0.3060803701597364,-1.0543863790289205,-0.20707879194414178,-0.7805566875286869,-0.13161326686534786,-0.6217300019253396,-0.3897050214030597,-0.6817332868411672,-0.45755953858121023,-0.8479326314908445,-0.3588876821700602,-0.6553987160982148,-0.2604618471454686,-0.5218646146309697
2,2_093.JPG,0.0,0.0,0.25575176322048054,-0.19912990799190022,0.3468682638551972,-0.6075692422806208,0.1391666816001429,-0.9100110293075404,-0.09606885182699595,-1.1087271140508463,0.2561309658438134,-0.9866253329177211,0.3629604046414579,-1.421601308707676,0.4190981710198281,-1.707471742347162,0.4558664999601508,-1.934510845753109,7.590773412480996e-17,-1.0,-0.053109953566996514,-1.514112696757257,-0.06141768128575455,-1.8228034454214033,-0.09471852408626365,-2.0540111775200245,-0.22333411254146973,-0.8912405664734963,-0.24505313915473972,-1.212709356951413,-0.13611275545716833,-0.9343078652092766,-0.08677731071792513,-0.7164881850628199,-0.4271847842804102,-0.7005130328869751,-0.42378957036262654,-0.9329818892687038,-0.28539436303904975,-0.7484520409567585,-0.18888195703941035,-0.5697205155793557
2,2_095.JPG,0.0,0.0,0.24105905492349208,-0.224678448877256,0.32518537286645305,-0.5731537731453018,0.2183329294265897,-0.8394618423930702,0.0027258554614438095,-0.9790542169204265,0.22644619855349887,-0.9846691547780343,0.32689329481761914,-1.373317624735017,0.3644018875635067,-1.6046574354118168,0.3793828018288085,-1.8027854676476407,9.720059546243486e-17,-1.0,-0.06787521160984016,-1.4387607944377083,-0.09743236600128394,-1.7067272280047983,-0.14259580124202761,-1.9300066588113094,-0.19904866258721604,-0.9033467268474308,-0.2953669215890681,-1.1651394535705675,-0.16779405103398248,-0.9516753359783239,-0.07361930788579232,-0.7672583183508228,-0.3742567383239914,-0.7436879878279498,-0.4397452268109152,-0.924805592872618,-0.3282893293950634,-0.8231680708181831,-0.21801696870363563,-0.7107644157083337
2,2_097.JPG,0.0,0.0,0.17599068916022098,-0.2862140287904949,0.1810596849829143,-0.7016630055441998,-0.09568355380892708,-0.9699963528613683,-0.3375160174886288,-1.0933034700717161,0.20304876685592593,-1.035316800763436,0.26762825461038287,-1.4717567742871036,0.3017484468152997,-1.739453696232041,0.3324372628808985,-1.9624407474905525,1.2782189907562677e-16,-0.9999999999999999,-0.11736240980583962,-1.452525079386464,-0.19219181100103921,-1.7237979079946326,-0.26622172805093414,-1.9528527635171649,-0.18122471403109508,-0.8728529319391584,-0.33464734915515193,-1.0442081044145648,-0.24420134780121125,-0.8024026183771665,-0.14983605496375912,-0.6682299451039623,-0.32658037459663836,-0.6833033857561623,-0.4625332937486241,-0.8499543040441914,-0.36228382852390933,-0.6973098576326899,-0.26896314916449404,-0.5662522655035368
2,2_100.JPG,0.0,0.0,0.2933120843597354,-0.12571843559459814,0.44756940347054436,-0.43530828014216905,0.3471075928742863,-0.6785037320613011,0.09779925509397971,-0.777305865408131,0.23507585895088035,-1.0070151926267445,0.3325521013290405,-1.4422382378042395,0.38629018212224875,-1.7211616131175034,0.42010184789454896,-1.9559559424663966,3.6549489570006135e-17,-1.0,-0.03370057627159583,-1.524474372863798,-0.004685109798149886,-1.8414767467323938,0.004951654006602073,-2.1071373548529935,-0.21991311739558841,-0.875705661699834,-0.17796834250911414,-1.1724192956073989,-0.0057112102002018226,-0.9059826377090472,0.0903045612132017,-0.6777128912277609,-0.4209208045705323,-0.6760266497100462,-0.31825104289203004,-0.84031198662365,-0.12155825793526402,-0.6564650245280206,-0.0002943569996359011,-0.48091788332997554
2,2_101.JPG,0.0,0.0,0.223011605973136,-0.18919461736857615,0.3069816846942193,-0.5190629317685969,0.1501836213612777,-0.7833064706864175,-0.08852834985082289,-0.9341576720335915,0.2389233875523695,-0.9819525108578369,0.37159608660579896,-1.3620063229093002,0.4481708682329805,-1.6099866152018527,0.4964963999485479,-1.8215405556602302,3.58650926626529e-18,-0.9999999999999999,-0.09046962772448268,-1.4454148200472767,-0.11828266246190457,-1.7150226003459863,-0.167559137471401,-1.948310730365733,-0.20867459059327054,-0.8994748656241173,-0.2538602949306183,-1.1488960150838916,-0.11528936109733054,-0.907695632880305,-0.051249074310214734,-0.7210109649250537,-0.39046204089584063,-0.7252774459767642,-0.4071281756565463,-0.9492976063741742,-0.27714134048186206,-0.8130840780849787,-0.1865627946720442,-0.6618042183796853
2,2_103.JPG,0.0,0.0,0.25313957030210105,-0.17531934856218492,0.38864812368692164,-0.5293154611341073,0.23852368502970808,-0.7915207934675584,-0.011545062562432202,-0.9354085864754244,0.23256767169070128,-0.9958893963579003,0.29779987080492576,-1.3927200675431528,0.32500357625861487,-1.6410186267632905,0.3365117147545958,-1.8505141623333763,8.001309999955778e-17,-1.0000000000000002,-0.09834269176131429,-1.4793553249126223,-0.12249927952764506,-1.753867555015333,-0.1628516468358919,-1.992783830592144,-0.20266884649361572,-0.8924971108058537,-0.17185691275214424,-1.1092902430111256,-0.029465926725593457,-0.838116073688392,0.025949142300887403,-0.6554776074475702,-0.3723578534454285,-0.7191973463111851,-0.2935001895075755,-0.8741760896130503,-0.15018964659193262,-0.6722681766857472,-0.07963613872623312,-0.5051672973844901
2,2_106.JPG,0.0,0.0,-0.36187329867925555,-0.19695285317944275,-0.5960621908103477,-0.48808859048286624,-0.7304070332990581,-0.7089736028672814,-0.7899583886378126,-0.900753458232203,-0.0893544828378089,-0.9710397303528084,-0.5390484276949167,-1.1283497620768226,-0.8616559590319715,-1.078527386049807,-1.0743894926470585,-1.0265841633865178,7.229320498286883e-17,-1.0,-0.5624326610210533,-1.0849345196466997,-0.8634502958487417,-0.9949332171483741,-1.0265775567977085,-0.9103932001700157,0.060910780468673195,-0.9703633501388949,-0.49801053124055,-0.9985190103901052,-0.7276246153243309,-0.8867221934881268,-0.843212390788535,-0.7771902425543796,0.0983189814234508,-0.8894326591884444,-0.3454198511597002,-0.8693441245876661,-0.4989622600117952,-0.733556859589083,-0.5722242176096498,-0.5924934074074585
2,2_107.JPG,0.0,0.0,0.28767860203786944,-0.06660883645266959,0.43789107216136736,-0.3601659088040484,0.2789982967996909,-0.5964789081744616,-0.018819080364921973,-0.6777823861278127,0.2849611192511186,-0.9594408633636081,0.3840815158523616,-1.4599952606594306,0.4412276211590698,-1.7674013923976828,0.4780544914318983,-2.047378209458671,4.8001270544667714e-17,-1.0,-0.03175668496445129,-1.5394578634443723,-0.03143894943557642,-1.87741032522383,-0.05020326484198379,-2.170334494392442,-0.23676036546305804,-0.91212084558799,-0.34419287279586425,-1.2400450315417102,-0.25629475054387424,-0.9600680022856537,-0.19166241380687576,-0.7242573675078591,-0.46262533610055667,-0.7337344427534247,-0.5784530690185804,-1.0065431220266645,-0.4714864672871087,-0.8616205949969072,-0.3731125114562406,-0.6923682735846952
2,2_110.JPG,0.0,0.0,0.290789562590807,-0.21718108823623,0.4644237680551463,-0.5158856336674922,0.3690760017433833,-0.7843641737968535,0.14254292945199096,-0.8956315109759219,0.21750149308855546,-1.0050736969627037,0.29156852704982483,-1.389422895363024,0.3268712352083517,-1.6186476722299066,0.36688597306250914,-1.8197062281030307,1.8646463087389745e-16,-1.0000000000000002,-0.1166709136714108,-1.436099410992602,-0.1589949038853576,-1.6929750246811162,-0.19310339269239,-1.8989731628372728,-0.18146888382646997,-0.892890038399981,-0.2414798993299946,-1.1862295290409381,-0.09496022639405657,-1.023775710923626,0.007130708074972916,-0.8440614919769881,-0.3449488087887962,-0.7332629114703006,-0.3670220065074494,-0.9743318504842403,-0.23597911449260175,-0.9179458512026551,-0.1258713030500256,-0.8146571136029079
2,2_111.JPG,0.0,0.0,0.30365153621172053,-0.16985169046210782,0.4435274496502343,-0.5515813967602903,0.2792041974189188,-0.8792900950767305,0.11055623865843313,-1.1049992674936728,0.281607463605079,-1.0064586164281117,0.4022531766680656,-1.4999547653999794,0.48202906324713823,-1.826326892187783,0.5386677105255405,-2.105893588030272,1.3490569490947793e-16,-1.0,-0.08098891618913871,-1.5886437057375558,-0.10133037468721649,-1.9692285033232295,-0.1269966013447887,-2.279362092146845,-0.26188436060439424,-0.8643840750390955,-0.2554024476138031,-1.1930504657585326,-0.1040029162791252,-0.8641661572771975,-0.007719209306766372,-0.6146368333448348,-0.49825326593433905,-0.6402731472904843,-0.4629030208421648,-0.8733085820533462,-0.27705669143243467,-0.6462786325358726,-0.15582094079171252,-0.4517444019818231
2,2_112.JPG,0.0,0.0,0.3052837179455319,-0.18160708766993638,0.46686177942183316,-0.46165473688432507,0.29991163982168945,-0.6567716464064992,0.04362215861791576,-0.7178016668979018,0.23724325309043348,-0.995245961932499,0.35557101555635706,-1.4096671653646875,0.4364102937619588,-1.6692464645466727,0.4921255253799345,-1.8990755099744838,-4.028585190295398e-17,-0.9999999999999999,-0.008386732230539208,-1.4708037077418028,-0.0010850240842124983,-1.7791677513383366,-0.014536274554858578,-2.038497300010704,-0.21522637003672138,-0.8936378634302534,-0.2297005444922794,-1.1339671455900904,-0.13977448084365388,-0.8631392405409268,-0.08839239323805868,-0.6468873975223167,-0.42151321341762826,-0.7219607344823555,-0.4597344609638265,-0.9327220847949936,-0.3494604707930599,-0.7675710606467647,-0.27102587142832657,-0.6025713849396386
2,2_113.JPG,0.0,0.0,0.26951660861749094,-0.1949283674382029,0.38561742450344055,-0.5691803969346206,0.24209784484073943,-0.8581435244147321,-0.0006345773595463287,-1.0014060818607726,0.22731332569072232,-1.0046659727422262,0.28837398922850727,-1.4491044115441571,0.32314393576022743,-1.7177920849084178,0.3516503022833074,-1.9488206779504051,1.5041843576192463e-16,-1.0,-0.07287703395699467,-1.476825596750224,-0.08902026328355543,-1.781150621772356,-0.12635883103064927,-2.025406202184989,-0.20966939808126872,-0.8975892754683985,-0.21453132240388625,-1.1279155111857966,-0.0749955721113631,-0.8935209900677392,-0.00775823508194039,-0.6826280913804587,-0.4090039356431246,-0.7517258512523726,-0.44071914011640195,-1.018394597345697,-0.3189700817104164,-0.9085918081650491,-0.23360266242297348,-0.7561035485416019
2,2_115.JPG,0.0,0.0,0.2570176961557827,-0.21275005037907188,0.37747327836952377,-0.5413947043498248,0.3038062398208933,-0.8211257282035351,0.12243556323426727,-1.000434542290327,0.19993030041547996,-0.9946723758630073,0.22156672718542397,-1.3857696082896216,0.21399984387505608,-1.634181841972733,0.20224218701409732,-1.8456839226440036,3.304277025090775e-17,-1.0000000000000002,-0.08407445619510051,-1.4429885003378788,-0.11164906562384078,-1.7039330079573531,-0.1501361432722337,-1.9211088401892935,-0.17946360124362978,-0.9167589144732389,-0.1762269754902245,-1.2015683590306543,-0.04004127329008388,-1.0058118093068615,0.02147507639493252,-0.8182770227909049,-0.3505975941224951,-0.7855223755017154,-0.3428689433354914,-1.0495647128455663,-0.22415342274796216,-0.9555467455691211,-0.14719906818099074,-0.8201492732376164
2,2_117.JPG,0.0,0.0,0.25035542273940103,-0.18625374659259702,0.37875956680193285,-0.5943259577046879,0.2557989754285044,-0.9195459213877901,0.0011108266467014702,-1.0879862530602173,0.2300556807388354,-0.987909584745577,0.3097033313836583,-1.3823683311170525,0.35210773338193346,-1.6288196791599814,0.3738289209640652,-1.8272865260784712,3.539155356013539e-17,-1.0,-0.026320306390795547,-1.4958280458592599,0.008787420809470703,-1.7548778378375025,0.012671492071837443,-1.9880123478894045,-0.20365612387702844,-0.9017058477632773,-0.1965389236701324,-1.208502440693674,-0.050311952217117976,-0.9333136788727722,0.01039615875808648,-0.7351645908904504,-0.3865330248067205,-0.7332808508742991,-0.32270022658509695,-0.8932087304152815,-0.15825842062994638,-0.6989271742537929,-0.0665962075884688,-0.5363526099398132
2,2_118.JPG,0.0,0.0,0.24913615764093897,-0.25015344042481813,0.3403034184919473,-0.6654999664451152,0.16785531602225465,-0.9958871021435469,-0.08519559568372044,-1.1621446833650253,0.2395020950915705,-0.987754338873089,0.34254180519860994,-1.4318478746538872,0.391573923753374,-1.705032639376398,0.4260655425042217,-1.9430713535711546,3.8648679328814635e-17,-1.0,-0.07042488927385729,-1.5042161850516962,-0.0955548266440539,-1.8146718969001574,-0.13695262723676235,-2.0763448834472,-0.21998230776272082,-0.900546681051844,-0.256148252406993,-1.169558324094247,-0.12323583275071034,-0.9034923697518612,-0.05680959596615237,-0.697539888903625,-0.4283595373012577,-0.7382945720330834,-0.43829730487919066,-0.9580616139621031,-0.3013798945317529,-0.7885030740638238,-0.2095712607570459,-0.622479010067318
2,2_120.JPG,0.0,0.0,0.19392301598998327,-0.325261009521514,0.1496128674612149,-0.7199793175575986,-0.10562772406376712,-0.960859406846086,-0.32642995681015935,-1.1134437434833653,0.25425510303672527,-1.036691741562671,0.350048828354492,-1.3967511737753135,0.3976873448848918,-1.651610395774479,0.42675235047398796,-1.8504686020530374,-8.929681545882196e-18,-1.0,-0.07912237615678898,-1.415979794988224,-0.1318681031933347,-1.6624607676980183,-0.19589576652605553,-1.8466733994747597,-0.22900289353602826,-0.8551877595629205,-0.37086661114695896,-1.0759929126594356,-0.279450673185504,-0.8185307802134287,-0.20354134689503223,-0.6628317310510715,-0.4159716731929053,-0.6406537939802821,-0.5010384720574601,-0.8055841231859165,-0.4057954806677194,-0.6264149901741799,-0.3178405469332372,-0.48043783401345735
2,2_121.JPG,0.0,0.0,0.3112628453606183,-0.22961076674526343,0.5150461469936034,-0.5760039566374194,0.3777909334103571,-0.80876209401523,0.10122600219212739,-0.8166672330668223,0.26175374055316425,-1.0304138323719656,0.29990773230716483,-1.4730255980682248,0.3198541375523555,-1.7274762130209729,0.32392580593777515,-1.9487649104756497,-4.307975171826403e-17,-1.0,0.0024891634611191194,-1.4801940593876992,0.01918138393276439,-1.7797892297916005,-0.002578036445302784,-2.051760653423672,-0.21694511647119735,-0.8710526465845437,-0.13549991860394875,-0.9491023092122217,-0.010320912561884011,-0.713580349953168,0.05074969886607941,-0.5788325150620642,-0.3933031757585865,-0.6956435638774624,-0.2919583082660251,-0.7608402065622,-0.1697741155766111,-0.6095198874917664,-0.11447943246201929,-0.5132994419106667
2,2_122.JPG,0.0,0.0,0.37249140812339876,-0.1346170802260626,0.5530709791250379,-0.5309627285881293,0.21326818835585376,-0.8289666064870046,-0.1230693194288176,-0.9530356238322666,0.28983446639132915,-1.0097515621213233,0.3096717654965137,-1.5173558530554778,0.31038882152785074,-1.834472228417963,0.3155276294281957,-2.1081091127970804,1.3364647589083504e-16,-1.0,-0.08122980007579428,-1.5184681939923166,-0.11129432583110667,-1.822232395189864,-0.14316587272522216,-2.13797458115292,-0.23391937696523357,-0.8829526580142026,-0.2183765250632591,-0.9400059323873385,-0.09770090723218812,-0.635854131590263,-0.0009196001106106245,-0.5340006436164091,-0.40482528738209644,-0.6798884659996993,-0.34345767691563783,-0.656229728956552,-0.1872258815010791,-0.439530451392083,-0.09971012854569881,-0.347454239987175
3,3_000.JPG,0.0,0.0,0.26393052165299696,-0.1637668701626157,0.45637413804422555,-0.6836884705884261,0.5898272930972791,-1.0585411183757125,0.760089152087818,-1.3066778307394187,0.20186012721208987,-0.9993117579897044,0.3115278299905924,-1.4785723789288092,0.3808233457341233,-1.7832767237961962,0.42083722757145314,-2.038783872480029,3.896420410822321e-17,-1.0,-0.0091923930540058,-1.529977216864699,0.011331867338010504,-1.8564621701634698,0.009239164110315402,-2.1270289931415065,-0.1727632455092213,-0.8926350803185688,-0.1937752371181771,-1.1709518344614758,-0.09866380376325465,-0.9091605937520097,-0.026393987930906304,-0.7056776358478575,-0.2918334672330149,-0.7202275606652395,-0.25627618363660637,-0.8468502596447467,-0.15848594594894622,-0.6337939202318856,-0.07262416529841546,-0.4584849113171972
3,3_001.JPG,0.0,0.0,0.29987383605916834,-0.20949788689568197,0.4705744759416729,-0.6950677936120155,0.5452762466471076,-1.068058956185974,0.6320981928013857,-1.3576706037583772,0.1927527402323795,-1.0299133010508097,0.23651976320707382,-1.5200696763428285,0.27113103302563085,-1.8157572094517704,0.2964391315351668,-2.0656231227283346,1.8723437101744177e-16,-1.0,-0.03967574790510523,-1.5438936327089996,-0.03099990513566197,-1.8935676268279358,-0.037417808675302054,-2.1768038312187636,-0.17023674755335028,-0.8728323795366328,-0.15416775556803128,-1.1352560743576294,-0.06322290728190462,-0.8326933800190504,-0.005705928469223788,-0.6053995541555465,-0.3050902583769274,-0.6908743733395397,-0.2607795057573105,-0.8611875696810717,-0.17661082647970816,-0.6482576793527197,-0.12241991814774415,-0.47440107032023554
3,3_002.JPG,0.0,0.0,0.3113080326639258,-0.11282922160340408,0.5469555425799256,-0.571085222318924,0.7485830524794237,-0.9273445639791907,0.9571876505070355,-1.1752226139629618,0.22881460078694185,-1.0045998175656923,0.3175571174465262,-1.5025612584736412,0.35676676253374545,-1.8130379362950915,0.38298165644119,-2.083570016478773,1.39333884657042e-16,-1.0000000000000002,-0.0958627849461388,-1.533774060239594,-0.12902979639446743,-1.868069170126393,-0.17033122882852947,-2.151609125699214,-0.18662108404294317,-0.8692561248901952,-0.2909518653646203,-1.1553253709831248,-0.24025355656420855,-0.8652349663043299,-0.18789836211526315,-0.6616569654560847,-0.3191054828648834,-0.6550040769859341,-0.4006972024312652,-0.7266907291428512,-0.33056481762048484,-0.48396903848548595,-0.24731012366641492,-0.3079990288896844
3,3_003.JPG,0.0,0.0,0.39587321610715165,-0.16632151030687004,0.6309546312029919,-0.5407064892379504,0.8095466482349037,-0.9013449674208444,0.8868199360105615,-1.234657520013269,0.22068901306152783,-1.004239835928009,0.28475971090784613,-1.5217112750102402,0.3178411313688724,-1.8916976515112665,0.3312510106302528,-2.19989358559225,8.071442938018734e-17,-1.0,-0.187695513949749,-1.5668086290875614,-0.3234643002995042,-1.968976208982295,-0.40967764660235545,-2.281749007986558,-0.18945797810172665,-0.8972130566737896,-0.3686963529352521,-1.391575165070318,-0.4638314816176512,-1.7430339666784587,-0.5143322715550626,-2.011507364308215,-0.3219357626908333,-0.7254847249740094,-0.40852220330797695,-0.9698724937859642,-0.4298438482969059,-1.0595760500966542,-0.4251361727260338,-1.1298498011510323
3,3_004.JPG,0.0,0.0,0.34530624382376857,-0.13732686285865267,0.5712760854040008,-0.5758555999411566,0.7272841822375339,-0.9357588175625758,0.8923647925287357,-1.224623087875321,0.23780686286193553,-1.0340773819117306,0.32714965948606695,-1.5496823054605262,0.38920441995308835,-1.8893792642629839,0.434024865709409,-2.174616231251231,3.863805967567391e-17,-1.0,-0.14910168400389726,-1.491825361469127,-0.21876708082738713,-1.8252419521878407,-0.28164079465958053,-2.1093141745694224,-0.19787909913852592,-0.8453502525959457,-0.287123297176905,-1.0520528505190023,-0.18999844132425142,-0.7541936553651435,-0.09973520535433612,-0.5377262009059811,-0.32896959458774255,-0.6239553541203419,-0.37982679666407637,-0.6788757017769002,-0.28073050463985505,-0.4437717483556294,-0.17737237390882638,-0.2759379808527816
3,3_005.JPG,0.0,0.0,0.3126978487891726,-0.17539306297356227,0.5069490278524071,-0.560705954040095,0.6450662711535609,-0.8992658132036184,0.8585535995346112,-1.082214651222885,0.22063449230334437,-1.0317733075828452,0.20277982488917443,-1.5145674843479409,0.19173491655582714,-1.816651889171434,0.1744150786842116,-2.0760939814931993,1.1066406197684605e-16,-0.9999999999999999,-0.14862389349591665,-1.525366237941558,-0.21036822718194023,-1.868398638781753,-0.2828579908689247,-2.1664676631862996,-0.18643533311900404,-0.8546294278488915,-0.2549903426657026,-1.1396410098894718,-0.12543130972672903,-0.8400488392347113,-0.018174617301674245,-0.6119166124423733,-0.3305379494611351,-0.654236954469349,-0.3483078143156983,-0.8171947048549605,-0.21641586972069804,-0.6176673586819831,-0.0981829218310649,-0.4454406989822814
3,3_006.JPG,0.0,0.0,0.2665132920126278,-0.1758322852079992,0.46440618892151436,-0.5790294113066728,0.673807366868437,-0.8846930101519785,0.9361192475952357,-0.9516662655063649,0.22646427039375858,-1.0203669343434634,0.29774924571047723,-1.5232387286016116,0.34743849665002374,-1.8354136720939809,0.38400175594528996,-2.1067504185667594,1.0065469159087363e-16,-1.0,-0.16099824921442513,-1.5441078109788027,-0.21976013385403168,-1.8777503372573412,-0.2757803645787883,-2.1644134975976983,-0.1929349369548872,-0.8675395565850494,-0.2972017709004176,-1.1460503045823904,-0.20107997353573046,-0.8323884990215662,-0.11880670639607668,-0.595195047966797,-0.32715485769455216,-0.6705338787584502,-0.38239813240633097,-0.773323560701946,-0.2722261805312611,-0.5526078230660667,-0.16919930546874118,-0.38028745085712956
3,3_007.JPG,0.0,0.0,0.3104702767436716,-0.20065761348994415,0.5062218694429079,-0.6567490531585419,0.6307256328572125,-0.9983137441935459,0.8227894813194195,-1.1899088286116832,0.22903553901352525,-1.0352319314222687,0.3102909284389135,-1.5626402408033058,0.34477987149075096,-1.8865794999804204,0.3718682775197083,-2.1638339282198964,1.0244221365381852e-16,-0.9999999999999999,-0.06798844514100881,-1.5921712443465816,-0.09293410262832762,-1.9787891103373323,-0.12510273244694767,-2.2939205067479307,-0.20020745808186213,-0.8470272045237388,-0.20363937191453135,-1.0880150365382217,-0.11217540614223759,-0.7508608119608465,-0.03931086583209038,-0.5166796108053362,-0.36275002653500316,-0.6330892824335493,-0.3477957857038856,-0.7817764900353538,-0.24635471133490214,-0.5328342005554534,-0.1762652660544047,-0.3697119168189292
3,3_008.JPG,0.0,0.0,0.32587944326863216,-0.22894177296728532,0.5138213391911473,-0.5659888791830864,0.6566057516725021,-0.855223329285716,0.8028543484122297,-1.0743962761198482,0.185671876844601,-1.0171816225905237,0.17588849447552418,-1.4637067314854344,0.16400099296548437,-1.733829718951853,0.1598937178345913,-1.9730568442636152,3.1745910194104706e-17,-1.0,-0.08005104846713862,-1.489457698200473,-0.09391644433783645,-1.7845722722854755,-0.09583051465102378,-2.0419553336031284,-0.15762450029638847,-0.8685638383225509,-0.23901871581108275,-1.1751556503099918,-0.15576584453024137,-0.9474175853385164,-0.0636948938054938,-0.7684951238897985,-0.2828864139994873,-0.6757877891646946,-0.34477351659847244,-0.9053114749891142,-0.23142771506521598,-0.7455572709516898,-0.11147402309358395,-0.5812148735626669
3,3_009.JPG,0.0,0.0,0.30076987995622256,-0.1720020961827085,0.5164764888815435,-0.5285242463073399,0.7032901581275106,-0.7890787734260282,0.9041763590010121,-0.9123233723518741,0.20118845278894062,-1.0229928994224557,0.21501079226273437,-1.4419437769605696,0.22465340691257477,-1.714698250063066,0.2316810040691202,-1.9453577506375268,-1.884645328217885e-17,-1.0,-0.10524063323815297,-1.4857787518245094,-0.12382634110349718,-1.803173989042113,-0.15342377223818143,-2.075840766594559,-0.15994098929153872,-0.8722821619796923,-0.21468219750945372,-1.1010974398138083,-0.10296585190045804,-0.8319823506664904,-0.016757326777608904,-0.630585599797801,-0.2728389820199051,-0.6877846993830184,-0.3024660186724882,-0.8325241618140123,-0.2029466988947815,-0.6410882237479876,-0.12113692498250665,-0.4911358500153753
3,3_010.JPG,0.0,0.0,0.3463460770768387,-0.2283246813969878,0.5359379544059514,-0.69075916739678,0.6152749058525442,-1.0359109748819522,0.7183419535039637,-1.2995991788213328,0.20555287525859925,-1.0624614259175786,0.14347860991239192,-1.5199042609592024,0.13559353730400078,-1.8121674952643072,0.12763193519865088,-2.061827658523148,6.398906806022973e-17,-1.0,-0.18576485193165893,-1.485276543864543,-0.23616047599701104,-1.7756962199546356,-0.287431594920016,-2.0318688077475993,-0.1639467594480582,-0.8423985730057283,-0.23152214085887635,-1.1259918154935062,-0.08874370395545622,-0.9123361475404207,0.024993642476604325,-0.7496403942464884,-0.26933315215193765,-0.630126288108286,-0.2741403716170018,-0.8072170777201079,-0.15657513449153776,-0.6461793343143266,-0.05045466725583445,-0.49932906230799423
3,3_011.JPG,0.0,0.0,0.36305521257293444,-0.18548251929956186,0.6698945689354238,-0.4824858783225022,0.9240849817091414,-0.7017551810610049,1.1743216266620562,-0.8295810412291824,0.24073981329506197,-1.038652935847589,0.2703909014807602,-1.5592809578016822,0.2880364043182906,-1.891604732674998,0.2999958919753831,-2.1662931565345516,9.876359337077514e-17,-1.0,-0.1400014636613405,-1.551089621710171,-0.191945497358192,-1.9238854362943745,-0.24099673337876196,-2.2247462752830063,-0.2020915246873007,-0.8486985594094073,-0.1991342696375687,-1.1023514603091724,-0.07150989015256207,-0.8054179362483462,0.019143606778071108,-0.569551993208121,-0.34447233890657797,-0.6542256714778447,-0.31060132330915935,-0.8406855222795065,-0.1769988179261385,-0.6204149920523075,-0.09083749834325885,-0.44253031367194023
3,3_012.JPG,0.0,0.0,0.3586481111016565,-0.29349045425566156,0.5918326188782866,-0.723014216819012,0.7711457912484803,-1.0541868345976517,0.9594938511786997,-1.300040669476294,0.20574440149505677,-1.061566109647463,0.18398440028227958,-1.5241243875834602,0.16705912138965717,-1.7942817392226271,0.13504600128037259,-2.0542637238330257,1.014714992819303e-16,-1.0,-0.1448087490360554,-1.4642310501352085,-0.2110433110532137,-1.7703864004407528,-0.29853172035429937,-2.062781561374789,-0.18481506522017027,-0.8386124146687779,-0.20996530899269591,-1.0622390838795928,-0.07455891293815185,-0.8076759418772557,0.011987146024276493,-0.6349921985747755,-0.33996748454769765,-0.6497167009415081,-0.38277682800293805,-0.889791400864921,-0.2521571908783238,-0.7368658802325331,-0.14062078204325285,-0.580019110595499
3,3_014.JPG,0.0,0.0,0.38115916313583165,-0.20323947839255715,0.610911642514459,-0.4787910517464545,0.8079500099881746,-0.7299447251988774,0.9965931558841512,-0.9846795288473583,0.22466673790662162,-1.0342670660696442,0.23928714137501805,-1.5458723877129816,0.24052204839403019,-1.8886388827947418,0.232986255158864,-2.1841686048616573,-5.09846908996148e-18,-1.0,-0.16862926065198974,-1.5400222472872953,-0.22331977082668605,-1.9352404632228328,-0.26449870393434716,-2.267344672911138,-0.19425949525898495,-0.8401610525118256,-0.25812550501483505,-1.0315576277984064,-0.1177660838923625,-0.7396471909833658,0.01428474007472529,-0.5203074003263671,-0.3219937000471509,-0.6338067516880797,-0.35298469023840656,-0.7154090320355081,-0.1995533022314135,-0.49875753809391477,-0.0506268449836082,-0.34805849148282475
3,3_015.JPG,0.0,0.0,0.35794168350517797,-0.1754124313199136,0.5752122319781963,-0.531718466405534,0.7287819283551168,-0.8124887803997662,0.9531685391383904,-0.9510683783546519,0.24353504708984555,-1.044788542642076,0.30940739901872477,-1.525320076812885,0.3675227345282723,-1.8311046048549342,0.4174277893127912,-2.0872133727184945,1.0259249475896398e-16,-1.0,-0.16886992934253597,-1.4979937722848224,-0.2506451661158312,-1.8668834502939557,-0.32879918435423966,-2.1617640856325124,-0.2063503341686551,-0.8465810466221632,-0.2552378982659346,-0.955782504337409,-0.15211490136016023,-0.6071513794868755,-0.07100141716353316,-0.3501016670088972,-0.3518342327600344,-0.6522401466031155,-0.39200061571028244,-0.7529892631028994,-0.29950936398153527,-0.5180837741008433,-0.22195832212356745,-0.3403057015908047
3,3_016.JPG,0.0,0.0,0.3688964541720995,-0.18334451019845432,0.592219919912384,-0.6645163233233182,0.6826900290833938,-1.0315863266584067,0.8334569380786071,-1.273058402185457,0.2452740410901216,-1.0253951189628756,0.28726681054352293,-1.51995111953088,0.30195398255887346,-1.8293482382982482,0.30934547817300617,-2.101948544935398,3.961881095305256e-17,-1.0,-0.05813379484410439,-1.4993290424192016,-0.08159184954164149,-1.8271638100357463,-0.12288529303391327,-2.1150331757928647,-0.20839960642262384,-0.8581470386592753,-0.2846286048318042,-1.1044980552320114,-0.19537398014909893,-0.7782039888526703,-0.117879124628935,-0.5484766072215471,-0.3880001187852575,-0.6433135863508377,-0.4513250291229059,-0.7909759946117473,-0.3549506283985654,-0.5718835314217594,-0.2664905077800231,-0.4007333444948445
3,3_017.JPG,0.0,0.0,0.43499981979510377,-0.19954003652911245,0.728768926715918,-0.639750366573877,0.9148759682503114,-1.0314797617852332,1.0602875110950385,-1.3669994489190609,0.21361406321019105,-1.066006624069338,0.049178905335135456,-1.7097859172649112,-0.029179123395170967,-2.1471022003470672,-0.08069477809540486,-2.4838089889323,1.1142829931696112e-16,-1.0,-0.15185729565840111,-1.4635657956750183,-0.1490799130780858,-1.6915460685557533,-0.15914713294758856,-1.871072607527949,-0.16514347466271292,-0.8257199022276248,-0.2574249950380287,-1.0139862685575505,-0.1841566907354608,-0.7847639944764458,-0.0959401159542588,-0.6027426905533176,-0.2353829527601233,-0.6115750845451984,-0.24087318698623436,-0.7222054090525825,-0.1541905931110853,-0.5556898425268825,-0.050803435234755126,-0.39027339316749315
3,3_019.JPG,0.0,0.0,0.3400849923695807,-0.15728828205332707,0.5450668469685133,-0.5344766433114099,0.6997710063025115,-0.8512548286471237,0.9170133228761538,-1.0199031435647183,0.21260776712288326,-1.0155588417207702,0.255850827867432,-1.517842865895112,0.2905972757654299,-1.87181681159388,0.33119756127698535,-2.157723614435456,-1.9760294031322133e-17,-1.0,-0.17764961790894437,-1.5061704374390572,-0.25607092224140615,-1.8353267496787073,-0.31325495730045144,-2.118981706887485,-0.1573777463005993,-0.8692527334648282,-0.3065592824897461,-1.1733001230856357,-0.24156821753973762,-0.9004298090574347,-0.1554402560810663,-0.678217533741948,-0.23973426639801487,-0.6600387923626692,-0.342323910686032,-0.7814644716104546,-0.26976458882674,-0.5635514327816279,-0.17466723087349245,-0.38238022105782143
3,3_020.JPG,0.0,0.0,0.23420952881561796,-0.18690563038115549,0.3875494937020952,-0.547971083696352,0.48935724903198774,-0.8581902787761992,0.7012470562207609,-0.9879479899161973,0.26131550806590953,-1.01645217422366,0.3095451801366436,-1.6496820884347376,0.3607510447287502,-2.0544527386699833,0.3983902138907898,-2.3830090024119714,3.276766309489995e-17,-0.9999999999999998,-0.309501559738664,-1.4969909416296583,-0.5088398154792747,-1.9044677516753088,-0.6530576002952106,-2.2245624239738473,-0.21503616873422637,-0.853564114434885,-0.33709615793009934,-0.7895001027487307,-0.21696882489097025,-0.43251805889905065,-0.07932043787353334,-0.20658071852504378,-0.33204485750702145,-0.6588771740664937,-0.4234779030626891,-0.5800650015464867,-0.25903633906095963,-0.3276258583309664,-0.09394412090816832,-0.16800436441586328
3,3_021.JPG,0.0,0.0,0.3649029156530227,-0.21498519368709929,0.5677949044634281,-0.6140419012065699,0.7020960799504404,-0.9176026548477839,0.8851044276381391,-1.0785586885587992,0.20822229017492458,-1.0289764681643057,0.21339714481636263,-1.3941717730973748,0.19543127766163498,-1.6278786985570892,0.16472196443602527,-1.8354319281104707,1.6620662929612121e-16,-1.0,-0.10415676245753229,-1.4328556252278648,-0.1436464118556775,-1.6882686137550407,-0.1843785150068177,-1.9302866776918568,-0.17753374542509673,-0.8744712724599035,-0.2931720118893034,-1.1998745514392495,-0.20428046275458414,-0.9916245073437933,-0.12784084507083518,-0.832599779936816,-0.3291806430319432,-0.6888595776803532,-0.38588819018749615,-0.8671894950697038,-0.2619982935789159,-0.674874651257351,-0.15016980286639986,-0.4904848357182907
3,3_022.JPG,0.0,0.0,0.29878680228441257,-0.2068501395552142,0.5810703194898681,-0.5692053925558567,0.8699497876914802,-0.8048817401182337,1.1476003074000203,-0.9009624077717361,0.2166898095064197,-1.012884865466665,0.278537936003517,-1.391639509324651,0.2890615160546112,-1.6278559230924308,0.2832958594821887,-1.8478169511042148,3.4921157277345517e-17,-0.9999999999999999,-0.10804206968064363,-1.4026575423996028,-0.15597283049061045,-1.660859897552421,-0.20901099917863852,-1.90562533540315,-0.19871461505064353,-0.891333244478386,-0.2819058331466354,-1.165862458122728,-0.1665262234246479,-0.9525471883941858,-0.06641231717690003,-0.7749854386946854,-0.3702469790080659,-0.7355063826120747,-0.4557699027469996,-0.9576022238567534,-0.3464290512450393,-0.8672122958199922,-0.21638995543525452,-0.7506393458749504
3,3_023.JPG,0.0,0.0,0.323799287407284,-0.17205811057676998,0.602441636952967,-0.5901343510390233,0.8084190944863789,-0.842977388299391,1.0272997346838064,-0.942661648532131,0.22926909371549273,-1.0249123404361538,0.27302700258160034,-1.4395599705248558,0.30041636184159204,-1.6995302206829717,0.31499658357306964,-1.9274176367125577,3.456299060863956e-17,-1.0,-0.10452899025383934,-1.4783540859718285,-0.10457156525842735,-1.7498990545606525,-0.10825890119528966,-1.9944030993245407,-0.20874082007089534,-0.8682617122657398,-0.24335597013439877,-1.1826563248302353,-0.0518047470634556,-0.9481492528789331,0.09632762424040507,-0.752065065126663,-0.38446377684441196,-0.6798351907929828,-0.386110298045129,-0.8919233558376339,-0.201247934877432,-0.772841118998231,-0.03191341358742845,-0.6476060054337909
3,3_024.JPG,0.0,0.0,0.3537037633356574,-0.2332209184634671,0.5926947446208625,-0.5494275683382649,0.7542374421032298,-0.7921684575524677,0.8951114462784654,-0.9634530341679867,0.21066308364006517,-1.0157167496553565,0.23880691376666943,-1.3693186325457878,0.25082133691664504,-1.5857468177442429,0.2527358960645752,-1.7887834003791792,-1.9194239742755745e-17,-1.0,-0.07603587164860778,-1.3830937782897244,-0.10089343512102229,-1.6219344965789682,-0.13712490482439285,-1.841532174696272,-0.18411040469229845,-0.88949026394903,-0.24728766456824314,-1.1345537138449364,-0.13580059246768914,-0.8980980047008786,-0.052529082489030696,-0.7096778094734308,-0.35007155644843085,-0.7297061322669615,-0.3916607020405642,-0.9034253977190221,-0.2861479195587671,-0.7561176697388958,-0.1832257590126657,-0.6071520184888587
3,3_025.JPG,0.0,0.0,0.34331234853226605,-0.23529805021128927,0.6269854761224677,-0.599521050013654,0.8352223306319825,-0.8134152437743576,1.0563357680464336,-0.9065464882349443,0.23610295213256305,-1.0373099850610012,0.26531782852409935,-1.423035544154725,0.26948301142764186,-1.658262678846886,0.25478718219794755,-1.8792755028830144,1.4648800384755796e-16,-1.0000000000000002,-0.14054806919017712,-1.4515503022375784,-0.1999776609965136,-1.7370519101105732,-0.2710330230918653,-2.001119771827448,-0.21826926981973638,-0.8605074102636175,-0.18642354923719737,-1.0396854393846335,0.007023588245917187,-0.7652002443453887,0.12472167381105022,-0.5688924443235484,-0.40994667780808447,-0.6854389863720627,-0.3841141575089883,-0.8634090697252652,-0.23352319360074583,-0.6850097528671366,-0.12691391339777264,-0.5350014595040988
3,3_026.JPG,0.0,0.0,0.3578654380734318,-0.20585358832370956,0.6077226446992623,-0.6138753313434921,0.7817028681277174,-0.9138124229850505,0.9622825796312698,-1.1077885487321093,0.2433625766585187,-1.031610485545025,0.25365924079111873,-1.4158215197601463,0.23428379369907906,-1.6619596837338193,0.1954457725941969,-1.8883765621608433,4.5852538127845256e-17,-1.0,-0.17298461586204839,-1.4085269246601235,-0.24692537880509113,-1.7086617167717923,-0.32736012240948037,-1.9828070630734906,-0.2038967927705981,-0.8583874429737407,-0.32449519012310535,-1.008823546077179,-0.1993480250043734,-0.7214226021881501,-0.08951893706098098,-0.5197485564258898,-0.36819635516843474,-0.6559940702115041,-0.4563255666880338,-0.7325549024217762,-0.3418708004767781,-0.5360162018836914,-0.22117511965023248,-0.38340563482377804
3,3_027.JPG,0.0,0.0,0.3301605836800446,-0.2041541661986521,0.5590213822915872,-0.5695617614208478,0.7051572994754195,-0.8409905023734275,0.8324652893913972,-1.0285415033189906,0.21923893802188862,-1.004215260444451,0.2648543458443336,-1.4048770979347212,0.27480992800634163,-1.652280373704005,0.2726617546222274,-1.8736780484083007,1.2075956917162085e-16,-1.0,-0.008948454275446452,-1.4536958598610892,-0.004296056200124131,-1.7301722271408277,-0.014764930297756992,-1.973926002350833,-0.20168086857415254,-0.8919765588695601,-0.25472919685218987,-1.1687489681460281,-0.14056815160524208,-0.9051381296140689,-0.04970429323068374,-0.6899735389973808,-0.38881272659417293,-0.7196944432881276,-0.43677458671671376,-0.8992214007594387,-0.31990667703356346,-0.7459395232148882,-0.20825267895233524,-0.5901581914276975
3,3_028.JPG,0.0,0.0,0.34784863330859705,-0.18218927542798816,0.5889366298214364,-0.596934596102688,0.7541069461531614,-0.8881105186491653,0.9449591603911919,-1.0412350442464873,0.2271790618183981,-0.9923861709301235,0.3281051987362603,-1.3682133457370882,0.3868298388610966,-1.6072750309106387,0.4306429602019712,-1.8163800134857286,6.838962674854965e-17,-1.0,-0.054024122273292965,-1.450398899500957,-0.06630144016095865,-1.723272866069751,-0.09287568245896782,-1.963671275864244,-0.2085491958226158,-0.8977373126212161,-0.2442507678606747,-1.2356181367850492,-0.14477385434651924,-0.9256203801748561,-0.088750255962916,-0.6879177309448039,-0.39893581829526464,-0.7180563851593016,-0.39886522074126085,-0.9271941196031529,-0.2796945435147371,-0.7241132576509645,-0.20042880741457178,-0.5392029699737974
3,3_029.JPG,0.0,0.0,0.4780844740098966,-0.1880224843423359,0.7392619560804119,-0.5337624656503512,0.9105650347727577,-0.8732023340568579,1.0769527332642956,-1.2255229075167555,0.2743998257754953,-1.0585620726681757,0.2985176524116434,-1.5094415536864947,0.31824214737793743,-1.8020431590079171,0.30899039679797047,-2.0703596358870273,-3.705619652778867e-17,-1.0000000000000002,-0.24635610834931773,-1.4309763630927392,-0.3515910011788622,-1.7344982800650377,-0.4485208368462078,-2.0347208393936635,-0.21290912524663377,-0.8306437095297006,-0.34675500543115995,-0.9652213705544739,-0.16306112715944887,-0.6433860660786552,0.010386791330617404,-0.4315088313070959,-0.3541517176186095,-0.635636651830469,-0.45195778155203303,-0.7097238241003455,-0.3104132182280144,-0.503659299885565,-0.14750170043330763,-0.3656312298211347
3,3_030.JPG,0.0,0.0,0.4203183654134575,-0.17938383570184468,0.7111360017199508,-0.5703712616733049,0.9214380942403535,-0.8933967798287356,1.079770852182149,-1.2405819272644125,0.28506724645853454,-1.0528783983089944,0.3578624844590381,-1.5261503194096966,0.41703393678629247,-1.8489288475674361,0.45435232569787487,-2.1469884510517923,5.981695750955436e-17,-1.0,-0.2368788851521665,-1.4626526779854228,-0.3344935368929702,-1.7970551752355022,-0.41355777782054165,-2.0984195482311816,-0.2287921837746443,-0.8267154228897438,-0.3758715270029173,-0.8605836626593834,-0.1903509227769027,-0.5346983540786358,0.010909572240695768,-0.34025683397790685,-0.3718789520931629,-0.6038072919818739,-0.49423078149890554,-0.6095706321547819,-0.3607174694053341,-0.3891482408106443,-0.19008012360096824,-0.26966939144596447
3,3_031.JPG,0.0,0.0,0.37711784467645726,-0.2414094866032117,0.6241222742610275,-0.5817759007682806,0.8356335854119437,-0.8011335749028253,1.0548098740848075,-0.8861599444306981,0.22513162248418087,-1.034345163809597,0.21123361987089817,-1.4350667819228518,0.21091102816884233,-1.68790798446207,0.1963909638167195,-1.9057655661254302,-2.826814405652499e-17,-1.0,-0.10092995573351099,-1.446978337576955,-0.10408534344968803,-1.721771277873046,-0.11538630146689616,-1.9488067432332705,-0.18039635206565288,-0.8563551145567103,-0.3500830962881192,-1.1225857198785365,-0.29432786003950817,-0.9696829807296536,-0.23010141284324329,-0.829249252329838,-0.3299326639996618,-0.6600150169911441,-0.46898447489020595,-0.8170373800497226,-0.3855678644708893,-0.7015481542223101,-0.28314831543291624,-0.5687474710724091
3,3_032.JPG,0.0,0.0,0.3706521602316252,-0.10886492629207242,0.6542952910928179,-0.4243858073490674,0.8533784662543313,-0.7046491632293281,1.0349258823511043,-0.9281007685500777,0.23014210782733827,-0.9826712966976052,0.3010719496818119,-1.392303844122382,0.3392945136578038,-1.6487665329363084,0.3655236489079026,-1.8691529428082068,8.179830427135554e-17,-1.0,-0.04153798477775452,-1.4616187669330905,-0.04343456815332872,-1.7685666125346322,-0.0535077867990994,-2.0287109002447536,-0.20183804165544056,-0.8929604847790071,-0.2877623301474559,-1.1402110280504278,-0.21659535107801967,-0.8417905593746824,-0.13858263920814545,-0.6237749356963024,-0.3770132781335488,-0.7043398795641315,-0.4395708738136114,-0.7922869290409509,-0.33129715421409606,-0.5984664459283984,-0.20948513183886783,-0.4395652076021749
3,3_033.JPG,0.0,0.0,0.32930785348584257,-0.22687480533913812,0.5856133862445205,-0.5989964471039689,0.7574156370664563,-0.876580532320725,0.9243965658371299,-1.0764570583833322,0.2236828492735187,-1.0263032112303474,0.2952346432558647,-1.3684925493006594,0.3223643731401983,-1.598194030216436,0.3258844678724732,-1.8073871250594233,1.849175578424819e-17,-1.0000000000000002,-0.12890642842628502,-1.4298474573633515,-0.1827982164440852,-1.68997820895309,-0.24661281986457242,-1.930058835565508,-0.19732701893991414,-0.8660974834301091,-0.2535430113208381,-1.145691254762321,-0.12243109006049058,-0.8746702120714814,-0.02777988021265288,-0.671357901918646,-0.3616536744498379,-0.6640836872286786,-0.38219532106178006,-0.824473191852167,-0.23431240722669794,-0.6482213631857735,-0.10655719701604534,-0.4857941351102927
3,3_034.JPG,0.0,0.0,0.3784159634804767,-0.18944416084797208,0.5846375799369338,-0.6857887841654131,0.6524528600136453,-1.0856300813243445,0.7759809209810586,-1.367073903251869,0.267912417918137,-1.0256748319038531,0.2088102695112083,-1.4837548958881013,0.1594665898994303,-1.7677043008375868,0.11681423318338825,-2.020197802172943,1.2801079664338808e-16,-0.9999999999999999,-0.13450748110243588,-1.484091962943728,-0.16615172343853526,-1.8070336048003426,-0.2136553976241131,-2.0948532653754817,-0.2196032024255119,-0.8593295814736999,-0.3211489456749822,-1.0490843674358925,-0.17086420466583657,-0.7306414456432024,-0.041595171107609415,-0.51910753148298,-0.3935982154849294,-0.6593578084543197,-0.4468533949982029,-0.7292698667321028,-0.316389929055155,-0.5228014775416979,-0.18991406215130685,-0.3930079163605341
3,3_035.JPG,0.0,0.0,0.4148183402138894,-0.16925493167605943,0.7046452211367953,-0.5467415609241081,0.9221972971548636,-0.8959800404910487,1.1119756222645463,-1.1185992578481199,0.19409825516522064,-1.00195579261643,0.12987549935274426,-1.5161516800795274,0.11513701064622488,-1.8695380433332396,0.08403549082438604,-2.1488996277346195,-2.1774562844428623e-17,-0.9999999999999999,-0.03137418275970126,-1.3751346807323273,-0.028915046345954872,-1.5444222573784847,-0.06131361943394192,-1.6721915503475444,-0.11389167897772741,-0.9412142182348162,-0.1266058982953103,-1.2955731115621174,-0.12593906825548606,-1.463669280310902,-0.1351916138154568,-1.5907210624966819,-0.16663601061763084,-0.8527467965791556,-0.07470019446679527,-1.0923566870559116,-0.01582441087960285,-1.1548524406879883,0.027991494562865628,-1.185178250768777
3,3_036.JPG,0.0,0.0,0.3098508294618747,-0.21762207863437355,0.5647048623473176,-0.6182036332153467,0.7818662305064633,-0.8777675896937309,1.0081192967032422,-0.9615567410700322,0.20726990801135806,-1.0247944372831033,0.24741700745561435,-1.4011238969654132,0.26573840541807087,-1.6289916957498807,0.28232230645202033,-1.8366160759343684,1.459283179533906e-16,-1.0,-0.08779295966968849,-1.4077666213910573,-0.10644784363145533,-1.643571453260023,-0.12573643820625185,-1.8629915943908866,-0.1852385905918122,-0.8890507418288521,-0.26887216070244485,-1.1560480155760677,-0.14128627573267905,-0.9261225826757904,-0.04083427836601066,-0.7323376429253714,-0.3510270789642494,-0.7416587112540792,-0.4194941066745666,-0.9648171556238043,-0.3001287434902513,-0.8389998923526478,-0.17997533796229098,-0.6903985161025935
3,3_037.JPG,0.0,0.0,0.33967638142795126,-0.1687243919544104,0.6133112970583567,-0.5187492498949221,0.7995156699927394,-0.7536362993706297,0.9877239341964718,-0.8817738198941663,0.23303818802203616,-1.0184778550043676,0.2913138756709964,-1.3648429673044824,0.3191283821991372,-1.5973143000209027,0.32719080227889447,-1.8130991404893573,1.4213315168819084e-16,-1.0,-0.1712844876381953,-1.4011366769617806,-0.24042921658396968,-1.6604263109763766,-0.30616833570933016,-1.9186889875558844,-0.20605500940356528,-0.8701239747664632,-0.26759809445971433,-1.041672920620321,-0.1292996935644524,-0.7411008824689965,-0.02531039448617225,-0.545489290500653,-0.38284753774755803,-0.6835491177152759,-0.4435976490319196,-0.8514565165892529,-0.3112830534765996,-0.6817087049478926,-0.18876256671465574,-0.5400736610136329
3,3_038.JPG,0.0,0.0,0.33793551799470894,-0.1517911127792384,0.5902287039658106,-0.5246141910497968,0.764752727282551,-0.8083020439465229,0.9540801764401359,-0.9329396949455815,0.24487870867694816,-0.9998652018138663,0.3365416850521764,-1.3915039157858884,0.3724086839617592,-1.6492756691183008,0.4004422214580669,-1.8641346757757575,3.177559961854086e-17,-1.0,-0.11930414307724196,-1.4420636241272176,-0.2033755712497647,-1.7178783921749279,-0.2697195594915939,-1.9360157010022445,-0.20229013839145735,-0.8887406793802862,-0.3227295767048533,-1.2503552072914517,-0.3055157013509342,-1.0832040838791466,-0.2831640544604943,-0.9211233720273948,-0.3747768459424942,-0.7015734677749045,-0.5230673641879497,-0.8992889419451416,-0.4686625782077018,-0.7598493040491027,-0.3869116538131414,-0.5920536090216809
3,3_039.JPG,0.0,0.0,0.342276959577942,-0.1729608330074864,0.6035782223797143,-0.5700897804145917,0.7834905711083384,-0.8373589505208677,0.9554146904095788,-1.0071634860148468,0.22818901513961734,-1.0057699909960167,0.29732013039036087,-1.4010297430658232,0.33454664679279245,-1.658050499547964,0.3598489231929426,-1.8890102537167055,-3.5232889183060976e-17,-0.9999999999999999,-0.06831061229090875,-1.4381979275784027,-0.09024111269363264,-1.713708203575749,-0.11733140042311622,-1.9695827444531977,-0.20630922873924964,-0.8854377308763799,-0.2569664188236508,-1.1298325183419111,-0.1487935349656559,-0.8302856931099949,-0.06079217407377519,-0.607893174042331,-0.38359166189927757,-0.6977569056632684,-0.4359265401985158,-0.843918222011152,-0.30247519012374785,-0.6582524044960761,-0.17452653022141942,-0.4854142266122302
3,3_040.JPG,0.0,0.0,0.3237270346198579,-0.23883013864314523,0.5371290771369907,-0.6694078607172081,0.6854191116431475,-0.9828293097730956,0.8887912100737216,-1.1351982791030604,0.2226583894699204,-1.0262762760766344,0.2999304266696268,-1.4350662886306553,0.35147734808684955,-1.689566350591209,0.38859354109773636,-1.919970722027536,1.8144977471290912e-16,-1.0,-0.08573879681238815,-1.4592967685040468,-0.12066452091777947,-1.753515476981096,-0.16161989835583712,-2.0267457743341057,-0.20307311886373575,-0.8668858719001066,-0.27033891984336306,-1.0764026601876855,-0.14838507537018836,-0.7987627448695662,-0.05806203278600609,-0.5974759321612155,-0.3789446526661284,-0.6725978909396287,-0.42335443620817764,-0.8218367509475347,-0.29922898938446757,-0.6463601528079772,-0.19373091695070313,-0.5009964300212442
3,3_041.JPG,0.0,0.0,0.2954038180929047,-0.30758201546130853,0.5320346053066687,-0.7048297500163457,0.8240649384917074,-0.9400234186599962,1.1452513125398491,-1.0355540543002277,0.28393194995697807,-1.0550281436235849,0.4645408516424304,-1.5996989125675152,0.5696899232654095,-1.9325370779628086,0.6363179435664037,-2.2136951067034536,-3.1797440786750504e-17,-1.0,-0.20363371233394617,-1.555682449578648,-0.34104056321611026,-1.9407309668278727,-0.4495430948300493,-2.2597992384227172,-0.24426879467908208,-0.8351563719715082,-0.269766509592804,-0.8825563929465803,-0.0849172323659855,-0.5959680682341305,0.058250009177153034,-0.4082916980427498,-0.419970925066122,-0.6081512898224768,-0.41140923101629384,-0.6187437208783902,-0.22151302277714954,-0.413077955312755,-0.06031897247206442,-0.2598584175974129
3,3_042.JPG,0.0,0.0,0.3491251045160861,-0.2131623770812046,0.599541024396212,-0.6874834055055754,0.7244212160238843,-1.0860317028467326,0.7540194512517688,-1.4330652123095564,0.2457418764164219,-1.0809163974855496,0.2737429285435398,-1.5557982615364878,0.2984189920846548,-1.8235918303199667,0.2895705078293524,-2.0710702808277284,0.0,-1.0,-0.2921537098521028,-1.4731817240948264,-0.42865156765850576,-1.7680904610140198,-0.559846819431505,-2.051566951847059,-0.19564583816578712,-0.8152450117911534,-0.3358636102844675,-0.9610520948544218,-0.1671432739519164,-0.7131454324887315,-0.009972262396219489,-0.5787063438924008,-0.346774299083484,-0.6137470589908934,-0.42998764087795693,-0.7016544706797309,-0.29685676899452007,-0.5410829481912678,-0.14605622747870312,-0.44518647320415916
3,3_043.JPG,0.0,0.0,0.3346415611303761,-0.1988335857483418,0.5694170928514906,-0.560800296411365,0.7477397099349867,-0.8317291071133952,0.909621155601008,-1.0213921608554857,0.21719219601632136,-1.0028037440515303,0.2533532718163026,-1.3755448059963693,0.26171214073546994,-1.6196524059284425,0.25955424527716664,-1.845139240011165,-3.611037848037011e-17,-1.0,-0.07834543648297768,-1.4095726602656309,-0.10437312988277489,-1.6742419863527573,-0.13199295780357545,-1.9211040891639728,-0.19413941914332877,-0.8888819668682736,-0.29578221362969476,-1.1728356243997093,-0.1868023715973046,-0.9307243625204358,-0.08467483343655978,-0.7395377250460292,-0.36505461599328776,-0.7105997059602871,-0.46007931609192276,-0.9094418300356697,-0.34107323946989065,-0.7772912044554017,-0.20293376787129622,-0.6284243658339221
3,3_044.JPG,0.0,0.0,0.3351876655415905,-0.1780994087712745,0.5807890611166124,-0.610350399354519,0.7923290928642576,-0.92116690308884,1.0222552621090313,-1.1118995784630552,0.23706902455782747,-1.0233043358813996,0.29552935523216417,-1.463754362240393,0.3414225605441218,-1.7439030766989072,0.36984789116104844,-2.0001796861512733,1.31932049163422e-16,-1.0,-0.1052443610594662,-1.4580292411063671,-0.13820433759050416,-1.7640977344525242,-0.17974807216441369,-2.0462164003631287,-0.20818830596019572,-0.8589800041749,-0.31357708667259415,-1.1159848960702916,-0.19222452044361468,-0.8248670976201707,-0.08083204675618426,-0.6057010584463581,-0.3722733372250321,-0.649417713104323,-0.4580074979464539,-0.7863670099218331,-0.3344588281227438,-0.6126238739654737,-0.2012090992694376,-0.4610117092653785
3,3_045.JPG,0.0,0.0,0.38119213241911226,-0.22695081059012936,0.6680181949583656,-0.635970783928742,0.9103836303146665,-0.9240459888689708,1.1394591352394308,-1.111659863018886,0.25533199956511515,-1.0505074603287592,0.29799107191438456,-1.4542823997250502,0.31133929495675433,-1.715010655966607,0.2929161376733996,-1.9596566619921028,1.6134787066031887e-16,-1.0,-0.2012144644612304,-1.4176265354826962,-0.28313454672141436,-1.7243835121305342,-0.37908631925713565,-2.0006291188550867,-0.21488646690261562,-0.8401579002010001,-0.3084740459025673,-0.992859169748836,-0.15592368122333192,-0.6950300921746212,-0.02947122543560621,-0.485759581797384,-0.38596466825369014,-0.6298225710991301,-0.434351161609815,-0.7088671148896141,-0.29356846160131367,-0.5268318945398994,-0.16134975294758344,-0.40382778131374286
3,3_046.JPG,0.0,0.0,0.3530948169368419,-0.1937188475436084,0.6093692582158378,-0.5737137383494633,0.7744643777040155,-0.8993533625238201,0.9599895593225152,-1.0886932466946826,0.2278493779365951,-1.0190969740760125,0.2655496348188494,-1.3779947361867466,0.2729605768411218,-1.5966687831450566,0.26981175300279403,-1.7998246869361272,5.231639638174415e-17,-0.9999999999999999,-0.10618178712603626,-1.3978360995332053,-0.1347368933798237,-1.6329210371183858,-0.16973961356031153,-1.8597866083744852,-0.18646693031321185,-0.8767049997971856,-0.31612475580614846,-1.1481886763274431,-0.20289709195556352,-0.9132598406785505,-0.09640796120384673,-0.7270789342999566,-0.348164661449582,-0.6974385240940653,-0.4478349111290051,-0.8554975040776849,-0.3410600595333175,-0.7241487584424892,-0.20894523818309968,-0.5933014769672996
3,3_047.JPG,0.0,0.0,0.36078582604756587,-0.20860605765553916,0.6272397111687577,-0.6611842362049138,0.8343290886110759,-1.0177425069898303,1.0483402183053623,-1.2610434473903156,0.24935356898109381,-1.0263394496957388,0.3242392516300189,-1.4504427013819672,0.36867932407201803,-1.7174881311372618,0.39661332595470383,-1.9756685108137637,-2.0992104367261962e-17,-1.0,-0.17504633510424172,-1.4514645659883108,-0.22738116030878222,-1.7612699152320652,-0.28932577342057325,-2.0489310817394353,-0.2132071407214507,-0.8589599496420344,-0.316135304687758,-1.0391009256566193,-0.18383223663212137,-0.7184300745762944,-0.07289999989093256,-0.49554611443980723,-0.36210091333314876,-0.6502815159428507,-0.4464007022300908,-0.721511539159938,-0.3394347722380004,-0.5187014793854562,-0.23027696754110494,-0.37255232487610723
3,3_048.JPG,0.0,0.0,0.3573735564571096,-0.19228647914695443,0.6336682245146021,-0.622967468572873,0.8099483214386093,-0.9567584879262212,1.0235335923607438,-1.1696498559185635,0.24668261359097496,-1.044937371379246,0.3244856378459044,-1.4799948673353966,0.36739859207415426,-1.7599610261407004,0.3824870288202242,-2.0089727333273673,1.643093920863031e-16,-1.0,-0.10074344737870368,-1.4738254600018008,-0.1235990490152763,-1.790623709164843,-0.17429743416375493,-2.0784939445841486,-0.2133438215451091,-0.8534246239348985,-0.2802091576857189,-0.9881313262702908,-0.13892587783852253,-0.6992196851137985,-0.024104386769288593,-0.5141419152502751,-0.380746098259527,-0.6614614511806766,-0.44317975337956333,-0.7657127571946399,-0.31478956362444027,-0.5579081405477824,-0.18878785529697012,-0.4119973342183093
3,3_049.JPG,0.0,0.0,0.40175577226331305,-0.20079874567421424,0.6439068263807128,-0.6548900975445865,0.7565630600433239,-0.9945346036498285,0.8773276335186201,-1.2803984048355026,0.24622576434320956,-1.0404814216099543,0.2320968766545123,-1.4727244501687107,0.22848935300510081,-1.74518846901437,0.20959977019055606,-1.9966166591836112,-4.042256154068151e-17,-1.0,-0.1209895282871058,-1.4299369845150287,-0.15316370246355016,-1.7624754477295492,-0.21875474165156175,-2.064818343655209,-0.2175077994698881,-0.858249931092719,-0.2718171245467688,-1.0061025124480427,-0.12224428831404134,-0.7000530953314877,-0.011228214950968655,-0.4898867102375962,-0.4007473119663644,-0.6682106234888785,-0.4279649607386237,-0.766552287986789,-0.3034528614921269,-0.5621027404868101,-0.19565465460058443,-0.41710053828148996
3,3_050.JPG,0.0,0.0,0.2946795027675007,-0.2552313475873302,0.51725112656096,-0.741315139030234,0.7167654430836317,-1.066374975999131,0.9933296897395486,-1.166144357620799,0.23800925609016155,-1.0243770368236518,0.3320953168511748,-1.4878547693416386,0.38621835433816687,-1.7828186358220848,0.4113081024864582,-2.0445989952324766,1.444909034532849e-16,-1.0,-0.09895134548578612,-1.4816044050995343,-0.1607016418634774,-1.8241253825009296,-0.23272821924437564,-2.12234273048217,-0.2201769979330225,-0.8744184854790895,-0.22222622829397298,-0.9775919957814233,-0.10031228461066156,-0.6883913814580543,-0.02455970644161557,-0.4906574019516644,-0.39886084095569785,-0.6872384056300048,-0.3882421601577089,-0.758130448840925,-0.26275513137357615,-0.5576493229538714,-0.1728016507893747,-0.4129101023389221
3,3_051.JPG,0.0,0.0,0.3192486895581844,-0.229941561350511,0.5241631793430714,-0.6697357252502125,0.6574516283918934,-1.0052336841956444,0.8439579053556204,-1.166451278417184,0.22074993001999904,-1.0159392127257727,0.2996009960044561,-1.3585014516487077,0.3340879875891596,-1.5612466929285513,0.3606838093984086,-1.7549258974148556,6.992909419256704e-17,-1.0,-0.07816670785338879,-1.3916088416937067,-0.12678596583253068,-1.6232085657478097,-0.17706652515724822,-1.8426634884447566,-0.19312422748212557,-0.8912843312835372,-0.27144054823883584,-1.154419193801306,-0.1791423368917119,-0.8993136421991231,-0.11007587825705477,-0.6960149416305305,-0.36205549555011013,-0.7189275581985934,-0.44947260578192993,-0.8868050437344607,-0.3616719804811696,-0.7261818910322321,-0.2705244220569146,-0.5651676055513971
3,3_052.JPG,0.0,0.0,0.34767196267982076,-0.193707530473612,0.6072869109228509,-0.5692177209722922,0.8126970136942853,-0.8641922643397826,1.0409914405969884,-1.0232605004306072,0.2241011649596933,-1.0199594435863018,0.24085658738909688,-1.3987703741200155,0.231733168293892,-1.6318296454308776,0.2129752158183308,-1.8452554352213522,5.42230089877149e-17,-1.0000000000000002,-0.09737975839609865,-1.4140950025334134,-0.13130458073104442,-1.6630177121105685,-0.16670618744014587,-1.9080081119432128,-0.1925013280835412,-0.8735069864787329,-0.29631675804063806,-1.14188780636258,-0.19751318795457729,-0.8987795068688165,-0.10524696271746488,-0.7129984050977356,-0.3559330332947074,-0.6903820349238943,-0.4585135574477048,-0.8607018967941803,-0.35674450817031567,-0.7250587795712891,-0.23521243608922443,-0.5885762252875979
3,3_053.JPG,0.0,0.0,0.3175120567165793,-0.20893531140289412,0.5778165300175985,-0.5870637937939507,0.8080753984130234,-0.8441853833301889,1.0523872585182559,-0.9007209581826274,0.2318272498541242,-1.0005343037041168,0.3311824902231925,-1.3808958055364298,0.3735711268049442,-1.6133861576206845,0.4065019619445895,-1.8187435669404015,1.4066823530701764e-16,-1.0,-0.1399970165492993,-1.4069925029466412,-0.2130628017224145,-1.6690031544968011,-0.2749867409947844,-1.8867010193915636,-0.20773711758104016,-0.9079455424065848,-0.2880748843556872,-1.1881456973008218,-0.17225504560489946,-0.982342114189496,-0.07565466398883725,-0.786912544914207,-0.39140594158153735,-0.7690028000393565,-0.4850049593291514,-0.9680234525920758,-0.3928080462151017,-0.903872294412897,-0.27412152767294834,-0.8205684045583758
3,3_054.JPG,0.0,0.0,0.3126613313856069,-0.19042449573130504,0.5653021711972605,-0.5953943695124684,0.7684154597144128,-0.9000223189710086,1.0132256661065129,-1.0366343986248647,0.23618707147640766,-1.0100359225044713,0.30779916678864366,-1.3869423136062902,0.3325213987437652,-1.6250063857767278,0.3471834799831216,-1.8364513010143166,0.0,-1.0,-0.06737482952363026,-1.4327681703803328,-0.09977754287258424,-1.7192901502158098,-0.13605204565464366,-1.98187351715302,-0.21252298778396325,-0.8873187461011142,-0.30623769621964536,-1.099100306014736,-0.18985741290439573,-0.803339821246357,-0.07571623090680683,-0.5819930990074562,-0.40850104393724807,-0.7254323086998765,-0.5155183757593229,-0.9075964669164696,-0.4018746023557813,-0.7358797801263264,-0.26427725458101065,-0.5740987217207509
3,3_055.JPG,0.0,0.0,0.39558885496877544,-0.23592698534872547,0.6735732479334564,-0.6757375329445585,0.8717438542389444,-0.9700836218638852,1.0881227065435883,-1.1023499204745102,0.2698569651156505,-1.0514178438235613,0.2889887264426457,-1.4783093314934628,0.3427040740885301,-1.7466986622763194,0.37176381849715007,-1.9924860191419453,9.275125310776274e-18,-1.0,-0.19422655473323122,-1.3917003662619702,-0.2625554050674055,-1.6962713466582442,-0.34430528890786916,-1.9718295250099132,-0.21433489065922628,-0.836683851176944,-0.21417468372230694,-0.9223797612203969,-0.015078351258916068,-0.6172898400206601,0.12368424746552903,-0.3964988311811757,-0.36801273788321387,-0.6231161292125437,-0.31405132663126056,-0.6817036043495408,-0.14506971128219692,-0.4857273558123504,-0.010612286644536324,-0.3413145438833344
3,3_056.JPG,0.0,0.0,0.4435218929114706,-0.17742126692911162,0.7585869858968489,-0.5761754180617682,1.0076749295865597,-0.9100560756655439,1.2778238862019005,-1.1107938020485106,0.2600472521997003,-1.0077638893250662,0.355348902100697,-1.516088015450154,0.4419319513962976,-1.8498005189541205,0.4931710240455335,-2.143704863479578,-1.0229302313896492e-17,-1.0,-0.18023968711913085,-1.4470679539987379,-0.2562957442268963,-1.7558589949265349,-0.3195983989738345,-2.0261644645629833,-0.19993880846668136,-0.8650049557898526,-0.22370827422524267,-0.9461311924905731,-0.12021155979494505,-0.7126522578710384,-0.03020817085391067,-0.552315174672791,-0.30447763617177076,-0.6762791596769381,-0.2084706089414174,-0.7153253651760484,-0.05528394220992536,-0.5357197301165931,0.07421181329840745,-0.4016687837856586
3,3_057.JPG,0.0,0.0,0.35770556971397677,-0.12071895993181665,0.6815544277466836,-0.49039153489290904,0.9179531005590239,-0.7304134818938092,1.1837136014309644,-0.8403442073727905,0.2769051622469057,-1.0151488794480914,0.399384902435429,-1.404694579662467,0.48622663850462416,-1.67439465970905,0.5399822273515803,-1.8848647506647818,3.776484180319858e-17,-1.0000000000000002,-0.144208606148884,-1.4900500229622498,-0.2072054505540681,-1.8106063189791537,-0.28584952370006833,-2.0664124964899986,-0.24009972943223468,-0.8579624175539187,-0.2673553708627424,-1.0457106371734235,-0.1349266081022648,-0.7233351411088712,-0.04296872787100389,-0.4954329951177448,-0.4313829255580332,-0.6483363097299714,-0.437891121011285,-0.7684041751107072,-0.29045928919110797,-0.5313256315304219,-0.17507536408900318,-0.3585652577182329
3,3_058.JPG,0.0,0.0,0.32396421043524565,-0.17382471327887034,0.5233644810890757,-0.5995279230895053,0.6251453070628888,-0.9549997930652845,0.7953008038072864,-1.1781620590120134,0.23730382671949496,-0.9927931857837902,0.32563550753060605,-1.3826011399078106,0.3664304336425295,-1.6243571028410202,0.3997347636718763,-1.843406430483905,8.319142769810723e-17,-1.0,-0.07533088652459984,-1.4480032081681784,-0.11754481939776527,-1.7184261392803044,-0.16292663122881354,-1.9612674735244127,-0.20834722257993846,-0.8929881391235269,-0.3362027129767228,-1.1516757368978352,-0.27762653689887373,-0.8356747142074479,-0.2088638931339773,-0.6086473297828704,-0.3911492013278797,-0.7126862891460848,-0.510678672134733,-0.874906745610448,-0.4325835386662001,-0.6712793166899672,-0.3372688518623976,-0.4925121229277904
3,3_059.JPG,0.0,0.0,0.3618033360350833,-0.11825156073990646,0.6726557413928008,-0.5660819687017358,0.9128514040036759,-0.8854044342909453,1.1892657386619565,-0.9958821907513601,0.30192704090480904,-0.9870053479497375,0.4453264160968255,-1.4627977588373806,0.5214104532057958,-1.7734031077300048,0.5720161747825676,-2.0240405009076645,2.33248596318787e-16,-1.0,-0.06845578087207534,-1.5578278456706671,-0.1050739593754565,-1.930322695338699,-0.14852825281888757,-2.2423025955141207,-0.2772017779729966,-0.8848571100472467,-0.3146073362872715,-1.1649393838552713,-0.20755639717284008,-0.791419858930827,-0.11578645360573334,-0.5225972036990775,-0.5139696542275003,-0.6795960731312172,-0.5743824438941121,-0.8686402486711648,-0.46134365133427335,-0.6198641327440613,-0.3524865405091138,-0.41343823933491625
3,3_060.JPG,0.0,0.0,0.3267871999946698,-0.20337752243468027,0.5212694144652487,-0.5823880392929182,0.6134119021452171,-0.9184680214710008,0.7588347249737343,-1.1485763356935113,0.2384560551592335,-1.0065440288470702,0.2897146160725368,-1.3581057562828183,0.3007671830052308,-1.5624752949488516,0.3268578374207842,-1.7533420375005622,9.709886915208293e-17,-0.9999999999999999,-0.10710300122012266,-1.3625082304359735,-0.14282865265962036,-1.590440810163367,-0.17230018777343856,-1.7710593255125167,-0.20371007704526906,-0.8936705151116583,-0.38494171374429487,-1.1231612000349356,-0.38420869701637883,-0.896805157577401,-0.35154847351211727,-0.6993904618087303,-0.378123262766762,-0.7471059539475632,-0.5172973814065749,-0.8973251610628419,-0.51585467115507,-0.7794007729352493,-0.47217988387034515,-0.645088149555294
3,3_061.JPG,0.0,0.0,0.30470744157723867,-0.20882560639454728,0.5071114478167726,-0.5713475780674341,0.6753425111444594,-0.8546269693330575,0.8317437650571362,-1.0386362804832265,0.2126677502775673,-0.9950534984438574,0.23469559587447497,-1.3694333714847167,0.21621757736330172,-1.6010953691457945,0.1925544760272739,-1.8142938991472402,1.181249019909955e-16,-1.0,-0.04718972409329172,-1.392299749160396,-0.0858867773178777,-1.661439630420998,-0.12497438296487562,-1.9062051854658963,-0.2039003254014151,-0.9051248364251961,-0.2850729061241383,-1.1941296563199923,-0.23079296078971973,-0.9676728918481629,-0.1750917480086985,-0.7693811740673069,-0.3996273393132725,-0.7504541171618682,-0.5019113453371371,-0.9771234982527414,-0.4381838436218762,-0.8785455008705062,-0.34897446970005896,-0.746725719576417
3,3_062.JPG,0.0,0.0,0.3519963457645686,-0.2121008428792851,0.6221093871791905,-0.6466147155751722,0.8220137682733423,-0.9789281208526581,1.0575157951217984,-1.1698738136036184,0.23592555247576028,-1.0395113322099807,0.22064130240203292,-1.476664794973108,0.20543709940982433,-1.7496600661770216,0.19093455072245322,-2.002766453468208,3.5436693661962223e-17,-1.0,-0.1948417209031521,-1.43307772926832,-0.27198045403750815,-1.7248663965539637,-0.3546522401708227,-1.9944033175521063,-0.2018371932632329,-0.8558586374497296,-0.3158577062297884,-1.0309302858954,-0.2162203057324968,-0.7076573582637405,-0.12943272920687357,-0.49770770196067576,-0.3643822204863342,-0.657239939408626,-0.4598942625905763,-0.7640156850230814,-0.3604495668399804,-0.5368651646140297,-0.2648856272935249,-0.37687257644090943
3,3_063.JPG,0.0,0.0,0.3856216012521286,-0.18836740649520525,0.7213743680249928,-0.575738031160315,0.8650018223972934,-0.8936676673509283,0.9597974377748906,-1.1634571548121522,0.24974985428141164,-1.0451031894071399,0.2892507881126557,-1.4533029181461996,0.31262715090233906,-1.7140392301566136,0.3082379341057697,-1.9479253488583625,1.7845484462780422e-16,-1.0,-0.20796421708572374,-1.4160634764285482,-0.303777200552983,-1.6951594539791863,-0.41564030537094054,-1.946400278142395,-0.1920580553671913,-0.8551510039704402,-0.32444210525147554,-0.9928820520263003,-0.17549154449584695,-0.6802651309088119,-0.05566535480351527,-0.4789648186727414,-0.35371096640364025,-0.666155418915547,-0.44699125249487137,-0.7729684263598438,-0.3234658220934709,-0.5690006484328168,-0.19223913707607962,-0.4246649042635004
3,3_064.JPG,0.0,0.0,0.3685830399674365,-0.19918371684556122,0.6244269615307866,-0.5445216818859523,0.8447724482201473,-0.8015523298036475,1.053067793433037,-0.9574909662595961,0.2199664697477932,-1.0174017142804261,0.26481151016785553,-1.348785972011489,0.2818342191828056,-1.5556379206333493,0.286127322460437,-1.7488859857852828,1.02591335173421e-16,-1.0,-0.10099787757884747,-1.3743805561634193,-0.11020332358077481,-1.5983774086307232,-0.13465329120489686,-1.8059568375525146,-0.18563152302430946,-0.8807030622701928,-0.294610926110553,-1.1662509614903704,-0.1840002189373336,-0.9566723172282482,-0.09787849035364915,-0.7842945394624776,-0.34896338613689265,-0.711751644662357,-0.44461950023658736,-0.9221451736686564,-0.3533626833987665,-0.8063656866362232,-0.24766769402244113,-0.6740399585484418
3,3_065.JPG,0.0,0.0,0.32438986621626203,-0.21818606861135187,0.45996433692149763,-0.6094669843802764,0.49268207225893584,-0.9805255444963363,0.6084382272670815,-1.219640802373519,0.20702762679702552,-0.9798252278940284,0.1957882424734016,-1.3724121562168143,0.1761655931292823,-1.6100984391955269,0.1537169227247834,-1.828590263802419,5.829125704585534e-17,-1.0,-0.014385518717168581,-1.4348038341432532,-0.009652889903183503,-1.7024476608811672,-0.013106971149386108,-1.950275384670759,-0.19014498394452822,-0.9215982540211768,-0.2664744686816562,-1.2706220159353296,-0.18993871750824226,-1.0648774693370398,-0.11860004256906415,-0.8793503857637526,-0.3818052940621803,-0.7814064820857443,-0.4527240278589257,-1.0475226594094555,-0.36767025017188537,-0.9379906869936468,-0.2712579213785023,-0.792828085963498
3,3_066.JPG,0.0,0.0,0.3305261293563354,-0.1418558885996204,0.58700653265378,-0.4994664565616297,0.7637574537014148,-0.7601785249491086,0.972890270265146,-0.8573308470994853,0.2223180634348439,-0.9997373740140703,0.3118793942983292,-1.3487982461236667,0.34759808421858895,-1.586861553959697,0.36921785452007844,-1.7882851024770583,1.40194047772749e-16,-1.0,-0.07225292956857231,-1.4334580922396063,-0.07453162532895694,-1.6871048279764358,-0.08704885134200666,-1.9019311642785195,-0.18645591198935968,-0.8926238995336807,-0.26985856999003643,-1.2249099840207873,-0.11858243837967382,-1.0036826841751236,-0.0012311518952775632,-0.8077454834941606,-0.3486284865330263,-0.7228749299031958,-0.3816818796270489,-0.9503503574845876,-0.23848781110441483,-0.8288932871864606,-0.10375849943217043,-0.681442061832872
3,3_067.JPG,0.0,0.0,0.36201057475960263,-0.2266243564136196,0.5791187271354693,-0.7032499875927034,0.7145850891987232,-1.0631016971037035,0.8975677375061368,-1.3084475607270356,0.24861640709988708,-1.0442770074843555,0.3308022258308017,-1.5138752534727162,0.38896674973017376,-1.814137241202794,0.41935656053525183,-2.079056912279537,4.8593031902054534e-17,-1.0,-0.13667734106745277,-1.4920854986840342,-0.20196691307601633,-1.829980707751246,-0.28551877384282537,-2.1277410299536714,-0.22635987884438752,-0.8456277125724101,-0.28489356999449833,-1.0320790899796302,-0.1413645993349028,-0.6970317703547989,-0.038861168730843304,-0.4628860508345644,-0.41407815291327893,-0.6241538222931678,-0.4391969599101921,-0.7514919777783997,-0.2933221757473603,-0.5228917584697574,-0.1788883139240433,-0.3639725655220146
3,3_068.JPG,0.0,0.0,0.35607765910292877,-0.19463346048145513,0.6707608540189093,-0.5616526677617428,0.8392105043459597,-0.8930801123426986,1.024245403360286,-1.1265344496161374,0.24940574577171348,-1.027502737024089,0.2553230127754172,-1.4569305384672362,0.23781975469654137,-1.7214567796014142,0.2127513020862593,-1.9657856960915217,3.5565362087333827e-17,-1.0,-0.14232397380917872,-1.3923455251274157,-0.2191752287863135,-1.6685534453416528,-0.29188829679080597,-1.9221331558890058,-0.21108967966416642,-0.8875018289280219,-0.3133401890695448,-1.0573506510521373,-0.21202947943410247,-0.7712302458300299,-0.11307839320343328,-0.5676044706534075,-0.39948941029547835,-0.7503721996067421,-0.5153385447374873,-0.9615451483284535,-0.4512079860888894,-0.8178724029112814,-0.34866239364185436,-0.6873899389892838
3,3_069.JPG,0.0,0.0,0.3469006527398215,-0.14091462223942522,0.5907370132380558,-0.5343880148947696,0.7098426759107257,-0.9090241352899668,0.8729767337692067,-1.2033826786272501,0.24294987179385097,-0.9771224338142387,0.35695016881790664,-1.3558527245667544,0.4326929875542951,-1.6003305029195565,0.48923711003415,-1.8144539906764547,1.5442062924114922e-16,-1.0,0.025361087268386,-1.435061759609578,0.0669361457601917,-1.7144620983697665,0.08252010013421655,-1.9740716233227282,-0.2146458283796455,-0.9023974831008975,-0.31618949149968467,-1.2192404609462173,-0.23166047295024245,-0.9638500465678019,-0.15059950963774238,-0.7662628447613753,-0.41080434190159465,-0.7175566993212624,-0.49999975782049894,-0.9067604643886477,-0.40951715062772165,-0.7374083255478802,-0.3095923040891494,-0.5698252107878116
3,3_070.JPG,0.0,0.0,0.4259637611356145,-0.24884352398388365,0.6411507757425935,-0.6868586994822414,0.7594960347497326,-1.090700583079879,0.8776162813399285,-1.4596848488568352,0.22166674531858996,-1.0373662590259483,0.23336286116999297,-1.6088506323339742,0.26776857386032793,-1.9465753738122493,0.2802722956678259,-2.2563739640300207,-2.0439375496267845e-17,-1.0,-0.22266682984241487,-1.5401878979495893,-0.26413158782672247,-1.9309402007603493,-0.31953760197425035,-2.2645406031526436,-0.16468217872990704,-0.8368088289180494,-0.1717269608429792,-0.9690733761923166,0.024687117770497178,-0.6507780672606268,0.18261183535295916,-0.4354338962157205,-0.2379563552981661,-0.6660444198486437,-0.18318844471093482,-0.7415902878594133,-0.011764364863127668,-0.5470460401706159,0.1489049312343158,-0.4181872929789015
3,3_071.JPG,0.0,0.0,0.3162773385057079,-0.20493808113050035,0.5796811802500339,-0.625000384424914,0.7591643640352246,-0.8948828973383364,0.9472601494268429,-1.0106994336236756,0.2270176681349193,-1.028039270511304,0.29635247208391324,-1.3857508817841173,0.3365763237281114,-1.6097236042515766,0.35125808259174235,-1.8156949509366054,-3.5577605039010186e-17,-1.0,-0.1510294267075087,-1.394656717759124,-0.22889188175581818,-1.6471022702403868,-0.31172770293577035,-1.8814864855630375,-0.1951570079629897,-0.8737065948159316,-0.27574324884895274,-1.0686721050848025,-0.14767207436581994,-0.8006888369240126,-0.055869099537896386,-0.6004061877121786,-0.36295559800173227,-0.7051532478887647,-0.4214592786298016,-0.8718217766817264,-0.31182834828313916,-0.7086725375044086,-0.20899313296733896,-0.5616432167971984
3,3_073.JPG,0.0,0.0,0.3555270487531532,-0.19031557986784473,0.645081230461078,-0.5199110732109669,0.8731786794116253,-0.7608912356658352,1.1085214959521865,-0.8648523062203877,0.2279668673996815,-1.0058532266400153,0.26235727664417063,-1.3814314905912464,0.25452045212480373,-1.6274268469419104,0.24632204545029565,-1.8387371367120158,-1.7406450467697296e-17,-1.0,-0.1463117366985637,-1.4451735065587186,-0.19882034158674872,-1.7190280529145476,-0.25082650877402685,-1.9493660916410804,-0.1933962719418241,-0.8953879258197467,-0.2570432672826992,-1.2485767856972347,-0.13142027029619935,-1.0169460853904673,-0.0475309504547586,-0.8110087546561364,-0.3708014417810198,-0.7449262032123687,-0.39884812085569776,-1.0224661892546165,-0.2916980980309521,-0.9035691354413617,-0.19675317700785847,-0.7550411915891851
3,3_074.JPG,0.0,0.0,0.3426700764937776,-0.11833494366605665,0.6393265060783768,-0.41273930196256836,0.905670736432198,-0.604704857494269,1.1387082354960534,-0.7205524033603249,0.2542418375977387,-0.9865393629200025,0.3961573725583728,-1.3597141981591698,0.4618926846052126,-1.6257733183010938,0.4970417652177687,-1.8470805528785055,-2.4905959853967882e-17,-0.9999999999999999,-0.1611419014719415,-1.4726744756660826,-0.23680522124911155,-1.7850022498587876,-0.3100513636056843,-2.0420464713705213,-0.21892501776401987,-0.8891904779294001,-0.27769510689964544,-1.1804377965502022,-0.16400640885827417,-0.8623527722335353,-0.08100419962468539,-0.6383320377321985,-0.3985410681157321,-0.7014520429958461,-0.4310036567539805,-0.8486569760600304,-0.336435377308819,-0.6521831261607424,-0.2556836916013037,-0.5109293286027545
3,3_075.JPG,0.0,0.0,0.35354353965896324,-0.20566099542659844,0.542496312184614,-0.6791107530485946,0.6142109836261078,-1.0319584228007717,0.7594404880240596,-1.2227330565785497,0.2458837157420082,-1.0107650324894106,0.3636042375840265,-1.4060048763321578,0.43637396435432496,-1.6547298304498776,0.4833003696710884,-1.8673820115510633,7.040222393347828e-17,-1.0000000000000002,-0.08517871663829893,-1.4645241482724523,-0.13156314162622879,-1.7834368544752552,-0.18552603674723228,-2.054477855853327,-0.21875188155698194,-0.8836375885989775,-0.24332745384790982,-1.063367252647602,-0.11346403469183645,-0.7938991708670434,-0.022157056557861345,-0.5977020697772973,-0.39769763288597704,-0.6991217825158017,-0.3586541122459432,-0.77883715410723,-0.19155788983694907,-0.5838970330422951,-0.053161933131070024,-0.43370553817246454
3,3_076.JPG,0.0,0.0,0.3441353249135594,-0.18106738291728314,0.6599786064757936,-0.5214112680065096,0.9446559238903124,-0.7490334137119438,1.2248308257000666,-0.8740498355641982,0.2423066940313158,-1.016095438999173,0.29075068855600017,-1.3777013160310205,0.2997510957080611,-1.6244149968526809,0.2964850457008622,-1.8388317816941404,3.3400541381835216e-17,-1.0,-0.12810950264660032,-1.385478413617991,-0.17584949248280454,-1.6313188402115955,-0.22195282555680915,-1.864910955136739,-0.20914636679924561,-0.881500455699187,-0.2958876902412852,-1.1493201962288517,-0.17783826561565658,-0.8895024411480846,-0.07660634094007843,-0.69283389096784,-0.3815680500262467,-0.7046126554902098,-0.4571591794754031,-0.9028945532138176,-0.3441286901203253,-0.7470478427072104,-0.21939349092193042,-0.5892542076788116
3,3_077.JPG,0.0,0.0,0.3198407350523154,-0.18517319164556645,0.5635719829982506,-0.5688102774439256,0.7486508484046146,-0.8440849772719778,0.9430378662680915,-1.0329087670007069,0.22391483492959763,-0.9992522660743309,0.30434176237115484,-1.3729338882658872,0.3502245876545957,-1.612574284765152,0.3832056582046309,-1.8255846538543063,6.200192212097348e-17,-1.0000000000000002,0.005598810642712354,-1.4238675539488392,0.03200871957911936,-1.6859021061930888,0.04347385609267001,-1.9232258712132788,-0.2167004626899648,-0.8970467900794277,-0.23072946614681508,-1.231151980872214,-0.16402194113488566,-0.9667092599630569,-0.12482042168640263,-0.7535081392940308,-0.4190497793600126,-0.7200658508175493,-0.44013034277362734,-0.9143945454108146,-0.33538283206325037,-0.7291707803824607,-0.2534870291689557,-0.545367540088595
3,3_078.JPG,0.0,0.0,0.4008687011407924,-0.12884664352239686,0.7062362450408012,-0.5215914279272412,0.9130976770958048,-0.8367930864901765,1.155239601659955,-1.0283353280279761,0.2809700666021337,-0.9896362210953648,0.41632318128529455,-1.4438325977351192,0.49439780915213455,-1.7394710091304257,0.5526313009993409,-1.9856451762369407,1.3889642567139543e-16,-1.0,-0.09694151659420198,-1.4958955521266615,-0.14412366319871392,-1.8417373048417554,-0.2127700460923215,-2.1275218799582563,-0.24173890283558433,-0.8829306765516045,-0.2862188141872649,-1.144830169915737,-0.18151407090390798,-0.7663271715287527,-0.10141636027218821,-0.5037135915311722,-0.4357524764845893,-0.67619185740985,-0.4647427122538712,-0.866542276505596,-0.35672991563844936,-0.6099776179522638,-0.2684770217912917,-0.41138636560845626
3,3_079.JPG,0.0,0.0,0.37638276915667296,-0.19032511409079317,0.6305760259430342,-0.611420443491623,0.7801643965544359,-0.9477275775490892,0.9676199468068591,-1.186186724921509,0.2582413766843448,-1.006603286137836,0.31557006387956915,-1.456618350134311,0.35655774364447435,-1.7456406214566864,0.37840691135722215,-2.0043628438112484,1.1198271627874484e-16,-1.0,-0.11995723328120508,-1.4692458169479292,-0.17658854946401362,-1.8084407248300516,-0.2575949243150854,-2.106325611371797,-0.22825013418854093,-0.8782342941370815,-0.3339162752369458,-1.0512607526257058,-0.2183004113421687,-0.7006432405362891,-0.12132451899004607,-0.45271748222635333,-0.4159207975253378,-0.686900106235091,-0.5017244706542627,-0.8248541266051707,-0.3976636901910052,-0.5951273524113114,-0.29823115874101414,-0.418748105072318
3,3_080.JPG,0.0,0.0,0.35942373286057616,-0.17883822557679993,0.6712549373039212,-0.5329325316376055,0.896601098773777,-0.8222736455695864,1.0449230602791533,-1.042309243345135,0.2334088399909102,-1.0367531343489769,0.2513612464626045,-1.3910603306879261,0.22971682255066886,-1.5913868977627381,0.19285057641762493,-1.775443154755608,3.190273024066021e-17,-1.0,-0.16832597188274082,-1.3627684683497387,-0.2522882274708408,-1.5541459653870502,-0.3398780383832576,-1.730778715749464,-0.18216383207213532,-0.8748098894773639,-0.3469824020057566,-1.0777275682374976,-0.2571585057922752,-0.7892013453342003,-0.17204961993145243,-0.5744303699937942,-0.3407053163982248,-0.707653097431238,-0.4543626117012487,-0.8225137713255044,-0.38750988246367674,-0.6507015884013004,-0.28771621744281334,-0.5078161651541099
3,3_081.JPG,0.0,0.0,0.39639604714319754,-0.18994061770247203,0.6269829614435274,-0.5906472530991974,0.7332039976976935,-0.9180834129701634,0.8653820294875522,-1.1075975757556007,0.22912864579130648,-1.0345531419452731,0.22780912016968893,-1.3712587693061706,0.21025358056431448,-1.5717074143961764,0.1989964502759649,-1.7585010273487278,1.5991823786624464e-16,-1.0,-0.16005972997882556,-1.3716676455403283,-0.22261719470465285,-1.5568544310615826,-0.2751967565480034,-1.7169826951977107,-0.1829496060220038,-0.8768688166142252,-0.3227181834825129,-1.1771439400793393,-0.23859167554439267,-0.9738567290214124,-0.1631848846975186,-0.8000952069479715,-0.34676191622855285,-0.7182553078790345,-0.4717413566865758,-0.9567451590613717,-0.3905594299625802,-0.8490029557148109,-0.27702623049135167,-0.708846849833922
3,3_082.JPG,0.0,0.0,0.35481579515934464,-0.15059724052617174,0.6784645494669223,-0.5172192187915936,0.9372540249544148,-0.7900421759661219,1.179393848207243,-0.9917948855774688,0.26989053201592866,-1.017350143625181,0.324257391201367,-1.4344932392265357,0.3464994657097596,-1.7253490880392348,0.34333389503110445,-1.9814508324257603,-2.277182115277015e-18,-1.0,-0.14000394702249622,-1.453216811281063,-0.18313024650654633,-1.746618458641937,-0.23872021831928475,-2.0293910910545927,-0.23554722442208573,-0.8618523317038992,-0.2685972841625833,-1.0863795815429262,-0.13794909731244506,-0.7900523984839514,-0.039983891578449775,-0.6064802474039275,-0.4270414126301821,-0.6604512608877174,-0.4447408232204035,-0.7954401401596908,-0.31412503635284733,-0.6032262919205197,-0.20786578225253707,-0.46771155225505906
3,3_084.JPG,0.0,0.0,0.3634064137092438,-0.16374985861523403,0.632672016169528,-0.5312253029870638,0.8361110322065196,-0.8368971776866386,1.051558949647074,-0.9863650742280401,0.24481353324342436,-0.9996805107337577,0.2946816244957439,-1.3756665256990737,0.3157715375865235,-1.6163675954564067,0.3233497444100569,-1.828327412877199,6.035956091609918e-17,-1.0,-0.09889957151622503,-1.4030176513929014,-0.16723122838190743,-1.6693897413601209,-0.23996542837073187,-1.8992946123896919,-0.20277090128698766,-0.8908173053102465,-0.3359094327904603,-1.1304922567659885,-0.24574618587669692,-0.8779229222497221,-0.16068160634063788,-0.6855797841287097,-0.38149375916898515,-0.7113896642897019,-0.4810262396477137,-0.8688217332724348,-0.3923855768466472,-0.702765328703868,-0.2893525485312203,-0.5547307387850401
3,3_085.JPG,0.0,0.0,0.362529591459346,-0.14232232523405505,0.6421471528990575,-0.49742568256066166,0.8613936429525362,-0.7821769832244496,1.0590178681272702,-1.002929371318553,0.244862625720561,-1.0038172185690484,0.30214603044709454,-1.4226503111256619,0.3294168611191296,-1.7006412695035282,0.34218941618718945,-1.9481109765023068,0.0,-0.9999999999999999,-0.1167984015758152,-1.4328460033130568,-0.15222458311731163,-1.7319108143641655,-0.2095550435683041,-1.999675817605452,-0.20498708688509784,-0.8735365558852675,-0.37847637742832496,-1.0870865019632168,-0.2797131424349643,-0.7823255403057965,-0.17392908685102412,-0.5682992888222981,-0.368483588763518,-0.6760113197900335,-0.5035988404926665,-0.822407859828184,-0.4207730566412131,-0.6391240687989922,-0.3091041004174531,-0.48466914599088545
3,3_086.JPG,0.0,0.0,0.39961234434964726,-0.12472951642484804,0.6330616815463381,-0.5373324451639909,0.7569272571420094,-0.8978899525769645,0.928871474717365,-1.1974637139914823,0.30869988070461046,-0.9735813148355784,0.5036268240259834,-1.4420210704579555,0.6073102636536746,-1.7482159702204165,0.7035318438990148,-2.0066056805360932,0.0,-1.0,-0.13375247372129354,-1.5514905233912433,-0.21062097946749733,-1.9147940496903069,-0.28133161241237886,-2.2014530702743755,-0.2568988234737001,-0.874114661546012,-0.3811929844737826,-1.1586725155622368,-0.2906388203581229,-0.7604943060709582,-0.1842448557962015,-0.47209973769361413,-0.43105452087560714,-0.6478753144407555,-0.5312175763196453,-0.8019788244656015,-0.41544393140528646,-0.5180279688465771,-0.3050133916769763,-0.30783277845501467
3,3_087.JPG,0.0,0.0,0.3462861966795886,-0.2513439889488564,0.5519911932921143,-0.659516159422826,0.7012007157493167,-0.9762670727386689,0.8894498726312554,-1.132818142943778,0.2266085074997174,-1.042581373310624,0.24459310927953296,-1.369876368998967,0.24953315408760468,-1.5615418522775149,0.25232571747613086,-1.7459031399935936,1.5037693103030406e-16,-1.0,-0.1241083812645776,-1.3813515850492786,-0.15568122318184133,-1.6069204748097754,-0.19569939141726245,-1.8141740165773736,-0.19045306704846743,-0.8634881113146927,-0.33081953272950143,-1.1201146057499995,-0.20616478585997802,-0.9166889578862888,-0.09752968666609088,-0.7455990345697343,-0.3543978695536605,-0.6866975321533842,-0.46853235143361405,-0.8498847721615307,-0.38017792304550996,-0.7438563884295748,-0.2698474717657931,-0.633205666947075
3,3_088.JPG,0.0,0.0,0.34617861785640336,-0.18372034607426466,0.677985576072036,-0.5940670322206721,0.954283270929081,-0.8001424402564893,1.1932311920918237,-0.9066902948289471,0.25285554483660505,-1.0100599291272538,0.3151508965279188,-1.414263175459563,0.3388347479966933,-1.6804878914876311,0.3524983208175809,-1.9095004149984545,1.5061321313762415e-16,-1.0,-0.0999088873903973,-1.4992680627953876,-0.11838093038356591,-1.802945249128463,-0.15104823791482505,-2.066114045129771,-0.2257599227291995,-0.8787046713679376,-0.2363317582368866,-1.1853941240118593,-0.11179059730583127,-0.8730677066911979,-0.042240970692319316,-0.6349928898370303,-0.41455584290422404,-0.6836987752558511,-0.3747216690316232,-0.8099026430928948,-0.24003172972566283,-0.5755416143027191,-0.15710880645511147,-0.3866249849023995
3,3_089.JPG,0.0,0.0,0.35568197597653467,-0.20670089205014322,0.6031808543430959,-0.5956822304394217,0.7672345158166571,-0.8541618826003818,0.9355755162006917,-0.957669778864719,0.22412373574258637,-1.0098991198315814,0.26672248850196173,-1.395479592355426,0.27757444477090354,-1.6439038541736604,0.28567943792689826,-1.8618076131594807,-3.606403598395109e-17,-1.0,-0.04874580221054091,-1.4239921830931883,-0.07975636800451075,-1.6850027341125822,-0.11622386822788194,-1.9114775930511794,-0.19998908245177022,-0.8950822930453458,-0.27821111832189804,-1.1692384234225377,-0.18402675035837276,-0.8935186575857464,-0.10288252156797606,-0.6642124074496774,-0.3839433212425381,-0.7318879730767354,-0.43741928333741215,-0.9038483655404872,-0.32697372479871145,-0.7318166883575089,-0.219626237282338,-0.5614688891118014
3,3_090.JPG,0.0,0.0,0.31551858803821686,-0.2302636922550842,0.5180875863627004,-0.6725983920781436,0.6847949786401645,-1.018733530283155,0.8681126314329852,-1.2264034884393722,0.23599858143603525,-1.0164307764212075,0.32059788620400975,-1.3772937450409932,0.35708955810267273,-1.600161972318529,0.3791548855987986,-1.8071861478278048,1.661825202487819e-16,-1.0000000000000002,-0.11692034665585484,-1.4110929323646326,-0.1585615259229428,-1.6695053352789533,-0.2168455442425136,-1.8986665257236663,-0.19451209786674367,-0.8719831179491417,-0.35517876192765957,-1.1273877987031276,-0.26576313691900433,-0.8621536937795359,-0.18221660954999722,-0.6575351494569567,-0.34741000143242173,-0.6777211815518824,-0.4721985485278563,-0.794005981764328,-0.39279463415744,-0.6338680510690046,-0.2914558470248881,-0.4909545740753701
3,3_091.JPG,0.0,0.0,0.3286251640936587,-0.20642204924648755,0.5801329603799036,-0.5896845088328488,0.8020458901800088,-0.8695129288980875,0.995913950178636,-1.0458125353477992,0.22283866592422505,-1.0247385327734302,0.27751353672091345,-1.3676158845716586,0.2982394536616762,-1.565297479457355,0.31457232255832124,-1.7517907187565558,7.28362674719229e-17,-1.0000000000000002,-0.09763311836604785,-1.3796969210259018,-0.12939327917457702,-1.6100504688515795,-0.16124096288472542,-1.8308671092674196,-0.1860845811533249,-0.8704268528062096,-0.31045757145751945,-1.1066931213488453,-0.22472054308356257,-0.8457487841502797,-0.13875682680541673,-0.6477538621714767,-0.34499659465623256,-0.6876616267228403,-0.45531606672842656,-0.8093554966704812,-0.3697276764862651,-0.6571467548856995,-0.25531812287694844,-0.5177670320012848
3,3_092.JPG,0.0,0.0,0.3060524834879122,-0.13652579952724694,0.5364627751646454,-0.579905023229114,0.7155735704218612,-0.9185394707567041,0.9236215139839279,-1.1492063426003771,0.2377353557632069,-1.0036060102845672,0.30830256200953055,-1.4093466911137444,0.3568912072995127,-1.680783100283253,0.3878858731792063,-1.9192187235429916,-3.3858306963751443e-17,-1.0,-0.18208516856484416,-1.43466808336045,-0.25247739361306126,-1.7167965792806819,-0.3363247403024626,-1.9664771690070353,-0.2068217256345913,-0.8756193603196442,-0.3627414075643702,-1.054949982810894,-0.2582654171876287,-0.7047857265603396,-0.16309626605797434,-0.47299929408292946,-0.3594572284787105,-0.6817364207574597,-0.45473678482256363,-0.7916432351921187,-0.35465886040573846,-0.5648934481040147,-0.2480010425781879,-0.4035530863867224
3,3_093.JPG,0.0,0.0,0.3739260375895034,-0.14287865951800227,0.6509812900236929,-0.5304143902989898,0.8248611425081985,-0.8309757144669995,1.038026065924831,-0.9627514312430446,0.2361818455186916,-1.0070527489795231,0.30657716078404185,-1.394222124813597,0.3361539441390933,-1.6510922073680292,0.35645605933376384,-1.8716478997464134,5.947329437421963e-17,-1.0,-0.06385332133032552,-1.4472685475303957,-0.07487604364385758,-1.7242486840991613,-0.08948657959056985,-1.9663144604715679,-0.2080979034133105,-0.8836293909480974,-0.25515033978920276,-1.2286449572488565,-0.14763153563461295,-0.9685638870417033,-0.06509539916592895,-0.7571426763764557,-0.3990267112697023,-0.6911754603271658,-0.42650106856905134,-0.896278428130862,-0.2989245216936195,-0.7294246571484799,-0.18441069636924062,-0.5593424446213322
3,3_094.JPG,0.0,0.0,0.3410539518249746,-0.16103115460805745,0.5836559305811988,-0.5400647532726488,0.7016926625867612,-0.8464039918565457,0.8008797689724818,-1.0762376723674658,0.23342175904090537,-1.0128060260558711,0.3081627072852281,-1.394600713883588,0.3483039329816527,-1.6377788874614165,0.367727322250711,-1.8583259935189005,-3.615904913333084e-17,-1.0,-0.12101840449793896,-1.4517945747893488,-0.18456447795923417,-1.7236320402466736,-0.25518577280982385,-1.9791687809667964,-0.19804569600383565,-0.8736022893798886,-0.2831254733671637,-1.0970833202416277,-0.17804035125468318,-0.7931166098909823,-0.09639571666017988,-0.5858460171460017,-0.37948649938061046,-0.6799155132090242,-0.4504033866136586,-0.8379388905165418,-0.3388268430475403,-0.6448186964941061,-0.23717525733991907,-0.4883374726961248
3,3_095.JPG,0.0,0.0,0.31596531948242057,-0.19962477190716094,0.5971366806952528,-0.5614082337602978,0.8363094599214064,-0.8095241807192003,1.0350365997363438,-0.9434075622108752,0.23030055743900227,-1.0186916468843732,0.28917450231167796,-1.380827484998775,0.3055464237448806,-1.607138292654221,0.30411417343250674,-1.8156446318786177,2.23155322599918e-17,-1.0000000000000002,-0.11050956041207959,-1.419676701289597,-0.1498839538716241,-1.6841307161164993,-0.1956325359454752,-1.9303680452322294,-0.19586296901715677,-0.8748742744106232,-0.28800275160779065,-1.0877136507697236,-0.17114027645385124,-0.8240768493868404,-0.07545762344767665,-0.6219862347723975,-0.35617026567840426,-0.6918332644506702,-0.42562721406586135,-0.809295207518133,-0.3142988394136122,-0.6461277175714117,-0.19956366132562273,-0.49904212328784847
3,3_096.JPG,0.0,0.0,0.32647861324239363,-0.17641552580451492,0.5835401409984171,-0.5660065977602393,0.7628430924628635,-0.8667923570539933,0.9617331909871566,-1.024062347182101,0.25547265692515986,-1.0092104967144047,0.4145933427892877,-1.4000890440403928,0.5108503367003209,-1.662053626457411,0.5574821935881838,-1.8943528374494767,1.3210784839917604e-16,-1.0,-0.18342180548018067,-1.4661252171521264,-0.26937615154872935,-1.7556181164032203,-0.3662713110680982,-2.0355459390078017,-0.22012586375277643,-0.8685582867552389,-0.3286179539578938,-1.028259170158215,-0.20849040212759457,-0.7622412408182718,-0.11250020749484466,-0.6257607913467104,-0.39587117491439905,-0.6819722679009453,-0.486044458113109,-0.8021641051748567,-0.37597678071683827,-0.6339239528713285,-0.2711196308188734,-0.5431622263180977
3,3_097.JPG,0.0,0.0,0.3085424387386617,-0.2389537730969345,0.5148377812739408,-0.6616665854310515,0.6898723259724795,-0.96775115198518,0.8805433564241549,-1.145445073330928,0.2091671034231987,-1.0134661698367695,0.26403423315710073,-1.3718281850564817,0.28511149612988795,-1.5915827485622596,0.3000488141113728,-1.7935493145372552,1.483218090816262e-17,-1.0,-0.05943210547101653,-1.3885049479571079,-0.07964435384475056,-1.6108741600715226,-0.1024272279887758,-1.8187437420977013,-0.18187040658203746,-0.8827085426533096,-0.3082255711574711,-1.1862948608779211,-0.24862559111122257,-0.9627699554689176,-0.18286495278325895,-0.7782889302104021,-0.3423988451784047,-0.7001282959631431,-0.4615649557089664,-0.8764841976949834,-0.378579642527582,-0.7399621802989838,-0.2670263370064026,-0.5876228290396491
3,3_098.JPG,0.0,0.0,0.4237579154230527,-0.15166551484172944,0.727046349166112,-0.5844065536813124,0.9455133601458217,-0.9363203766089538,1.161812926811737,-1.188474662270924,0.2982721936001455,-1.0199263655132293,0.37904762813340637,-1.4892465492133011,0.4567620182140619,-1.806305131120447,0.5038241647212454,-2.0624189477448422,-1.990456354760554e-17,-0.9999999999999999,-0.16240314833890854,-1.4530154187321869,-0.22417329831826235,-1.7904516056145816,-0.29179872209920876,-2.061893622998284,-0.2352409520618317,-0.8542315604120078,-0.29762542035971495,-0.9519225300144026,-0.21766630972223885,-0.6528912170724221,-0.146716426121973,-0.43954883393878824,-0.3889273051241729,-0.6412859030594427,-0.4110302538505075,-0.7027721265695919,-0.3253327388356287,-0.48641397110206813,-0.24713693015595145,-0.3240388263245668
3,3_101.JPG,0.0,0.0,0.3264172737795674,-0.16736360522080157,0.5755476306425384,-0.5672695663689155,0.7758283050653544,-0.877629103479867,1.0162074673691888,-1.0272939143533142,0.2540287561186938,-0.9978027762408245,0.355856723083929,-1.377771278492261,0.4099037270979878,-1.6260189956041333,0.4470954821370075,-1.8476099056663091,1.0245906418049621e-16,-1.0000000000000002,-0.09562919153312126,-1.4257581643367538,-0.13227585294258853,-1.7129554337935404,-0.18225115817125817,-1.9756609215253358,-0.22146606013741307,-0.8822737763827453,-0.35698910592026156,-1.0870551324561086,-0.24458297662657438,-0.7826796388707491,-0.1393085282645052,-0.5547962329211452,-0.410378045436398,-0.6974439422620069,-0.5328785274220965,-0.8749414254790386,-0.4295386492301686,-0.7149028802059059,-0.3052672877392667,-0.5646975266607253
3,3_102.JPG,0.0,0.0,0.35283331756086883,-0.19641502142265604,0.6143399942862188,-0.48988334186698,0.8382156675582824,-0.7603066136542032,1.060197553082791,-0.9225589088979119,0.22383344357511895,-0.9969376101616816,0.2500706295530198,-1.3663194379590693,0.23242029577692497,-1.5814875454890387,0.21845129830705354,-1.7806967199609236,-2.4556045290047763e-17,-1.0,-0.0686037226745018,-1.3884281187215894,-0.11614303717776576,-1.6354231720775225,-0.15684160009707263,-1.8439582590750558,-0.1907670540932725,-0.909058306534138,-0.30901413460977095,-1.209126980483525,-0.31812060029824746,-1.0142470982089233,-0.30221668734577617,-0.8261237930200488,-0.3595031600318554,-0.7687800254067597,-0.5073958511817692,-0.9647445994885301,-0.4909157060040415,-0.8511913972512425,-0.42601938050155025,-0.7078793392662063
3,3_103.JPG,0.0,0.0,0.3539299292764277,-0.216546782787895,0.5946541505847973,-0.6150231118583871,0.757823860676764,-0.867932030118509,0.9530038417059449,-0.9748314527066985,0.23969030918547712,-1.0266251804503395,0.27750866473179514,-1.3982855089954875,0.2914729094339919,-1.652867575029472,0.2799609945646478,-1.8836521483925404,-4.7130717598443075e-17,-1.0,-0.16505179428464478,-1.4141207506097742,-0.2325786856353741,-1.7014800128887781,-0.3116306526323834,-1.9676623605019439,-0.2096606512602803,-0.8633570505588523,-0.2818071244722554,-1.0190480733403826,-0.1626834677780004,-0.7016181643721505,-0.0763711155679312,-0.49315055039362315,-0.38969267175921257,-0.6608272298022659,-0.43514418833533036,-0.7823873256083415,-0.3063552129952728,-0.5775938408983704,-0.1988857504536096,-0.4243621501456823
3,3_104.JPG,0.0,0.0,0.372386284589452,-0.21558252258289648,0.6222409473342667,-0.5606122891119526,0.8096530039419054,-0.8153291075837719,1.0053831762646304,-0.9722932935595362,0.2182900329285001,-1.0079582148001425,0.2545551414090066,-1.3635114858776183,0.2724795209840356,-1.5899248254641545,0.2826128960011281,-1.8012885197542692,1.4753857659856052e-16,-1.0,-0.0801369255164235,-1.402603587465053,-0.09437192128570301,-1.6535585644127917,-0.1129564600884366,-1.8886424298711604,-0.1874761907853471,-0.8806227275056908,-0.298586739097559,-1.163495288106947,-0.20678833315334813,-0.9231592613566417,-0.1222963243492347,-0.7335223821516947,-0.34933443240475087,-0.6963459718566923,-0.45995428181886927,-0.8576484563882821,-0.35968216184681695,-0.713071566562545,-0.24351454081531432,-0.5649301067038474
3,3_105.JPG,0.0,0.0,0.34788968379681684,-0.17060030810884447,0.6415361424733033,-0.5489285471914629,0.8512699323450488,-0.7972207521649425,1.05555293267331,-0.9421814092250731,0.23804263504556689,-0.9972717859795516,0.34140122322085253,-1.3859505738187476,0.4052509568422525,-1.6353942428485222,0.45689154034632146,-1.8520673942911152,9.06543052267053e-18,-0.9999999999999999,-0.06684950594589742,-1.4775311185966558,-0.08035383472065502,-1.7748730927370777,-0.10298837289992567,-2.0329457935781026,-0.21772930125906373,-0.8881137377646576,-0.2561496194733771,-1.1647154482001756,-0.1436861243943133,-0.855986537509378,-0.06221341567951777,-0.6271373518718986,-0.4091979871255013,-0.6986363382621736,-0.44999950943532924,-0.8546938025287056,-0.3188957692942851,-0.6468997044525796,-0.2116784771062816,-0.46654502208397364
3,3_106.JPG,0.0,0.0,0.3872223264668685,-0.19451116187774625,0.6528516335370589,-0.6118318725553223,0.7752983386620398,-0.9319226554356219,0.8890863905968154,-1.1953639028946612,0.2419821875811494,-1.0144753963539705,0.24686128668226562,-1.4110623847381845,0.23354148371565892,-1.6555712432023006,0.21957958825355606,-1.869113059024329,7.818680396167708e-17,-1.0,-0.04060147149966473,-1.4369259197598279,-0.051942200207567846,-1.701249348878911,-0.0860480423753249,-1.9329765253585132,-0.21913191631946383,-0.8975765239619614,-0.2870846799947898,-1.1846191719067698,-0.14642311650585277,-0.876177464477246,-0.045072099532011196,-0.6377584534128355,-0.4283594722630674,-0.7429001852141361,-0.444488873904687,-0.962582053617786,-0.3147774558613117,-0.7632536604936149,-0.2053677488641586,-0.5745522248268592
3,3_107.JPG,0.0,0.0,0.31193629614251417,-0.19056852107997482,0.5436614068988179,-0.5766653692248214,0.7355165333077296,-0.8744034415576155,0.9097766237713475,-1.099424939928365,0.2192287416033725,-0.99679622105415,0.26066665952711243,-1.3837431927824007,0.26909297141975036,-1.6273962844270289,0.2779548156611593,-1.8548937607341938,5.78566030084124e-17,-1.0,-0.07418031867535461,-1.4132354291913976,-0.09551671331968002,-1.6800244239782005,-0.12329231757305764,-1.9275825657877852,-0.20199379613510698,-0.8994071492308545,-0.3254251304802188,-1.1837355782160444,-0.23820361055983025,-0.9563162911030348,-0.16205345109696848,-0.7731734184744726,-0.37801449761548,-0.744698287367607,-0.4879155379294263,-0.9664566235038358,-0.4185436247648081,-0.8445891521984692,-0.332052945275422,-0.7126534952853611
3,3_108.JPG,0.0,0.0,0.43876958571999025,-0.10759060057051437,0.7951455215669743,-0.425348006611127,1.0443923142473701,-0.6860600358235008,1.2820949268135358,-0.9314644295771349,0.28815578416160237,-1.0131260943804874,0.3709758445368546,-1.467318168779505,0.4310199378157574,-1.7571081780264954,0.46484492641115843,-2.0038233160876544,-1.8251734314851882e-17,-1.0000000000000002,-0.11045897122108586,-1.474561182326638,-0.11561455560396651,-1.8120726599066348,-0.14780259955532293,-2.0870310620832084,-0.23118364534590255,-0.8599614907971967,-0.317702180305598,-0.9010507811018358,-0.2003239500847936,-0.6142283894051179,-0.0814077715479312,-0.43342973319023176,-0.38979856821238884,-0.6699001694033855,-0.4506526830796656,-0.6698292109085371,-0.33481469775783457,-0.45903944353911746,-0.21308212811997598,-0.3145768498184271
3,3_109.JPG,0.0,0.0,0.33464881948623104,-0.16465231540676334,0.5923251014062303,-0.5775790772485389,0.8075899788328341,-0.8405370763069354,1.0150565875536202,-0.9981314306051025,0.23888535537419936,-0.9945276252578491,0.3130847949055759,-1.4022508157043936,0.3450969720883787,-1.6621297145197056,0.3688533641620587,-1.8907551369753108,0.0,-1.0,-0.06653842428717785,-1.4521559858044923,-0.08829488459894475,-1.7430024697174387,-0.11921172027165113,-1.9956669766553565,-0.2102155373456113,-0.8881004861276889,-0.34558619144881364,-1.1298364670885916,-0.2536795700441117,-0.8477040227809147,-0.16336755919549048,-0.6339814576721489,-0.39114464428244833,-0.6999861958602425,-0.5033551966091183,-0.8449977011951885,-0.40318404607416564,-0.6583442723754873,-0.2881328531499011,-0.4877652750408943
3,3_110.JPG,0.0,0.0,0.3699773757309873,-0.23391084236486062,0.6405416666121201,-0.5729780910303606,0.8678662502594261,-0.8434431821782242,1.0712721791246371,-1.0402393730688528,0.22161003273129,-1.026163652886662,0.2514600716118708,-1.4133746572559145,0.26583660120744984,-1.6448958010552333,0.27104390236622933,-1.8600110466779534,1.3357160164463598e-16,-1.0,-0.0970807372935507,-1.4160310110967753,-0.11165880065023887,-1.6695766916405523,-0.12836581474519343,-1.9051134798769007,-0.1903101060679969,-0.8692253410411629,-0.2946638026671354,-1.1492790929788057,-0.20093018272840987,-0.9353398520573293,-0.11313815642058643,-0.7600259566858512,-0.3491212891384021,-0.6905150786639148,-0.447994709887832,-0.8587783680538911,-0.34625952219806555,-0.740233190493625,-0.223287420592575,-0.6081124083689077
3,3_111.JPG,0.0,0.0,0.3143613081047074,-0.21586545077277594,0.6152811826269117,-0.5945836631152396,0.8936063685450617,-0.8444454235216635,1.175634229857478,-0.9323860350330431,0.22501850471619989,-1.0252759759858843,0.3254892935578249,-1.4468438264142036,0.368276649393845,-1.7161774841556043,0.38813547389611636,-1.9551109358491563,6.172852371784135e-17,-1.0,-0.11904684375986414,-1.4962605354720089,-0.17177728761397917,-1.8018383854683704,-0.22587910344639178,-2.0802765567370396,-0.20977861903713618,-0.8622380268854308,-0.24550505475742967,-1.156413563111841,-0.08505546213887781,-0.8877098975254358,0.044760215749193796,-0.6745067522669922,-0.3837492793715375,-0.6599251283069009,-0.4253544954152116,-0.8131915185464087,-0.2504105154498303,-0.6616428148147214,-0.08236324789165884,-0.5179405635966867
3,3_112.JPG,0.0,0.0,0.39057130580695665,-0.20460050613368974,0.7324309936495528,-0.540782109928772,1.0351933046282908,-0.7516751071144065,1.323783939194217,-0.8534109850637666,0.2455222888689213,-1.030998009618287,0.3035435882279232,-1.4444186316790601,0.339642248291977,-1.702144375742657,0.35185240975935905,-1.9416885859769932,8.596384781774009e-17,-1.0,-0.12730609163366832,-1.4303274576511709,-0.15411302259547185,-1.7121325547772936,-0.19863440797548904,-1.9791710588128968,-0.21133047723425508,-0.8646414073653312,-0.2960533155662036,-1.0998168369359713,-0.1796770627372243,-0.8304776269151066,-0.08610738971949164,-0.6342193567500112,-0.38334990703336225,-0.6816342179119593,-0.4587958923227134,-0.8492672369366269,-0.35774923597389724,-0.6872616694536856,-0.2592833110747566,-0.5411448701247789
3,3_113.JPG,0.0,0.0,0.3486735518891313,-0.22789487919562298,0.5699471757610705,-0.6801846701009249,0.7199014640671367,-1.0188944012561085,0.919753077927745,-1.2249733583892233,0.2316661937867257,-1.0324114784598843,0.2401822734590697,-1.4186967910416615,0.23221528654962845,-1.6508185744920558,0.2122625677180562,-1.8764887788544091,0.0,-1.0000000000000002,-0.1575673921932874,-1.40977540622803,-0.2281086585214263,-1.6829750793164293,-0.3022065939722505,-1.949727914881523,-0.21057850287406726,-0.8760802264514493,-0.260891110557073,-1.0918794275420058,-0.09689883681707379,-0.8200403230722478,0.023617951088953187,-0.6160602873196607,-0.39396972114707157,-0.7088117653273086,-0.4602732255997619,-0.9123837841289015,-0.33577797677113175,-0.7696350152192456,-0.212112584916912,-0.6384801148105542
3,3_114.JPG,0.0,0.0,0.3456540971494561,-0.17544362114077813,0.6388310402268678,-0.5318971748887505,0.8979640011629402,-0.7808168518781874,1.1461835222149985,-0.9189724152279061,0.23398143343633934,-0.9967226428937204,0.3296394400393371,-1.3720208919297103,0.38715062518321647,-1.6127460273192575,0.42913594776548675,-1.832720575199445,3.5043858741826655e-17,-0.9999999999999999,-0.11031060257279474,-1.4062797545237309,-0.1513492961400683,-1.6732601113013428,-0.20187010207688724,-1.918116428042163,-0.2012740526437702,-0.8857481943415768,-0.33808180098573704,-1.14208512177363,-0.2544015796053361,-0.8598514859116255,-0.17103597102663162,-0.6473187521985758,-0.36650277354309924,-0.700463711416392,-0.48561654276003446,-0.8762265722642715,-0.4002432975802252,-0.7169750100893341,-0.29204388437879675,-0.5588939124228646
3,3_115.JPG,0.0,0.0,0.3146494386643796,-0.237105154317359,0.5243598798385998,-0.6210199561210001,0.6878116625762449,-0.9039375879701524,0.8884192540238778,-1.0487545192831562,0.19770654726107123,-1.018626769186007,0.19217246861023762,-1.3892784032288652,0.17498188654929273,-1.6172939274632403,0.15359813060636204,-1.8317830357940723,-6.381182723624246e-17,-1.0,-0.12557192778350057,-1.4382175739103327,-0.156487910480093,-1.6921550459239671,-0.20155248505655646,-1.9266121909990095,-0.17343084582384363,-0.9006832468595112,-0.17710975339862844,-1.2076472185433467,0.017755186790385742,-0.9946477945983392,0.13824141916329538,-0.8135151920918975,-0.3305759308874819,-0.7611845553135757,-0.2964167974756436,-1.0251613801425723,-0.14625542914679254,-0.9028914280514171,-0.039292168697797454,-0.7621898633286779
3,3_116.JPG,0.0,0.0,0.3686254315729851,-0.20202723683427853,0.6453514036170175,-0.6097975957646693,0.8183652821577967,-0.9114772038044783,0.9772521085436875,-1.1459937475022082,0.2620997978083604,-1.0346194905291306,0.34881505730336365,-1.459577078230535,0.3958353808699062,-1.7453275534809904,0.40073410509367446,-2.002793657041172,8.123284132662578e-17,-1.0,-0.18334320504490884,-1.4529682600772929,-0.27874300851469486,-1.775869611315907,-0.3885495831496987,-2.0611487765676078,-0.22878659941609947,-0.8546786474561825,-0.2998247867043549,-1.0289607924601107,-0.14493066825102677,-0.7169210542138948,-0.03221691708005984,-0.4985506342133909,-0.4228357047530299,-0.6572055601052151,-0.48087248300379315,-0.8059747336184504,-0.35115937948700043,-0.6083392803947046,-0.23237517404459523,-0.4623945191162931
3,3_117.JPG,0.0,0.0,0.37349260898917125,-0.2140799284485751,0.6002450462679348,-0.7712640778128763,0.7725167143353763,-1.1586192673402032,0.992001483196224,-1.341475895788342,0.2642389407675988,-1.0767857319559457,0.20620868297010575,-1.529246517527694,0.1700524599465626,-1.7815304284812727,0.10544882514684169,-2.0080961821316197,0.0,-1.0,-0.29080171174927927,-1.3876639885876514,-0.4099880130194805,-1.6242940389795246,-0.5313720150068973,-1.8583605941983163,-0.20156248912494518,-0.8083556619492279,-0.29092019921214474,-0.9428319982253507,-0.10354637585026776,-0.6755788284640626,0.02819443672851512,-0.5077774725503625,-0.34923702647953214,-0.5923795419513787,-0.3421116940283536,-0.6677368971016614,-0.1997257074935587,-0.5004749143864394,-0.0678030624417421,-0.39351333397150096
3,3_118.JPG,0.0,0.0,0.35206214251948503,-0.21542539385545578,0.5772869691728477,-0.6722400792026053,0.7070510977882578,-1.018432299698504,0.8356628167575598,-1.259262473053916,0.22672511748639218,-1.0270717082174898,0.252274994940329,-1.4195735101766225,0.26118567808469795,-1.6668957539433,0.2556454701414112,-1.9008840232322426,5.306938522594519e-17,-1.0000000000000002,-0.13380950849314818,-1.4183923745011076,-0.1957002955881149,-1.6993130046519096,-0.26690004859389066,-1.9699397421967284,-0.19994156673631708,-0.8764766640803822,-0.30399491571542947,-1.095238013091706,-0.17349119180940512,-0.8102880728879,-0.06544241118435,-0.6041518855164592,-0.3742516317169798,-0.7028775087077478,-0.470330650023558,-0.8587543268145421,-0.3603963839575526,-0.6870338136723066,-0.23974431482663888,-0.5359777030866234
3,3_119.JPG,0.0,0.0,0.3261914744049526,-0.19359433420740185,0.5930247906700321,-0.6492917743735045,0.7933374247774202,-0.9789419824462601,1.0190118108671788,-1.1395375820255897,0.2357098747613256,-1.0258344663520378,0.3249153519311361,-1.405109523912159,0.3719932120167521,-1.6412332010771387,0.39026833696163427,-1.864162556256205,0.0,-1.0,-0.15716036697789787,-1.4035919063743332,-0.22464670831082761,-1.6703936801688586,-0.30332238330427913,-1.9270442859467647,-0.2033523728663182,-0.8753871968088422,-0.308785157374745,-1.0688791930029065,-0.17726359083549004,-0.8056066285937348,-0.07100482759085379,-0.6186895162803113,-0.3686756973685716,-0.7083707785108204,-0.4542051048609731,-0.8724607063211528,-0.3615018604701529,-0.7207993194584326,-0.2555050388586067,-0.5917994862890589
3,3_120.JPG,0.0,0.0,0.3656010334403956,-0.23086823564733372,0.6851763712785063,-0.6003309755917801,0.9351244750586053,-0.8637741426577116,1.1922702126941658,-1.0344748081428317,0.2500144604192665,-1.0511555038681697,0.2926034997768031,-1.4600220019177914,0.2985761107421043,-1.722585668594874,0.28069693437873494,-1.9676093982009726,0.0,-1.0,-0.145335428773829,-1.4401179744955206,-0.18572891473427328,-1.7364858326727899,-0.23974997710482354,-2.015119884575834,-0.21550953863666625,-0.8319330961630272,-0.22617791580189256,-0.9319177900795567,-0.055882397617247025,-0.6760257479264825,0.07850232619877098,-0.5333147705541754,-0.3850533432449957,-0.6266622097510038,-0.40232323044639484,-0.7308487331039673,-0.24762104985207425,-0.5679288929683417,-0.11502535385498613,-0.46326935093389576
3,3_121.JPG,0.0,0.0,0.4588207764786319,-0.12272930689255325,0.7874364258691823,-0.5330890612315431,0.9940983488809013,-0.84982899785278,1.2013555681517143,-1.1273945071561469,0.27978230319785174,-1.048824382883056,0.27044778466261554,-1.5129223417040254,0.26439894399937164,-1.8204585009736838,0.23290349721636203,-2.082993708301597,0.0,-1.0,-0.16576902517051711,-1.4373583907937784,-0.21995806990023173,-1.7385087768744674,-0.3016090410570105,-2.0170336338982513,-0.2181513012623423,-0.8282625873783832,-0.25664562748169284,-0.9477900647908551,-0.12027454397989215,-0.6077175994225434,-0.012771604642057675,-0.41197876029504543,-0.37842898650907264,-0.6098775364114605,-0.40370125047361155,-0.6948462451916116,-0.269316279701466,-0.46232337363886034,-0.15233854924122628,-0.32051159929530293
3,3_123.JPG,0.0,0.0,0.33402262711940267,-0.2059404042358063,0.5958029456560509,-0.5825556184591034,0.8220980335674697,-0.8568419448513008,1.046471662760838,-1.0034087092528106,0.2464106916197474,-0.9990143680230232,0.34512520926658,-1.3702693748172798,0.3915554382679215,-1.6079005110990636,0.4284398145206376,-1.823207388738031,-3.032791110680896e-17,-1.0,-0.060126302784458914,-1.4186210115194997,-0.05118090893125432,-1.6861134683965542,-0.053054712289422136,-1.9288733388108195,-0.2118742580643139,-0.8863447318124636,-0.3607590616433828,-1.090940903145102,-0.284714671006913,-0.8025278865144763,-0.2069315418780437,-0.5886247519171867,-0.38942808409158847,-0.7010452625486524,-0.5190558320314458,-0.8140223281252243,-0.4383884468884745,-0.6303147259187514,-0.3395927756496059,-0.469712251404279
4,4_000.JPG,0.0,0.0,0.22831453823690187,-0.21839467193358325,0.29900559063837373,-0.600093920519531,0.06935043745719253,-0.7843205214862096,-0.18202033447691274,-0.6601899637167794,0.2088032535291942,-0.9724766304443014,0.343715298738757,-1.3914226166024855,0.4380357442793859,-1.694576211297451,0.510600359382184,-1.9452730166762402,1.0432064098501422e-16,-1.0000000000000002,0.019503988984803253,-1.4987494704102047,0.05435853326457909,-1.8559022905520524,0.08497382828619314,-2.1406587886816375,-0.1767335504108904,-0.9217175909845561,-0.2175847365196354,-1.3858501638012553,-0.22854850190810613,-1.684041823801811,-0.23330373480029504,-1.9193409806814026,-0.34104693259912716,-0.7526635785098321,-0.4107287175175721,-1.0733628777497952,-0.438059853686463,-1.2883899059020172,-0.46611625074620344,-1.4665288636778113
4,4_001.JPG,0.0,0.0,0.2511920009791577,-0.17637192323422396,0.33691135388378585,-0.5279103162898052,0.22030778394422282,-0.8038722129944781,-0.03332172694395801,-0.8289919280848363,0.19489043069310052,-0.9489091269134189,0.29401731124837555,-1.3936088692281936,0.3559995035506465,-1.6947236822836418,0.40439099207874407,-1.954571859784481,9.95558306193617e-18,-1.0,0.00538510921498545,-1.5185056636790892,0.025957068911688586,-1.879075680350057,0.03556199562316819,-2.165421362704025,-0.17224711511738536,-0.9280723199550792,-0.3154938652392435,-1.3916876100093751,-0.3937084105098465,-1.7101046523164771,-0.4570448075715843,-1.9522944065564953,-0.33730880930217944,-0.7597008683865479,-0.4655760674570275,-1.0924511024888808,-0.5197621913350832,-1.3192646604850131,-0.5660324340828312,-1.5107603699304457
4,4_002.JPG,0.0,0.0,0.20620136897644545,-0.24965904159798208,0.26492583383309926,-0.6308324751613754,0.15076224096350258,-0.9323273151645939,0.006691135213802249,-1.1380924478328465,0.19365194006984346,-0.9780816335348957,0.2752567392682403,-1.4340088421863912,0.3316356165562099,-1.749062194212463,0.37172415456104624,-2.0105594854440065,-5.638990489503436e-17,-1.0,-0.031160690688965084,-1.5009850666347366,-0.04073604075099572,-1.8528701200418418,-0.0448815858264048,-2.1302320591799826,-0.17990334932269356,-0.9139538524005227,-0.2447246273955497,-1.3501286420882217,-0.27454353991963465,-1.6595956036416266,-0.286758294103193,-1.9163711123247116,-0.3582465327298081,-0.7348552507963269,-0.4941124677894261,-1.0241374424400356,-0.5370175416233067,-1.2403632742365533,-0.5592448693652255,-1.4373148097466921
4,4_003.JPG,0.0,0.0,0.3485636566458729,-0.2457589446688906,0.4808489039098028,-0.5427616519682779,0.22644482967988672,-0.6193825346122064,-0.10864934680819069,-0.45422791594410306,0.25986641527005006,-1.0344376638762238,0.281565268925481,-1.5304791892704932,0.2967233065671909,-1.8713210249546666,0.3006316961051907,-2.149451205180988,-4.6004550614146764e-18,-1.0,-0.05391229340554234,-1.540534435057692,-0.10452192798279233,-1.9001258947452886,-0.14320157281626086,-2.1817746072408353,-0.21634966142944148,-0.8384271985993327,-0.3218951687449214,-1.3149203258402486,-0.41199594934776274,-1.6468614074382237,-0.47789130849969536,-1.9191343843410174,-0.4120555719000438,-0.5963018482133965,-0.5649753178663329,-0.8832925150120798,-0.6485397887128966,-1.1072882287853243,-0.7183508967678458,-1.317328099504945
4,4_004.JPG,0.0,0.0,0.22458241209190133,-0.12917474540785198,0.29438961803180685,-0.4192950733571668,0.11525735923671654,-0.6596782691781011,-0.0997485337265946,-0.8168255414125485,0.24709204901142479,-0.9801964784397008,0.3066765065253605,-1.527597297857446,0.3283072847551909,-1.897604717946467,0.33998709354772155,-2.192005784957089,1.2693755767654053e-16,-1.0,-0.018367813196992978,-1.5867792326628039,-0.039522737273529854,-2.012123024176859,-0.04203589131339478,-2.3519289091438886,-0.21483471758820777,-0.9089064045799825,-0.27855708582046845,-1.4401019984343453,-0.32707001750976056,-1.7918597129450393,-0.34701282170219905,-2.0853071292241308,-0.3998004792251418,-0.7350963765412284,-0.48341558236334237,-1.0838847606849629,-0.5307260884447218,-1.312251668912936,-0.5670163081422179,-1.5107638595230894
4,4_005.JPG,0.0,0.0,0.27291446623115195,-0.14379439535450061,0.4364667609807299,-0.4045445934409105,0.32152662000016474,-0.6122603934382489,0.0754518136379259,-0.6438879112444815,0.21256038553057782,-0.9762955594865955,0.23887034497947246,-1.4237530764460675,0.2568604548092187,-1.7081720093121535,0.2623397634883047,-1.9473577816909053,7.289496612360485e-17,-1.0,-0.021475564332671098,-1.4930847866079706,-0.030242457700148558,-1.817487516580139,-0.04305265901845127,-2.069458612648584,-0.17585664076981808,-0.934745642465198,-0.22114684504961507,-1.3915170506260013,-0.2295994331861748,-1.677196499281758,-0.23501811139957282,-1.896429789455375,-0.3389296019705644,-0.7968715451905952,-0.4146917018544345,-1.1416764547258773,-0.44856402393372397,-1.3685439694173371,-0.4682710490020747,-1.5604788566693983
4,4_006.JPG,0.0,0.0,0.23304580369689712,-0.18568655808917064,0.3218837869720153,-0.5150187907833735,0.22010217855128247,-0.7688339485152051,0.006843002840072788,-0.8978072004214047,0.19873972024379585,-0.9710651667567657,0.27665735861353463,-1.4682146445935862,0.3182384567770339,-1.7908972503780638,0.34429495929750625,-2.0579596388403893,1.5177284287666314e-16,-1.0,-0.03570626349127577,-1.544575277763537,-0.05329519445108523,-1.8858984894416158,-0.07061752950808567,-2.1488113662440136,-0.1638042107145868,-0.90875808525578,-0.2684753131357545,-1.3688697658049886,-0.3225060859918613,-1.6758716392447919,-0.3692369927136815,-1.916586193115993,-0.3035135017509811,-0.726573964334855,-0.40681566991469714,-1.0203510501830697,-0.4609993656370592,-1.2354223691951303,-0.5144723689574965,-1.4181861467953525
4,4_007.JPG,0.0,0.0,0.253787032887811,-0.26011039315109413,0.3187530707632622,-0.5722999336323149,0.1703779274048731,-0.8171855058616138,-0.07663278940726856,-0.8116685157648139,0.19940012858022108,-0.9696822971624462,0.29946995977840235,-1.4469775713931594,0.3436621477193777,-1.748608102610822,0.3758372459869463,-2.0048507497087575,1.2557309161312128e-16,-1.0,0.011363914189513309,-1.533931664490318,0.029542806509118832,-1.8887989474912568,0.049584172791853606,-2.172221966271182,-0.17108040469624214,-0.9096290364074961,-0.26008914464208416,-1.3978705192497138,-0.3020367915707145,-1.7158845053193064,-0.31788010723990245,-1.966918182715539,-0.32841048211489116,-0.7158003658835299,-0.4467275673988096,-1.0770605061655896,-0.5046324355691845,-1.296768052973146,-0.5497924136803372,-1.472136070733435
4,4_008.JPG,0.0,0.0,0.2568084847051605,-0.27355515470444414,0.3237810847951622,-0.6210965707536751,0.1819428174242156,-0.9104209401405229,-0.06077124946999462,-0.9544947127208727,0.20767812883860057,-0.9566961763302338,0.28970217891531175,-1.4231208855833697,0.31601650078808025,-1.7382913151135984,0.33213552682494,-1.9990141998248563,-1.9865215093542897e-17,-1.0,-0.002651621069227556,-1.5396805802597433,-0.0018920261730223232,-1.895032922026726,0.007676370515928398,-2.1738930843341,-0.18442157466147568,-0.9205777394938237,-0.2680393767220008,-1.3901636227761283,-0.30684252428062836,-1.6981242103266834,-0.327476792741529,-1.9343878811134863,-0.3570516563969006,-0.7399695781484383,-0.42439074563945406,-1.1106367797666552,-0.4496140302129151,-1.3366502829164146,-0.4816329471987772,-1.5007564498567543
4,4_009.JPG,0.0,0.0,0.22388351356247765,-0.19306219671056002,0.30137201618381215,-0.49956102114919015,0.10890693913042382,-0.7539525127581699,-0.10974771764049389,-0.895710093811648,0.21807141876400438,-0.9498481681738374,0.2978076572650362,-1.416163562097706,0.3440491324135467,-1.720279672417067,0.3733058673142702,-1.966216887655269,3.147464234630318e-17,-1.0000000000000002,0.01184473180097431,-1.5206768325270135,0.02849272754755273,-1.8690735047400169,0.02893364110561903,-2.1325870601400445,-0.18497252493480443,-0.9213942973526027,-0.269747668110318,-1.3828527227992877,-0.32885154155171986,-1.6923964366287976,-0.3816767108442344,-1.938263520023626,-0.34860017840894936,-0.7379329578015259,-0.550802360842633,-0.9967561661363842,-0.6680278220525734,-1.1739540005426763,-0.7688840497967356,-1.3279603034404166
4,4_010.JPG,0.0,0.0,0.2491852791671552,-0.30792268986259885,0.3139279449896966,-0.6511741742397611,0.14567375405833902,-0.9655428009233614,-0.09865507050587274,-1.0062545457495673,0.18162783974758706,-0.9634403290191504,0.24738310866266064,-1.4321602531152333,0.2726840310423279,-1.7075719444347417,0.29641887613875223,-1.937792063709519,1.327480021619978e-16,-1.0,-0.01447037283864884,-1.4856005495324196,-0.03287557864755642,-1.7981014745173625,-0.040602392823105925,-2.0469094507631307,-0.15724439274592955,-0.9261026276415437,-0.21621108784060672,-1.3623865390835654,-0.24545745323826887,-1.649678378179583,-0.2540595113063543,-1.8823344233242214,-0.3084009636902057,-0.7479305977736649,-0.3896055730552179,-1.084853509959305,-0.42492751494942316,-1.2931491656984158,-0.4633489241048317,-1.441251559892388
4,4_011.JPG,0.0,0.0,0.24206040312866936,-0.19629547636111674,0.33614206801432045,-0.5252016416998722,0.15449689594593585,-0.7830593482743726,-0.09826035417046439,-0.9200784282011045,0.22988135317470557,-0.9747459470150037,0.3052576469941793,-1.4826295149858353,0.338862385177991,-1.818677197508497,0.3539644257185603,-2.093170783956688,9.497621166066987e-17,-1.0,-0.018365489402315114,-1.5727774137294426,-0.03836820583165377,-1.946360791212856,-0.05972855440678212,-2.2392512835325737,-0.1968557151074691,-0.9102031629515802,-0.2870567065605792,-1.4197340982209679,-0.3336518363751229,-1.7565418221778535,-0.3718914066242358,-2.029506362904681,-0.37448116865326897,-0.7384486242477314,-0.46729338236588064,-1.0779656241536895,-0.5199393136753656,-1.309001849923441,-0.5676717856883822,-1.510874883584414
4,4_012.JPG,0.0,0.0,0.26151637991711935,-0.3118462970751412,0.315822399254009,-0.6593651569515416,0.09542180974443024,-0.9566102905754655,-0.14703643883199927,-1.0453789555241417,0.21787264510043414,-0.9506796341364142,0.3127180781057761,-1.4516863669255002,0.3525750503026236,-1.7711155689321674,0.39228819013823474,-2.0261222571680593,1.150082246611467e-16,-1.0,-0.0007025142054742406,-1.5326884723022685,-0.003758249235698334,-1.8838215070540507,0.008813002819572655,-2.165424638084533,-0.1783764330779211,-0.9299695242506947,-0.22531445494575944,-1.4086688172211264,-0.246566125957368,-1.7035876959939935,-0.25025776352626616,-1.9543206071009356,-0.35852294800578427,-0.7528074333431294,-0.47582244478312963,-1.0765469217547494,-0.5307054296944014,-1.2964941388834743,-0.5722771474390131,-1.482637766528511
4,4_013.JPG,0.0,0.0,0.21288210241156988,-0.1608117296865394,0.28133689261130557,-0.44911493932761287,0.07508057817389854,-0.6401402244142891,-0.20191787887362014,-0.67422475202162,0.2634365874368137,-0.9631048111369975,0.2995000633193075,-1.4640088769887167,0.3077512504674882,-1.8414532260150849,0.2975364744217514,-2.1527403733098227,1.2629313158961421e-16,-1.0,-0.06481919872932453,-1.604247391440009,-0.10321509641152195,-2.0285950107654678,-0.12802319781125454,-2.3585925983663576,-0.2309964683485493,-0.899906917880268,-0.3288786320251605,-1.4545269314187308,-0.4060757071545677,-1.8372201645870303,-0.45845320885850566,-2.149426605316722,-0.44155462978733767,-0.7002339378885554,-0.5908920664229003,-1.087214091440356,-0.6959968305032345,-1.3587219259604062,-0.7807047834161839,-1.5957081608267378
4,4_015.JPG,0.0,0.0,0.2571285357470596,-0.15504098938499122,0.3728371256998911,-0.3996739495091352,0.15153693800947,-0.5791897660833358,-0.14389507380295746,-0.6037606885820712,0.24660822104962385,-0.9925589048912551,0.3294585641549496,-1.522490215488576,0.3608648784296184,-1.8954346583802046,0.3777965146720822,-2.1993868054625305,3.639265287982928e-17,-1.0,-0.07300129456932633,-1.589695212108907,-0.1272551210852797,-2.0027960672259053,-0.1594323993338984,-2.32351971550233,-0.20828842709789458,-0.8790891454108147,-0.30132135436563035,-1.410604332194801,-0.3740065423517327,-1.757169751319962,-0.42503047684176093,-2.0286948792803003,-0.38510726987214605,-0.6649959367352859,-0.4957195966865712,-0.990143180642982,-0.5629437951398187,-1.22357657611538,-0.622864432209167,-1.4219971720865006
4,4_016.JPG,0.0,0.0,0.2693870334153955,-0.2636450765494334,0.3392719942167797,-0.5855494066748332,0.15888683708683365,-0.7848182226935687,-0.08170190573968276,-0.8028373315370227,0.20854209163312698,-0.9847382817511227,0.3054263031899282,-1.423384333738811,0.36731379295672845,-1.7087401940272804,0.4138995126922315,-1.9510161458167918,1.8650418406027396e-17,-1.0,0.011282086478783045,-1.4952507770466739,0.04163309113524223,-1.8261952700718336,0.07599292858431017,-2.0863449697207894,-0.18901102368112163,-0.9020541456760114,-0.23594550836547645,-1.357383402231791,-0.24433344188115483,-1.6521014763814243,-0.24204695777184787,-1.8886941837963986,-0.36880976413382327,-0.7114078350438447,-0.4584903538660519,-1.0312473595355744,-0.4919576073728171,-1.2474868442825084,-0.5192420913620134,-1.4334074942580761
4,4_019.JPG,0.0,0.0,0.24796923951373603,-0.21317659612736994,0.3260890345552565,-0.5536836502592678,0.18049966181990743,-0.8643017452667731,0.03213800676692695,-1.0696762983455923,0.20673554968723956,-0.9666204479712202,0.29495848709143124,-1.461253905679798,0.3483020055637085,-1.7682341677618167,0.38858933366818244,-2.0168879182127255,1.468344426560436e-16,-1.0,0.024297676630739992,-1.5373139062164733,0.05897718600416252,-1.8795192783120502,0.0863625389033069,-2.1337291294487266,-0.1779838441885863,-0.9128062218930416,-0.20584430172619564,-1.399314514857132,-0.2060120423795007,-1.707607640015629,-0.19642188569466976,-1.9507665282019486,-0.34930570941025424,-0.7312057415976001,-0.4628043924755739,-1.054590103813589,-0.5109161771770182,-1.272663487371327,-0.5467967213241033,-1.4656934080985422
4,4_020.JPG,0.0,0.0,0.2528355856502844,-0.11579458146296971,0.35195674272594574,-0.3309362973088846,0.043501707027641244,-0.5266179325614511,-0.2807136782026391,-0.6564507337928956,0.3004976067046188,-0.9406211651493241,0.44028185638917733,-1.4534923114888878,0.5267952695880943,-1.8219093853474433,0.5890472550817665,-2.1412441124333847,-4.349036071253547e-17,-1.0,0.034421354860735096,-1.6174050215557243,0.05524974202519231,-2.0429672706134827,0.07350965704541025,-2.4083665824677998,-0.2526361631997657,-0.887419663086387,-0.36134641237135134,-1.4218754621498897,-0.4496306396183707,-1.7579996396149036,-0.5082089939868861,-2.0529115278462884,-0.4779418554294256,-0.652697097506051,-0.6789919842318095,-0.9287446912842922,-0.8076031780986761,-1.136416743898841,-0.9007193948618296,-1.3393906035981873
4,4_022.JPG,0.0,0.0,0.2554609693520944,-0.22923464409225824,0.35731853735618957,-0.5913285808404208,0.10332212924506076,-0.8292400065568943,-0.18537439038042167,-0.8641192944675606,0.2334768630585769,-0.9575674923072796,0.33741167222140084,-1.3586255730641257,0.3912879592732737,-1.6118072521487619,0.42654592629701166,-1.8259491084225314,1.0702667946689387e-16,-1.0,0.0014553806437879967,-1.439475746161691,0.008579441984585743,-1.7208316057682036,0.004679520393505916,-1.9427218050373078,-0.1980050421454442,-0.9336144167004636,-0.25995348224261183,-1.3421365528886742,-0.2830086453946133,-1.5969832811510747,-0.3083799082471725,-1.8074533810348032,-0.383758769307363,-0.7756899061878154,-0.5412720271306316,-1.0723337596036497,-0.6187922317983705,-1.2799376830780709,-0.6880503257525176,-1.4617477812908433
4,4_023.JPG,0.0,0.0,0.2871075862114638,-0.182823618509528,0.4372584951617947,-0.5233177698505173,0.28951735269895723,-0.7782882427143301,0.025337820816764434,-0.7958214573921171,0.233146268046417,-0.9688168433624204,0.32417927680285585,-1.3564350221838308,0.3816465942635607,-1.5978653359414143,0.41852907256663285,-1.8044366809530865,9.630401711634646e-17,-1.0000000000000002,-0.004121796642498402,-1.431091555533997,0.007986506128272992,-1.6940902146843613,0.01199621929560076,-1.9018135695899532,-0.1996489059436613,-0.9421838005567342,-0.25043004755671955,-1.3405773533686454,-0.24779838784783254,-1.5854820395716736,-0.24539989463706058,-1.7774541115723304,-0.39132438370670586,-0.8045792929645713,-0.4863248563651602,-1.1154206876623318,-0.5166551427374112,-1.3242227599214984,-0.5388346057764295,-1.5016394902474872
4,4_024.JPG,0.0,0.0,0.29567727524617515,-0.20420289953030166,0.455795758966637,-0.5341474499327781,0.31060619074787893,-0.767984400856306,0.045089917918172365,-0.7690867361058769,0.22750362682021577,-0.9734292834131284,0.32486480691069086,-1.3493323434794973,0.3919652796395939,-1.586780701518397,0.4343128921956172,-1.7916275800367838,1.9191348588545528e-17,-1.0,0.018578188033176023,-1.4092020094444162,0.03488614246715242,-1.6788945990232578,0.03834973551174645,-1.893054994940113,-0.1996540646318417,-0.9414162135025957,-0.2221996362285795,-1.325815562658072,-0.2020404146565997,-1.5702771674178257,-0.18675013137705387,-1.7640877792615803,-0.39483174909337954,-0.8083302152722569,-0.4809834166231837,-1.1117017855625522,-0.5056362286152183,-1.3163262056648943,-0.5203340413749641,-1.4969255242729058
4,4_025.JPG,0.0,0.0,0.3005253178574797,-0.22284194090477444,0.4709020337999293,-0.5201507288628966,0.30966659288222875,-0.738885600814787,0.06518926141875124,-0.7113476346999367,0.25165860541474033,-0.9612765895025634,0.3194527505371029,-1.3328013802193086,0.34775380488442614,-1.5610918408752423,0.36225959858784335,-1.7661893669295115,9.113748201932332e-17,-1.0,-0.0027461351820002905,-1.4124626418055073,-0.017579600893195966,-1.6681292669310832,-0.04224165935274691,-1.8746792783551005,-0.20890007044528397,-0.9482046054432688,-0.2593084161228867,-1.3181131327293045,-0.26232494464830497,-1.5495052200258448,-0.26788137078085267,-1.734094310087339,-0.3984660007103963,-0.815857369714473,-0.44837596759463233,-1.0980953757113399,-0.4497423018535154,-1.2777431134406365,-0.444884269581524,-1.4318317428998415
4,4_026.JPG,0.0,0.0,0.2778173150241322,-0.23417809923777902,0.39912281113828646,-0.5968036722275831,0.17214777776013215,-0.8469520381011849,-0.1157207081206934,-0.860429416612345,0.2383555179012215,-0.9646542402942635,0.31637920562583915,-1.3380657795562048,0.3555539103775464,-1.5711933328330825,0.38113060607448807,-1.7692590128200048,1.15732901388184e-16,-1.0,0.008385366877971881,-1.4192680660359764,0.01960524341880824,-1.6912822410816284,0.01589566008257883,-1.9106509930341462,-0.19904304497104594,-0.9354150037028456,-0.2856197732553408,-1.3244796796797087,-0.31378491839321837,-1.5718202837710766,-0.335763119624715,-1.773029478579663,-0.3844565141065988,-0.7879703153530588,-0.47874901107487583,-1.0766391783558666,-0.5048193853999948,-1.26903027266127,-0.5233985708259625,-1.437106083426941
4,4_027.JPG,0.0,0.0,0.2842831447641782,-0.2572866502486643,0.3853157529528531,-0.6451307747234716,0.19009229213124706,-0.9491733058236057,-0.0852821182600997,-1.0030870805445053,0.219114704032561,-0.9629195595109817,0.28885726417982904,-1.3472487326961589,0.3097619403935057,-1.5837616932104643,0.31408043634604643,-1.7876222877437824,1.3655644794345396e-16,-1.0,0.03607627881021899,-1.4207072204040803,0.04631293171755978,-1.693394469407819,0.03331343632317157,-1.9106777059932556,-0.19179269003165703,-0.9481082658513362,-0.21732210277243044,-1.3234714733058672,-0.20074118634094873,-1.5583741893478316,-0.20221185333081032,-1.7383007408390254,-0.3841723882428621,-0.8206524645005878,-0.426284746561261,-1.0950658076113968,-0.40958088010600446,-1.2726123439580774,-0.3950467939982456,-1.4147725102899593
4,4_028.JPG,0.0,0.0,0.3038721310334506,-0.2438823837983437,0.44812173983448744,-0.6542999726668318,0.3044033885032298,-0.9670540222956269,0.04240221823524808,-1.0308128722992576,0.2238012190169582,-0.9711826726704568,0.32969973790735774,-1.338915894522437,0.3873970594015091,-1.570208077615317,0.4242244911947908,-1.7682754660777784,0.0,-1.0,0.0009460534901422504,-1.4262511276068532,0.004771611707134887,-1.6997095735121193,-0.006328287443753605,-1.9140132662766907,-0.196963013744735,-0.9510742996725308,-0.23946527189949438,-1.3457345512845968,-0.22053273079047245,-1.5879967462082634,-0.21379923104107737,-1.776051524460035,-0.3882843475626622,-0.8382801950642911,-0.483283705149969,-1.1619592543201083,-0.5025578601482581,-1.3713654772725172,-0.5182151263376483,-1.5455224332046673
4,4_029.JPG,0.0,0.0,0.22696962001520107,-0.15280748779208647,0.3040788265808204,-0.4616505276986774,-0.011189157321339911,-0.6395641375179508,-0.3195660392324841,-0.6123402199629986,0.2496504660129377,-0.9585909225846188,0.35896687537794597,-1.3976099121088357,0.4180082593836668,-1.6779246405343364,0.45193556148798975,-1.9159766902980662,3.7689516211690545e-17,-0.9999999999999999,0.01755718247971552,-1.4559490694147064,0.030555936576374912,-1.7564563985087305,0.03425571073028494,-1.9988664375802456,-0.20760136103041993,-0.9311956287359464,-0.2675178901024043,-1.368317258633447,-0.2962077683794314,-1.638211170033375,-0.3218472227738581,-1.8613370617424592,-0.3990656360923586,-0.7720803448865873,-0.5263989785132417,-1.0962235299432597,-0.5956101929012746,-1.3030483664797066,-0.6562421194553585,-1.4873271123078287
4,4_030.JPG,0.0,0.0,0.29355988208080125,-0.19452227183766388,0.5038465234257,-0.49697790657664215,0.33814830840244575,-0.7338554195092769,0.04961207277417594,-0.7424226078995665,0.28448632303262655,-0.9449964725989236,0.4542161601079483,-1.3501163322662058,0.5536045595237551,-1.6020120941962421,0.6260815290560595,-1.818790525540878,1.4488050200266985e-16,-1.0,0.009938750882853125,-1.4695031347072625,0.012319612698954542,-1.7569211302458727,0.004832501917477372,-1.9936009050696406,-0.2276387557768007,-0.9377788466755457,-0.3107697435605314,-1.3500210076397057,-0.3321288636178378,-1.6135108249055454,-0.3441891582431652,-1.8430822580877275,-0.42898812699258837,-0.7721016416011497,-0.6014691023421592,-1.055684964209055,-0.6835533783979476,-1.2478816887289454,-0.7411036363643906,-1.4268489964593778
4,4_031.JPG,0.0,0.0,0.2609079444788043,-0.19355044557703008,0.3962019178659568,-0.5598445301931582,0.35662449029680116,-0.8685583637161284,0.15671963827867555,-1.0156969732984529,0.20704947780235422,-0.9617370217520818,0.2998459082595864,-1.3675221274172058,0.3618407963460044,-1.6234465889772811,0.4100216665729463,-1.8492678008179058,5.386480711044762e-18,-0.9999999999999998,0.04758820509875739,-1.4346655474785448,0.09412197045257628,-1.7187638163710108,0.1262445039993619,-1.9480429673955528,-0.1980998669096258,-0.9347430925985825,-0.25442155624779367,-1.343186959598972,-0.2804614555735207,-1.5973514935727537,-0.2998186118714447,-1.8016102245816956,-0.39701851538625854,-0.7836122742458987,-0.5150994630807009,-1.0669038242776416,-0.567327669567016,-1.2544995881397065,-0.6115737491935822,-1.4228946562024372
4,4_032.JPG,0.0,0.0,0.22445449475902074,-0.10638454903238542,0.30304587424674073,-0.42544125425476603,-0.0006380581872808161,-0.6942074253346521,-0.31302252963712895,-0.7641346937393164,0.25075184754489216,-0.9356959708505286,0.3444085521996464,-1.380731032012188,0.39857196994704286,-1.665169577842498,0.4240156424629791,-1.9005213115672643,1.7353511956294635e-16,-1.0,-0.00883348008435597,-1.4731626307109433,-0.0009938385362353004,-1.774291911330861,-0.0038563305066493586,-2.01547522190996,-0.20530773627706445,-0.948291445810024,-0.2715279737154619,-1.3744232971834551,-0.2775698396957159,-1.6427599951129976,-0.28502138268560345,-1.8657679846965,-0.39250702105173935,-0.8086097367895246,-0.4711434507002301,-1.131142048191166,-0.4883646424067952,-1.335107144393984,-0.496515829818956,-1.5117060955986932
4,4_033.JPG,0.0,0.0,0.2653108634903084,-0.2396151326944115,0.3786667279908125,-0.5871732337262512,0.11116200888093453,-0.8283299054545571,-0.19186828110518353,-0.8333459915303085,0.2510098938500534,-0.9444535280762146,0.38446101373431635,-1.313689738318515,0.44749475005229566,-1.5519218905656245,0.4890106179276994,-1.7606681608043153,1.5590330450614495e-16,-1.0,-0.006141311313785637,-1.4391423180377219,0.00017895279133935124,-1.717023519488852,-0.003066015293992052,-1.9381474092191955,-0.20997388355921776,-0.9337936145667618,-0.30951883191502244,-1.3459157409814613,-0.3471521943285844,-1.6070221420911812,-0.38163148494156646,-1.8207190340774946,-0.40186942885489385,-0.7668824051107413,-0.5796252619717598,-1.0654845322516606,-0.6649852684759224,-1.2738673691736273,-0.7397833029833476,-1.4568000067792253
4,4_034.JPG,0.0,0.0,0.25227420022275865,-0.23242438471082968,0.3142067370521338,-0.5924539745925822,-0.00501323196023346,-0.8140337819203658,-0.31563040981169865,-0.8276958293107488,0.2507112812190022,-0.9605408782958108,0.32012148634319487,-1.3644529907947502,0.35088977526107484,-1.616501680814158,0.36808058859664394,-1.8289825108556823,5.019150523493336e-17,-0.9999999999999999,0.031076339157075254,-1.431157436266142,0.05762817901304667,-1.7076326094393992,0.07894781949140417,-1.9314235353911315,-0.21495790509175358,-0.9347017155755076,-0.255503704306034,-1.3364895110463466,-0.2636543468995759,-1.5847069390127015,-0.26891332549932323,-1.7881228945152652,-0.41783737140780736,-0.7836503389489885,-0.48953808757101147,-1.0828942608114667,-0.5040049027621861,-1.2799825646293665,-0.5146813919594422,-1.4530242298875775
4,4_035.JPG,0.0,0.0,0.2557730759405948,-0.21728128510449124,0.34098572772536045,-0.5922598325163041,0.06696430401350673,-0.8551348179287953,-0.22774400591406976,-0.9349741843654753,0.22328213638259672,-0.9633537897543978,0.3137900069317067,-1.386951701018709,0.359072277971523,-1.6644224311298015,0.3801315546751298,-1.89749653778966,0.0,-1.0,0.0005998317335727184,-1.4738481321736783,0.004665524974401715,-1.7842453743985784,-0.011391150908737957,-2.03635898573663,-0.18590055603370442,-0.9433521379039402,-0.22216684042628967,-1.3855527685218,-0.22197763023075892,-1.6708233751096708,-0.23921998557388535,-1.91017189479612,-0.36464901957895357,-0.8122875059740504,-0.4406634024662882,-1.1687953081341604,-0.47136450036478794,-1.3980499967306095,-0.5150661969808822,-1.5922069696095762
4,4_036.JPG,0.0,0.0,0.26507227020088936,-0.19931496065660534,0.38787774057408103,-0.5556006617743768,0.19736196661614136,-0.8516824788078249,-0.028118684885805517,-1.0079790677703298,0.25379655976817067,-0.9530749600141681,0.3732252346220059,-1.369267635000955,0.4509949087920672,-1.6330783264147182,0.509350389420645,-1.8523539593923888,1.417546322971335e-16,-1.0,0.024976484758604187,-1.4361119917275076,0.04965527301495789,-1.7015252613635328,0.06228246126134132,-1.900317204838712,-0.21776571479697523,-0.9281515119307928,-0.2788485182251384,-1.3169786470242955,-0.29903171550103846,-1.5424825141090042,-0.31049044787681507,-1.726107744715011,-0.4214733846751919,-0.7598872512823595,-0.5206904945364094,-1.0145807340960842,-0.5581243825667382,-1.1802109580353943,-0.5795806894023877,-1.3284507123520093
4,4_037.JPG,0.0,0.0,0.3003127153382998,-0.17928602581998268,0.46131923287422344,-0.4966685688469941,0.22527095315794293,-0.709698325199702,-0.05451517915768448,-0.722029485057445,0.2626607343254238,-0.9423734688184496,0.3737084361025543,-1.3382292115697305,0.43409722178420024,-1.5946940295492702,0.46387978479265257,-1.8126009968532586,1.5978579371485395e-16,-1.0,-0.028201482146999718,-1.4542811688866715,-0.033765217521850896,-1.738632729079857,-0.053126406868652915,-1.9691895642547164,-0.21598576712712658,-0.9469437213640716,-0.31663792037817173,-1.364125052363128,-0.36790377151940484,-1.620786898114876,-0.42091064434260794,-1.832138248106305,-0.41321681934074833,-0.793765881954983,-0.6207272111295756,-1.0894168070661572,-0.7351491667867952,-1.288471079896048,-0.8318260466221827,-1.4703479030636628
4,4_038.JPG,0.0,0.0,0.2658731050672434,-0.12234642050053919,0.3993684016972038,-0.41140390282355604,0.11847843799791644,-0.6677199652240728,-0.16006269186348257,-0.7989955126428488,0.27862749355225086,-0.9513994453736906,0.3875669029285523,-1.406745263241244,0.4528103898975739,-1.693174506793459,0.4922956213006454,-1.9285008559889645,7.574560556480263e-17,-1.0,0.015763753094529365,-1.5044258954014755,0.04326373361522702,-1.804420919836751,0.06621405091778612,-2.039011038531226,-0.23213254249846055,-0.9282730444363801,-0.2468992879098671,-1.3841151372605192,-0.22860022128238117,-1.659488560185469,-0.20895922195978206,-1.8868821704653882,-0.4566520815286708,-0.7681611999376854,-0.5535784959547043,-1.114574624366882,-0.5916210033142238,-1.3377196899324253,-0.6113809219721354,-1.5371592018000066
4,4_039.JPG,0.0,0.0,0.29792131088761414,-0.21337514663161447,0.4376943529145792,-0.5475302344572822,0.17500731327710733,-0.7843896905164972,-0.14714678976950257,-0.7686703580918732,0.2464902937523205,-0.9566334229440618,0.36744119748305687,-1.370376205737997,0.4424675431321491,-1.639098630821613,0.4917544411949276,-1.8690851929946823,1.1234922135460703e-16,-1.0,0.04760689336301746,-1.4614848411202344,0.08377008245185161,-1.7644902629794286,0.10067693878884379,-2.0054612739862945,-0.20767822783318102,-0.9451171321240875,-0.24312805549025487,-1.37681626612324,-0.23636041090171703,-1.6569443419598127,-0.23510123521770546,-1.8835003439880682,-0.4161880095236778,-0.8016196654239354,-0.5391712411312536,-1.1279556420745371,-0.5825863603126024,-1.3491532294542956,-0.6187147070994653,-1.5423663006864017
4,4_040.JPG,0.0,0.0,0.24295213320490508,-0.24688093711388595,0.32610809531139706,-0.5944582400454194,0.08884097902503933,-0.861125666711794,-0.15637193694194224,-0.9670889784862975,0.22735029836677073,-0.958420794209685,0.3203151875793541,-1.3411277617935597,0.37455722237619393,-1.5852109839888122,0.41233323047554515,-1.7959759683135066,1.6111952760851924e-16,-1.0,0.024090226074063685,-1.423015403483942,0.04085346913503979,-1.6954657358972418,0.05051178772363959,-1.9146712248590931,-0.19070710555358913,-0.9386533609004045,-0.24898599810435887,-1.3329393326500774,-0.2856156011569034,-1.5804183928188977,-0.3152752457147906,-1.7791441528290206,-0.36923228787305984,-0.7952659695493983,-0.4474480196032834,-1.0824873894693627,-0.49069714580853696,-1.2717358122444502,-0.530480676942625,-1.4329129244703087
4,4_041.JPG,0.0,0.0,0.26020471974896875,-0.2044212019967167,0.3523372326032848,-0.5204069178157187,0.003514076173310558,-0.6902757912746137,-0.3437325954189492,-0.619300419842046,0.25325757034734087,-0.955311158582782,0.3746143024236135,-1.3690043281964293,0.4390423068390968,-1.640597876567756,0.4826010714666322,-1.8765991433717064,2.269716237392578e-17,-1.0,0.030874994711257518,-1.45244210562504,0.05696759919102087,-1.7475546487026767,0.05977403341360526,-1.9876280949012832,-0.21424534120496833,-0.9167569780384879,-0.29581944603184396,-1.3279314019301283,-0.3443277147228124,-1.5933498950418923,-0.4011102297091856,-1.8196110248703177,-0.4140302498465461,-0.7330783301767196,-0.6099963935062359,-0.9910166368746186,-0.7195759017283079,-1.1608420474201924,-0.8276662145020497,-1.3181329608762176
4,4_042.JPG,0.0,0.0,0.27431894885884067,-0.2029813400407571,0.3590987823012388,-0.5719748743868479,0.08315703302952522,-0.8480321717884135,-0.21520272491891343,-0.9058559442401083,0.24300226168524852,-0.9512872079528117,0.33066705004017977,-1.3688044567942874,0.37632007467351425,-1.644031500823806,0.4021125706080366,-1.8731689930200197,1.4358593755767902e-16,-1.0,-0.005715150360492864,-1.4607649562775666,0.0012745401614829622,-1.762011612326543,-0.005261526900901522,-1.9971867399818322,-0.19545864285699252,-0.9361999444660307,-0.26865949310393583,-1.3513810998559361,-0.28875512997837743,-1.6114209277630118,-0.3148142657167854,-1.823116899946194,-0.37077928307131913,-0.7790064361504573,-0.4605021520343224,-1.0697124661963506,-0.49712546474935787,-1.271317852883958,-0.5416567263260147,-1.4450949988851447
4,4_043.JPG,0.0,0.0,0.23822478453275087,-0.190170337605702,0.34064215666942915,-0.52849688929668,0.04622342956702988,-0.7701357111620138,-0.23022774990652836,-0.8481308490559234,0.2620245725468722,-0.9546600699546491,0.40746987602204066,-1.3724627514747583,0.48066265213472525,-1.6455413243996826,0.5301634318623701,-1.8633714447213472,0.0,-1.0,0.024712581660079877,-1.4560022804713721,0.048626262678290726,-1.755725283847592,0.07219023294661808,-1.9840255529297268,-0.2176709401087715,-0.9417622599347465,-0.23607185142629405,-1.3531896487298651,-0.21624984857465968,-1.6125045606709725,-0.19538814918589614,-1.8164563222553172,-0.4163193117101123,-0.7937883155443567,-0.5154116794053749,-1.1102542290396642,-0.5650852900602802,-1.3275782735227988,-0.6018459179590335,-1.5180266987062623
4,4_044.JPG,0.0,0.0,0.2744547182857966,-0.22445130874629163,0.4048663191421283,-0.5663387876752333,0.1489622831863307,-0.7705653513953498,-0.15321521549739334,-0.7306482907344966,0.2670984228282515,-0.9520242098940773,0.41635146583416044,-1.3103601249442742,0.4954469306407654,-1.5408838311361628,0.5372411989981895,-1.743763112851537,-1.973367529483793e-17,-1.0,0.028524503814657782,-1.4236070670796959,0.05145432106891023,-1.6816855177759549,0.049079323477709,-1.8943676480893852,-0.2251209946485532,-0.9362507904779095,-0.312996735195173,-1.328988635609251,-0.3314488596166978,-1.5700947471012232,-0.35624666933814675,-1.7743079252809975,-0.43533148648369724,-0.781213342686158,-0.5970995819695102,-1.080836931316056,-0.6734189510588118,-1.28200903595934,-0.7412281761467515,-1.4610863017861526
4,4_045.JPG,0.0,0.0,0.29518957292841363,-0.235024738317754,0.41901456872116294,-0.6195739455869003,0.21248565589107601,-0.8931985060385073,-0.05070162905513032,-0.9889089695230476,0.24445924557944723,-0.9585763590827253,0.3510953051291486,-1.3574810691078434,0.4033152204444761,-1.6171088328006933,0.4350409478742223,-1.8446400848651954,0.0,-1.0,-0.02002902527652751,-1.4374085931603144,-0.034551649333994794,-1.709959757142331,-0.06121110507088528,-1.9441127640090312,-0.19652499198288295,-0.9411295190198079,-0.34273796048012395,-1.3374369818657912,-0.39132677834818386,-1.5764458754772614,-0.4365433842983114,-1.7871742999486087,-0.36082520845893734,-0.8051861310114182,-0.5248120526630362,-1.1348911327787263,-0.5954213998175024,-1.3328588010000793,-0.655494629553516,-1.5038627970738945
4,4_046.JPG,0.0,0.0,0.32559604134928266,-0.08514985488090737,0.46660590114550743,-0.30703345408691185,0.20368116574648076,-0.47084585190702466,-0.06789764550117725,-0.4463587792929802,0.3612434005034101,-0.9462789796070464,0.5734149694979959,-1.4568338019787732,0.6919247718156823,-1.8108430914609492,0.7748461983789302,-2.1093197652345417,0.0,-1.0,0.04237619898929787,-1.5926269882758644,0.059419679437339064,-2.001557878250869,0.07133501792328822,-2.3108325555533646,-0.3070817575991567,-0.8726319058249798,-0.4224018219144028,-1.4420359441872739,-0.4957152773349856,-1.8061877528945616,-0.5368975222032883,-2.081400205024615,-0.5745988037093641,-0.6032180931013518,-0.8527649888856215,-0.951680572621524,-1.0328575976961407,-1.196389060577379,-1.1741923935812342,-1.4002600051308554
4,4_047.JPG,0.0,0.0,0.29613346025683696,-0.22236960165947364,0.4464035077224104,-0.6179572043504777,0.3386899150756947,-0.917004283584285,0.09513180804724833,-0.9823645369662167,0.22496912998498783,-0.9806731143156893,0.3367489898720959,-1.3708237279564084,0.4012426513007834,-1.6218257826688858,0.4469688403138619,-1.832447463607029,7.393209494307572e-17,-1.0,0.01743434399710722,-1.437855341037292,0.04697683361700198,-1.722859269938239,0.06831332114044703,-1.9468479926076336,-0.20287114635056902,-0.9306013335149023,-0.24096007805947556,-1.352116355708093,-0.23102203660922574,-1.6248921707247983,-0.21643648353844075,-1.845565881898176,-0.40484119291067167,-0.7867027446703883,-0.5545216332686312,-1.1000513620159393,-0.6126476305706058,-1.318784420950836,-0.6546245919961119,-1.5171430469091298
4,4_048.JPG,0.0,0.0,0.2809260662942303,-0.2602437925669509,0.4199652400484227,-0.6688750294904662,0.2684489187234721,-0.9646770141575485,0.02533796753910064,-1.059115612075726,0.23470396279237535,-0.9785473920971751,0.3558984162531045,-1.371348020084845,0.42138563827210074,-1.6154191014412356,0.4613694750264975,-1.8238367990406952,1.2963673679701974e-16,-1.0,0.013070213329737419,-1.433422842592597,0.01828349356635833,-1.7121249584365228,0.01232645721110472,-1.938912562937304,-0.20601587738536664,-0.9327514596422227,-0.24572158208442818,-1.330895950756744,-0.25092763538428076,-1.5885347704115076,-0.26288074650986964,-1.8063603982839918,-0.41012187865780325,-0.7907271283622188,-0.5610630364046315,-1.0788728054668142,-0.6412108105716698,-1.2764654781418872,-0.7135841833140699,-1.45807074479
4,4_049.JPG,0.0,0.0,0.29579445981337676,-0.14469490725494571,0.4380496985071727,-0.4459473206742918,0.13319507542261474,-0.642764145106372,-0.19629224848191779,-0.6197191074582021,0.29006136421662954,-0.9436144117463636,0.4598244287488836,-1.3860963722388289,0.5425371621831084,-1.6793461165501946,0.5913965564993698,-1.9339161308096506,1.7113643538813964e-16,-1.0,0.05353678211150754,-1.5152569416092072,0.0915903676465854,-1.8461021018010542,0.10154672068648327,-2.1274942780069814,-0.2318100101511741,-0.9286610818907437,-0.3489900229137698,-1.3993999569677837,-0.40902204824530397,-1.6716226652605823,-0.4662391383228123,-1.900888287980041,-0.43736881836923125,-0.7504600693061834,-0.5775414938429428,-1.077285270576913,-0.6537380556799783,-1.2815209541915138,-0.7289554865792967,-1.4602834937831943
4,4_050.JPG,0.0,0.0,0.31749188204319145,-0.1769047475048984,0.49831597243212417,-0.4758707807093038,0.3195313434385108,-0.7210027341517379,0.05331764040779942,-0.750095173483238,0.29107774501371564,-0.940293145486959,0.42253076432558523,-1.3360624994219679,0.5029116769531592,-1.6052681696213031,0.5608122741015791,-1.8398747396724153,1.8580024141358477e-17,-1.0,0.013465056019082329,-1.4453727497728193,0.0381372425650609,-1.729797571793865,0.05255254791786775,-1.9540576976222859,-0.23851141144502594,-0.9480779749723592,-0.2880714549200448,-1.3265128774318276,-0.276907406040166,-1.5649710117296,-0.2693295618891367,-1.7552540173339264,-0.4505039751121002,-0.8001745303975455,-0.5175287113138091,-1.0804429811587437,-0.5292081061029351,-1.2513355441092675,-0.5366579638122182,-1.3952114776717033
4,4_051.JPG,0.0,0.0,0.26071853618829116,-0.2387571619808378,0.3301648723853946,-0.6068773104316935,0.02943903475828221,-0.7876733717327822,-0.2716695869937179,-0.7592694125088749,0.2366068056440216,-0.9757389971739756,0.355351625690568,-1.3511336756312877,0.423601664125557,-1.5976429037480344,0.46886227071303394,-1.7984900832185593,-1.5480725471252744e-17,-1.0,0.028183124725484704,-1.419960565176135,0.038666104343005395,-1.7041077369362618,0.04743194326186605,-1.929467295618076,-0.21008589861750873,-0.9187365157850192,-0.21745292072060426,-1.3381708584705239,-0.20410337098003647,-1.6084607147446937,-0.1924628661366712,-1.830598986411221,-0.4123982393949998,-0.7513274879779543,-0.5616612175817086,-1.0538625315631645,-0.6370063607730894,-1.2611689755653264,-0.7032397658697819,-1.444765447022779
4,4_052.JPG,0.0,0.0,0.27934964837536624,-0.1642433981013865,0.39431974444251955,-0.4878380921251565,0.06001987868986154,-0.6785655692543336,-0.2763871824678715,-0.6410651660366014,0.2727220759970075,-0.9431910350430401,0.38055973711830093,-1.3627688105999323,0.4300089475250166,-1.6410759617438664,0.4502078763508555,-1.8782930194937746,1.288044045037706e-16,-1.0,0.03929604970966656,-1.4688057923827467,0.06928905252427603,-1.769266259842968,0.0760329701497962,-2.0145302756117713,-0.2268531372604774,-0.9375736496309289,-0.2870044007411156,-1.3701414035408028,-0.29545275679944505,-1.635067536845988,-0.3097739861302633,-1.8615987335745707,-0.4382768501021261,-0.7780974501324479,-0.5640665085586297,-1.0837536480623753,-0.6171901892011814,-1.2867345410112245,-0.6659044036520386,-1.4729022643867522
4,4_053.JPG,0.0,0.0,0.357160823992977,-0.16921159500632643,0.5606691798765271,-0.49851737989688194,0.508646517479426,-0.7759268194515528,0.3063402919004944,-0.8327640433236697,0.2720614824140815,-0.975369671699718,0.3875699041994616,-1.3767608308515995,0.4815166481964531,-1.6347716279064668,0.5510166205603312,-1.8520016961180987,-1.858289850247278e-17,-1.0,-0.02196859076821629,-1.4589486060045758,-0.021784534890841256,-1.7605455876975773,-0.03217529491133326,-1.9928725782855243,-0.2355334315831637,-0.9305271111517985,-0.28896359932966226,-1.3590927335367216,-0.2987181191133653,-1.6384483368984346,-0.3089276620656596,-1.8531815623147525,-0.45139389602842417,-0.7782645620265592,-0.5454344828322435,-1.095946371590443,-0.5739949361286333,-1.306494638964164,-0.5940444069373713,-1.4853411726733297
4,4_054.JPG,0.0,0.0,0.26236125454838893,-0.20211105942475077,0.34942276051419796,-0.543326209019331,0.03993333113924627,-0.7631939890711811,-0.2673681321027698,-0.7924842466030828,0.27884044979274597,-0.9432189526592812,0.41550148143521115,-1.3456016755205247,0.47571111212680495,-1.6096220712986933,0.4992307577580652,-1.8249691520457247,8.939531333650781e-17,-1.0,0.0523184537848801,-1.4733963478600152,0.08245320494766385,-1.769968431446557,0.08759548510912073,-2.0050332983429895,-0.2409719683048047,-0.9310770753392212,-0.35457898440390495,-1.3812212960430523,-0.4035004008426624,-1.660967573075913,-0.4438833148627052,-1.8906688619732228,-0.4611965498431899,-0.7613345905334532,-0.6274756933179464,-1.0894739729779397,-0.7156134950828803,-1.296890170910686,-0.7857734915202266,-1.4825728081206664
4,4_055.JPG,0.0,0.0,0.28623265128420344,-0.2238730662203977,0.4240026569175195,-0.5713769391558997,0.1522999650192738,-0.7962538440838668,-0.12272637331331555,-0.8696950000306071,0.2617526625300517,-0.9692203656337897,0.41122102766089014,-1.3797412983144044,0.5021409661984843,-1.6395970147599963,0.57624795202342,-1.8459678863081468,1.4119382370008878e-16,-1.0,0.04601596832084975,-1.4431179532698186,0.06721832504325154,-1.733798540695333,0.08977312815475959,-1.949813827441522,-0.22633066419608133,-0.9181132817824821,-0.2071243283562414,-1.3303433689314743,-0.1811649639648947,-1.6000387328546626,-0.15268415874363103,-1.8144486832882478,-0.45374169260507485,-0.7446970835650989,-0.6353306435101996,-1.0289755132076204,-0.7285617085144279,-1.2338086850849426,-0.7940497595042071,-1.4174552162015628
4,4_056.JPG,0.0,0.0,0.3221993868793224,-0.09661433023809272,0.47497752000061644,-0.34563734605616286,0.14671599637841204,-0.5368861000579135,-0.18223553492981706,-0.5672562679127349,0.3340883082889864,-0.9400137625017237,0.577902122809875,-1.4402954033005477,0.7187692878521948,-1.77205569980783,0.8099488230557554,-2.0550677424857255,1.599591115363274e-16,-1.0,0.09323895876307395,-1.5754520868708244,0.14337219853090757,-1.9503108331080319,0.1676786627159176,-2.2762243983589374,-0.2838170903906963,-0.8957076907100573,-0.402234786370795,-1.423520892160708,-0.4852028770445416,-1.7849256429023628,-0.5599162554387035,-2.0860343847786433,-0.5401695103823339,-0.6642106740267114,-0.8190045388011743,-1.032695442868961,-1.0000089550373592,-1.2818974873000428,-1.1501545242141342,-1.517024242847405
4,4_057.JPG,0.0,0.0,0.2681079164264268,-0.1461499075645051,0.3773786685370539,-0.47113282527491473,0.06844275149667418,-0.7403080027032728,-0.19475253853520488,-0.8621313108855683,0.28482465553296793,-0.9201623187728554,0.4859246312215131,-1.2678257230515853,0.6098333074512885,-1.4951709550382204,0.6854468078495837,-1.6843539887568222,1.4513106304487943e-16,-1.0,0.022042042790153732,-1.4499850164604977,0.04426442309374138,-1.7208930795123434,0.03343459979813879,-1.939993954296482,-0.23831657023060876,-0.9331997742603263,-0.389686460433857,-1.3274969755940795,-0.4821744462931283,-1.5848816089486373,-0.5819439316235622,-1.799278023379656,-0.455867519696583,-0.7528836370405256,-0.7067327579693621,-0.9961944560125041,-0.8582417777095215,-1.1471908320323576,-0.9974086883304945,-1.2881110895839158
4,4_058.JPG,0.0,0.0,0.2263353471980358,-0.189762499606967,0.26347957401475436,-0.5390230557945527,-0.04176397932573398,-0.8097696337430162,-0.32674515473783033,-0.9105055783303074,0.2581590547732804,-0.9394149049940183,0.3582771281450324,-1.3807196948426124,0.4117181648531197,-1.6556367022176433,0.4454152632747931,-1.886533983246308,1.4754553866583152e-16,-1.0,0.02874498532818717,-1.4627149548978446,0.05199012641114711,-1.7739603447089711,0.07309677277031557,-2.026812801770023,-0.21808318668949986,-0.9439389989202951,-0.25153942831412696,-1.3382091960378837,-0.2439124638200238,-1.5852248243662412,-0.23278793070470577,-1.798245315416607,-0.4148040002766671,-0.7928119897500585,-0.49736243647475076,-1.0697253405295781,-0.5275782764482564,-1.2494689061144624,-0.5432439471362899,-1.407553545615228
4,4_059.JPG,0.0,0.0,0.26076165988657246,-0.2303727028858114,0.3468365068140881,-0.6212110847508489,0.1300684055347551,-0.9026929500540951,-0.1359876904178237,-1.0057650288274524,0.23751295571943526,-0.9612045707970275,0.3541485448462831,-1.3771994386690138,0.4143374398174593,-1.644611592789873,0.4489363845212352,-1.8690237100107585,3.256204181607329e-17,-1.0,0.00045257716764627367,-1.4861043465215418,0.018308825719721002,-1.7933545198862013,0.02358001606078744,-2.03677319160628,-0.2087989396800447,-0.9230729713426017,-0.2589760259827643,-1.359731349153942,-0.24848575917586396,-1.6285919019088986,-0.2426812720965569,-1.8569392100288444,-0.40055303266853304,-0.755209606275764,-0.532497593708905,-1.056936768702023,-0.5959519964785182,-1.2667024272935403,-0.6543304425375689,-1.451077843441645
4,4_060.JPG,0.0,0.0,0.2568488703406723,-0.253392073079029,0.3229285418460275,-0.6163235411976743,0.05285269438482308,-0.8947108738316362,-0.21315027809527015,-1.0000910866958792,0.2597136265362325,-0.9666197942508574,0.36919212193003437,-1.32022123853643,0.4238411910202895,-1.5369136291705296,0.4664456997333586,-1.7234513924602455,0.0,-1.0,-0.008371005581235748,-1.398010139496871,-0.006145471029995322,-1.6311928750159645,-0.0048945356381931,-1.820309876148201,-0.20949468913279645,-0.9353583921699493,-0.2857735355991612,-1.288085850684672,-0.2928163342859842,-1.505320061137401,-0.30222163451749673,-1.6882225758434675,-0.3887405919761902,-0.7930678890998498,-0.4684022752253214,-1.0571414319271142,-0.4872600292364785,-1.230693095405898,-0.49273564405705617,-1.3809000676251888
4,4_061.JPG,0.0,0.0,0.23575796840503835,-0.1998160580291277,0.3541995958239078,-0.5176005535592444,0.14517513010064778,-0.7723259831061389,-0.08433638155675403,-0.9026152781408516,0.24620963765858164,-0.9540414263193998,0.3281603238026467,-1.3678977675084916,0.3567937288781388,-1.6273262065220275,0.3641204984620738,-1.8464089926829936,5.1673186453908677e-17,-0.9999999999999999,-0.0009506329711873166,-1.44637086048482,-0.019231990433775287,-1.7209165025647961,-0.045217067938308216,-1.9376224446909633,-0.2116806163085608,-0.9489796883374954,-0.25423605160140855,-1.3643296008166095,-0.27459530414432415,-1.6136662301928446,-0.2974357278899899,-1.8164572826233327,-0.4147404721726615,-0.809444233764658,-0.5040147216557512,-1.1223506602645708,-0.550778927662353,-1.3304408853237912,-0.5880854256995579,-1.515068232828183
4,4_062.JPG,0.0,0.0,0.2679915929323482,-0.269263681732928,0.3364072604959769,-0.6577212152530566,0.12456684283371389,-0.9424401594245984,-0.12048636268383865,-1.0346405996935726,0.22106761247961138,-0.9641295406796422,0.3172218268035175,-1.3851840677336862,0.37455298020154065,-1.6439253256502375,0.4234634773247,-1.8643006242718367,1.3400924832758633e-16,-1.0,0.016318512013034005,-1.461028896029414,0.0427759988651435,-1.7607528052675474,0.06305821015190985,-1.9994748659291972,-0.19313257853283383,-0.9397617791572485,-0.2473690088057555,-1.3531772471945211,-0.2406907567253943,-1.6228239749225277,-0.23509321397456917,-1.8374954591156647,-0.36671878000554464,-0.8002618538911401,-0.4643189563150072,-1.1043865686597658,-0.4945465217743875,-1.3227192957390321,-0.5165878158630115,-1.5088012433942508
4,4_063.JPG,0.0,0.0,0.2316707479306528,-0.043199954016344244,0.26695832157039556,-0.24103055228286824,-0.09768131940564816,-0.5094293754081682,-0.4310856029499194,-0.7019010725945489,0.3433564469952334,-0.9082886159245177,0.5807279076846918,-1.42256857068002,0.7051635676163479,-1.7735134624559172,0.7875723285322008,-2.075668281004811,-4.581320312033788e-17,-1.0000000000000002,0.06571239824425093,-1.5779282924850726,0.074049851790701,-1.9547320350314066,0.07260207151810065,-2.2698147320442605,-0.29440543626613597,-0.9215329114056491,-0.4335284647549097,-1.439863307306982,-0.5514702608560997,-1.7789378650324104,-0.6451349535873029,-2.05113212857902,-0.5428400493468714,-0.7216016474174406,-0.8313961411120621,-1.0521748738697037,-1.0261296833965734,-1.2567165493202883,-1.1692409623070181,-1.443575821758252
4,4_064.JPG,0.0,0.0,0.2581295874682147,-0.21738228573601592,0.35213729801444044,-0.6237560587612644,0.07791705944271675,-0.9206333364351719,-0.23125599262817176,-0.9945482846695428,0.24246238117997893,-0.9506213159971123,0.34247685139852363,-1.3639387716878082,0.3999146623253466,-1.6258254297634185,0.44018768652296414,-1.839251653469101,-9.814728004357599e-18,-1.0,0.022002325532943637,-1.4358722906432726,0.045717185236557455,-1.7159810064693246,0.05470843047140265,-1.9342034300044946,-0.21227007091678424,-0.9295688904243229,-0.25515502941996887,-1.32228370925068,-0.24960845288776254,-1.582209820208272,-0.2587854225807502,-1.7981916505580349,-0.4200926853241723,-0.7730641714303348,-0.6007560693724671,-1.0446142218924157,-0.6837857851773161,-1.2356482636920363,-0.7619768931864583,-1.4016414090686795
4,4_065.JPG,0.0,0.0,0.3013545732879266,-0.1560648469772403,0.3996134252278315,-0.5320100146040295,0.0979235946894315,-0.8014904784612631,-0.23169110688978567,-0.7985657189783074,0.25468627422709605,-0.9490277539204098,0.3395053508250321,-1.3703571113170632,0.39028135749535897,-1.6403057542269879,0.41524429970822657,-1.866604867196183,1.0488677711198902e-16,-0.9999999999999999,-0.019256931892720784,-1.459719058265531,-0.027327378881873747,-1.7562633369708427,-0.06347116204691602,-1.9880456257700112,-0.20167427355020362,-0.9353443638402525,-0.3290000457892878,-1.3572549536642549,-0.3810633607273201,-1.6227930170736733,-0.4444970823925623,-1.8323639866476844,-0.38771159754943535,-0.774711038822069,-0.5828881277977779,-1.0893543634460452,-0.6781549619630967,-1.294834404710521,-0.7680270871203934,-1.4697884000421002
4,4_066.JPG,0.0,0.0,0.2946926957255043,-0.1736700248827031,0.40518163571968846,-0.5128080933361325,0.08274955371078205,-0.7306789766092472,-0.2439948772362551,-0.740305897164923,0.2720753228946101,-0.9536830875174623,0.40261134455205966,-1.3720634867883712,0.48114340317875354,-1.6416471738444918,0.5299666025527981,-1.8759603377829226,7.698843769602128e-17,-1.0,0.04434252270136203,-1.4709281178590459,0.08105688204190678,-1.7786333125474818,0.09051177445954764,-2.0287465551375203,-0.22570413325662733,-0.919372324205756,-0.32692426531625424,-1.3609961104109423,-0.3709962517345227,-1.641197003642491,-0.4108932600463553,-1.884007282904116,-0.43453455829423515,-0.7389379821489083,-0.5766394062878314,-1.0466276200938478,-0.6497528350800542,-1.2548315588578371,-0.7184608700471125,-1.4509442492468902
4,4_067.JPG,0.0,0.0,0.26721361492609597,-0.21351142825937566,0.3962962289078334,-0.5364378520827247,0.12102750223793537,-0.7595393684894253,-0.16281558367292445,-0.8123733087365866,0.2399919235091483,-0.964052101221909,0.3421170658578831,-1.3500828516676793,0.40327879063010247,-1.5976448488286816,0.4462343813266645,-1.8107811403890355,1.122276334112489e-16,-1.0,0.02689340543705995,-1.4467417576939796,0.05548651040702096,-1.7233861476097148,0.07593194638876585,-1.9497932789157824,-0.1995222045453162,-0.9310068651427461,-0.2388561504792424,-1.3396724121909642,-0.24925044655294254,-1.5955018148648856,-0.2531760517536609,-1.8146697377167718,-0.3930717923213036,-0.7724997564898327,-0.4842878328649881,-1.0656170109900311,-0.5302799428380759,-1.2657852683072959,-0.5670608067522903,-1.454481533441806
4,4_068.JPG,0.0,0.0,0.2718489713482631,-0.2307650187731933,0.36583713572467463,-0.5970703855454196,0.08177482247177977,-0.8156726644778487,-0.2322727557781709,-0.7670448021627286,0.25267621806230617,-0.9610624450550902,0.3564608504295244,-1.342191110964162,0.4097739311138074,-1.5848238424847234,0.43929044409171547,-1.7954174467138617,1.1585431720576907e-16,-1.0,-0.022118534061559385,-1.4230952877724432,-0.032255681792438186,-1.6937815741742668,-0.06481768567838046,-1.907051873636533,-0.2068163549305732,-0.9230343810979245,-0.3526347947061885,-1.3148534867640365,-0.4201726749742523,-1.5684946983664292,-0.4950491496853161,-1.7715874082274101,-0.3923571580194664,-0.7556338345669477,-0.6432994687461799,-1.0400962635913358,-0.78103765553382,-1.2322040995175325,-0.9070394413867746,-1.3969750556439116
4,4_069.JPG,0.0,0.0,0.31414330691673986,-0.2115379482059759,0.47883165972287506,-0.5936109757683009,0.3576960926145152,-0.8961316898778491,0.09056136897957985,-0.9686143363873692,0.2428748885143426,-0.9591597017649,0.32490147575807665,-1.3743833135351462,0.38102346987953983,-1.6409403258301407,0.42642721378718795,-1.8687143346179786,1.303281240271484e-16,-1.0,0.049518616698056586,-1.4390056742852346,0.09108539871005297,-1.722216991194549,0.1061451424305187,-1.9418230159342447,-0.21283645024355088,-0.9297042421077127,-0.3029463283754996,-1.3471202328545069,-0.3371848087463653,-1.6232721518698123,-0.3660455921325607,-1.8363604294808602,-0.410128962396055,-0.7691583047174214,-0.5277582180265816,-1.076493339528676,-0.57028194632216,-1.2795575988005152,-0.6063878042546254,-1.4570234966495286
4,4_071.JPG,0.0,0.0,0.2981800002618833,-0.22280910980307764,0.4521394924717739,-0.5902198234349385,0.37246867821108515,-0.8972921897201775,0.16187150577329293,-1.0005575596785445,0.22045847297646792,-0.9679152089036772,0.31925442869984855,-1.3338701061650409,0.3751891120174333,-1.5567393839416264,0.40898610392380774,-1.7526589188882984,-1.8059279433179763e-17,-0.9999999999999999,-0.011541691749148923,-1.4058355795076105,-0.01771277202811711,-1.6595297683096895,-0.045720708575679704,-1.8696693396195263,-0.19258646196919643,-0.9345725030410715,-0.2828479695579477,-1.2911007872079456,-0.3022837914752267,-1.5204644842979962,-0.3280670100106564,-1.713129174561588,-0.3727110410173708,-0.7906463765092675,-0.5338178750768757,-1.0471573029905907,-0.6069760703741267,-1.2218731815606552,-0.6724734965405446,-1.3753954632441512
4,4_072.JPG,0.0,0.0,0.34848048038122176,-0.13961404049629614,0.44297720035565963,-0.3867804483659693,0.06400459931427711,-0.5576032733105335,-0.27510644156177283,-0.6020545378072805,0.4107147141092993,-0.9530866613133503,0.5876984453329559,-1.5978367466841286,0.65716713946596,-2.0018313124516944,0.6805537221285152,-2.335579218164459,6.586847129635845e-17,-1.0,0.04362617659780636,-1.6564288283278237,0.042066863824609155,-2.071013995204208,0.04233258918224248,-2.4007242943470595,-0.34598181832958336,-0.9239112310019988,-0.4224664791587367,-1.5025668513712545,-0.4575163244573795,-1.8711653853440553,-0.46015788799897617,-2.184725371728498,-0.6448392636531678,-0.7679020206239605,-0.7995824763980767,-1.1913309491737238,-0.8843487910761505,-1.4722888007275146,-0.9257637684569555,-1.7371846512104643
4,4_074.JPG,0.0,0.0,0.28379292404471784,-0.17634969020415198,0.4476956876113885,-0.5206848655366144,0.2818527737024095,-0.8042494761201823,-0.003683165384334772,-0.8670801830708246,0.24647623556215706,-0.9382022207605667,0.36980238494976625,-1.3151724352877106,0.44050270199058,-1.5561749530021316,0.4812290965129328,-1.7657794453968911,4.820802311831936e-17,-1.0,-0.0019892635575858614,-1.4319736301249135,0.00827201424703344,-1.7006953030789198,-0.005460973937012728,-1.9169575264333734,-0.2051496388208165,-0.9449248292774106,-0.31470959594342635,-1.3265595602794344,-0.3440460819747567,-1.5733442127061035,-0.3842269555077409,-1.771400449651718,-0.3957703731066988,-0.7917681181775079,-0.6158291918043776,-1.0649218193579046,-0.7309535589998033,-1.2551609006211564,-0.8332321310498465,-1.418164866340566
4,4_075.JPG,0.0,0.0,0.2721280047964223,-0.2238464309308264,0.370105729547101,-0.562478284544126,0.0493468373502658,-0.7391243257410023,-0.27673224918446554,-0.6754897606310025,0.2524882306706602,-0.9490139425303548,0.39755684143598796,-1.348918152737751,0.4737672281775217,-1.6022382996292783,0.519952304800185,-1.8207936584009454,1.4528370798914153e-16,-0.9999999999999999,0.04202219836190267,-1.4428700627094928,0.058760586983822624,-1.7301141394794362,0.05730645963153617,-1.9611653662539446,-0.21497937309696669,-0.9343616264483043,-0.2911327534954304,-1.3479051729634406,-0.3148222044214683,-1.6099015421590628,-0.33798503740482894,-1.82488093520602,-0.42063386178567214,-0.7693766778656926,-0.609275907934009,-1.0450658608112684,-0.7062965246177757,-1.2396123320368353,-0.781485749331508,-1.4160618868043007
4,4_076.JPG,0.0,0.0,0.28367959020358774,-0.20506377690255712,0.39824488137953323,-0.5854907834056108,0.14382250313392506,-0.8161243422348327,-0.17010104053214703,-0.758114893010036,0.23005222356734326,-0.9563730112762907,0.32033371990430626,-1.3168185197549063,0.37834100967154527,-1.5483353293492508,0.42169639433840017,-1.744797288634068,2.3524156895410428e-17,-1.0,-0.013936215199129435,-1.4037800568300722,-0.011201150400386845,-1.6591019797828495,-0.017333284005291258,-1.8580371436100158,-0.18847526451522087,-0.9476390560180675,-0.25583686705352343,-1.3467009178269902,-0.2689869707322199,-1.5869464623169203,-0.2836037402485314,-1.7744487476926838,-0.35952814555435453,-0.8134106954637638,-0.44793436260951836,-1.137508998256321,-0.4882982671517716,-1.345248120346618,-0.5335169787234285,-1.5134843443788393
4,4_077.JPG,0.0,0.0,0.2843064780508964,-0.2054477640458811,0.4498689305643338,-0.5180839171179784,0.2015341543771378,-0.6937662177611077,-0.06593438450823365,-0.6462178504295958,0.2545498110352457,-0.9524391703037713,0.38795081350815863,-1.3616874057826187,0.47545519104205647,-1.6158411055967392,0.535675079619793,-1.835712104789365,7.056114310563636e-18,-1.0,0.07372151547186015,-1.4486898782871858,0.11954337578899066,-1.7249690264803292,0.13541584551253674,-1.950054005212737,-0.214115428787337,-0.9349581147914507,-0.33260748644644017,-1.3737947372245891,-0.3897725565946997,-1.6298889063749775,-0.4447941907288567,-1.8362384546947574,-0.4161949549378898,-0.7702257114023424,-0.6160590529819144,-1.0946930991268045,-0.733986074542518,-1.2857183674690396,-0.8393048552274227,-1.4611012766338591
4,4_078.JPG,0.0,0.0,0.32997083081290673,-0.1729073721699434,0.41409166643604256,-0.5173039721854679,0.07498305052656364,-0.7481744568662575,-0.2490719092723046,-0.765434792368744,0.30609274876001225,-0.9651927549671232,0.457955417070423,-1.4991326847564796,0.5229921579489906,-1.8360317244903785,0.5549377855978922,-2.109227635124486,7.821033988182423e-17,-1.0,0.042455622589528653,-1.5426649387520865,0.05883605231945982,-1.9060875214009043,0.05117232412341652,-2.1957214349236818,-0.25189047520735297,-0.9240781707950897,-0.3091457857984191,-1.410143231296579,-0.31203057721961075,-1.741349010256888,-0.32127875434979897,-2.0035368712930746,-0.4850066726244335,-0.7573792401773738,-0.6082421684497099,-1.1226720873410672,-0.6516789722315279,-1.3657051249407621,-0.6806864918433758,-1.5678368145250259
4,4_080.JPG,0.0,0.0,0.29282838287320967,-0.15566866057372314,0.3589160169443337,-0.4061692643171533,0.0018039153926277635,-0.5708760728303782,-0.3793619057528676,-0.6122221010721799,0.3627897061927823,-0.9420462017923733,0.5934308540541249,-1.5634073644098416,0.6851197848685922,-1.9655793876323462,0.7351323272205446,-2.320603642752943,1.0027850075752628e-16,-1.0,0.06459267806145469,-1.6874205969189122,0.05978402706704692,-2.1584955471669525,0.03512862939644314,-2.551785516395167,-0.31414280144685847,-0.9093438024272708,-0.4734572670234496,-1.500366621729793,-0.5729407819654283,-1.9293805147316956,-0.653494210521149,-2.2886897219747886,-0.574508619226653,-0.7319640557103528,-0.7654964459401851,-1.171919866447488,-0.8706918022803763,-1.4754004037369792,-0.9431578190746889,-1.747016694063767
4,4_081.JPG,0.0,0.0,0.3227709973447452,-0.18833575960594645,0.4878938424095382,-0.5458578485250257,0.26183648611583776,-0.829521053382702,-0.04497536053223174,-0.8177853281310372,0.26299347198275325,-0.9681441571602195,0.32025320915564254,-1.3544025049227324,0.33739985178529697,-1.5951686838656005,0.33515832590972755,-1.7880494287659443,1.4343602441653448e-16,-1.0,-0.04741024517544398,-1.417701933319685,-0.08137670302504788,-1.6642166633669957,-0.13999466451931294,-1.847434520155603,-0.2062488379242771,-0.929350460313671,-0.31708120938892903,-1.303034219498429,-0.3497164472892011,-1.5228487739427319,-0.4021706084278941,-1.6863530225148549,-0.38859978584141436,-0.7777566777864909,-0.522234997203536,-1.074989132997794,-0.5825927159566097,-1.256134052638327,-0.6467373422669469,-1.4018743214255363
4,4_082.JPG,0.0,0.0,0.3093733679075165,-0.22047952901955992,0.4507901451624856,-0.6448819969675041,0.28914801672713114,-0.9504125304297372,-0.00277698263262348,-1.0041569693474752,0.24212823462944347,-0.9735156738912676,0.31519008342748034,-1.3380102158840255,0.35911127020759775,-1.5696260529257073,0.38196780081234166,-1.7606770692001137,5.714450106620964e-17,-1.0,-0.03619951905055753,-1.4052274841680357,-0.04455119300119958,-1.6593109424844155,-0.08249218551875113,-1.8451507859526097,-0.20737375654671897,-0.9268140317707885,-0.29198713814355104,-1.2936140984210711,-0.30746988242974693,-1.520544073583992,-0.3411142760792963,-1.70132530936644,-0.3979502158530917,-0.7762286644939481,-0.5273313074844787,-1.0312300606213431,-0.5798923426225016,-1.195092558536125,-0.6328349451538106,-1.3358283260879533
4,4_083.JPG,0.0,0.0,0.33638865304460125,-0.0722440413574592,0.4985987294962766,-0.3456369827659,0.14807331234040402,-0.5753386174801244,-0.2202518576673428,-0.597373071331644,0.3101335412243621,-0.9245678315442128,0.4929147440778871,-1.3691316091186236,0.5935374948072539,-1.6889485225065368,0.6504898232962183,-1.9665615126267997,5.3950819985151007e-17,-1.0,-0.03949344039834238,-1.5399210512292278,-0.06464702812652022,-1.885635034945083,-0.1034925333033802,-2.157453208645322,-0.23538009444335714,-0.9326157733928688,-0.3721617115614978,-1.4405705664290671,-0.465903371333021,-1.7725587422061422,-0.5574138188167379,-2.025073045290799,-0.4415289292109865,-0.7534283947520746,-0.6510502984659247,-1.1039084847243297,-0.7857208267320913,-1.3294621226023258,-0.9102305932741925,-1.5096559884785756
4,4_084.JPG,0.0,0.0,0.2908919138479786,-0.18747730889631084,0.4052991522221795,-0.5570961075147125,0.11216684445788397,-0.7973094256982552,-0.19263923699027724,-0.7777414136031396,0.25555850247154427,-0.964778324164474,0.36433846011902343,-1.366760303291635,0.40672736841230267,-1.6091769959115236,0.42413741725001297,-1.805521580358002,1.8321057559387207e-17,-1.0,0.04281864099816565,-1.4603965023434666,0.04919006251603822,-1.7438456474767485,0.03986871427078197,-1.9592652101694614,-0.2112510146833023,-0.9288039421142628,-0.21671414138678932,-1.3686452121578783,-0.20897459288932052,-1.6371292565100932,-0.20655593880627787,-1.851798997838473,-0.4205662945001737,-0.7665208421462045,-0.5511093958227771,-1.0736164731577427,-0.603674293089828,-1.2726281813660816,-0.6392061258266285,-1.4513379693870805
4,4_087.JPG,0.0,0.0,0.2923295773901936,-0.1426946849591179,0.4157763395996426,-0.4881162250087164,0.07473246118440495,-0.7244336170924678,-0.2451042289350124,-0.7834123434526141,0.28354103904784017,-0.9352132872088651,0.47042566479031916,-1.3496175341379057,0.574892954953652,-1.614356900137999,0.6330811300901596,-1.8279216642097285,1.695316196035372e-16,-1.0,0.03986881729118094,-1.4858945071723408,0.06453282513757094,-1.7855475709736495,0.054189490021139854,-2.0207516111142856,-0.23081024875881762,-0.9445503352525872,-0.30678882987447104,-1.3930495175402386,-0.3245191885418074,-1.6693772542463492,-0.3578393837339297,-1.891070842404216,-0.44395304163729077,-0.7971030318360043,-0.5606853196476839,-1.1538547963343906,-0.6084530432700463,-1.388494753484653,-0.6527454950958488,-1.5928431583114613
4,4_088.JPG,0.0,0.0,0.29934395186951945,-0.2570627503443323,0.4600105986185119,-0.5900224920834675,0.36150763325817353,-0.8853063640597424,0.15334178077637467,-1.0089200849350823,0.21372898433938664,-0.9738515302401849,0.3091159479794432,-1.3184099250966355,0.3628039075471198,-1.5136457348422268,0.4048558609770722,-1.6930355692924723,2.0931281900017955e-17,-1.0,0.013944795318067454,-1.3825088581707206,0.02103313752787821,-1.6086619418581494,0.011293227583452846,-1.7927865553077567,-0.18907022654387415,-0.9383500535989785,-0.24495530236097965,-1.2892448789997217,-0.2521010317093495,-1.5026316657207097,-0.26301457550666685,-1.6726516085988143,-0.372645401113986,-0.8032619349463712,-0.47500886460546726,-1.0530076394603172,-0.5145553562012871,-1.2223617271944927,-0.545597122261056,-1.3702079658569808
4,4_089.JPG,0.0,0.0,0.28221201199855045,-0.2508013419792765,0.35190223534001003,-0.6319866524305892,0.08023783301416423,-0.8790807657321164,-0.22669703689811224,-0.8974907751439892,0.2433227207138254,-0.9631746934150222,0.3461256397437557,-1.3603247937145817,0.40708984681269955,-1.6171946302988367,0.44884544716334535,-1.835098433233003,-2.568999627079052e-17,-1.0000000000000002,-0.009491129613984742,-1.4462188843818773,-0.0072359727481962136,-1.7485182880250045,-0.01854343460461665,-1.9890170143757555,-0.20720820677226975,-0.9351449440267376,-0.2912588631381423,-1.345974917953822,-0.3104864987088999,-1.6229212672362354,-0.3379549282150917,-1.8463459608596435,-0.40068227019932207,-0.7880279560453164,-0.5330506838666833,-1.11791509317801,-0.5846464933293802,-1.3479955700669144,-0.6322081835794805,-1.5486379999377853
4,4_090.JPG,0.0,0.0,0.28040991104245194,-0.25803275271281517,0.37971418239757354,-0.670690660971456,0.18110467352142978,-0.9545440531289289,-0.0946393425715244,-1.011893206607941,0.22048469849668495,-0.9613274929908598,0.3640115299522577,-1.357854118096456,0.45066513715968126,-1.5972190362398755,0.5063915550940157,-1.7995975368711072,-1.8125158950543952e-17,-1.0,0.05983642356769333,-1.4258415903586967,0.09561699531024076,-1.6976267362695094,0.0992644482177106,-1.9100403291850976,-0.20622998715690946,-0.9397742102023144,-0.2979066715579909,-1.3190592038722184,-0.3266146682638131,-1.5526746468347332,-0.36571840237672115,-1.740167791034337,-0.4077863828842449,-0.801937222114598,-0.6253375015880359,-1.059999179079658,-0.7301214680355419,-1.2309216857531229,-0.8250306477056232,-1.3825696640493812
4,4_091.JPG,0.0,0.0,0.28453523649753376,-0.16064774797952538,0.43788511313622613,-0.46653177496297915,0.20545319001916718,-0.6985392116749976,-0.0510896645516469,-0.7591706920363226,0.28372003340359037,-0.9647005865124729,0.4259370016586992,-1.4301321569983905,0.5056245167475432,-1.7541800425471186,0.562789515590941,-2.02168038339822,7.180814182417522e-17,-0.9999999999999998,-0.020184442361595983,-1.5230348638307643,-0.019164069203740614,-1.8800164514271618,-0.013609596622592406,-2.1495341370911616,-0.2234505333944847,-0.9029349064319899,-0.323647052580579,-1.371168264370749,-0.3770636377307405,-1.6918442059759604,-0.4148754448626799,-1.9428429913455514,-0.4190470823047682,-0.7060399723274838,-0.6153209920294156,-1.0298451398565538,-0.7314184036146025,-1.250295161843098,-0.842693118189923,-1.4359394610717677
4,4_092.JPG,0.0,0.0,0.22127373248652454,-0.19192086910970624,0.2872792351861502,-0.5540541843649645,0.009108625719200899,-0.8359742786711032,-0.2409294024162027,-0.9636252583074177,0.2507003943491285,-0.9578011940761285,0.3482283297054321,-1.3383591693321144,0.40677784157513336,-1.5725053862473257,0.44297735096284035,-1.7630244743888626,1.5983239399229837e-16,-0.9999999999999999,0.05120125990029119,-1.4068258012039023,0.09973259237121183,-1.662681813743013,0.13930969412889235,-1.8732266848424401,-0.2199215871043434,-0.9328811630644435,-0.2668470131820786,-1.3078245224243614,-0.2751013399922362,-1.5432466342550424,-0.2842085845491886,-1.7483032635924862,-0.42766364251025746,-0.7803200527120104,-0.5434824820602022,-1.0504223144577205,-0.6028829289303826,-1.2277465139277304,-0.6478615265940939,-1.4027158199257417
4,4_093.JPG,0.0,0.0,0.2847941029665724,-0.1547756440225059,0.4116113919872995,-0.4753699045176143,0.11096813044389077,-0.7337305510631704,-0.18408023835099396,-0.8130175426661007,0.29401714204760315,-0.9508154937290103,0.4452924614074136,-1.406173307187655,0.5358604274186028,-1.6991780586000507,0.5895636054133974,-1.952288375409366,9.563624083722938e-18,-0.9999999999999999,0.030300928267151177,-1.5060197390261907,0.04181503062836527,-1.8234965331320407,0.031154991164288572,-2.074689445081451,-0.23305382456688445,-0.9245037373477062,-0.3260552028807683,-1.360119149095526,-0.3755593715355711,-1.6356962528229972,-0.4194121357462642,-1.8659402842976625,-0.4435884018674581,-0.7521321456106859,-0.6100529870758632,-1.0666692895837435,-0.694139435072933,-1.2751219491853047,-0.758846775489702,-1.4612888796047239
4,4_094.JPG,0.0,0.0,0.27869310814388054,-0.24128076435439527,0.4088829290404933,-0.6160986613323906,0.1811915450221117,-0.9025853587655945,-0.0693202255654432,-1.0379818833478995,0.23677076425777757,-0.9551485521281925,0.31855233780407055,-1.379033329036997,0.36107784852323405,-1.6408241270426613,0.387879070452699,-1.8588044534539858,-1.926851058721191e-17,-1.0000000000000002,0.04363784509623397,-1.466201289684032,0.08183934777085605,-1.7594874226896597,0.10995416907358979,-1.990506303513839,-0.20380131955645345,-0.941003817465746,-0.24537920413660896,-1.3659443120707069,-0.25749354875025726,-1.6305301839975903,-0.2678921458395812,-1.8481660004679392,-0.4014860877818967,-0.7963560299664839,-0.528257695825327,-1.0927748579897125,-0.5926591109537495,-1.2896940773640457,-0.6488020196585498,-1.4690568252151917
4,4_095.JPG,0.0,0.0,0.3081715496454301,-0.23630867338090325,0.4648725356114961,-0.5987970839871068,0.3436277537775272,-0.9177030488081009,0.13187410086916257,-1.0665003991316744,0.22830146074598054,-0.9659645534134227,0.3286852197267789,-1.331895999396118,0.3819822853715399,-1.5509252984043296,0.41864335574440964,-1.7436305465752715,9.632843500632771e-17,-1.0,-0.006026352364653608,-1.418483829623002,-0.014866896960900045,-1.66753720597678,-0.04229562612760457,-1.8658821181268639,-0.2026589292511673,-0.9430420214995394,-0.27525760106990776,-1.3179122163824097,-0.28485772716438246,-1.5479794235113602,-0.3013481652263989,-1.731961449506369,-0.3992495255509277,-0.8122267864736674,-0.4857826093373056,-1.0940934862148566,-0.5183307051372886,-1.2702446266521303,-0.5487247284330368,-1.4242691704848658
4,4_096.JPG,0.0,0.0,0.2559757903931556,-0.16223118242864945,0.3571297265249927,-0.5179040268928923,0.10753603574908814,-0.8178422832918519,-0.14337708572627034,-0.9719986933983276,0.267750381129434,-0.9394388425697882,0.37885898446520766,-1.3675289587566337,0.4276468875604234,-1.6547489005826053,0.4435087073729474,-1.8919843894602133,1.5889106720999088e-16,-1.0,-0.005623305933992476,-1.4865262969932538,-0.01827991219000408,-1.806136046395398,-0.049539807326884705,-2.056276176738121,-0.22029111584134484,-0.924798753794128,-0.31567970595532663,-1.3743790101942328,-0.37506446445174446,-1.6611426053349752,-0.439859456651415,-1.8960590446368677,-0.42422328227546596,-0.7421921433439211,-0.6375609310022708,-1.044209508635493,-0.7517146551993449,-1.2511213133608834,-0.8476593885547167,-1.438053088894645
4,4_097.JPG,0.0,0.0,0.29096125156075664,-0.2328579700683163,0.4539887061199833,-0.581845738763955,0.372392817692785,-0.8786613658327763,0.17510215057727108,-1.0182305680859507,0.24805762789202584,-0.9636163517743104,0.40026566190744256,-1.3166070855057153,0.4640978286341127,-1.5514781313524608,0.5044397091863475,-1.7513912746661975,1.7400131386265045e-17,-1.0000000000000002,-0.04302970429352739,-1.4426422772137037,-0.08518816516216061,-1.7108501563338756,-0.125682749490015,-1.9227319845453799,-0.2083248143308841,-0.9383659806560107,-0.31369097425203996,-1.3224281378970684,-0.33969768192789035,-1.5632766182525335,-0.3521456159775455,-1.7643273712042147,-0.3929960390522423,-0.7917699026925508,-0.5206496148039917,-1.0661327401398184,-0.558182566425759,-1.254990114330269,-0.5740511714462948,-1.4300418092883853
4,4_098.JPG,0.0,0.0,0.28613708219167816,-0.17611220656903526,0.43143601313924923,-0.5306185241293239,0.25603679197295115,-0.7862597387907067,-0.03147225848043991,-0.785168629930125,0.2580647127467907,-0.9525846432395666,0.34361266150670344,-1.3456553508405054,0.39704153928176933,-1.6065943144997097,0.4202814128048764,-1.830934474398325,1.6200661604512546e-16,-1.0,-0.08145240674639448,-1.4556233247011192,-0.11659620156493897,-1.7565009011108548,-0.1673463622125941,-1.9956255325269272,-0.21003740990320965,-0.9307744192971045,-0.3127512061560159,-1.3478671546208358,-0.3542524831282339,-1.6237305489306315,-0.41241872894962706,-1.8465865496783995,-0.3957891859883004,-0.7661370902552781,-0.5821268749604602,-1.0596007933559193,-0.6813273157934184,-1.2578032658450389,-0.7794791958900127,-1.4286208069736916
4,4_099.JPG,0.0,0.0,0.24125086945970634,-0.2806849312631314,0.3311889388544891,-0.6527520584631106,0.06956921457327779,-0.9056650499145745,-0.2148289948382362,-0.9596800531760941,0.22252168566014235,-0.9781895566001136,0.2962222442417154,-1.3315512878200348,0.3335811429680611,-1.546030158518347,0.3682028504459875,-1.7268167879777139,4.530808634177444e-18,-0.9999999999999999,0.027374427947082138,-1.3705067059885823,0.05560805261349542,-1.602742046509442,0.07909903940170286,-1.7862132201344805,-0.18842813815318718,-0.921116991487845,-0.23895666444663435,-1.2674874741746498,-0.24476061434371324,-1.4907626756864971,-0.24907009543167605,-1.6842206011912266,-0.37105277669179076,-0.7675493117101272,-0.49937864477237626,-1.014941296999895,-0.5592866562810548,-1.1875175023563938,-0.6057072906297086,-1.3451101312954559
4,4_100.JPG,0.0,0.0,0.2912613804628687,-0.07211838070698431,0.4071316555258272,-0.2622873260265343,0.12926251022660362,-0.456708824089002,-0.17542499700865635,-0.5742675848947162,0.3265144610395264,-0.9165019042922101,0.5398692168779665,-1.4236888863486572,0.6419511032636475,-1.7676214176499452,0.7043430296725794,-2.0616560813543985,9.989012756087832e-17,-1.0,0.060095506619977375,-1.5689623967763338,0.08209246763950569,-1.9342795915165751,0.09212688522248999,-2.225586611105999,-0.2786533848719766,-0.910609450041238,-0.4264831802866548,-1.4309820653637817,-0.5098357295264735,-1.7726726040829048,-0.5653131221515134,-2.041099947625351,-0.5070850193806131,-0.6994617173460578,-0.8079865850976075,-1.0222093647456139,-0.9980399818807036,-1.242537609617311,-1.136107623329448,-1.4395454385362663
4,4_101.JPG,0.0,0.0,0.25681341032558774,-0.1735819590286053,0.35862478065339376,-0.5570628999519707,0.21060020093566376,-0.9008500632046887,0.04929187973083601,-1.1212129849793533,0.25336298664821805,-0.9602578432359837,0.40167054599965574,-1.3769737027430609,0.4844281649163667,-1.6555042922132965,0.5300333839366447,-1.8787687582360635,1.411110122023798e-16,-1.0,0.00269281933949943,-1.4760037735149678,0.005219585985179352,-1.7690161841439307,-0.011853147438174885,-1.9965503712247794,-0.2146573066852682,-0.9132393750287181,-0.38125038845773007,-1.31771159766516,-0.48581437394675636,-1.5711778302713524,-0.5707466881437468,-1.7841773265833019,-0.4090373362885331,-0.7162821394513037,-0.6528690769671728,-0.9764830842617425,-0.7836534519481728,-1.1505428567493774,-0.8854236190932014,-1.3135370939079813
4,4_102.JPG,0.0,0.0,0.29458475953612717,-0.2150753944363601,0.44359118253020285,-0.5916801797591811,0.2749131506210438,-0.8754239676061953,-0.01404918233385376,-0.9332710459224981,0.24022163041254238,-0.9653907338004148,0.34537642546711295,-1.3733767241124875,0.4091729723833866,-1.6354711310940755,0.4506195668380928,-1.8596933620748328,-2.254065547734741e-17,-1.0,0.02784778074471651,-1.456732314674319,0.05242196077065417,-1.7568460627135762,0.05543331356315829,-1.9945427556500184,-0.20912001435672503,-0.9258185691832663,-0.25216105645730286,-1.3476741154099703,-0.25862797794185755,-1.6271294842226134,-0.2704972711613615,-1.84802069988227,-0.4147318662759707,-0.7660003517528926,-0.5264517450137371,-1.074845426797348,-0.5743424839873029,-1.2822722530550483,-0.6207659200396959,-1.4594823866601467
4,4_103.JPG,0.0,0.0,0.2874406224192595,-0.15612672981690723,0.4465393383288726,-0.502545870352553,0.26355268348186356,-0.7933647754353002,-0.023011796577046863,-0.8691987949138789,0.2818688647526474,-0.9326678859405781,0.45136997550760927,-1.3310969921381892,0.5590973257576267,-1.5917198518447135,0.629348656027651,-1.8185284749566608,1.0482471857028767e-16,-0.9999999999999999,0.03248308893808548,-1.4734580067879466,0.06566529873629715,-1.780519603004391,0.0726150868524153,-2.0342004027230693,-0.23684784765623423,-0.928081372750302,-0.3404066967087718,-1.3278031762963052,-0.38392926026461116,-1.591977907773043,-0.4310928225348254,-1.8182787822078421,-0.458796948812513,-0.7463214085095253,-0.6167112789687026,-1.021476251213979,-0.6889162929682381,-1.2081657426984624,-0.7534883468198766,-1.3793032893328139
4,4_104.JPG,0.0,0.0,0.31014448906135683,-0.03580051721490405,0.39314990407322736,-0.20783987894394207,-0.003720931008082632,-0.3767935053589812,-0.375668939196741,-0.4477166482521684,0.3531209055155607,-0.9422766522508108,0.45396689226384335,-1.518725364520809,0.48213989481582864,-1.9314262623434189,0.478283154896818,-2.289706936328018,1.5686383095476617e-16,-1.0,0.011544979913415186,-1.5797501151149516,-0.017252713738733997,-1.9715722974669596,-0.04339740470596597,-2.2832607366942996,-0.3034333006150605,-0.8860508857670552,-0.3988718494528244,-1.4299065122702177,-0.45311787201382214,-1.7802791653734926,-0.4808500045542729,-2.073432997021435,-0.5819488492994307,-0.6732471514132065,-0.7561863131869384,-1.0812440237474366,-0.8623547860938681,-1.3557309085300642,-0.9349741598669898,-1.6127057423821207
4,4_105.JPG,0.0,0.0,0.27184097833339227,-0.1608684507448088,0.3868658073442065,-0.4957026642830615,0.06402602058332721,-0.7359181860426919,-0.24736894365428827,-0.8017244504116814,0.25630378302558965,-0.9266881139641261,0.36043978401121773,-1.3668920232603166,0.4063489327261229,-1.660476997732528,0.41818424126788584,-1.900831340844429,1.0478996817881182e-16,-1.0000000000000002,0.03942013291060388,-1.4934440492570555,0.06930241276304744,-1.8159692909017555,0.07627657088942277,-2.064496134131345,-0.2206255407542007,-0.937252421214843,-0.26550346653308476,-1.4380934044202336,-0.26685400671693504,-1.7517604949319867,-0.2748955107807582,-1.9928633259171022,-0.4311650446489226,-0.7637967364029031,-0.7017201860628144,-1.082623943234177,-0.8623051902946764,-1.3125693261901439,-0.9990556477373304,-1.5204561319821743
4,4_106.JPG,0.0,0.0,0.3320813775441613,-0.16599510571574103,0.5994785990500854,-0.45541907591635356,0.5990715626742246,-0.7420146906521911,0.40498870808562204,-0.7672967161685241,0.25183780341114825,-0.9719047883930368,0.33780800666911964,-1.3573140811601148,0.3961830754529432,-1.5964036887318278,0.4377933390225262,-1.7997708485899322,6.084847256676872e-17,-1.0,-0.00393847580737303,-1.4461774475487317,0.0005639533539652645,-1.7256403148156065,-0.0002921366048790825,-1.952748254900835,-0.21699327980717,-0.9308509434302209,-0.2793258938655346,-1.3471563139794216,-0.2918078689041947,-1.6180123624653786,-0.29085427050015145,-1.8394435442231476,-0.42363087749543016,-0.7788011895526175,-0.5714320274353384,-1.0823714052844653,-0.6474550982289237,-1.2900725592926523,-0.7013569718498459,-1.4847659451023483
4,4_107.JPG,0.0,0.0,0.2992678721472986,-0.07265669254480035,0.44968983036933885,-0.31901644435696697,0.13463152858461588,-0.5187623940535873,-0.20098946638747417,-0.5556375218692087,0.32442918317745756,-0.9239689409827804,0.5346356367459824,-1.382484127829474,0.6821132132905506,-1.6911313509717547,0.78587128833393,-1.951229239932136,-1.0887079747184546e-17,-1.0,0.0481148781148634,-1.5679218788817577,0.08920830837236975,-1.9215768982204309,0.11236168813780219,-2.213427614220293,-0.2664223516814731,-0.9196725825580965,-0.3650861426936701,-1.436237703993518,-0.4100788142828742,-1.7704003038680345,-0.4448878933044916,-2.0537402145606647,-0.5065735501428669,-0.7238597617862632,-0.6442507602697937,-1.0774262424190024,-0.7252689084510145,-1.308945993219317,-0.7911980873698155,-1.5222636497228974
4,4_110.JPG,0.0,0.0,0.33055044092644575,-0.058662561659130655,0.41258824186799986,-0.2328669864730635,0.05614802465179995,-0.38136412254750607,-0.26248007081171615,-0.40204988472896386,0.3978012633609018,-0.8981433797254524,0.6837874736938886,-1.5104311395462715,0.8200316887998538,-1.9457625660993754,0.9130910470480526,-2.306809753968975,6.570153331298931e-17,-0.9999999999999999,0.11900800697545545,-1.658133111874025,0.19157549637334143,-2.1384484221822593,0.25635529039381666,-2.5340780379148464,-0.3387615790690855,-0.9055018552609595,-0.4542576844486038,-1.5126268767511744,-0.5164184554532641,-1.9287310192040996,-0.5446596457573628,-2.2654499257083054,-0.6117807607589723,-0.6651916608129975,-0.9378425920789508,-0.987529199673247,-1.153394809870827,-1.2276280505011066,-1.312032209181425,-1.4482015102140295
4,4_111.JPG,0.0,0.0,0.2745977164624546,-0.1726788015386017,0.38157578504598855,-0.5185868337165094,0.10264502533741407,-0.7780767051969739,-0.1894903205970765,-0.8576314745788681,0.258938816129618,-0.9385950101820676,0.3797538541930239,-1.3690168920702914,0.4365167022555687,-1.6511586285538113,0.4681770694023982,-1.894518266001719,1.385809484729149e-16,-1.0000000000000002,0.05372541143933903,-1.4589735277995999,0.0786790098040472,-1.7525585734621427,0.08290491304310108,-2.0003837167993757,-0.22353864710177737,-0.9376302952213651,-0.32486470981239757,-1.3661593235200802,-0.3833355066084923,-1.6305572649989732,-0.44231096004660975,-1.8558309246481153,-0.4371279263242372,-0.7731461785955621,-0.6312586615036377,-1.0847348103975962,-0.7245901350191073,-1.2903303184558306,-0.8119359097434763,-1.4772540311507485
4,4_112.JPG,0.0,0.0,0.30899758246261216,-0.20965295414743845,0.5066588224265403,-0.5221628682205355,0.40706503881169126,-0.7610325497081937,0.17225079698959522,-0.8261579599899618,0.23753719889366445,-0.9790003787420894,0.3507508530665816,-1.3618463826055318,0.4303612475268869,-1.5952024685413237,0.4974374383774471,-1.7950472669598097,3.2396745972583e-17,-1.0000000000000002,0.029397018806314262,-1.4353294054403984,0.06642160117337971,-1.7042911581278308,0.10137530923243852,-1.9218119164782181,-0.20876532193705225,-0.92557595426522,-0.23929588739007887,-1.3218937380233577,-0.22473139641819007,-1.5706148311336685,-0.1979051650146841,-1.7750855007760706,-0.41342262336598956,-0.7688018071805371,-0.5116629247165954,-1.0727201087077738,-0.5456064942398114,-1.2811775696011127,-0.561088777068446,-1.4760578588462818
4,4_113.JPG,0.0,0.0,0.28994624686381637,-0.26644489558830076,0.4062674537473528,-0.6253916763225823,0.2165694050014031,-0.9220188099907464,0.024225192196103685,-1.0890433401283457,0.24123313385865977,-0.9666155967357184,0.37974601543526415,-1.3475390287760602,0.44686736058633625,-1.6002433128647102,0.48565971621776627,-1.8201881000548181,1.3292025311479473e-16,-0.9999999999999999,0.0012338169150026578,-1.4522325505222178,-0.005880622334691888,-1.741407864024517,-0.022514615899749825,-1.966157669927169,-0.2078238906347045,-0.9323231378178407,-0.28063664833635293,-1.346748633881079,-0.3007976252069375,-1.6013245236041793,-0.3138474371271199,-1.803886201806284,-0.4076478204161964,-0.7775893959750395,-0.525428633470412,-1.0812721722233358,-0.5674687394292501,-1.2928531782505273,-0.5897004552394577,-1.4808784887105406
4,4_114.JPG,0.0,0.0,0.29529682923753653,-0.15547861156936904,0.41859218622669303,-0.4382537519861586,0.10102162900031948,-0.6225130556801276,-0.21779688501461245,-0.6159375777116184,0.28825502745283205,-0.9523242053472409,0.44349289369396383,-1.402850989961824,0.5402684704583034,-1.7067840521801523,0.6125710651273826,-1.9621027447267734,7.64785479300275e-17,-1.0,0.028042229608487543,-1.505113976175517,0.02664694741314053,-1.8451534048902276,0.009047697649447694,-2.104978000091317,-0.23840039577712252,-0.9158927918756742,-0.28626588055748853,-1.3836326594329318,-0.3256993508878529,-1.69911331391344,-0.3695793761891544,-1.9482600904931133,-0.4615834503851268,-0.7305209258647067,-0.6581360388845324,-1.0675668628421262,-0.7768748489821635,-1.2961234754966309,-0.8815817101611242,-1.5000018319893813
4,4_115.JPG,0.0,0.0,0.28074837431368405,-0.24844254599267934,0.41731510163977326,-0.5877392905985599,0.30547990662296004,-0.8701460632980811,0.1431858176510455,-1.0477352833117923,0.22728394176563174,-0.9742106988993058,0.3386605933514793,-1.3500267772291967,0.3971899780097528,-1.5919852387947622,0.43602829139509097,-1.8027457874451267,-3.578162513903797e-17,-1.0,0.022178662761539774,-1.4572802013825548,0.028058585791930126,-1.737627151621319,0.017696552336974734,-1.959683383398681,-0.21201398531744367,-0.9197534186647807,-0.28448988024113414,-1.3566339637445477,-0.3124129508047703,-1.6278141374388821,-0.3275363844536349,-1.8524348428530362,-0.4224748750232412,-0.7534358040179387,-0.5429384727816331,-1.0571568529118038,-0.5926018441216245,-1.2644063392044023,-0.6218234654015585,-1.4611765496684226
4,4_116.JPG,0.0,0.0,0.3112184976908126,-0.15134986440062093,0.46216614650865234,-0.4717920377420447,0.18725115737532128,-0.6854227751816423,-0.10617822505549841,-0.672338764026273,0.27481855560010904,-0.9460498387850744,0.3834434538356337,-1.34426794429789,0.44113370835220844,-1.605447973825225,0.48773660059427537,-1.825089455619849,9.423012331729015e-17,-1.0,0.00481583767514382,-1.4277744131336778,0.024666828354455675,-1.702516179961685,0.04410106876867195,-1.9188277305598271,-0.21158969276181064,-0.9433471387071976,-0.23682355307823338,-1.3234120869519619,-0.21095071421071554,-1.5464818068647703,-0.1916090282387204,-1.721206372366453,-0.4001270660640557,-0.7919741646334924,-0.4478660153047441,-1.0753106271912678,-0.4387238475247,-1.2365960088944834,-0.43053110984396525,-1.3651401981002358
4,4_117.JPG,0.0,0.0,0.29473453922992693,-0.17813399950252362,0.42022852967851865,-0.5337142283058979,0.08528740313859313,-0.7659128837990389,-0.22103183805650345,-0.8108949694986075,0.27417129204659973,-0.9551202155925582,0.37853083781732316,-1.395014086664043,0.42176108353553016,-1.6763468413702318,0.43365105965276435,-1.9048637660804362,3.466018111723042e-17,-1.0,0.01666837444284955,-1.472469914731702,0.03846282476841834,-1.7842931244758462,0.03659528446034493,-2.0386022077036783,-0.22644740544873476,-0.9471405128711708,-0.2903375403341929,-1.389726968383736,-0.3050053530055978,-1.675099686194984,-0.3315908114973917,-1.910782162989933,-0.44531059853838445,-0.8131631310785874,-0.5495398463859434,-1.1594269750199027,-0.5901069501722046,-1.3898925380067122,-0.626644010935218,-1.598278091329879
4,4_118.JPG,0.0,0.0,0.2751634169489043,-0.20596309007674926,0.40773105607093924,-0.5379061059997768,0.1539853493383628,-0.7890202916834028,-0.14953516763917055,-0.8211481335196454,0.24971777160531505,-0.9571839707275299,0.3661282543332844,-1.3831903235431955,0.43320380288168764,-1.6500735504548183,0.47777087392370854,-1.8793612095308194,2.0011715960715276e-17,-0.9999999999999999,0.003968316161374085,-1.4649352242285687,-0.0003780572140975945,-1.7687030118736968,-0.03003322735673447,-2.0128583807794826,-0.19989980096898363,-0.9201070482421696,-0.33282035284396216,-1.3366915027765498,-0.4099223731785669,-1.6264374716230767,-0.48979557793669654,-1.8548674775138179,-0.3796190902229305,-0.7459005119613077,-0.6071706655935695,-1.0484736563094805,-0.7339335447942942,-1.262615411958167,-0.8478422561713551,-1.4489937721421395
4,4_119.JPG,0.0,0.0,0.2696135936069083,-0.2405888986009981,0.42499002087708737,-0.6257397975388339,0.3098989746162389,-0.9346544149927212,0.06247660812196868,-1.0217968492221787,0.21581054816912662,-0.9647074488705341,0.30084814939018967,-1.3384144811615033,0.33895469998577116,-1.5728591933952902,0.35863003092345724,-1.7711654023782712,3.440380073748756e-17,-1.0,0.028847690389537512,-1.4107434339483373,0.042923013295061714,-1.6835085280848647,0.03914073185931079,-1.8970745084834228,-0.19092548483173774,-0.9450152524798852,-0.2301764814891253,-1.3278194926359133,-0.23167228237287973,-1.5722474861401974,-0.23735083460063405,-1.7671420111446765,-0.38320990412905054,-0.8121699420567916,-0.5046702183269614,-1.0889415613357332,-0.551675753524232,-1.279805131307333,-0.5868148575574873,-1.448503344368004
4,4_120.JPG,0.0,0.0,0.22412604311401838,-0.17799981832496223,0.311323583795755,-0.5247211043278757,0.03593548348623439,-0.7994423648883344,-0.2506292194656999,-0.8943297189026381,0.24923995111338013,-0.9375436538715214,0.37083474262995325,-1.3708616448436068,0.4341175458242086,-1.6474035746750213,0.4672803220639668,-1.8822325170687566,3.436552464582752e-17,-1.0,0.02591510554069573,-1.4655628664662679,0.03829650468728209,-1.7667595507656266,0.03905410154581511,-2.0190681766260092,-0.21633001425159606,-0.930935803263734,-0.26187558529859734,-1.3628381268749952,-0.26622662649845036,-1.64846323012591,-0.2748794700848281,-1.889013853452688,-0.42410192859786405,-0.7585451640451546,-0.6196811263375932,-1.0591125446532696,-0.71941889805378,-1.2764678721980829,-0.7993271548900691,-1.4738962663326438
4,4_122.JPG,0.0,0.0,0.23781415953018104,-0.27262000474339865,0.2357836021646003,-0.6334985989672718,-0.03561165358396148,-0.844457372374078,-0.30106162084704363,-0.8722047868272178,0.2492751219505016,-0.9666158007673028,0.3520042743126495,-1.3737367237479197,0.39082626719791524,-1.629947989644711,0.4175924413021059,-1.856430049912974,0.0,-1.0,0.023873922189432774,-1.396535527791467,0.01453843195044178,-1.6505093238761213,0.009690744637091964,-1.8462676879872912,-0.22813311797822267,-0.9121262685149878,-0.2905439437513817,-1.2608487423756787,-0.34082461973956896,-1.4758018999544709,-0.3787125266603297,-1.667417999556449,-0.4450626562373058,-0.7371903635107457,-0.6080374323343627,-0.9486410788713431,-0.7082178653063248,-1.0855183462362923,-0.7816489247663287,-1.2053665118547503
4,4_123.JPG,0.0,0.0,0.2872100287297624,-0.20905960399408408,0.45801586069429,-0.5365264209612679,0.36880643139630076,-0.7940487777798059,0.1833227752465563,-0.8377001425293079,0.2292598491747843,-0.9775703942754108,0.284137912916493,-1.3591477322771848,0.31780009658792174,-1.6044994963060328,0.3340140725877654,-1.814149114326277,-3.9525825666045146e-17,-1.0,0.024310540098738155,-1.420900803455709,0.04326454774166447,-1.7010704405151627,0.04842139365182352,-1.9224052062056425,-0.20775819085508446,-0.939798428394418,-0.23543033709245517,-1.3464100536582724,-0.233027723570982,-1.6146287435170328,-0.23255817515704283,-1.8212064601989597,-0.41732772468435375,-0.805313192543528,-0.5223798275682678,-1.1335144484801398,-0.5691045439105128,-1.3567733679755514,-0.6059953116348232,-1.5470595245596352
5,5_000.JPG,0.0,0.0,0.22756291525666228,-0.19325889639324223,0.41916643301633844,-0.48382137071934767,0.6521045285737891,-0.6488964031699811,0.8560303149522474,-0.7082766041064098,0.17838981121011646,-1.015833944067789,0.25217401710872694,-1.4294247959024589,0.3033137928037002,-1.7104738738053225,0.33493815224377244,-1.9452663697912198,1.06554867868527e-16,-0.9999999999999999,-0.05013778002447147,-1.4616070017549894,-0.07666123855048403,-1.7665387249317355,-0.10795365190366271,-2.0101537527501345,-0.15963203779948443,-0.8692683614993822,-0.2430979543586697,-1.284432576491444,-0.2989278388845214,-1.5609093907041627,-0.3475841549357315,-1.7906306294924708,-0.3016283484612619,-0.654196013019675,-0.47039804739767926,-0.8756566517263877,-0.5659466916502719,-1.0458380381830503,-0.6430003161414903,-1.2054688487026124
5,5_001.JPG,0.0,0.0,0.2786667712548266,-0.18293207354086588,0.47066656796589307,-0.52422549201258,0.6188525589379646,-0.7835818126676154,0.7472092362076114,-0.9796312480655891,0.17727569838687274,-0.9823873667385543,0.2667389287860104,-1.3765605074673857,0.3288507086126708,-1.6327461882384264,0.37231516905651524,-1.854429794563955,0.0,-1.0,0.0038955959940863106,-1.4483885641916676,0.019817589136096207,-1.7452275961211576,0.019378595930659014,-1.995455283117074,-0.15727634504036475,-0.9046230560464252,-0.2618369537182471,-1.3003026250584786,-0.3151796030627063,-1.565608026112094,-0.3550550276149619,-1.795279982911783,-0.29826143202157734,-0.7244769965816077,-0.4366996365998965,-0.9657193813763488,-0.5123147374019834,-1.1367386347485895,-0.5683560483189468,-1.3008345363475775
5,5_002.JPG,0.0,0.0,0.273484771716673,-0.22519575504588746,0.4732875005737804,-0.5632773945513428,0.6624824084258847,-0.8060820500518514,0.865408672743021,-0.9497304388919161,0.19011052910653245,-1.0058563533167482,0.23378632673054492,-1.3982111381133842,0.2573714062667844,-1.647103368697568,0.27234061931520387,-1.859023792108577,1.3565880540390498e-16,-1.0,-0.01570754567303958,-1.4209365485673777,-0.021737733686668627,-1.695099929312554,-0.033594288547522035,-1.9209081932515475,-0.17384485468623764,-0.8985759879776514,-0.226862353564286,-1.279042562438129,-0.23436585332123772,-1.516440586706857,-0.22750847081939604,-1.727254147384999,-0.3414702962053598,-0.7247958595624218,-0.46238230835189964,-0.9637931355272724,-0.5071534700364119,-1.1250223394363004,-0.5267901403639588,-1.2846673724987763
5,5_003.JPG,0.0,0.0,0.30391373567823476,-0.2581140195065544,0.44244286406775435,-0.6365695174203999,0.5142947110135341,-0.9475211596103453,0.5921035693968865,-1.2025844142602302,0.18436342867475294,-1.0218043308932085,0.24186416905366095,-1.4378498179832169,0.2736815315995589,-1.6985080818804796,0.2932424008731603,-1.9214828101652974,6.672366737976073e-17,-1.0,-0.01595748281576579,-1.4364037391950004,-0.02270913746913774,-1.7260795661563317,-0.03712009310251108,-1.9636172319789484,-0.18007726416157438,-0.8714399801327528,-0.24624010176463984,-1.2665644099867803,-0.27557710722957995,-1.5202187393313316,-0.28677749569774946,-1.744963582474273,-0.35386524536492886,-0.6671960344615884,-0.48022878232931654,-0.8996819161452647,-0.5290163818531364,-1.0755939531968213,-0.559749786384458,-1.2471862939034712
5,5_004.JPG,0.0,0.0,0.2644200001435362,-0.20504929924887993,0.4460921877984381,-0.5589382979551545,0.5980780888115561,-0.8377411720870296,0.7678987936490103,-1.0453911597804546,0.17066680374026424,-1.0099099161982374,0.23111021597405076,-1.431140142029121,0.2787782378872939,-1.6981510237336754,0.31800396670059494,-1.9238026890868365,6.687671601357086e-17,-1.0,0.016967403654940608,-1.4450272068215395,0.03793207209276234,-1.744605258824976,0.05451731664504758,-1.986068008872728,-0.1587490613772883,-0.9005322422762845,-0.18248264353470994,-1.3232024024319904,-0.17318943543296744,-1.5935101968475298,-0.15396618842337625,-1.8164726832173144,-0.315599983259128,-0.7331938544660804,-0.35560652078239036,-1.0316159202146078,-0.36448795239171833,-1.242917148456438,-0.3648483814108496,-1.4366124068548003
5,5_005.JPG,0.0,0.0,0.2630146712810111,-0.1664041215834088,0.41289370499607037,-0.5049499446906326,0.5161831472365312,-0.8042737705527419,0.6620103691081528,-1.0035886542128323,0.18192003014192723,-0.9843823929410189,0.20791327881470653,-1.4075573543872133,0.2263245338305102,-1.6808278387326383,0.23658897272107843,-1.91186558800834,3.4256368206213787e-17,-1.0,-0.030792555386083012,-1.4781528231847287,-0.030151892577736934,-1.7811785931498276,-0.030064195673993363,-2.0251471309281897,-0.16311830792038828,-0.9314165350484227,-0.21251238775511577,-1.3723333759580145,-0.22056858656608525,-1.6525380289371132,-0.2229195808729542,-1.8819717466123667,-0.3158847570861297,-0.7898138270074319,-0.3963884379469814,-1.1189417065433664,-0.4272250281890505,-1.338846040539804,-0.4418176288439157,-1.5422065290713944
5,5_006.JPG,0.0,0.0,0.2347836043280489,-0.16393557010020365,0.41141468869674713,-0.4758689992506986,0.6308863623597007,-0.7042871662336272,0.8694630213620277,-0.7235868106649799,0.1865213863074854,-0.9971161483381987,0.2645930417799062,-1.4231228293215794,0.32732522965232597,-1.6881782180800535,0.3789034098333354,-1.9119040230125937,1.3535254355845997e-16,-1.0,-0.0161531850035367,-1.477319427461314,-0.002859378427158447,-1.7726628835804825,0.008192144257439873,-2.018523539374639,-0.1646910111237489,-0.889784752146604,-0.24433620065097755,-1.3074414732086228,-0.27365899898609397,-1.5701907285534555,-0.2883115439773891,-1.7964959412544188,-0.31452315191414965,-0.6955362198374792,-0.4420928619908921,-0.9521466420088541,-0.5077801641963156,-1.1193262997711995,-0.5519801733533918,-1.2847479230830514
5,5_007.JPG,0.0,0.0,0.26558648121480183,-0.2092754458032318,0.41368052351589557,-0.5835418337943935,0.5531877832606734,-0.8734327994980506,0.7213151635037193,-1.026598477169752,0.20171524728621695,-0.9778224849079739,0.28307232493760104,-1.41985250968255,0.32953156990391813,-1.6978131882622016,0.36260067663679313,-1.9197090623984177,1.7881698896525724e-17,-1.0,0.02329468213957001,-1.4926167699331299,0.05779921563286468,-1.8077680604025401,0.07831192560298451,-2.0500644956268816,-0.18691823422768578,-0.8952134368985134,-0.27564139340640953,-1.353810411351236,-0.32476432007043593,-1.647539657111729,-0.3647778142789625,-1.8879640135675884,-0.3585086012693552,-0.6951850905478348,-0.5574266370607098,-0.8990312306837713,-0.6753231323175275,-1.0532311791552134,-0.7727055000279529,-1.1986743615471058
5,5_008.JPG,0.0,0.0,0.30172778299305353,-0.13688810019565764,0.5341682526543903,-0.43599145463328465,0.7111792361398631,-0.6904882185101112,0.9067922522097299,-0.8462830867324849,0.2110326084176964,-0.984003964710145,0.25974422195554064,-1.4095092423898041,0.2792912064068635,-1.7038601951147554,0.2842571898019632,-1.9582651682014898,1.1353068983104842e-16,-1.0000000000000002,-0.015036251179767526,-1.5030123785103473,-0.01686459553367956,-1.8233140458231847,-0.02096388696521513,-2.091623530507876,-0.1741852044174655,-0.9215582544859516,-0.25114346493110484,-1.3565712730509465,-0.288890577066409,-1.644620210089765,-0.3104949660281301,-1.8836715057917035,-0.33177542896340456,-0.7685193311460858,-0.4336363772179205,-1.0871992076696642,-0.49931916796109777,-1.30892409326203,-0.5407806231970786,-1.5221102120442782
5,5_009.JPG,0.0,0.0,0.2751742024083848,-0.16314038308369228,0.4599287892614706,-0.4582627685718925,0.628749330668971,-0.6700266561247203,0.810767308162633,-0.7380155844626385,0.1742241774567488,-0.9886460466165883,0.2492912009401183,-1.371241752324321,0.30828921827518235,-1.6218076226872005,0.34816370241736705,-1.8221810046467828,7.552940627385538e-17,-1.0,-0.005907255396046501,-1.4533174562240336,0.015629217499464488,-1.7338163735193233,0.01966626487168785,-1.950220955784233,-0.15176246496114587,-0.9108022374806606,-0.22776379564949242,-1.3126313958810945,-0.2533812113867494,-1.5716944101280816,-0.27549385541702565,-1.7793827827181021,-0.2810944655757584,-0.740781784589084,-0.4367582418257873,-0.9725075257990606,-0.5309479567500482,-1.135577117632495,-0.6076614716318912,-1.2806645080826515
5,5_010.JPG,0.0,0.0,0.2902407060991986,-0.2124392571501696,0.4646223597459697,-0.5735103013734564,0.5561613260001494,-0.8829172642518984,0.6565630780082955,-1.1267258031690264,0.17700610701085773,-1.0062756205775867,0.211674257894368,-1.4348708226111695,0.23589321635109478,-1.6955355675261998,0.2508244376682474,-1.9119726281496603,1.7656193945703622e-17,-1.0,-0.04509593275791962,-1.4587629374880904,-0.06151979082818471,-1.7523607985572425,-0.08627175418553565,-1.984752352641881,-0.1595470412247707,-0.9037578937990617,-0.24051232309974588,-1.3251680049545977,-0.26574246727938194,-1.5959847674524865,-0.28275623389767035,-1.820392430113793,-0.30470965860924754,-0.7381099702853392,-0.4165304821446044,-1.0287417095263232,-0.466749617739102,-1.2319923109216817,-0.5035549946628001,-1.4138007351424609
5,5_011.JPG,0.0,0.0,0.3020975045787832,-0.17987386896159427,0.5182144216386974,-0.49851033254698335,0.6573969341319525,-0.7638485505984394,0.8193190033444947,-0.9266982210671234,0.18390979655468556,-1.0083536661081491,0.22448691989492142,-1.447003349664364,0.2552249601249108,-1.7302301154524664,0.27148385212532955,-1.9688167732082829,-2.1659249708130484e-17,-1.0,-0.059858533577775944,-1.5116481156731745,-0.07787408668194964,-1.8236253774644575,-0.0926289518312856,-2.08022670768788,-0.15900376846708097,-0.9009924192562274,-0.24265190520351848,-1.3611063325066897,-0.27613181786231916,-1.6680600932679983,-0.3004230607672674,-1.9192600019824415,-0.30047826825273005,-0.7331771729066987,-0.3885641160517094,-1.0632003667928913,-0.427954261694777,-1.2949859975142002,-0.45630240206654965,-1.512516573609675
5,5_012.JPG,0.0,0.0,0.3132966127643982,-0.18405086876038873,0.5436151481868352,-0.45635353181345834,0.7473251589118279,-0.6712398656192263,0.9573195667699084,-0.7678426420006852,0.1951263095195336,-1.0044913604650603,0.21460371079899246,-1.4213960863739161,0.23418067394270342,-1.6829962083047734,0.2396627323918661,-1.8968469956621101,6.614832921311156e-17,-1.0,-0.043635153462719935,-1.456043950814444,-0.04822503183046279,-1.738827601297685,-0.056759581689957525,-1.9667376950756097,-0.16646683423822162,-0.8909560293616264,-0.23000205686072425,-1.2964707073736075,-0.2528657603373882,-1.5588366907282618,-0.2650729235171142,-1.7814684184895655,-0.30684859666905506,-0.7018924482966437,-0.45102840254838783,-0.9332164025593709,-0.5254294005230168,-1.1142366910814951,-0.5785339593607471,-1.2878007655442505
5,5_013.JPG,0.0,0.0,0.28738728285443804,-0.13235540342705926,0.5179807834054891,-0.4187915400655063,0.7150598125716059,-0.6578042677108553,0.9075690513488552,-0.8119021621239269,0.20549691978306944,-0.9918934502754118,0.22265802832068243,-1.432850114717162,0.22393445730719205,-1.7322262004198343,0.211782538983124,-1.9795205868801424,1.600080498268612e-16,-1.0,-0.047873169452831536,-1.5051256290438582,-0.07018090749401322,-1.838739554622704,-0.10129482985122922,-2.106495073909482,-0.173643589424652,-0.9072837562192508,-0.2539554139524728,-1.3547042506772342,-0.30168289854201286,-1.6531908404695232,-0.33739439245238867,-1.8940507232248187,-0.32561743053525594,-0.7384769753645898,-0.5065196015229947,-1.0398979288561587,-0.6114464176369165,-1.2603490339283712,-0.6803401256195136,-1.4668758923015983
5,5_014.JPG,0.0,0.0,0.3154984450228614,-0.16737034540679402,0.5526572057214314,-0.4344442064735602,0.729591364756414,-0.6626902695566116,0.9299165541958538,-0.8124891733228624,0.19760698300265206,-1.0036475861781495,0.2344782343813194,-1.4607855433984172,0.26007870905623853,-1.7725230198781323,0.2673058013705708,-2.033877285164779,8.686717250741453e-17,-1.0000000000000002,-0.04461193312899375,-1.507677389257329,-0.05970837071690905,-1.839104145247099,-0.08172559309916963,-2.1112034705259997,-0.17378472395481204,-0.8841556730611061,-0.2758953031126336,-1.3249116125751086,-0.33661321194244836,-1.6258845400112265,-0.3822316496627656,-1.881480378600962,-0.3195914171777769,-0.6878669912921116,-0.4796345328217571,-0.9632453754245863,-0.5755655923411941,-1.1594879178582005,-0.6509228014623287,-1.3493043038015424
5,5_015.JPG,0.0,0.0,0.29826001623921644,-0.19764736411735875,0.48681323408622046,-0.49193207615713247,0.6618082152996839,-0.7042722422039399,0.8210673705981061,-0.8109240150941431,0.18359452477936508,-0.9968176695204589,0.2507123220231434,-1.4152399004790535,0.2886479314697508,-1.689780188309674,0.3067095313875244,-1.9179835987147664,1.6742109930394172e-17,-0.9999999999999999,-0.032711618053122504,-1.4745895501698902,-0.029049404797000734,-1.768784694489235,-0.031191393854906456,-2.0084115806831138,-0.16102037023997753,-0.8852457339780273,-0.27222765268944465,-1.290111827371315,-0.32232736119380306,-1.5597334478811469,-0.35747737049793593,-1.7887347525148467,-0.2852690420844095,-0.6816442488347375,-0.4460224930826331,-0.919515020248474,-0.5239965602454687,-1.0976733683628546,-0.5815080131899131,-1.2756334851751787
5,5_016.JPG,0.0,0.0,0.3002251359063532,-0.22135627559944462,0.4778593643731864,-0.571698543334298,0.5998261593044067,-0.8630014790908795,0.7398404566919808,-1.065990757001131,0.18299732511592653,-1.0195398908181939,0.21630330915344417,-1.4261005804297686,0.23829639966897953,-1.6822307479232586,0.24785957983152887,-1.905992382544357,1.309369119668136e-16,-1.0000000000000002,-0.050588090892773795,-1.4504453350233426,-0.05658897914158423,-1.7266998574751582,-0.07025584849346574,-1.9599603985696097,-0.16157528224557743,-0.8753985341667544,-0.2610914191603288,-1.2613976656599422,-0.30043117279368114,-1.5007804924680905,-0.3273826206301129,-1.7197445402239937,-0.29602963510331215,-0.6726932264745101,-0.4144239891290953,-0.9166430340439755,-0.46999136832380456,-1.096535740556018,-0.5125825352828637,-1.273681123418684
5,5_017.JPG,0.0,0.0,0.3420319174480927,-0.09618789468133246,0.5906091155784728,-0.29706214055933117,0.7835472553311239,-0.4942205708986525,0.9859570147319375,-0.6107421776213667,0.21437139458631982,-0.9779417446062091,0.24419156194696584,-1.4232427381067512,0.25208967012214956,-1.7056553411530235,0.24428521462131714,-1.931473661119009,1.3350605389002165e-16,-1.0000000000000002,-0.09571902886721136,-1.4962284965488635,-0.13818528809352387,-1.7994753704529907,-0.18113837020354087,-2.0363656789982354,-0.1775225956072858,-0.9131049934963472,-0.2789796018142694,-1.3389176865832941,-0.33435199255359976,-1.6197461918634943,-0.37520378509693325,-1.8460270906826803,-0.3201831101588005,-0.7455131359402261,-0.45141994730428764,-1.0057541485248984,-0.5208731589858644,-1.194011126466193,-0.573646362754484,-1.366509638656887
5,5_018.JPG,0.0,0.0,0.34844890075004203,-0.22785200671464423,0.591287463438887,-0.5640578819528507,0.7466517569660026,-0.8826660215528225,0.8781163311754365,-1.1531931738611407,0.20862667436957164,-1.0207445923072211,0.18193293987598413,-1.5079452267850955,0.14730204175343542,-1.830572160440779,0.10839975127746584,-2.0992310802931966,1.4990710723289e-16,-1.0,-0.0960976753370423,-1.56111118209044,-0.14706723379012218,-1.922002793499695,-0.1848139811710597,-2.2095791773967934,-0.17974433475675403,-0.886681954570868,-0.2980084302668155,-1.3974962211178994,-0.35119401993594385,-1.7265024066774903,-0.36924662621889065,-1.9808655296514943,-0.33550519622134634,-0.7046608776425844,-0.4901679566279999,-1.040294865908338,-0.5797332539564839,-1.2906730878943624,-0.6367090041251104,-1.5258559912216163
5,5_019.JPG,0.0,0.0,0.3112276785685955,-0.17607958362558607,0.49142933964790664,-0.500258614762556,0.6110773279445377,-0.7721448728918335,0.7836176535883908,-0.939275830222331,0.19345369199326987,-0.9991102132869724,0.22017062747715774,-1.440158715453923,0.2506034308984039,-1.7281397470770439,0.27007716398610454,-1.960525930122439,8.261885991713526e-17,-1.0,-0.033222539930145414,-1.48194888602709,-0.038990341075090425,-1.7895868390913896,-0.043568152590106365,-2.0280614155134833,-0.1769812183601571,-0.887342885264502,-0.22170067138840577,-1.3297154688463975,-0.25181663294868506,-1.6265496932306922,-0.2701076476779505,-1.8695410499686052,-0.3380607480712435,-0.6896938896058318,-0.4726142594786127,-0.9502385168366433,-0.5574405882273786,-1.1408203632690175,-0.6245884418800864,-1.3179270541124941
5,5_020.JPG,0.0,0.0,0.3171752385623142,-0.22148749880951346,0.45015529596675913,-0.5257635793677919,0.5401599161739646,-0.8100684879888967,0.6580130146502765,-0.9976633291248053,0.1887925132833801,-0.9703552305225741,0.26736086096675565,-1.4149822747568972,0.29776733298246183,-1.701977641162201,0.3211455205823564,-1.9435410447275443,7.757577131737135e-17,-1.0,-0.04618701105747882,-1.492785699974405,-0.05964569246983278,-1.8195383172936939,-0.07067554705211616,-2.0799522458843844,-0.17330188122063797,-0.901548176111126,-0.2698090440785427,-1.332851822822664,-0.31676361440373096,-1.6318913658411591,-0.35158617704282974,-1.8747505135219442,-0.3137726621768379,-0.7043574486345549,-0.4797290389449697,-0.9812762148458026,-0.5629885372824739,-1.170792553025086,-0.628104842399024,-1.3544231582405681
5,5_021.JPG,0.0,0.0,0.32204408784635447,-0.18294925202686854,0.5043195930485048,-0.5348041867136615,0.6251010771799825,-0.8294806346668692,0.8095295218452498,-0.9830226692436778,0.21586699847844426,-0.9651834353499613,0.2808794756509389,-1.3557749943088966,0.3083826375198074,-1.6037359787218133,0.31475226361917874,-1.8154352729515724,1.0432112787028724e-17,-1.0,-0.03604330877412803,-1.433534424356555,-0.054859449993910056,-1.7054324693792462,-0.08448931042387404,-1.931714954478354,-0.1881029883729191,-0.9387567287451919,-0.29045156397972166,-1.339813337361991,-0.32835283589840303,-1.597836909020424,-0.3535893754078367,-1.819954201357713,-0.3509071394441417,-0.7968646166167359,-0.538716315817421,-1.0693350132249568,-0.637089318423851,-1.2605917649703349,-0.7054114480280966,-1.439242375003014
5,5_022.JPG,0.0,0.0,0.3267906801410352,-0.19305588549899477,0.6093750214040229,-0.49044470242382215,0.8990267962830226,-0.6638851655422687,1.174731116506806,-0.7252286555598634,0.23810664387903016,-0.9811265798310586,0.33939663930324576,-1.3726948296817791,0.3829064992443485,-1.618564921482341,0.4012459969024913,-1.8284518606513953,1.0631331102501361e-16,-1.0,-0.012884020983734085,-1.4388672768169444,-0.026528494009523583,-1.7138190449924688,-0.06099123762130865,-1.9423618313170212,-0.214858436930775,-0.9077085942854065,-0.31188363491747007,-1.3003911995156237,-0.35976686272627323,-1.542524745597834,-0.40281062385766236,-1.7449660417031474,-0.40102501500749116,-0.7371056015917885,-0.5888430256125996,-1.0024986107118226,-0.7071068016281671,-1.1875638341325803,-0.7990860275582299,-1.3591765756606147
5,5_023.JPG,0.0,0.0,0.31980309638838067,-0.19607808222449272,0.5614841906793934,-0.5292096558095186,0.8036848237226363,-0.7269607692979552,1.0362629272508772,-0.7644968849485599,0.22269567143468058,-0.9826582490856244,0.3033784811694604,-1.3803868308620857,0.3604045407092256,-1.6231449687708694,0.3942041364231645,-1.8249077685746387,6.482363887796787e-17,-1.0000000000000002,-0.010844236776800477,-1.427852727813035,-0.014121483271367747,-1.7001643123616137,-0.03385904581354421,-1.9196882271438884,-0.2051987961348686,-0.9322266655226762,-0.27216518062667827,-1.3372465343587543,-0.280980876792713,-1.5874056812295583,-0.2901701880473049,-1.789090670884036,-0.3923216425055825,-0.7963168765306123,-0.5650607831929108,-1.087792640914653,-0.6603188999051158,-1.2907343829842806,-0.7264934074697244,-1.4745324957679868
5,5_024.JPG,0.0,0.0,0.3474726408448877,-0.1988375000360869,0.6128135778719495,-0.5020106435482997,0.8201664353354258,-0.7266983531277572,1.0400443609356969,-0.8434703944197511,0.2131235923630812,-0.998076566082231,0.25833940567640246,-1.380785722877251,0.2881831119795133,-1.6072285359576237,0.3031013644581798,-1.804517287422277,8.675382029441409e-17,-1.0,-0.035219595765975664,-1.396579906319801,-0.04525730599497632,-1.6490082966459951,-0.06155763643773521,-1.8598317869210115,-0.1881251190166501,-0.9162481099488253,-0.24396338619889454,-1.2837273045722333,-0.249590086044185,-1.5223684924343583,-0.2512205348810689,-1.7244189476253091,-0.36418149683747086,-0.771349725429081,-0.4716725049255831,-1.052412155351419,-0.5230881801205726,-1.2406225002409619,-0.5595694125516232,-1.412200921480552
5,5_025.JPG,0.0,0.0,0.33709181003182853,-0.21382303331844818,0.5770039307873089,-0.4830875583000137,0.7870571081674462,-0.6880604936900758,0.9928564616740663,-0.8047753766071115,0.21743183484144415,-0.9852922953147398,0.2769941701905038,-1.3451661585309365,0.2952742134470745,-1.5514851401549112,0.29928088282922294,-1.7366892905631741,3.838700212748494e-17,-1.0,-0.03125162725726136,-1.4011297030593013,-0.05162872254696752,-1.6390751631014882,-0.07566314479938105,-1.8374664061572417,-0.19395963537921435,-0.9318229223030512,-0.2495918515459562,-1.2963791211356035,-0.2630226758869112,-1.5143455293993544,-0.2698770321040636,-1.6941697168629488,-0.3703880347312061,-0.8037226592294763,-0.43363292213161636,-1.0686776693956048,-0.45254637355670757,-1.2429968991192433,-0.45508614730683083,-1.400738492373166
5,5_026.JPG,0.0,0.0,0.3534779525481297,-0.21215362925578443,0.5977699631303727,-0.5437570330053163,0.7503505340342106,-0.8285848044919938,0.945179431364406,-0.9875360625600278,0.23091874664065115,-0.9889034387255556,0.27881658626936073,-1.3655124507492242,0.28977979295830275,-1.5842189663508552,0.2835122379909805,-1.7674912654560138,-4.7811244921718514e-17,-1.0000000000000002,-0.02880884178763293,-1.4240529492166205,-0.04295233603962931,-1.6783867069382408,-0.06638958595081255,-1.8900757436747266,-0.19993047094612193,-0.9126292214659534,-0.2797792856267134,-1.3035799745340502,-0.30516788937874517,-1.5428190753056032,-0.31643128520378,-1.74964542792501,-0.3837171726296767,-0.7541877079929347,-0.5461975275485044,-1.0217245829357056,-0.6313791877956803,-1.2032772155997316,-0.6880758811840868,-1.376395401186425
5,5_027.JPG,0.0,0.0,0.3200794947744008,-0.19025823749943738,0.5541577406702477,-0.45669230041931613,0.7457027173318327,-0.6447397961389423,0.914021648554578,-0.7734807234603703,0.21599594522726162,-0.9817978741326974,0.28760414069455753,-1.3481780906209617,0.3097340685490388,-1.567079443119402,0.30770364594720484,-1.7569101764924133,5.595979568591848e-17,-1.0,0.00022295400293265928,-1.4031500966902188,-0.005617419445388523,-1.657024150390993,-0.036770527449286314,-1.8614163667292796,-0.1936579868033002,-0.9217970548259634,-0.25184561067297856,-1.285870465046832,-0.27484463988680347,-1.5118051930647836,-0.2969912509811818,-1.70468243766254,-0.37639574097258904,-0.7732055211924459,-0.4855299923461549,-1.0221893869061975,-0.5349496233881352,-1.1928575587239514,-0.5644977696524096,-1.351129378857264
5,5_028.JPG,0.0,0.0,0.3101231725258443,-0.19746873931168882,0.5377873766026643,-0.5205266895110232,0.7069554616470853,-0.7627132614955726,0.8961954603860167,-0.8826868021559768,0.22397403328487556,-0.966275266267808,0.32009269951849995,-1.3168272375841494,0.377107402958702,-1.527614797088013,0.40889901815738466,-1.7090559681424298,1.8691625702620397e-16,-0.9999999999999999,-0.037700076551829574,-1.4133678491456219,-0.0508393535707809,-1.6605291894426981,-0.07717852875181723,-1.8614030468839426,-0.19111990546103227,-0.9481370878561101,-0.27221446171200225,-1.3259816016965609,-0.2881367085871835,-1.5543665853084618,-0.29965190383602236,-1.7478686792975298,-0.35455239166295355,-0.8275558198808913,-0.4673454327809331,-1.1166749624994965,-0.5272107994908931,-1.3062169194709323,-0.5672508131927415,-1.4807473311388517
5,5_029.JPG,0.0,0.0,0.3653159226911901,-0.17113749658738772,0.6361570639521451,-0.45519111803674633,0.8186824170384698,-0.7112952745783327,0.95395775751132,-0.93378965227414,0.221271273403786,-0.9996359112226418,0.25620577969751684,-1.3716641545033381,0.2681140162446216,-1.5979517428892094,0.27299500002079996,-1.792621394834455,2.6264492278740015e-17,-1.0000000000000002,-0.05534596327077882,-1.414803591865618,-0.07586096134628512,-1.6564825061547075,-0.08470824156084664,-1.8623714708501407,-0.19031044748502057,-0.9090413187204848,-0.29301039792807926,-1.2858981046092703,-0.33664935004761526,-1.5213112077607944,-0.36304066789831385,-1.7206486506232401,-0.35282547066169945,-0.7494152263030742,-0.5012578690480713,-1.0227025598360824,-0.580537046048901,-1.2133477078190527,-0.6349489914155879,-1.389902090501962
5,5_030.JPG,0.0,0.0,0.3284747505463971,-0.17480420902373073,0.5904636405540238,-0.48300689398315294,0.761347174474198,-0.7706240722667991,0.9456539982753666,-0.981044942827676,0.2601987450794574,-0.9635644636566562,0.40693505531880325,-1.3659677662527583,0.4864040282199098,-1.613067407346997,0.5399564867279577,-1.822433036043104,6.583933739363676e-17,-1.0,0.012354484524464518,-1.4522063870527693,0.030062477206752918,-1.7373463801160431,0.03461023142980667,-1.96470171628607,-0.23254027389077492,-0.9104655038511705,-0.29877531886042236,-1.3101001753889148,-0.32228085122672345,-1.576336218431285,-0.3352986542255877,-1.8090990415656254,-0.43132963557660403,-0.7253128704784649,-0.650408067520141,-0.9523266847078313,-0.7859928526273887,-1.1162640679665097,-0.8913341448067552,-1.2744848629941927
5,5_031.JPG,0.0,0.0,0.3387927044430137,-0.1924858697689027,0.5573480412099799,-0.5184886122864509,0.7393512097711632,-0.7577066287576727,0.9449773763780683,-0.8685605058357095,0.21616741360272385,-0.9862692326238989,0.2701437115002433,-1.369273302889405,0.2996128662176875,-1.6083767804666127,0.3154896127732633,-1.8129431285524031,1.8857826731109718e-17,-1.0,0.010683600866891399,-1.4191413120958083,0.023917403929902294,-1.685008017352215,0.025294334891927173,-1.909219516669158,-0.19906100374013078,-0.9145579166784926,-0.26586273059727017,-1.2901426931676307,-0.30359114726895825,-1.530195894520653,-0.33085382650169776,-1.7333057762476007,-0.38325512999255457,-0.7580667159022955,-0.5128525633296084,-1.0148599170322714,-0.5927325738207935,-1.1859042098070531,-0.6530413875176339,-1.3431508078781123
5,5_032.JPG,0.0,0.0,0.3678436717094186,-0.14817647685251634,0.6420548132469944,-0.45587282807199075,0.8012505911754985,-0.7477690068058448,0.9806700771267015,-0.9289132492812924,0.22969253077855076,-0.967233241154107,0.3008805481686056,-1.350153961375053,0.3379370584757842,-1.5800548214659702,0.3574391961323558,-1.7710498200847467,-8.570520094072736e-18,-1.0,-0.005825381801655476,-1.4186912150615667,-0.0034243354427646437,-1.6813599735583846,-0.012440565671094235,-1.8952716743575624,-0.19265080205776614,-0.9385383451704172,-0.21889916993343264,-1.333812788126152,-0.22052718115498907,-1.5748831385295177,-0.22200018432848903,-1.7804954113372498,-0.3731931642309855,-0.8012749566510587,-0.5151154566338357,-1.0921616453411067,-0.5856829118913853,-1.2928721808224508,-0.6314502982917157,-1.4792993801271388
5,5_033.JPG,0.0,0.0,0.3306243737911824,-0.20169104395523357,0.5734893809870223,-0.5199575542487791,0.7351534879660684,-0.7914996003111964,0.9153172942000086,-0.9559961602279102,0.22870152487125503,-0.9687350472333086,0.3178533030949948,-1.3299341574643775,0.35855939078914467,-1.55248432599295,0.3747743293399996,-1.7435605670248482,-3.582966183292431e-17,-1.0,-0.023939754633077646,-1.4099042008164162,-0.03854159914123963,-1.662545646245188,-0.06852688293927671,-1.875586503440297,-0.20243295333484054,-0.9265493368661496,-0.2984791593602686,-1.3150799446399826,-0.34030237123244045,-1.5518161320420112,-0.3761009102598799,-1.756385991977055,-0.3826292701870881,-0.7756419758366115,-0.5664524335180584,-1.0343353365290495,-0.6739664047399634,-1.2119270492754364,-0.7550682700319342,-1.3776604194250097
5,5_034.JPG,0.0,0.0,0.34582630582457163,-0.22786625155681975,0.5615750641212535,-0.5940122887180281,0.6782609362163327,-0.8811520927205002,0.8473000752642672,-1.0200271409146553,0.22963957030752855,-0.9878989821605092,0.29194923146986707,-1.3773284900742098,0.3191050565445474,-1.613210757072594,0.33165779561368447,-1.81677471830078,8.099298740125846e-17,-0.9999999999999999,0.009908061354931313,-1.4213072043016073,0.025139483074693252,-1.6817606177021145,0.025417249636884076,-1.8999622914378838,-0.20869394609369063,-0.9212864978986453,-0.2815210553158511,-1.3144068990203055,-0.30709083968542145,-1.5503936456453293,-0.321416257746571,-1.749547810929075,-0.4053858234125532,-0.7770304555958916,-0.5308194651640463,-1.0628479822371426,-0.5909376494979939,-1.248887491676675,-0.6310874455127523,-1.4170740982411691
5,5_035.JPG,0.0,0.0,0.30907031577021216,-0.21915271232534606,0.5360991724848659,-0.544693791783772,0.6875140494264038,-0.8006581602976192,0.8633343150970462,-0.9492296231190297,0.19873693374244542,-0.994133191402169,0.251510619542754,-1.360412039897582,0.2771255771313145,-1.5762834736138678,0.2828949417486956,-1.7612104200602536,1.4015228501765915e-16,-1.0,-0.01622279412712414,-1.4026532455303624,-0.02440346231117547,-1.6551356039691483,-0.045108860282404954,-1.8646216740503196,-0.1773714351658172,-0.92718161760066,-0.22085235630878028,-1.3139100178440053,-0.22363857558956887,-1.5525854266469261,-0.22327339163340512,-1.7518416287788587,-0.34658786643413125,-0.7896274785687845,-0.4643653745808262,-1.079193622337642,-0.5182613586120101,-1.2805573322990282,-0.5520473543870685,-1.4671038644978307
5,5_036.JPG,0.0,0.0,0.3304530608638948,-0.20803688175782545,0.5573588640747927,-0.5661116692626803,0.7342124483697702,-0.8043562165208044,0.9222469374447335,-0.9071437544652964,0.23440671890387002,-0.984305192317039,0.3264868631029435,-1.3475634753653436,0.3757612834267602,-1.5641721400606745,0.41073505829801116,-1.747815301553036,-2.9207976754873036e-17,-1.0,0.009357567934693271,-1.4051966486438978,0.028458288845144567,-1.6415462797866598,0.03502617712679108,-1.832350639721375,-0.2054097887948325,-0.9152886246776704,-0.269602225749531,-1.280465717886841,-0.2781826359635532,-1.496933974275513,-0.27576608565950167,-1.6785459522195734,-0.38357814970640663,-0.7581298338400805,-0.48194422716766366,-0.9976323756039278,-0.5202993706886245,-1.1603575318362518,-0.537083045382922,-1.3115484164253648
5,5_037.JPG,0.0,0.0,0.33353636373779477,-0.14689485361430357,0.5639990420990265,-0.4598687971292509,0.7126773859486735,-0.7083749193593951,0.8712654633019576,-0.8086681480063173,0.24153667459794734,-0.9654955698418612,0.3234952826362243,-1.3371629906936722,0.37736775689113494,-1.5691478836477246,0.40775508986678716,-1.7669732344721427,5.803323197707628e-17,-0.9999999999999999,-0.03756150679654365,-1.421002401677954,-0.054123951796881765,-1.6801316441408223,-0.0792173581193638,-1.8882507147496868,-0.20919585082962594,-0.9312702773291178,-0.29246555242206684,-1.3182842732522624,-0.3260964025495946,-1.5624395787769512,-0.3573585101539816,-1.763944085826577,-0.3985013693684379,-0.7811007151856202,-0.5843311579849623,-1.0521513669745204,-0.6985657014648221,-1.234488583029049,-0.7867969070273853,-1.3995370989875227
5,5_038.JPG,0.0,0.0,0.33864562258969017,-0.20594091283458005,0.5516032016591893,-0.5487137842902594,0.6300374320019441,-0.8576121944071081,0.7553909081761753,-1.0558822731547877,0.22708960894366384,-0.9845432884644406,0.2979586086156806,-1.369437575155352,0.3314274900925889,-1.593316621706897,0.3463064536535919,-1.7826618526703568,1.0510840347876937e-16,-1.0,-0.0016724707841392246,-1.4205073786885611,0.00027093384418174914,-1.6764657237033718,-0.011141630911928019,-1.8856238588579508,-0.19797703818029286,-0.9233611622251764,-0.23228419645191575,-1.3087146116414303,-0.23275582851239246,-1.5449967137443468,-0.2253687653872537,-1.7517276212280661,-0.3830923420297897,-0.7746378115661017,-0.508044765940997,-1.0445522475867925,-0.5640486874768118,-1.2277028006585222,-0.6026753642301235,-1.4007398421328354
5,5_039.JPG,0.0,0.0,0.34056454247463547,-0.17336739703364593,0.5971270078094343,-0.46202993835846956,0.8326238161117023,-0.6492119719694185,1.0401391235261779,-0.7088052003380648,0.23549498818854836,-0.9711825608524152,0.34955963292699044,-1.351851844758697,0.4158986898780684,-1.5798367857712374,0.45812759692394334,-1.7802079385368514,0.0,-1.0,0.004983294910536574,-1.4224211342133128,0.01945777813376926,-1.6873657646859703,0.011929169540444302,-1.9005365741895235,-0.21128824941745145,-0.9317793634581811,-0.2719339999889128,-1.3122289846247401,-0.2823549450933293,-1.5466273414946512,-0.29186959213199376,-1.747330634797114,-0.3991525762902409,-0.7860540462284911,-0.5293553341840224,-1.0357674402748462,-0.5929469771153153,-1.2069381600235487,-0.6337717556295401,-1.366964938708656
5,5_040.JPG,0.0,0.0,0.3212563303188128,-0.21927967985663288,0.5208944586518675,-0.5718522891794704,0.6457582474436693,-0.8409309531788269,0.8256117597722897,-0.9866644223016899,0.21506195483485815,-0.975950559363517,0.3074066964795338,-1.3392500467378734,0.3679230334557054,-1.562817604803488,0.40836992262105887,-1.7562587436053578,6.145084135907099e-17,-0.9999999999999999,0.006621674812622361,-1.3997949361677149,0.012567436343211818,-1.6562831909084086,0.004413688535881387,-1.8755464349857487,-0.19837653024307766,-0.9276404276687428,-0.273938053688828,-1.3084445029066214,-0.29923734850084277,-1.5444738897671118,-0.3148848143701693,-1.7497946421205521,-0.37804415891838666,-0.781365685435698,-0.5284315477167043,-1.0321380986463837,-0.6101061770365568,-1.1999650300768379,-0.6698942052815618,-1.3575845280044343
5,5_041.JPG,0.0,0.0,0.3139714277006904,-0.22671607904034274,0.5078021258039717,-0.5783218152426531,0.6054030195428954,-0.8669986314161392,0.6973983293011505,-1.0861982759068791,0.224308923749734,-0.9793750184020058,0.33581558130060096,-1.3377553212252615,0.38547312041227116,-1.552309259160141,0.4109068510465097,-1.7385040189777963,6.192740756370117e-17,-0.9999999999999999,0.00704747850477137,-1.4098134015456547,0.004639082254441377,-1.6598603023083771,-0.00725759963243076,-1.8660568076406174,-0.2042319777685174,-0.9245979593799382,-0.2739844596499344,-1.2876056132231237,-0.29559564210288414,-1.5166062945300924,-0.30452786951588345,-1.7114149835077832,-0.39195326657461643,-0.7728393932182174,-0.5166118881650591,-1.0235126485512984,-0.5846383532691236,-1.193978200811352,-0.6302106224602094,-1.3512217461644156
5,5_042.JPG,0.0,0.0,0.3342196900324654,-0.224556252134532,0.5373316686960384,-0.582654827831619,0.6300433653076164,-0.8842843865447672,0.7057432719138178,-1.098070133414303,0.21167236485205093,-0.995444915621526,0.2557617472429549,-1.3802334801229623,0.2717907696310385,-1.6104040186965862,0.2745587552647481,-1.8097626927228958,3.398421200905442e-17,-1.0,-0.04592606387340555,-1.4235279779333485,-0.06547272894247662,-1.6798789103047274,-0.09172882174097065,-1.8912278403629756,-0.1814200472214464,-0.917994378966437,-0.2651602873909039,-1.2996867000541752,-0.29198611015885556,-1.530244057017178,-0.3114713890170908,-1.7266155150845262,-0.33967149019683907,-0.7676604115173153,-0.4577994491865634,-1.0365808071610148,-0.5133839321823918,-1.2139843444820682,-0.5496799509860069,-1.3762964188019653
5,5_043.JPG,0.0,0.0,0.3455131119875854,-0.18206640296544055,0.6090139918657235,-0.5324315907727144,0.8363633409195157,-0.7996338076637058,1.0782795671827263,-0.9614129146618768,0.24071554993148767,-0.9894735367706279,0.34238965646789327,-1.4209956993274977,0.40669830396512224,-1.6814123867018758,0.4505955802669397,-1.9024092065038782,1.24231278636117e-16,-1.0,-0.027993389271090418,-1.452753577931276,-0.031416543962794787,-1.7391305428453643,-0.03921306594090064,-1.9719649264983476,-0.2132840694331832,-0.91085206677835,-0.26721282289530995,-1.3016108828397226,-0.27954921308060754,-1.5575369825561791,-0.27893045842630015,-1.7714792015664576,-0.39742348814845335,-0.7503514001089647,-0.5267196123133594,-1.043900130490204,-0.5992206143570561,-1.2498731580815514,-0.64706352093662,-1.439648200928335
5,5_044.JPG,0.0,0.0,0.3063156953256449,-0.22733001709089284,0.5522303309049204,-0.5300294209425674,0.7596001525818118,-0.7521805201643326,0.9675715518871798,-0.8717948672121566,0.23471625614080707,-0.97841109671277,0.3630117020061339,-1.3458623512861398,0.42410728873142034,-1.5648684662292658,0.4518632593310823,-1.7562667215132508,1.0247792120699543e-16,-1.0,0.00503957449696674,-1.4250729938501099,-0.0008532886476686147,-1.6776966149342538,-0.029872355622313208,-1.8822676366640205,-0.21203282962178988,-0.9228423096883743,-0.2809821282501361,-1.3003647370023028,-0.2942298954395594,-1.5331888050939018,-0.30255988445855253,-1.7378899111368291,-0.401888537004401,-0.7722522296990566,-0.5751661950924195,-1.0296728813563905,-0.6792089578272122,-1.202741587779555,-0.757764100612993,-1.3722594986560526
5,5_045.JPG,0.0,0.0,0.3473680171108065,-0.1880491086687436,0.6031911669850124,-0.5343482615790567,0.7525601846730101,-0.8687118336884676,0.9540742164376231,-1.0647031355260947,0.23804995711234375,-0.9770276247329179,0.31800670817715054,-1.364409112182859,0.3441865650562692,-1.5912393418964732,0.3507207104272847,-1.7865045457074507,6.956151819557568e-17,-1.0,-0.023359470473745057,-1.4164896196381143,-0.041595248661884354,-1.662796667148982,-0.07285568628538568,-1.8738197353088402,-0.20287629529429743,-0.9286036092733712,-0.3155014733452163,-1.3129821745936543,-0.3731702013008004,-1.5328159708576508,-0.41437850670874904,-1.7258709054963837,-0.38266638066978215,-0.7904553854140007,-0.5514912008593491,-1.0705195545829085,-0.6418152584482034,-1.2491293733566828,-0.6955699658963908,-1.4191967235436467
5,5_046.JPG,0.0,0.0,0.35564215278297284,-0.21267612550928808,0.6025175463287007,-0.5799829389014476,0.7544407944789999,-0.902076446118295,0.9331829879999769,-1.1282924990445025,0.23639070595157455,-0.9902491931920001,0.36871462047677617,-1.3725291374500534,0.4435151277182792,-1.6098664346526033,0.4934230256629296,-1.817559983488018,1.1200210114149293e-16,-1.0,-0.019267811668476485,-1.4351118007926607,-0.019681949273699227,-1.713981581329082,-0.037630086934503294,-1.9532087565632543,-0.2105786972325007,-0.8977646784274742,-0.31030702814315625,-1.2956872992423578,-0.352699123128882,-1.5472496995242282,-0.38307730692636094,-1.774377806361609,-0.3887107772590967,-0.7161658941816703,-0.5495178846537493,-0.9690836045518194,-0.6378975807734789,-1.1440244868107596,-0.704323860835283,-1.3112608086243462
5,5_047.JPG,0.0,0.0,0.3165011418545516,-0.1999866901954086,0.5390364917130678,-0.5344934355589597,0.6950073024901213,-0.8118647120364166,0.9094827971159879,-0.9384715614129484,0.2131346007617282,-0.9828434571831813,0.3357707910497992,-1.3567612588409932,0.411653534008506,-1.5830199044689108,0.4676738064592798,-1.7800020260182792,7.49228334042038e-17,-1.0000000000000002,0.0436076980628708,-1.4131160940211918,0.08803662703246591,-1.6731386118183655,0.12290917901986613,-1.8919225713117966,-0.19746789491793723,-0.9274782605692644,-0.224250132859322,-1.324927459108888,-0.21878218494462495,-1.569865893977619,-0.20162309289270083,-1.7805990798239326,-0.38506216706840074,-0.781410439015061,-0.5156505997491229,-1.0546501487805833,-0.5730723718563444,-1.2441763865486586,-0.6058221950401134,-1.4275006551728067
5,5_048.JPG,0.0,0.0,0.3513893749105435,-0.21821211946976796,0.5869892764236209,-0.558264156388455,0.6934317047171833,-0.8521797617488024,0.8136356882475806,-1.0698102321644196,0.22900009280703984,-0.9835197365812253,0.32630841727815935,-1.3819058604405177,0.3932307872672384,-1.6149949705193225,0.4396062635646681,-1.8168468445846353,-4.282877049026171e-17,-1.0,-0.0023555413780004006,-1.4257326905087264,0.0004849014259929301,-1.700047870395448,-0.010733082680838071,-1.9254523274995439,-0.2057729889108065,-0.9239926113208315,-0.25311948742549084,-1.3181468921648913,-0.26278262614060915,-1.5702539338245618,-0.26619289511940675,-1.7854990548913965,-0.39612609666095566,-0.7751136851947833,-0.5337191780677121,-1.0584743242667711,-0.6139379174530889,-1.2475352393828205,-0.6768513705839108,-1.4225626407538652
5,5_049.JPG,0.0,0.0,0.33519127845283986,-0.22448812933727283,0.5751833904627982,-0.5978603269743982,0.7549257904264202,-0.882270204448552,0.9727813720864074,-1.0137210907571197,0.22974578951939004,-0.9894980761068949,0.3185715891066417,-1.3831063379951627,0.3606672561406346,-1.6259587576066588,0.3837460366016263,-1.8383991805390227,1.224446623250438e-16,-1.0,-0.009098860799525493,-1.4350917190386414,-0.004906154333039602,-1.710353233077634,-0.015381680040738146,-1.9479501169564961,-0.20157938245781967,-0.9067846160783597,-0.2981646237168684,-1.3080186516463048,-0.3362746395134542,-1.559361192247762,-0.36199851273391265,-1.7779299459375792,-0.37547554371447894,-0.7360555173956124,-0.5236357510503191,-1.0238992936298197,-0.6033701369529442,-1.2221694436813815,-0.6573051026392613,-1.4132361582443926
5,5_050.JPG,0.0,0.0,0.3748636182476139,-0.14643022500813505,0.6978373852783635,-0.4465385230629919,1.0157567324474548,-0.6849010506266812,1.3507210750718834,-0.8257983858337888,0.3096550234160394,-0.9794756064474668,0.43715533572555604,-1.4368293068499045,0.4977556291500533,-1.7297668033366866,0.5417020810033025,-1.9941545129584777,-3.098706032214762e-17,-1.0,-0.05937145087887384,-1.481326742815418,-0.07712606692283053,-1.7875857756011089,-0.09096751885183577,-2.0498533272503834,-0.26575760008149607,-0.902924252364558,-0.36672825731153935,-1.3229387273445863,-0.40456405476790425,-1.5763302124667224,-0.41218297023612455,-1.8057073122131924,-0.4738520456399545,-0.7255199726164717,-0.6025535026645803,-1.0130083014020415,-0.6505691784678409,-1.200329278048865,-0.6661040216759454,-1.376986142239288
5,5_051.JPG,0.0,0.0,0.31568275837566345,-0.1941987912207058,0.561293878017863,-0.526941067885059,0.7624699727748631,-0.7560174101086438,0.9601922235729843,-0.85770258921404,0.23551514365419074,-0.9878612763698249,0.34439926216119277,-1.352196838409157,0.40160648095812074,-1.575570424680229,0.43048977057709464,-1.7615148192593628,4.444247237148488e-17,-1.0,-0.012894223242420118,-1.4184607427533686,-0.017428828162675197,-1.6733933455558638,-0.039481523619144095,-1.8726067284274988,-0.21569306252037412,-0.9068613793054566,-0.27239939489263376,-1.2903322631057539,-0.28125272628244363,-1.534565479938086,-0.28845977544288615,-1.7433101465873697,-0.41133085411479,-0.7358164644752979,-0.603084992807534,-0.9985857106864728,-0.709395569466737,-1.1857934836900583,-0.7899281187487438,-1.364984575610079
5,5_052.JPG,0.0,0.0,0.3581154833630429,-0.18077614977480466,0.6133124270648559,-0.5532765669267186,0.8147015018152632,-0.8489337621667057,1.058259764089724,-0.9984885390163726,0.2303108313282239,-1.0105580187797758,0.2732060933938161,-1.3987608638068747,0.2754387255879739,-1.6446358237149243,0.2661542726532582,-1.855459967121623,3.922702339279085e-17,-1.0,-0.055163667447886866,-1.4144604182390854,-0.08965445754141711,-1.6666359334281964,-0.11581747550981045,-1.875617150809464,-0.20280041454681572,-0.8917353053110473,-0.28072069285263995,-1.2596807160365162,-0.3298440134526102,-1.4908868354314497,-0.3604835442617989,-1.6939188643744054,-0.3727950830668032,-0.7097898386820246,-0.525088694556466,-0.9624736250135996,-0.6217269744787459,-1.1366153517114117,-0.6933242184330273,-1.298606975214857
5,5_053.JPG,0.0,0.0,0.3166026169008275,-0.23216615661176807,0.5546979169900667,-0.5872275653221994,0.7822625046805747,-0.8135464454755417,1.0241266080127631,-0.8598988753671251,0.24376175859124316,-0.9785746845943629,0.38176648615956743,-1.3478532089767146,0.47321485600005325,-1.5828536207669337,0.5389219177637745,-1.7851411697537665,4.523180882705303e-17,-1.0,-0.0008312932182079852,-1.4304656713912005,0.006670527076195785,-1.7029701772610268,0.003952733752672176,-1.9290178844478947,-0.22186019289185552,-0.9258682103877127,-0.27300131571107206,-1.3265156047526792,-0.27934616660214734,-1.5763597244247636,-0.27930659575568184,-1.7905349981756504,-0.4181085106974142,-0.7751638015945894,-0.5321469888839947,-1.0454432672511575,-0.5850858699575049,-1.2294083392900175,-0.6222403479854529,-1.403019944466188
5,5_054.JPG,0.0,0.0,0.34240221250181363,-0.20307038475587022,0.5846242200518429,-0.5137070218598603,0.7421565470619726,-0.7823728846383006,0.873927847135164,-0.9953863650619601,0.24213161986692192,-0.9665147276702573,0.35478730293193594,-1.3498857627119736,0.41514892643633783,-1.5790166546797384,0.4415772026809302,-1.7701124199887222,0.0,-0.9999999999999998,0.005161224885748975,-1.441910639135628,-0.00027775302326175585,-1.717809716057783,-0.03259329458145325,-1.9390287434668396,-0.22453090160209038,-0.9252072550010059,-0.303952031530645,-1.3463807893736348,-0.34965686618361635,-1.6147787334406158,-0.39364910048241397,-1.8379755149345585,-0.42939655621841805,-0.7712362055156682,-0.6417759038754667,-1.0391081266985145,-0.7788913242894253,-1.2232896707247163,-0.8909410768341759,-1.393160417997834
5,5_055.JPG,0.0,0.0,0.36356723361464877,-0.22928889634289634,0.6084429179960615,-0.5775784611365925,0.7367971909915412,-0.8300487354979605,0.902484609561797,-0.9424347118342727,0.2421255017072141,-0.9981519702572702,0.3567382985159392,-1.390079671217117,0.4331729486156123,-1.6317041929182177,0.488913987902742,-1.8233389376066693,1.1393609803008963e-16,-1.0,-0.001660733163897646,-1.4232015206819792,0.0060337320268637135,-1.6931209978554735,0.007569798751374593,-1.8897045909140409,-0.22433627878134552,-0.8902564599947769,-0.25194739043419667,-1.2815081348407447,-0.2461652640080743,-1.5378067661577226,-0.24266984060389896,-1.748729688719048,-0.42711598814426377,-0.700768461926311,-0.6433726246735221,-0.9187287791496441,-0.7721344696655973,-1.0857455964740308,-0.8827208441238997,-1.2401060531886083
5,5_056.JPG,0.0,0.0,0.319778272450681,-0.18890312239647586,0.5755039314244864,-0.5263451227006904,0.794284049570453,-0.7621916730464651,1.0265247221902924,-0.8585890888390406,0.23238441929592668,-0.9716840500364742,0.3588899003863478,-1.351833648929938,0.446805280736636,-1.5938520418186846,0.5044869041493498,-1.7976828201929524,1.0885343215032071e-16,-1.0,0.023430838642089752,-1.423918980112621,0.04256303435808044,-1.7040039599204404,0.04366683019671906,-1.935912041972544,-0.20912438347897927,-0.9155236624047581,-0.2725063087652293,-1.3110775242155808,-0.2939598365180322,-1.5803865860850717,-0.31169298255628225,-1.8064794199040104,-0.39662372334463386,-0.7449697131997324,-0.6093410514968552,-1.0200118731999561,-0.7283372126982146,-1.2205435260107995,-0.816513325434138,-1.409029496074234
5,5_057.JPG,0.0,0.0,0.3372987718541422,-0.15027013934554417,0.603193505651685,-0.4026704085728323,0.8406031836781178,-0.5823667817247612,1.0575884990138877,-0.6424441641238708,0.24783027740178795,-0.9480609046707563,0.3947277687667296,-1.3012596164583465,0.48568032873065853,-1.5074598316707628,0.5458645137434318,-1.6961024149481916,0.0,-1.0,0.01803746584961303,-1.4150888956697605,0.0256012269252507,-1.6719489431628947,0.0005510316257270153,-1.8832630738160294,-0.21912226454109063,-0.9344638193488232,-0.37540764457204756,-1.2897444134141136,-0.46361009468987635,-1.5081600900661734,-0.5450673977158212,-1.6900922110608354,-0.400829568788576,-0.7825502471161384,-0.6007223600393358,-1.0058855210532838,-0.7247011753686764,-1.1537489202373017,-0.823591208468342,-1.2908518484022027
5,5_058.JPG,0.0,0.0,0.3374023248292567,-0.24655182356697639,0.5248864324727417,-0.6116979229528007,0.6226530203445533,-0.9253421088928124,0.7707112226282016,-1.116241273169864,0.21349212479721824,-0.9971185461762945,0.27954288763832297,-1.3889591837092248,0.304103361537751,-1.616128768510371,0.31487899479034576,-1.8099307059397436,1.0460424481177497e-16,-0.9999999999999999,-0.0036194477581730357,-1.4247613991654247,-0.00252559768451914,-1.6928643163047314,-0.013815498406554846,-1.9095850434668271,-0.1940996465066472,-0.9143985400645986,-0.23696699460370513,-1.2929708123483152,-0.23607985364640047,-1.5166678210769744,-0.22718672887062566,-1.7030113029354987,-0.3776258344398225,-0.7634591495124073,-0.48312732445845913,-1.0306174711658425,-0.5194109547883027,-1.2114021771537895,-0.542387715842154,-1.3730660719960583
5,5_059.JPG,0.0,0.0,0.3744551993033432,-0.22951297363957543,0.6456354929360544,-0.5957699647478711,0.830534885847683,-0.8686091567411817,1.033502011626446,-1.0018106972500769,0.2584186754588066,-0.9940899440513129,0.31404460464598727,-1.4153183503976516,0.32816871363596095,-1.673135374770604,0.32137101812490476,-1.8817335480196609,6.752645836142858e-17,-0.9999999999999999,-0.04261627397416517,-1.478347258607893,-0.06572479543725213,-1.7827766068748736,-0.09974748927982692,-2.0199006427187713,-0.23428567904545416,-0.8975787269006165,-0.31099410158347984,-1.3193161120383528,-0.33952250137212586,-1.5834186049714418,-0.35363474985384546,-1.806154053454846,-0.4408507246470527,-0.7185012700816289,-0.6244388203296175,-0.9922795436146734,-0.7297270229758349,-1.1846999814075418,-0.8105128509730112,-1.3630897095585777
5,5_060.JPG,0.0,0.0,0.3433601672134937,-0.20088956029854166,0.5493379440057985,-0.5294047291054114,0.6610705676155549,-0.8277758342143123,0.839212311035654,-0.9875257371927827,0.23135247768775313,-0.9712011227705285,0.3229965253602564,-1.3191387823792737,0.3772345202983514,-1.5228233124909227,0.4181519685864458,-1.69648958598603,3.32380211575152e-17,-1.0,-0.0023160105914956618,-1.376471601088684,0.009491407146802385,-1.5963428479874662,0.017866520164790314,-1.7773692450872485,-0.20568110741816714,-0.936612524291395,-0.25709299863725105,-1.2922592435226645,-0.2726298461496658,-1.493579473296369,-0.2767011586461626,-1.6631684088615486,-0.3909514649312141,-0.8009317937129917,-0.4910354107487955,-1.0520539655020527,-0.5355785161705727,-1.216317773058327,-0.5589998462086663,-1.3650027673210448
5,5_061.JPG,0.0,0.0,0.32851802526509766,-0.2028288398607981,0.5846271495853557,-0.5507798551376101,0.7899823199261224,-0.7957433450495449,0.9898897559685278,-0.9347151405201212,0.23350923797722722,-0.9945347618780646,0.272872836067031,-1.3966221742559446,0.2769748723396198,-1.6415873239216319,0.26599728382030136,-1.8516859829382724,5.155170179007537e-17,-0.9999999999999999,-0.04372898628946186,-1.431400083629699,-0.07500988491372325,-1.6982133693819896,-0.11350145909121491,-1.9179848433732711,-0.21344978463072725,-0.9131547210149785,-0.2911618503472241,-1.3224951782779528,-0.3216803066859726,-1.5815145099788592,-0.3438793707746199,-1.8006388952112469,-0.41167353673845664,-0.7620720956887328,-0.5386815031508335,-1.0729727991434495,-0.6055404463642323,-1.2797896723579123,-0.6478270514481054,-1.4708833776066783
5,5_062.JPG,0.0,0.0,0.32541703260211496,-0.22684914601802958,0.5615554626263002,-0.5642735404534273,0.7258235036571004,-0.8348096090509949,0.924497416693003,-0.9630910614621286,0.21079819716294124,-0.997604702955928,0.2615790822010523,-1.3584100779356942,0.28844804230281545,-1.5623481193539919,0.3020694068739308,-1.7369754144560292,-3.160072231677308e-17,-1.0,0.002797911559251019,-1.3899975179071662,0.017611214311209242,-1.6270434923755708,0.021499543935243903,-1.8257041870079997,-0.19479954274494604,-0.9196499421992088,-0.2387910637725506,-1.2840878819671033,-0.2420028747362501,-1.500113676870879,-0.24089409769619807,-1.6829545286807024,-0.3821212286070367,-0.7798860963366246,-0.5166898155266524,-1.0435199333571645,-0.5823104899223217,-1.2200586288193325,-0.6263891650900437,-1.3867324894816517
5,5_063.JPG,0.0,0.0,0.33948921768292323,-0.1567550269633132,0.6390732980409883,-0.4574792731161856,0.8942531416184263,-0.7191288875852131,1.113056055578511,-0.8800608583308974,0.24370042220834637,-0.9779128397720923,0.3323719951406735,-1.3626684912281175,0.36911273374974973,-1.592535350802996,0.38483899972759433,-1.7856418999136596,1.503511771218991e-16,-1.0,-0.05682375896152337,-1.4146037304758503,-0.08499781201727877,-1.6642282268566266,-0.12417910136607486,-1.8576072335172664,-0.20843923117396795,-0.9241558563795226,-0.3341331434596649,-1.2707724820903203,-0.4072674018034555,-1.4876863298504288,-0.48676609423666534,-1.6521230483052063,-0.36866722235904015,-0.7777540419088816,-0.5786326400002032,-0.9922975084363372,-0.7106217327166282,-1.1480083528924805,-0.8167532929079652,-1.280331266142401
5,5_064.JPG,0.0,0.0,0.3560065829641803,-0.15985756549033883,0.6188651551923512,-0.4568414151469558,0.8368371200530182,-0.6902650013456304,1.053297533263904,-0.8273270506746049,0.22863407188881282,-0.9783140161517351,0.29868936882199915,-1.331883847276847,0.3385464088049274,-1.543452174032385,0.3576800414798265,-1.7126267831340316,0.0,-1.0000000000000002,-0.0042644853874652285,-1.3884879256960692,0.0025805562047355956,-1.6217672963563108,0.0010079296204301372,-1.8081010274528722,-0.19679905652094215,-0.9260301867425232,-0.22713627728430444,-1.2813302745009523,-0.23075940607833043,-1.4961234594274702,-0.23231516620740805,-1.6754249148506106,-0.37292118812937725,-0.7813820157184063,-0.49750013851410085,-1.0141163508303654,-0.563674010548997,-1.1778096397565825,-0.6091894799609154,-1.3269286025793985
5,5_065.JPG,0.0,0.0,0.34749467396562767,-0.17182077798687181,0.5462718633881044,-0.5155044238393085,0.6369582125331011,-0.8311336796743586,0.7212290057972839,-1.0633657649638608,0.22208652421847372,-0.9732055618662694,0.272727777468347,-1.3570407314039483,0.2867300865222802,-1.586403439067495,0.27977024970656833,-1.7714629251189111,1.5351856087920418e-16,-0.9999999999999999,-0.009652010065324916,-1.425312730915878,-0.021734880388704917,-1.6920159060588127,-0.04511892467255162,-1.903239931251438,-0.20155919336389277,-0.9315546706188728,-0.25273742287083023,-1.3329948339000037,-0.2668705509491752,-1.5776582446158531,-0.2764155646538091,-1.7730368791365065,-0.3955806204394705,-0.7862788937645352,-0.5461096824687567,-1.0780195994843969,-0.621656417400637,-1.279430310690347,-0.6694110781607716,-1.4579484374154241
5,5_066.JPG,0.0,0.0,0.35781541171933795,-0.17531335693194178,0.6031679777159114,-0.47082188845301715,0.8100531215983208,-0.6825120057823915,1.0347169418407767,-0.75948950903375,0.24143640299521113,-0.9824055980443004,0.3514581150064892,-1.36569778855292,0.4229637720508111,-1.5992959324557685,0.466089410614731,-1.8030629863196455,-3.285249699916606e-17,-1.0,0.01216038230716014,-1.4351211460265842,0.030570312214897675,-1.708414345902663,0.022939024164592474,-1.933007928653062,-0.22293974449007822,-0.9048274319073072,-0.31106087823470463,-1.3168431535471283,-0.3438071057459765,-1.5772022376606962,-0.3624773868089589,-1.8002627336492545,-0.41971917478343357,-0.7298393522660694,-0.5853385026961011,-1.0191393037794902,-0.6716509014312835,-1.2240912821159733,-0.7293087664062508,-1.4193809658881058
5,5_067.JPG,0.0,0.0,0.3324402431649392,-0.22677558500023376,0.5472365654850512,-0.5840731881232982,0.6908926708088022,-0.8747716626897082,0.8748381980638059,-1.0571234707584565,0.22076760178693736,-0.992742328877089,0.30162613387415566,-1.37539049943849,0.337862719986956,-1.6126013357854492,0.35292578446634104,-1.8200844516567458,5.72863360945186e-17,-0.9999999999999999,-0.0035647445279191345,-1.423801442304216,-0.0009617038699283231,-1.6910053728677126,-0.01839645397244274,-1.9189037854836668,-0.2050810758675738,-0.9084150612704982,-0.2915297205740849,-1.3032662140360796,-0.3291740785125032,-1.543140618008278,-0.3590723778895692,-1.7510442202909595,-0.3959053828680109,-0.7477797175473458,-0.5456070537560633,-1.035000189235436,-0.6253842844547844,-1.2272569726529345,-0.6831760417522921,-1.406949219816429
5,5_068.JPG,0.0,0.0,0.36152702391485975,-0.18158121256348933,0.6161199634694228,-0.5165155882247119,0.7678307255868775,-0.8114293345186316,0.9651968439949768,-0.9570296387573219,0.2359540275225183,-0.9835980769550269,0.2998469955740386,-1.3979022975186455,0.32927139342311257,-1.6512475626670313,0.34233453403914416,-1.8682829184938403,1.4195723508836196e-16,-1.0,-0.046893620345029086,-1.4367514389712586,-0.07074177172318515,-1.7050526375576445,-0.09613814582028535,-1.9227783847597844,-0.1983301827370913,-0.9316118022583743,-0.2632892614891251,-1.3253046954643792,-0.27912849550678775,-1.5746083852521788,-0.2908883043057343,-1.7796716685366558,-0.37841887942513713,-0.7961215396273067,-0.48856813513364283,-1.1023526688479541,-0.5463133683089749,-1.301114685875959,-0.584976802345707,-1.480277081132024
5,5_069.JPG,0.0,0.0,0.34379778569843805,-0.19229066464030695,0.5642904395468867,-0.5614127121270367,0.6898982734936172,-0.9179449010368121,0.8331158600986855,-1.1895398258397543,0.23144610119040518,-0.9898477786639134,0.3239871141362261,-1.38345811989397,0.37467951767884133,-1.6271273512059325,0.41260626969605,-1.8329840729140088,1.2884712383343214e-16,-0.9999999999999999,0.02000610275902913,-1.4263505408792183,0.05107973171700478,-1.6911682047943886,0.07252793815106139,-1.916703227655785,-0.2030826186363358,-0.9103314999068456,-0.2929800386339857,-1.3022097843361502,-0.3261094794405633,-1.5465851944758846,-0.34109489319745884,-1.759791299361531,-0.3821375562916386,-0.7441317416030531,-0.5195175318585707,-1.0276147679500642,-0.5915659596613662,-1.2163881557386147,-0.6320304498691917,-1.394774709236518
5,5_070.JPG,0.0,0.0,0.3540425603791371,-0.2344335001406054,0.5535957070235094,-0.5957207265399135,0.6347825435004236,-0.9229860724138987,0.7265983956710417,-1.1678485869788844,0.2250071119359469,-0.9976105633242576,0.3198213335871626,-1.3932876395322886,0.3695905217834808,-1.6263249996797942,0.4026846456650026,-1.8264203825442695,-3.2684414765690256e-17,-0.9999999999999999,-0.0029288860371354804,-1.429018842164555,0.009028685004565508,-1.6912080187556588,0.010940601242894353,-1.9007713401123878,-0.19943308574032786,-0.9134294326095977,-0.253943313996318,-1.3106488814141113,-0.2554295347158762,-1.5510660649364878,-0.24480787098734264,-1.7497871061289008,-0.38309612142561444,-0.7576954854648684,-0.48221807242155956,-1.0485773754322896,-0.5168770240131653,-1.246830603974215,-0.5303907167220168,-1.427186197424607
5,5_071.JPG,0.0,0.0,0.32614049544260304,-0.1724632303216327,0.5822538671644912,-0.5055897428155699,0.7667819093174347,-0.7681305171996127,0.9667834869699974,-0.8903289060427402,0.22872923848176493,-0.9757016613977079,0.3096833333410108,-1.334964805254868,0.3553991136930998,-1.5511908219910961,0.38169894096768175,-1.7383559350387707,9.351628284133926e-17,-1.0,-0.01580198495851371,-1.3892182210367354,-0.01803225820516902,-1.6312230440120155,-0.03657544012417799,-1.834818601504947,-0.19519986543941306,-0.9221850326489027,-0.27966622236497857,-1.2752307568514092,-0.3140371979558721,-1.490129584710321,-0.3433185012076822,-1.6798204576340519,-0.36645084953602436,-0.7705734802546435,-0.5295953407922571,-1.0065001207773123,-0.6233042935142428,-1.1666872168967009,-0.6932718761040851,-1.3165033275512865
5,5_072.JPG,0.0,0.0,0.3458353643400734,-0.1988273225145868,0.5494871622901045,-0.5183448637774143,0.6906475127218112,-0.7700044597211758,0.8538948671588112,-0.9008159721435803,0.22967368016413237,-0.9745576485169727,0.32847699736697555,-1.3412296139245088,0.3800766759350963,-1.5658551729823573,0.40973923595491,-1.7591624195722115,-5.2235283135844333e-17,-1.0,0.007656066397578268,-1.3928133307977275,0.015315981510149927,-1.6322580555593713,0.011278553886639951,-1.8169747003470964,-0.2153420254787005,-0.9365435684612826,-0.24388154970440742,-1.3079495140597475,-0.234663536474695,-1.5324573610900936,-0.22467754170316243,-1.7145851218525547,-0.42292414710522114,-0.79772004327539,-0.5511507513370913,-1.07958860502323,-0.6182790047135251,-1.2731834216999707,-0.6637397698629032,-1.4518527814209428
5,5_073.JPG,0.0,0.0,0.37045912151593136,-0.22423450863060548,0.6353757523400267,-0.5097346515437926,0.8744693963768023,-0.7196738908789074,1.1122525787546025,-0.8079607797798185,0.25536991747118865,-0.9806649841085796,0.3480845738026327,-1.392640062699851,0.40564092434595245,-1.6481432851230626,0.4435365190145673,-1.8708490862714617,1.557328666976223e-16,-1.0,-0.004217059290107286,-1.4713085032382467,0.009669939757832714,-1.7709495919399252,0.008212432906903383,-2.0168195785358156,-0.23665606268758704,-0.9139079179598888,-0.31478479528998243,-1.351947350039263,-0.3420662593768969,-1.6266134144277742,-0.35785632753493385,-1.8557819084909397,-0.44821650673525654,-0.7510461943716241,-0.5896379845484871,-1.0714151960616585,-0.656748536743583,-1.2869253276810402,-0.6997803183630389,-1.4899720533603362
5,5_074.JPG,0.0,0.0,0.3245186854802179,-0.13391027742401035,0.5575148270733764,-0.37236237216296375,0.807934287158967,-0.5277758208357869,1.0171457125761598,-0.5980418908740585,0.24580170472162868,-0.9490271024365241,0.39701556521605985,-1.289258629564678,0.47273543148414876,-1.518625449984131,0.5080402306949756,-1.7101293575352892,7.038175833855941e-17,-1.0,0.03681861034349552,-1.4041570587237295,0.05643100433125842,-1.6710311318836208,0.05308902856891089,-1.8823627500153493,-0.21570326756138372,-0.9443267118738282,-0.30187077273237134,-1.3186205146702763,-0.3241717404526002,-1.5567763985280558,-0.34583816308913845,-1.7363012603094967,-0.3934709054786175,-0.7984482253856319,-0.5990515591486858,-1.0638951320614412,-0.7195448178646903,-1.2512974036355382,-0.8043166628296661,-1.4118425659322755
5,5_075.JPG,0.0,0.0,0.30982200743128063,-0.22939091205234852,0.4802478069723021,-0.6120856864364749,0.5624974903697706,-0.9449394524504486,0.7028209290234612,-1.1265001286561998,0.22309870937498644,-0.9766796978462089,0.32977510792536424,-1.3428224769501265,0.39264888173665213,-1.5643494202564407,0.43278142491043325,-1.7540711325045109,3.483690927949333e-17,-0.9999999999999999,0.0016674660253664327,-1.4138653318050145,-0.001513679368791204,-1.6801787527223382,-0.020502403775903805,-1.8959909281119391,-0.21075801182973425,-0.9227423421193706,-0.27491294877866906,-1.2999114089350265,-0.3035284062228999,-1.5385540505608746,-0.32467677153639485,-1.7476699749509426,-0.41173871879930407,-0.7612441469105317,-0.5891998153254047,-1.0019390932598384,-0.6815412287339807,-1.1703905773386754,-0.7496582420890998,-1.3301803073033818
5,5_076.JPG,0.0,0.0,0.36134285088485374,-0.1555157290336369,0.6413624530486954,-0.40603855980236864,0.9374541234049691,-0.5425725353096168,1.192717743071056,-0.6029342853373696,0.2576712957350861,-0.9674486711483159,0.3254958981972055,-1.3624864505113965,0.35908199636912075,-1.6043170131446602,0.3670691087076029,-1.797486451187667,9.603610342456865e-17,-1.0,-0.026322178369162716,-1.4314687667373087,-0.043854621284183035,-1.698882564414236,-0.08494184284229511,-1.9002664037653338,-0.21914207755600185,-0.9198803850901612,-0.316160099396567,-1.3013873955769601,-0.3612662832643141,-1.5604140449802644,-0.4200523439484249,-1.7542042431804015,-0.39288565300960027,-0.7567228318062763,-0.6149875512117586,-0.9803730692374437,-0.7623115319725138,-1.150727379202217,-0.886392257549665,-1.2889180564143066
5,5_077.JPG,0.0,0.0,0.3241992820690592,-0.20770802331813204,0.5646273001378055,-0.5216720877393254,0.7632289659193033,-0.7770222915372625,0.9756068957057977,-0.9438686920226391,0.22996050595528453,-0.9751011999318466,0.3308930086909178,-1.3466722287890749,0.39374560531451946,-1.5658303391248711,0.4313551959443878,-1.7592251683678157,0.0,-1.0,0.05925442769730919,-1.4072279010196858,0.09083550202512186,-1.6546853147815974,0.1010662299297017,-1.8645685490648385,-0.22580971366358465,-0.9251924396430902,-0.26108329893458865,-1.3212732513140932,-0.28487838330463583,-1.5677158978016004,-0.30689481078510017,-1.7744398450182637,-0.443970584906583,-0.7711310788793091,-0.615729160365007,-1.0612073377418152,-0.7229816193373629,-1.2528570047875083,-0.8084120246092905,-1.4351559104365117
5,5_078.JPG,0.0,0.0,0.38790995158929487,-0.21959992194624883,0.6446439211978764,-0.5595241840460639,0.8044152363313388,-0.8481877129065013,0.9839353477035673,-1.0246246580647889,0.2541248915783854,-0.9926085551250259,0.3408508580449033,-1.4258636361267478,0.3859082613204317,-1.6948612902821314,0.4074401463870866,-1.919909390109713,-1.1672987822815903e-17,-1.0,-0.019185775761179913,-1.4679025708871212,-0.02442689490461128,-1.7661124243238342,-0.046284949534471376,-2.0041225117859147,-0.22742521079484027,-0.9070363465984661,-0.3064421326417117,-1.3367232316407442,-0.3318088692356112,-1.6046370938749357,-0.34907919448940233,-1.8284978167982229,-0.43105309440613543,-0.74802596133906,-0.5780470437486211,-1.0584143108767239,-0.6497751867295997,-1.2708941860665324,-0.6977131339414565,-1.464832637280358
5,5_079.JPG,0.0,0.0,0.36394153963780634,-0.19742066660110424,0.642219083344564,-0.5235283224358429,0.8295382002667353,-0.8078695406066486,1.022859127008727,-0.9927123963223762,0.2423566235396942,-0.9885960580042373,0.33386810761299457,-1.3834513147663032,0.36967224578055974,-1.6249550615214738,0.38615870588028733,-1.8316598456049764,4.4681047908356e-17,-1.0,-0.020648931444176948,-1.4430981064262052,-0.026922774033006452,-1.719868428964619,-0.04300457067902789,-1.949975802835797,-0.20992553892546836,-0.9091276260576026,-0.29059645610465873,-1.3084607074325652,-0.3231083447391482,-1.5606756447088086,-0.34471067156219004,-1.774224987755775,-0.3935677741701098,-0.7446776088613304,-0.5483678244866501,-1.0193540418619145,-0.6333584939811568,-1.211733778700432,-0.6900661842917042,-1.390018239013877
5,5_080.JPG,0.0,0.0,0.3137116381448665,-0.1944885295072832,0.510353246619762,-0.4994592144880961,0.6664769712972796,-0.7753051333676256,0.844542703047668,-0.9416456765643728,0.23701605990352503,-0.9446901795179666,0.3603147115643329,-1.3335311075341583,0.42411483199984823,-1.561815289770848,0.4624348934102473,-1.7673942250033148,1.6254937807946772e-17,-1.0,0.05862020944422928,-1.4233712223302466,0.08932612194253733,-1.6994109919466962,0.08788907166288243,-1.933251088413235,-0.2164956191392467,-0.9292629362832888,-0.3825747586035915,-1.3083623027257143,-0.5066532308252127,-1.5526215511415082,-0.6120422689075016,-1.7510826784477407,-0.4084079610940909,-0.7625597713588178,-0.6666545466927944,-1.0002271480304838,-0.8376357566183731,-1.1597503257439314,-0.9724583716643392,-1.3016145783742978
5,5_081.JPG,0.0,0.0,0.35541199181270977,-0.162351914725523,0.6504119875780819,-0.4636987022036239,0.8086914029675969,-0.7560269641523412,0.939032214304469,-0.9541855877595555,0.2438149448474218,-0.9863020038105538,0.29674126414341706,-1.3563832619026093,0.29686975234344887,-1.5727533264407145,0.2825455723245354,-1.7575314262336714,1.5655401331458058e-17,-1.0,-0.07106453354340199,-1.4089565945076405,-0.1166304233967392,-1.6309351932623906,-0.16849977176193795,-1.8045096151447653,-0.20001929601543864,-0.9239930307151063,-0.30456831786132327,-1.292551846677746,-0.358459646081231,-1.5003712613542506,-0.409793863101626,-1.6778070055672731,-0.37206975644929896,-0.7805709588902494,-0.5037213869560655,-1.0358987488540887,-0.5789009825256801,-1.1951010503093762,-0.6332321009998604,-1.3428082870802645
5,5_082.JPG,0.0,0.0,0.34247004744985515,-0.18418677564084482,0.5899007656356076,-0.5068844190691296,0.7189636712882155,-0.7858567052250309,0.8805761651406757,-0.9396622382532223,0.23829443812459788,-0.9798636277150244,0.31160817288869785,-1.3377724492270269,0.34861518551050674,-1.5447836990022705,0.3692875147734661,-1.7296384751258536,5.840647047709121e-17,-0.9999999999999999,-0.029651626553315914,-1.387300642986222,-0.045524817379463164,-1.6212155048177306,-0.0747726889098479,-1.8062561689467411,-0.20394932840879806,-0.927523983014799,-0.27424587614046353,-1.284514660378202,-0.3086231927779002,-1.4929736781952843,-0.3419004286805306,-1.6679719174409964,-0.3870713724801839,-0.7885258285363234,-0.508449770232229,-1.0332917012153429,-0.5733174586951237,-1.1865262936659917,-0.6220656249978866,-1.3248226684562778
5,5_083.JPG,0.0,0.0,0.34017547769568457,-0.16440785496675497,0.6590324698030559,-0.4357540135930198,0.9649852393642169,-0.585084417678649,1.2178271949895134,-0.647030669607397,0.25678566626557625,-0.9791422643844283,0.35743308594119144,-1.3841146030096854,0.4011093472925171,-1.6247495389989588,0.41780814325676424,-1.8374193299333255,-1.5483044792436232e-17,-1.0,-0.06162143132236389,-1.4597122640947096,-0.10766015716793084,-1.7349306596423744,-0.1707086021102136,-1.963350258680413,-0.21655836625589042,-0.9209500039070304,-0.33262854602687875,-1.3234071489378259,-0.40036784779108,-1.5823716777610433,-0.4701852248744297,-1.8001685762511228,-0.39923103658925624,-0.7673873036064757,-0.5727505579077248,-1.0558609789253837,-0.6888240773466782,-1.2465062403850362,-0.7844305580892964,-1.4178882662870878
5,5_084.JPG,0.0,0.0,0.3501739228198133,-0.15955144323503648,0.581984902234173,-0.44743389086221336,0.7750401440780467,-0.6608963280247694,0.9470829870814788,-0.7618497608578183,0.2361552840065705,-0.9615036135298446,0.337849307938866,-1.3229235828929413,0.3911619560879991,-1.5452677807379769,0.41850781607362997,-1.7266168672416566,1.1077228824313209e-16,-1.0,0.022903084170956142,-1.4138240525206702,0.04533364547739398,-1.6642690897084627,0.052170783691369634,-1.855377690589459,-0.21576639344201815,-0.9273246331679726,-0.25469379923760976,-1.317360239984409,-0.2512376401033488,-1.5540494235288607,-0.24411009465757647,-1.7494350956590459,-0.4131466408755759,-0.7643384289660226,-0.5676570029399153,-1.0072700550473976,-0.6498494306621674,-1.176885680283792,-0.70547608012243,-1.334517418959666
5,5_085.JPG,0.0,0.0,0.3490505499077892,-0.14569283597707972,0.6424602845756964,-0.4518281898366047,0.8455134583887599,-0.7227705662005213,1.0516651269641912,-0.8975086283423658,0.25357872931770753,-0.9755278395256117,0.34572404418476016,-1.3770750063636952,0.40326169363951386,-1.6310227601581744,0.4386026384590218,-1.8526934974352398,2.980490782705028e-17,-1.0,-0.02851760044805328,-1.4529024743741263,-0.03501686750927613,-1.7451269220584673,-0.05358820709412931,-1.990008505743177,-0.21713996857861556,-0.9252554963949083,-0.2918078655573331,-1.3496493921989077,-0.31429947806890857,-1.6228956428879513,-0.3311232576144403,-1.8606878851094906,-0.41071963066272615,-0.7748819452184593,-0.5531414448383082,-1.0909899013145266,-0.6343149873833962,-1.3017495196973439,-0.6926490156073556,-1.5039345272997433
5,5_086.JPG,0.0,0.0,0.34625906619811386,-0.14184310898032912,0.604345249928437,-0.44865073411198214,0.7945559161122533,-0.7127439030590325,0.9912863253471297,-0.8872662100988555,0.24545128358413212,-0.9668074084637824,0.33009692032713295,-1.3585234209713057,0.378760150524434,-1.6098982233778543,0.4069817757042974,-1.8149010311673572,-4.8935243429200856e-17,-0.9999999999999999,7.114675081924503e-05,-1.4320859766653153,0.020725780879115665,-1.6997357806041644,0.034755972201770645,-1.9114098928740964,-0.21317262283455826,-0.91984058752209,-0.2551147306152732,-1.2986877922925122,-0.262372632049031,-1.53006639072981,-0.25843044360901074,-1.7266257119209123,-0.39852579094346297,-0.7545102139403035,-0.5372156276306457,-1.0080007063995526,-0.6168477969171342,-1.1797004481311484,-0.6703255858009022,-1.3375995764003077
5,5_087.JPG,0.0,0.0,0.338420674509532,-0.17760710903573113,0.5539713680762092,-0.47287144445446333,0.7052855089875126,-0.7587098442499851,0.8687245699689142,-0.9503672403548998,0.24601007610019265,-0.9695561895958454,0.3521874885827942,-1.3768644361859057,0.40705586345682243,-1.6199079902104832,0.43304140328668095,-1.8337551154605356,3.060638725187141e-17,-1.0,-0.001835338702538454,-1.4786320770227785,-0.0032241525431887454,-1.7815724165838767,-0.0330252049384109,-2.028781911223827,-0.2188176124270772,-0.9165882629712293,-0.35133730019335985,-1.3495968768646025,-0.4278684567350268,-1.636929538577278,-0.4943457403543868,-1.8722217873268663,-0.41365858337447275,-0.7489632691810547,-0.6174016937478312,-1.0804310830090724,-0.7362697418536261,-1.3041320927703082,-0.8245007850873143,-1.5135663407078737
5,5_088.JPG,0.0,0.0,0.3567366397907996,-0.18903510002495813,0.6046024609304388,-0.5025826231254296,0.7772026979288167,-0.7650083514089341,0.9945524701601497,-0.8860137897554848,0.2313273187588123,-0.9887519808338434,0.3113590223606071,-1.3194304676929265,0.3557267387055719,-1.5133318201771795,0.38801388409234344,-1.6888354448196479,-4.352587583159344e-17,-1.0,-0.02023852161677284,-1.3720054779746222,-0.0182123710643292,-1.5922116694547288,-0.02582808974881889,-1.7812891310159098,-0.1968363383158731,-0.9114463724047849,-0.27553423005911626,-1.2571635995746029,-0.30418180630078256,-1.461356553973808,-0.32680797089713026,-1.645609336317451,-0.36457222731300626,-0.7586708283448597,-0.4793771194402719,-0.9956403252209135,-0.5326776425787838,-1.1527518053916428,-0.5611736651830759,-1.3081209048302216
5,5_089.JPG,0.0,0.0,0.33064174728312745,-0.20622490510015085,0.6100445522514376,-0.5634823815420795,0.8316863741594775,-0.8208289446500853,1.0599854937163882,-0.9224664183062047,0.2354408462223311,-0.9698796349154138,0.34072292407635296,-1.3625619666302575,0.39567009714312,-1.6090770449587017,0.4273154600070363,-1.8206317108163772,3.893926045403397e-18,-0.9999999999999999,0.0025073987345162344,-1.4535594467571078,0.017111031605096444,-1.7398033247093914,0.013916584033547149,-1.9829004234273089,-0.20192583045397608,-0.9304561485070962,-0.2967260293407203,-1.3426466515662276,-0.3270387637944698,-1.613975300644658,-0.35345177453855275,-1.8420572003779339,-0.37871779105500997,-0.7829518566456052,-0.5535708973847939,-1.088569067728213,-0.6565381891054705,-1.3005438509699905,-0.7309110229676784,-1.5006830274660108
5,5_090.JPG,0.0,0.0,0.3210956177729175,-0.1885757594013722,0.5822064014637444,-0.48979144923373485,0.8134100718265725,-0.6843180206311235,1.027859146575011,-0.7644097492200885,0.2400538153147583,-0.9613630042542821,0.38766929686049173,-1.3237602227290115,0.4794302216906797,-1.554093600541731,0.5330543977440358,-1.7521108978259516,1.1665543860716415e-16,-1.0000000000000002,0.023855855065148007,-1.4181303367555724,0.02686689738903306,-1.685218555766729,0.0060318246383692506,-1.8961440621982686,-0.21300852280923385,-0.9403010528083832,-0.28988541672008744,-1.318374347398478,-0.3213327741099615,-1.558332663941525,-0.3556338135153973,-1.7461853488087824,-0.397376092530268,-0.8029996354527845,-0.5914634785283256,-1.0680021696156703,-0.7111475285165615,-1.2527615193297392,-0.7974518267533914,-1.416344821885913
5,5_091.JPG,0.0,0.0,0.3614021319815309,-0.18202358713214412,0.608528796107022,-0.5277041625649935,0.7808416593251591,-0.8368873618450342,0.9694617123088999,-1.0455155960798985,0.2367906380728627,-0.9835128143979986,0.32396613684095427,-1.393496325463057,0.3768139441153835,-1.6425198296442765,0.4089667233257848,-1.8474041156300522,2.1721960423580342e-17,-0.9999999999999999,-0.020438146413386083,-1.4367830939753223,-0.01515062432714642,-1.7121472985892918,-0.021640788236483827,-1.925633093125435,-0.2085428957378642,-0.916338509934872,-0.2518210142468758,-1.3071909646918867,-0.2617080401983226,-1.5485987954817568,-0.2694219314671878,-1.7451109335955362,-0.3857134607906406,-0.7631862161538334,-0.5200555282594173,-1.0365569143997682,-0.5969430503795375,-1.2231126199480873,-0.6552428973591231,-1.382874306214865
5,5_092.JPG,0.0,0.0,0.36346637882322225,-0.17329229548719183,0.6477715310722868,-0.4851787397065735,0.8745530153016976,-0.7395593005825083,1.1019481030079314,-0.8895965654794119,0.24271684754777825,-0.9829688826354442,0.3106926687277611,-1.3588576359899673,0.347274616937308,-1.5799408588875903,0.3705511616171766,-1.763630411247692,0.0,-1.0,-0.00017798965778534028,-1.4087731445967873,0.020144080621047403,-1.659299743332707,0.027944541003788095,-1.8689323437776937,-0.21212448896672495,-0.9140801848596947,-0.27757187119222093,-1.2833317374681832,-0.3091930824761446,-1.5044306472138562,-0.33210843096680775,-1.693635719271673,-0.39618151077050434,-0.7560391803540903,-0.531745420260847,-1.013187549322258,-0.6061967628735329,-1.1830566018991275,-0.6517225959206846,-1.3445090935725867
5,5_093.JPG,0.0,0.0,0.3365523596616967,-0.16030396528889224,0.5812420247333875,-0.4945331959829102,0.777594546729108,-0.7866470125475507,1.0178234213316057,-0.9447958737614083,0.24557180448762003,-0.9744451543343964,0.3782269038500628,-1.3756020578342185,0.4600152714250153,-1.6295751226178403,0.5139390297053738,-1.8528857913490133,7.117842158167696e-17,-1.0,-0.007295436232577841,-1.4423292140413022,-0.006370033293750067,-1.7315572936317034,-0.016853145701717358,-1.9769877869108579,-0.21904095194429893,-0.919164643608834,-0.3057810749854881,-1.309081105155039,-0.33800079864112975,-1.5590147912843748,-0.3578157065639792,-1.7777602449263954,-0.4062265520844308,-0.75928997494064,-0.5693007391537209,-1.0413717130832805,-0.6624138131750287,-1.2360760143552414,-0.7238499637334218,-1.4216621408567742
5,5_094.JPG,0.0,0.0,0.336544629507618,-0.2373516124060804,0.5813898380749538,-0.5904014388333872,0.7787913137209207,-0.8527378121167267,0.9748627751425777,-1.0225094484098072,0.21203897499083912,-0.998789302664127,0.25928025899943025,-1.405057180046101,0.2863101273854724,-1.6586538082603404,0.3022090898151023,-1.8747346998963075,1.6568580562136498e-16,-0.9999999999999999,-0.00945250558619229,-1.4439562774059855,0.0037199905621789443,-1.7339312823559394,0.008012383409826676,-1.9758707370052115,-0.1995684155147327,-0.9082081327417676,-0.26600124215736404,-1.3153154951292412,-0.29092189436182453,-1.5809885727627764,-0.30828222011035267,-1.804799606734425,-0.3855836784163209,-0.7496594458399597,-0.5322214131358213,-1.0368369824970283,-0.626153608795048,-1.2320799868397565,-0.7001846972905137,-1.4132850098834202
5,5_095.JPG,0.0,0.0,0.3572930383278008,-0.1663575760921524,0.605435912037608,-0.46959717059478234,0.7642610372556122,-0.729990046822005,0.9573446429713932,-0.8477059505612573,0.23554704299259135,-0.9696407407450068,0.3244122012098164,-1.330315645103538,0.37100372133983406,-1.547901968857888,0.3963784792940116,-1.734752753928925,-1.641645285002193e-17,-1.0,-0.021603743522671522,-1.404416601058872,-0.02837316650124165,-1.6468087521479982,-0.0495577403002946,-1.841543324859998,-0.20421816700371617,-0.9381943274019583,-0.25879588582154917,-1.3147603051733892,-0.2729028258895415,-1.5325860150999895,-0.2875336821415893,-1.7165267285563424,-0.39025909776759804,-0.8085246233483386,-0.47644638139070766,-1.0873391482723238,-0.5217909164705348,-1.262465860792312,-0.5539278499851178,-1.4219703399816823
5,5_096.JPG,0.0,0.0,0.34224521553489007,-0.1581218351394776,0.559196886932877,-0.4687476745550999,0.7081341441399693,-0.7159753776911985,0.8499594996262816,-0.8688641822157561,0.22544807892120006,-0.9623107467572606,0.3075726132159827,-1.3171048460692936,0.34648585309430524,-1.5394005765913141,0.35821216270964157,-1.7208340288758863,1.4134244569480287e-16,-1.0,-0.015887051768233434,-1.4056567715262687,-0.0324741893460935,-1.6573203907675613,-0.06795818323657042,-1.851123245723601,-0.20303716111176234,-0.9271743936830151,-0.2900397627526626,-1.2991478556063536,-0.32435466878296476,-1.5273252497963943,-0.3560439231466689,-1.7164283010743626,-0.3834350699689068,-0.7719291480446875,-0.5824015934475837,-0.9964965579896532,-0.7009053875373851,-1.1519064884231254,-0.7904012451163848,-1.2893071563977738
5,5_097.JPG,0.0,0.0,0.34386181401761384,-0.19355307088391693,0.6109727526336832,-0.5219580086116483,0.810429235687703,-0.7726750019489615,1.0214697697028736,-0.8799123141787193,0.23885745132203542,-0.9861314664914184,0.3457947239765039,-1.3319039121825313,0.39266369083561303,-1.540659393147769,0.4115091270811108,-1.718087107202841,3.3668083607657495e-17,-0.9999999999999999,-0.03051557331467925,-1.410169370802134,-0.04404352098578156,-1.6528063664716328,-0.07373265601395365,-1.8546344167039464,-0.2067696211730032,-0.9125111260494033,-0.3130905024426592,-1.281942083807305,-0.35243679185263216,-1.5084329016693891,-0.3818543427256011,-1.700745192955814,-0.38431312282613056,-0.7549483673878459,-0.5380727955604763,-1.0059121018754829,-0.6118512953426066,-1.179308403732452,-0.6572811980272497,-1.340803876871989
5,5_098.JPG,0.0,0.0,0.3200501227678798,-0.18381230977424765,0.5118603702037405,-0.5183066785847369,0.6347501262304849,-0.7908688681576582,0.7828302463574731,-0.963745400345375,0.2201790606987796,-0.9613536351905358,0.31523485127859563,-1.3422529886474992,0.3744233131952544,-1.5777128881945208,0.4095837207701591,-1.7801976307667846,3.4362512904706083e-17,-1.0000000000000002,-0.006887019691109573,-1.4281335462272966,-0.009211969872243611,-1.7037867236139277,-0.028048986414202958,-1.9346417567466911,-0.2013038847254316,-0.9306655520086523,-0.27291756584006077,-1.320086587906897,-0.3051920747013827,-1.5740475039554187,-0.33529107653165074,-1.7936582969945145,-0.3866300944208783,-0.7750482631261298,-0.558565464503915,-1.0249401933834053,-0.6610560505498583,-1.2006776080660375,-0.744360055777211,-1.3638989344142682
5,5_099.JPG,0.0,0.0,0.2934474839417198,-0.25704435131514175,0.46935043958301426,-0.6491108811928897,0.607834367749018,-0.9501736420732898,0.7672904443005255,-1.1364509530613813,0.201267862923966,-1.002889417205341,0.26945545952052447,-1.3534557062930324,0.299901432809392,-1.5595652450688182,0.316688977021406,-1.7418315693950035,1.1045170116925225e-16,-1.0,0.00685971078538277,-1.3739944747801243,0.009740781564318497,-1.5952943635079637,0.002482884029912746,-1.7893147023364988,-0.18602178403660374,-0.9057467192493202,-0.2503771395795755,-1.2536102572912298,-0.2749708041601832,-1.464806900838511,-0.2912893678934981,-1.6564033570356556,-0.3604727895325555,-0.7398121876811807,-0.513475729090966,-0.9708359071413243,-0.5985925273396667,-1.1302292908620628,-0.6640108202520565,-1.2842723743392916
5,5_100.JPG,0.0,0.0,0.2937726701850361,-0.17411499596019306,0.48774921306380087,-0.5028287151147643,0.6336848453876248,-0.7902118247323224,0.7938244095523765,-0.96379434240361,0.24091807666605647,-0.9526250720600785,0.3641031294818628,-1.3531860207845694,0.4367094804306037,-1.6073016759044831,0.47792144253691743,-1.8257964527837618,8.420634590421147e-17,-1.0,0.024042298865879413,-1.4511419266959045,0.04585227461601856,-1.734924063425288,0.045776952405637325,-1.965792088942219,-0.22159513129713015,-0.9302715328944996,-0.32086420833030566,-1.3544392846684914,-0.37287580407738324,-1.6304344258406265,-0.41490988977666404,-1.8561532857793577,-0.4226146681461787,-0.7630692278733274,-0.6296548205152963,-1.0643979006842519,-0.7452377317940945,-1.2672180089171103,-0.8292096040674127,-1.453620504303427
5,5_101.JPG,0.0,0.0,0.3083540370453284,-0.1727274623265308,0.5608449650851546,-0.4606316072826635,0.8229036084712962,-0.6235848209718833,1.057768060876554,-0.6622941601665504,0.22411776703773542,-0.9717020998148281,0.34506087328340185,-1.3373739459012206,0.4165740721992773,-1.5625439873426106,0.46163851441865256,-1.752409003034455,1.0335133850798392e-16,-1.0,0.010551832322895697,-1.419977424131369,0.01851622353818933,-1.681626528876633,0.006716822793818282,-1.8897644428844906,-0.2067332428162836,-0.922417937700887,-0.27661476059689877,-1.301850379931559,-0.30027232097842305,-1.5416599176965688,-0.31668899650176646,-1.744856784831028,-0.3933003378451693,-0.7584989982786137,-0.5915913703434266,-0.9954604358995909,-0.7003888175343351,-1.1604077514504625,-0.7770640045293545,-1.3149350101180124
5,5_102.JPG,0.0,0.0,0.31656200499418624,-0.23113651053651119,0.5306677109549367,-0.5663651124906639,0.7153024404342945,-0.8182844177429792,0.9050049726700072,-0.9970663021658931,0.2119624609110994,-0.9879251722584206,0.31690742835552743,-1.378243929861952,0.3761110069512232,-1.6216150353418066,0.41141647928663455,-1.8343883716804705,-9.555827383826542e-18,-1.0,0.023882826269597368,-1.4367087862421852,0.04000028497797902,-1.718235871301235,0.037887841454661494,-1.9522587184943343,-0.20138531117496236,-0.9123242394984373,-0.2514235366134262,-1.3155314846679471,-0.26327012602799643,-1.5817247250644475,-0.2667106933868371,-1.805797559988864,-0.3906740243316691,-0.7524728002237651,-0.5214611876343976,-1.0268906855225144,-0.5861631509948018,-1.224261271513547,-0.627876553987141,-1.4100747154701985
5,5_103.JPG,0.0,0.0,0.3318983012460447,-0.176269727516299,0.6088465638048521,-0.46830940045337965,0.8651211068198378,-0.6525712064658991,1.091965259430195,-0.7132475554170613,0.2538285626277864,-0.9782887151475881,0.3956520622545879,-1.3457773429656537,0.4685711981506597,-1.578114393974574,0.5076043438832408,-1.780131040833825,9.64598398389332e-17,-0.9999999999999999,-0.0035208118946563325,-1.4242603334248953,-0.00719797417738838,-1.688189236332366,-0.03611392357684743,-1.9094052124096892,-0.2301072445350897,-0.9035575835046323,-0.341074598652188,-1.2843263199202872,-0.39953552577555557,-1.5234145390108431,-0.4568164641115437,-1.7320054069686581,-0.4270543006858855,-0.7228115747091123,-0.6351269405393587,-0.955545655588953,-0.7624620394389255,-1.1234081745652125,-0.8684754742854732,-1.2835850226751666
5,5_104.JPG,0.0,0.0,0.34476570337687484,-0.20478177945964923,0.5988241182987423,-0.5160156442662429,0.7986865709643445,-0.7664771114564525,1.0264962335452383,-0.8875661489337288,0.21266708160625047,-0.9987995350809298,0.24526731897369222,-1.3741042700713888,0.2526305745998437,-1.5899313578350973,0.2445048343556404,-1.7783697874173627,-1.2390733165270765e-17,-0.9999999999999999,-0.022818053709527504,-1.3985974514904487,-0.027878751010347348,-1.6326045487280703,-0.04076727065790785,-1.8312199321304647,-0.18830103314911725,-0.917280463711123,-0.24986824270556945,-1.2882790988444972,-0.26439032642550625,-1.5114931440623176,-0.2729318474636963,-1.6982798755197965,-0.3622138225209424,-0.7742913849114131,-0.49457370210069035,-1.0618545387244758,-0.5553393144807429,-1.2536153318813328,-0.5901655054421635,-1.430432652099928
5,5_105.JPG,0.0,0.0,0.34964984404417165,-0.15171272391018772,0.6265627235987145,-0.46140787992612814,0.8522390529583693,-0.7109408129603808,1.0950348869852224,-0.8285486715662844,0.23856384282842208,-0.9646935927451886,0.3093191281765504,-1.3490375002741946,0.3430241911442352,-1.5993187687483845,0.34725119867064813,-1.7900739554289875,6.388578160028579e-17,-1.0000000000000002,0.0037148493486864015,-1.438473812611258,0.006675849420190374,-1.7076623439405945,-0.004204681458536941,-1.9204340395639545,-0.20613022824627117,-0.935828857746788,-0.26340869672160133,-1.35669686940497,-0.27823663524602965,-1.6318087373112664,-0.2999166118056408,-1.8473605006109672,-0.38615305542003775,-0.7876332594404306,-0.6074206718056078,-1.0435967712488754,-0.7464435575778574,-1.223319146652467,-0.8592639669153134,-1.3808636739692846
5,5_106.JPG,0.0,0.0,0.3582673154039926,-0.20832239429505497,0.6191376685098745,-0.5198366253735555,0.7856667439526094,-0.7735413724989777,1.0056606097545702,-0.8974609688724421,0.22634653253517065,-0.9792284095121094,0.3153927559369635,-1.3483796139716895,0.3711798835521,-1.573953382593847,0.4042298658557119,-1.7679992888218126,3.8123127877014833e-17,-1.0000000000000002,-0.004891105426179691,-1.4190316947561683,-0.002817880285631682,-1.6855650107954812,-0.01471838560462215,-1.9124125257327171,-0.20082086551688857,-0.923161410828775,-0.2682498748590963,-1.3167153085142307,-0.28425240056006695,-1.563980648489027,-0.2913056413526211,-1.7754981811865775,-0.38535382099435345,-0.7742839715702156,-0.5506388226726315,-1.0502511646129975,-0.6344143255043876,-1.240054935647476,-0.6924091842282136,-1.4196937905060234
5,5_107.JPG,0.0,0.0,0.3700822114168954,-0.19259307183566304,0.6548397049625735,-0.5196727519284473,0.8815301740315744,-0.74874336075545,1.0944917296706242,-0.8949119086813457,0.24028834822780598,-0.9788909254652476,0.34988838512389064,-1.381062918223552,0.42227483790595044,-1.6238484273910228,0.4756173729997819,-1.8354888287314148,3.537026773543169e-17,-0.9999999999999999,-0.003773309147654149,-1.4501064846359435,0.011138914215749618,-1.7220956534609064,0.013078637701823614,-1.9473885548788172,-0.2192117705976006,-0.9169854712346934,-0.2915207361179119,-1.328697526334669,-0.3139923973289993,-1.5852521195643832,-0.31903095376259055,-1.809283839470836,-0.41355096129040625,-0.7589021797735606,-0.5496280692645776,-1.0495040691777862,-0.6195443749138849,-1.2415201098380058,-0.6619998535419769,-1.4211787927190713
5,5_108.JPG,0.0,0.0,0.3572205458872485,-0.20322761409731357,0.5755706074571922,-0.5614339528291512,0.6619150403783411,-0.8839703778950844,0.7441225767099878,-1.114832276981574,0.23262225114538157,-0.9777031673578145,0.2995924831817004,-1.3524853084626676,0.3419525887264343,-1.5775253170025663,0.36325972272993406,-1.7575500382537446,3.048892683252334e-17,-0.9999999999999999,-2.1533920521519787e-05,-1.3917888033375825,0.002943472726198077,-1.6250259819908721,-0.002997398699782276,-1.807543528296319,-0.2123937737136378,-0.9409127689720709,-0.2311032586815729,-1.3227774641552732,-0.2192007475023995,-1.5419822416199231,-0.20898074902833827,-1.7194379861419908,-0.41457526078379114,-0.8123076212404249,-0.5217580128339819,-1.106224674479325,-0.5711058789795043,-1.2960050178535594,-0.6037191660496641,-1.4670001671442847
5,5_109.JPG,0.0,0.0,0.3142293601570171,-0.21420536642465202,0.5373533046236266,-0.5909684124134129,0.7050111429704238,-0.8984997295743801,0.8654897546968644,-1.1230159557335653,0.21680810303480982,-0.9896900892862165,0.2896448629228754,-1.3968161865747841,0.328328766419196,-1.6498126439380585,0.35051610459850224,-1.8646635053854015,8.037549472925058e-17,-1.0,-0.03198461514926903,-1.4388325224851894,-0.05089516027438962,-1.7190017316594919,-0.07912307612121053,-1.9517685510092562,-0.1990021953742163,-0.9060565411832553,-0.2737712349492292,-1.3032759634850115,-0.3174996946197581,-1.5556558483026193,-0.35469465632311903,-1.7723059575014675,-0.37510917186760045,-0.7348815955103195,-0.5477948684174744,-1.0011338146663715,-0.6567503499402698,-1.187975318181736,-0.7430077251897311,-1.3624498761662416
5,5_110.JPG,0.0,0.0,0.3639812297622043,-0.1491079964763331,0.6560453971882027,-0.45056467635482933,0.8310320735525568,-0.7343473835200492,1.0128048424491012,-0.9279820425732392,0.24536848340969103,-0.9616688579145517,0.34127076196940787,-1.3646990860031987,0.4028819160523459,-1.6131821083363016,0.4418844607210509,-1.8189379748872243,1.0760385481666282e-16,-0.9999999999999999,0.0007814703385802148,-1.4490831182671466,0.00869203601153352,-1.7352717830489641,0.003228815687479772,-1.9638357516796823,-0.21344906796130608,-0.9308716419114049,-0.28011043329245666,-1.3333362945795328,-0.31717856809265893,-1.5863050742022102,-0.35023712129822154,-1.794253615646218,-0.40514270660523355,-0.777250089553834,-0.606308640858963,-1.035493863586069,-0.7362052494973198,-1.2067196648528538,-0.8400527282775435,-1.3624862974256566
5,5_111.JPG,0.0,0.0,0.3247544699259068,-0.19011710253286904,0.5997986596453082,-0.5217950686242402,0.8347885439270057,-0.7531777819981208,1.0764720787364945,-0.8395810444047418,0.2248449606234989,-0.9774208878809139,0.3166092370484219,-1.3389256300216459,0.36638608894795865,-1.5556798150902353,0.39029530223549785,-1.7433075778369622,1.1212279677398858e-16,-1.0,0.025093842116688293,-1.3923387017392292,0.03917473706816139,-1.6346494721501121,0.028413659944739707,-1.8438776745402827,-0.20143986323827953,-0.9250133522121065,-0.294764134383565,-1.274005051100373,-0.340369172778601,-1.4940477312174725,-0.3801259769641308,-1.685606886633005,-0.3812764439046413,-0.7800337933443137,-0.5452741670525355,-1.0237058523335207,-0.6412364742022003,-1.1905610908306257,-0.7098702532133466,-1.347815630151665
5,5_112.JPG,0.0,0.0,0.3559423946274478,-0.23359323985635486,0.6157456298547354,-0.5543292995112702,0.8082289457150827,-0.8004257631237683,0.9917802942460907,-0.9759708226817037,0.22090458297395998,-1.0092169770637462,0.28685419477972884,-1.4048520967698745,0.3263403801255369,-1.632564934650427,0.35061049923524423,-1.8260073725187915,3.904520830822127e-17,-1.0,-0.016757934062214118,-1.4217675943101697,-0.011155380542039387,-1.6851281563976577,-0.015619303194580053,-1.9019383546205197,-0.20352798145449885,-0.8958765288749091,-0.2779273049839238,-1.2725441627167042,-0.2929719600301469,-1.505862150831073,-0.29616244953594656,-1.7020144790250213,-0.39219793725194807,-0.7256882862358511,-0.545845754881009,-0.9864832079066405,-0.6226103084058128,-1.168183888888091,-0.6744117477462085,-1.3353171710420306
5,5_113.JPG,0.0,0.0,0.3589513127291598,-0.2212588477796045,0.6478922090167533,-0.5541441977395682,0.9133804839834331,-0.8002285184104332,1.189852738948594,-0.885213066873763,0.2467642529567004,-0.9940029522844377,0.35487815502114545,-1.4021732675660783,0.4046699119809508,-1.656094953248845,0.43520254978691986,-1.8692207387973299,1.903553339456665e-17,-1.0,-0.058548487912707364,-1.4591864071665746,-0.0880765722233211,-1.7402039728982461,-0.11841359941062736,-1.967880088566184,-0.21899240659348443,-0.910938053758944,-0.31496676266033535,-1.3175841268800657,-0.354392391104597,-1.5664563634704862,-0.3799536969023917,-1.771932244612711,-0.403182419899703,-0.7511789009811652,-0.5514670676971629,-1.0386258098954813,-0.6323453989905471,-1.2376385772003533,-0.6852852323334598,-1.417626870421173
5,5_114.JPG,0.0,0.0,0.35569732859819175,-0.1845804169186438,0.6431960571193817,-0.4708527547829607,0.8908915905366445,-0.673683754195708,1.111579134682782,-0.7850613658070805,0.2395065501824815,-0.9850375716946014,0.3510380135764153,-1.3676557168808332,0.41732847979653964,-1.6070608791754224,0.45990357004985166,-1.811166974923085,9.621096133598939e-17,-0.9999999999999999,-0.030750721918536887,-1.423883985472083,-0.04554787796401643,-1.6937675397146619,-0.06638439130841892,-1.9129356456687097,-0.21249462582874748,-0.9086443100409655,-0.2864886277434448,-1.2836596591011116,-0.3295281538072766,-1.527003033529909,-0.37230027348443856,-1.7299087355273004,-0.3956493397364404,-0.7400456502658359,-0.5763774292549757,-0.9721403229490333,-0.6974827329327878,-1.1383601846295086,-0.7995802608153659,-1.288000115800237
5,5_115.JPG,0.0,0.0,0.3385304040811737,-0.22494690409124243,0.5569075921280228,-0.5724376430827102,0.6868338011585929,-0.8518980547635868,0.8351844058711063,-1.040189870859037,0.2307546439702981,-0.9898968207407879,0.3070632197004625,-1.3733357853523176,0.338025657055591,-1.6107465543972284,0.3442640949029791,-1.8117386514546479,1.6342386771767194e-16,-0.9999999999999999,-0.023972880102610672,-1.4345705712300312,-0.04413847072871713,-1.7113597224583579,-0.08034412247293472,-1.9419142213025082,-0.21411885278349493,-0.9074432857973125,-0.2783144895105909,-1.3098117483286427,-0.3075421989640792,-1.5681176728046398,-0.3286501798203116,-1.7949745161764035,-0.42250434456479835,-0.7382748692507161,-0.5755674406440775,-1.0167445439606684,-0.6514835344360824,-1.2160369404447475,-0.7054688277811115,-1.4053267573367643
5,5_116.JPG,0.0,0.0,0.3619091499482257,-0.18376355830989252,0.6310619115822999,-0.5018561548943973,0.8279499666607995,-0.7714483607264244,1.0373621520056704,-0.9270415306113707,0.23699204374170327,-0.9818790438059299,0.32097782714098044,-1.327730363401596,0.36393245144581615,-1.5275783292429714,0.3923514154459696,-1.6940444361492186,3.4907998931439e-17,-1.0,-0.010960533617781439,-1.38588405223564,-0.004089309356127244,-1.6117045349211963,-0.0020049622792721097,-1.7946083559367527,-0.20331616538466696,-0.9209206279003777,-0.2509602143572314,-1.271000001059631,-0.2555497347293422,-1.4844258119529463,-0.25051426335410587,-1.6634608013124577,-0.38132024657720437,-0.7705940451954576,-0.48118974808628,-1.0025361131304518,-0.5282301335777745,-1.1626706951356638,-0.5492709879081549,-1.3126579435799852
5,5_117.JPG,0.0,0.0,0.3317064715086663,-0.17874124171394157,0.5495807328261325,-0.513054728289234,0.7478188571284571,-0.7774705819477389,0.9585701790277548,-0.901218238187094,0.22187688777188963,-0.9774886844476166,0.2674817729039473,-1.3627698560477872,0.2801195766168337,-1.5899400011512745,0.27837965178789775,-1.77941328791602,6.578179717831957e-17,-1.0,0.003181020148803688,-1.417022153527729,0.004783647714685298,-1.6704893795599463,-0.004284874013798622,-1.8746740528439754,-0.204269660383792,-0.9376591167369661,-0.25208924993719417,-1.32631005231444,-0.2712622095665876,-1.5588667172064514,-0.2861666722470761,-1.745195162528786,-0.39021846858817855,-0.8183904415820022,-0.4803536943063267,-1.108075123547034,-0.5266970916656347,-1.2989003162628443,-0.5501938126562731,-1.4663903092441195
5,5_118.JPG,0.0,0.0,0.35680219689020354,-0.1915253839873981,0.6357576190267392,-0.4947563099227726,0.8531653666784672,-0.7503966052654868,1.0614311749893264,-0.9271501057112879,0.24470437807014964,-0.9762275580862347,0.3683904012230988,-1.3949616414490387,0.42582458756429403,-1.658243028799769,0.4496559763680794,-1.8797439634105726,1.7303862589968174e-16,-1.0,-0.013821955256758826,-1.4486822717027603,-0.031039648890513662,-1.7396941023011498,-0.0737831006711898,-1.9631737812409706,-0.215210995527463,-0.9118951930073981,-0.3406341374724648,-1.318975172529024,-0.41851435188602293,-1.5879286159946606,-0.4933723254908113,-1.791922115710474,-0.4005967319629338,-0.7378468934476923,-0.6163483906745952,-1.000492351815616,-0.7589729561762466,-1.1883543475809095,-0.8753820741717464,-1.3476621203687498
5,5_119.JPG,0.0,0.0,0.31740502653700003,-0.21784878867785656,0.5404933250750142,-0.5803618343273036,0.6849656708839458,-0.8565204945924578,0.8744755759043848,-0.9586575704810574,0.22052468427840535,-0.9824251831087392,0.297307792654565,-1.327880475082938,0.3320735299081884,-1.5326414173906402,0.34732780116033657,-1.705007425955095,1.254839292702612e-16,-1.0,0.0024406665453504104,-1.3846680252312247,0.0020443500506482177,-1.6157863512505772,-0.01219325896120618,-1.8054403063494153,-0.1952793408334252,-0.9261483722450466,-0.2574691114243269,-1.2886865940955246,-0.27794067203032535,-1.5045785960489366,-0.29035825794901576,-1.6854539944240543,-0.37400821336395756,-0.7839265752204249,-0.511786169851524,-1.037357778262618,-0.581274487233537,-1.2073979510341624,-0.625371202721903,-1.365457385042336
5,5_120.JPG,0.0,0.0,0.32486163391866996,-0.2130198653854735,0.5667838156358272,-0.5639709901710382,0.6851719228678925,-0.8824358276335038,0.8096013169425292,-1.1144359076231665,0.2366815432379257,-0.980318565303365,0.3186128725610908,-1.3485258329475691,0.35553336540390895,-1.5719744990948634,0.3766892550838136,-1.762867430825963,3.2232133608228525e-17,-1.0,-0.02441733484985079,-1.3986856616414913,-0.04068601282949054,-1.6528941524524756,-0.05620797654473174,-1.8639157132530424,-0.21460602385672328,-0.9209934525680901,-0.28816823545620823,-1.2954235274191523,-0.31052990675066255,-1.5310432272309422,-0.321766651778714,-1.7291717399743962,-0.41130406904769734,-0.764837422636725,-0.6084832166849424,-1.0326772134770035,-0.7268663925208769,-1.2184333537595238,-0.8118358192735841,-1.3914179980723025
5,5_121.JPG,0.0,0.0,0.3390007914686308,-0.1766770387964121,0.5699873558192489,-0.5421885818276329,0.7262968797677101,-0.8425602427138217,0.926689123182747,-0.9837262800659338,0.2485695722791064,-0.9703753659321196,0.3648168651664707,-1.3455436332544877,0.42271243434146005,-1.5800732706888705,0.45431961545628924,-1.7802976172255258,1.3598523581907052e-16,-0.9999999999999999,7.743880685633018e-05,-1.4187750915421815,-0.0024772177437932465,-1.6790311890606693,-0.02593169500447211,-1.88931107778491,-0.2150371570036416,-0.9228275812103249,-0.31793987541884033,-1.2861031750590441,-0.37096420355017695,-1.5116564987749022,-0.4209939112538615,-1.6994830800192908,-0.3954707075646448,-0.7641987865320025,-0.5648528141965155,-1.0046562401965426,-0.6679324236187387,-1.1698975322643284,-0.7464394453109744,-1.3230183879164463
5,5_122.JPG,0.0,0.0,0.36266622568209,-0.16199447723648233,0.6524029657605499,-0.47262180530163256,0.8665175125881941,-0.7312850986598068,1.0947507715569562,-0.8758310440888097,0.2536156388584906,-0.9859423759139987,0.3379396252161556,-1.3324511755751745,0.3783945932787887,-1.5446331527210044,0.3966541481012766,-1.7203553777484843,4.5339709090257067e-17,-1.0,-0.01266978835032248,-1.3666871998263797,-0.008595491720998041,-1.5835553325855833,-0.013867547668111994,-1.7659482426106874,-0.21839646619141737,-0.9061902587101002,-0.2908755063702915,-1.2408601519569982,-0.33124123070413974,-1.4385236001865285,-0.36926024384739825,-1.6177339776664028,-0.40779552695902793,-0.7362113273035,-0.5724707322203401,-0.927535921373689,-0.6721398350688397,-1.060315650501176,-0.753497504664131,-1.1892689993123098
5,5_123.JPG,0.0,0.0,0.34365003188864574,-0.1998734583750675,0.6126329692743667,-0.4924463661279462,0.8074544135786734,-0.7445287171488328,1.0093706791872883,-0.9053325673023305,0.22078458416596358,-0.9893429376722072,0.28166390468204894,-1.3698902359081027,0.3088986603004533,-1.5871317351173881,0.3207582228358296,-1.7731801642049798,-3.70519322825761e-17,-1.0,-0.0066018802652523445,-1.4179230482748082,-0.006340446115257718,-1.6593411578468484,-0.018911208744636802,-1.8574247971086144,-0.1938778681717041,-0.9253545386420122,-0.26426807875250335,-1.3159682468263687,-0.29156272365555747,-1.5493929948771896,-0.3121532092407973,-1.7425173946137797,-0.37447796671722267,-0.7912165765454219,-0.5002682160753847,-1.0838933036255232,-0.5692982838976935,-1.272229538673246,-0.6164716055745408,-1.445098578022031
6,6_000.png,0.0,0.0,0.34266400157445603,-0.23398330466283615,0.5969377080346664,-0.6858537135659215,0.693157086665916,-1.0999364703957701,0.8764317035350809,-1.3595518659408377,0.2989105975674418,-1.0963933711588953,0.046610517789767526,-1.2163419877220893,0.09578653645076496,-0.9031661513902398,0.209390204375895,-0.810557614190147,4.0220632076614753e-17,-0.9999999999999999,-0.21856537495633066,-1.0939360951024673,-0.09030570390435279,-0.7019137180673546,0.056092121510454,-0.6803101953851809,-0.25605863762330333,-0.8718151373747685,-0.4644236031304073,-0.927278220980863,-0.31548391580473134,-0.5908672778913,-0.15451281736819986,-0.5459335333257674,-0.4890499791096808,-0.7513154572859415,-0.6695979094716844,-1.023852526888221,-0.7725246431705934,-1.1570758179514427,-0.8777967208735006,-1.3820843271333012
6,6_000_aug0_rotate_right.png,0.0,0.0,0.3422268995748137,-0.2304998161034038,0.5908916313773988,-0.6847531350128819,0.7008366454175448,-1.1086854515346098,0.8802693473555281,-1.3657046723593045,0.30535570953472,-1.0824634249748735,0.07542144415527259,-1.233635626529313,0.1095340344510805,-0.922181661616935,0.20877525439284095,-0.831563085512221,0.0,-0.9999999999999998,-0.19643759603118266,-1.1486821832830383,-0.09923334943881547,-0.7474302725245954,0.03161598177906551,-0.722546406523219,-0.26069805421620196,-0.8871744036553425,-0.44669204137163854,-0.9608999281494405,-0.31719996821941354,-0.61701234249911,-0.1694226242000703,-0.5673488988432055,-0.49690984105176467,-0.7735771908254607,-0.6861503520568442,-1.0571568141607368,-0.7881477118109084,-1.1977515865684034,-0.8909005968628027,-1.4276689389390318
6,6_001.png,0.0,0.0,0.34280809094267645,-0.2381453609404988,0.5935389710803771,-0.6828071587258275,0.6878844769964222,-1.0950052405455397,0.8741632984325459,-1.3514714668335426,0.30369513795966735,-1.0963846361712801,0.05909442476146201,-1.2131866445627388,0.099972413455144,-0.8952988968923935,0.20335714762548635,-0.8013446940412484,1.6007359583526225e-16,-1.0,-0.2096458899967759,-1.0964806461442271,-0.0898286108072082,-0.7019182629647974,0.04456159197926199,-0.6770884971638576,-0.2589449140036519,-0.8735158192687078,-0.45543123731231594,-0.935550719554768,-0.3145424122187257,-0.5983310689557771,-0.16255269431958674,-0.5562745854169695,-0.4888503525468017,-0.7581522815729751,-0.6736982284690813,-1.023061031662393,-0.7741858165377807,-1.151599048776972,-0.8751506536376871,-1.3837694558009588
6,6_001_aug1_rotate_left.png,0.0,0.0,0.3418682822115005,-0.21434161899515414,0.586628433576557,-0.6769793976867948,0.6823337625066425,-1.096866040481634,0.8796292642689107,-1.34521693050332,0.3011830862664694,-1.0851422962986594,0.030762328962389996,-1.219682322147566,0.06980576670130248,-0.8819135612848948,0.18254566028789782,-0.7879389760930335,0.0,-1.0,-0.23185478299896894,-1.1003341271917337,-0.1125560609656843,-0.6866211233091108,0.035441798641414675,-0.6642117896201193,-0.2610787259022034,-0.883086200341296,-0.46574688909187906,-0.922162314885826,-0.3319543737415517,-0.5826210016234092,-0.1764966819438393,-0.5516020531347565,-0.4965315181676718,-0.7673252554170904,-0.686454634376334,-1.0333726505056717,-0.7883847587862981,-1.1500285850390188,-0.8838228011837147,-1.3641600275397174
6,6_002.png,0.0,0.0,0.3356350223260298,-0.23313520150732825,0.5812633240787948,-0.6794471698425019,0.6700283438161893,-1.0782511458750625,0.8473068294587385,-1.332171129962842,0.2927378527389921,-1.0955817938577004,0.06419388169759165,-1.1898855642636947,0.10695280010565811,-0.8830853793566273,0.2080145267629027,-0.8099634334952316,1.5580346299312453e-16,-1.0000000000000002,-0.19634792060216694,-1.06552757752021,-0.07639154505403171,-0.6758801954553024,0.061025414398775756,-0.6871630094523865,-0.2503500854127172,-0.8701710581897056,-0.4374960785352981,-0.907451078322476,-0.2914521091797031,-0.5756485991393717,-0.13266171640084526,-0.5572465328488209,-0.4749111259603792,-0.7509089449995524,-0.6576982456519903,-1.0010632741349483,-0.7611809834654476,-1.1259198411112141,-0.8622805802293734,-1.357424010224383
6,6_002_aug2_rotate_right.png,0.0,0.0,0.34363491853749895,-0.23352467005967462,0.5870424417812494,-0.6871269578055054,0.6831630249391127,-1.1029668965950985,0.8478561337234682,-1.359714589947336,0.3069984910518927,-1.0870166483701684,0.0488118251725108,-1.2299030428737714,0.08250391461106985,-0.9139937892295494,0.19163150835838905,-0.8136259033106745,1.3114308881907782e-16,-1.0,-0.21859233736953354,-1.1253074231883613,-0.11643625293544098,-0.7322043869207163,0.025764199438911495,-0.7050421659233406,-0.26241758591979764,-0.8840512520526804,-0.46238816467553756,-0.9490342838803857,-0.3336557811157676,-0.6133312969409558,-0.17876036238958679,-0.5663205783874915,-0.495531480040176,-0.7705025735414469,-0.6857738198340645,-1.044355632674761,-0.7895112044635502,-1.1798267448591275,-0.8884222470308475,-1.4066079690876874
6,6_003.png,0.0,0.0,0.3418470439381305,-0.2273551985284539,0.5918583798726031,-0.6745893758282668,0.6817624807227813,-1.0912123778236913,0.859237320537023,-1.351176909305796,0.2991398507647875,-1.0912730131205757,0.044349316638289775,-1.2149374423109336,0.08789892300428279,-0.8998329623488922,0.20148085192949705,-0.81274459782947,3.994246784830355e-17,-1.0,-0.2198061823110962,-1.098627603813864,-0.10123458425367157,-0.7025335766379879,0.0465281630547911,-0.6910215379737421,-0.25825319941341923,-0.873776101232102,-0.45864281741277685,-0.9207213013254224,-0.3193388452637612,-0.5856618532310875,-0.15913612546770975,-0.5542280038575049,-0.49201528011389617,-0.7510770605286078,-0.6784864344877011,-1.0142217860832567,-0.7823502025926421,-1.142481775191864,-0.8828362886281026,-1.3669375101208177
6,6_003_aug3_bright.png,0.0,0.0,0.34635992469057486,-0.24071994883854037,0.5908465590843401,-0.6866514494698766,0.6769687593839249,-1.098761518621864,0.8522527160488214,-1.3608461177500422,0.29757306344976603,-1.0959132717015942,0.04524437750322868,-1.2102806110305242,0.09540485960212715,-0.9054263098867267,0.2121079536220506,-0.8275849693529768,0.0,-1.0000000000000002,-0.21478592398316593,-1.0939795753392096,-0.0889851589950091,-0.7031828998978655,0.06180722309703693,-0.7075520550138317,-0.25527327346143847,-0.8730109042416255,-0.45384866726594286,-0.920658929949827,-0.30373099386534064,-0.5868589767989383,-0.13397235014254677,-0.5612975305205765,-0.489233335091892,-0.7511917447473435,-0.6807233545897643,-1.0094866871733013,-0.7877982355492323,-1.1389119892802704,-0.8894466239475802,-1.3643163646944447
6,6_004.png,0.0,0.0,0.346857225086339,-0.23302503646241413,0.5952572940512435,-0.6917232772700079,0.6880742634908876,-1.1128295571712756,0.8516714834779531,-1.3745958182066005,0.29919774285011125,-1.0897678486961273,0.04919879380805755,-1.242009052615438,0.0900061821590063,-0.9270239275874753,0.20733496190448356,-0.8367101423857043,-4.051651677696525e-17,-0.9999999999999999,-0.21409450333802074,-1.1533743443363627,-0.10825397019118474,-0.7523726930194458,0.03914670381185584,-0.7350247009837731,-0.25927571135430416,-0.8828198858576818,-0.45514497473960996,-0.9558561135626771,-0.3207122581010943,-0.6131125930332934,-0.1584121607035505,-0.5724302424816664,-0.4958693622396343,-0.7658407556265575,-0.6931046658416157,-1.037977238285813,-0.8055061720416605,-1.169008417879271,-0.9107710355577633,-1.3909253820401526
6,6_004_aug4_rotate_left.png,0.0,0.0,0.3340237530747467,-0.24142211781585562,0.5618908768961695,-0.7058432570710884,0.6405463248611275,-1.122920041601312,0.7980574603053029,-1.3882104411654719,0.2905927673138117,-1.0977063109679046,0.024702012895127853,-1.2483069124958757,0.0605212525809148,-0.9283945565789266,0.16953679665488486,-0.8355488486175293,9.543973339141236e-17,-1.0000000000000002,-0.23670706244596582,-1.1393451967973212,-0.1283258149389145,-0.7407596483703927,0.021395081832048798,-0.7224228303765132,-0.2568001483980414,-0.8793140456597119,-0.47196334366696646,-0.9421901053714657,-0.34277487471869195,-0.6074407701951059,-0.1823977295531237,-0.5662079224302,-0.48767513853171895,-0.7649107534456723,-0.6875322203386636,-1.0395870509355516,-0.8072348870369743,-1.1673615046845138,-0.9111639036591337,-1.3892480869025963
6,6_005.png,0.0,0.0,0.35459239014044563,-0.23133606907241433,0.6057099152264712,-0.6921984317374158,0.6968898637332231,-1.112951074698937,0.8483243786622879,-1.3775574298890696,0.3061899519545649,-1.0880680596848962,0.054883720134406636,-1.245941495906471,0.09588423915684872,-0.9289337588395011,0.20850999840907283,-0.8262410345480705,1.216619607306497e-16,-1.0,-0.2095192256942912,-1.1465863552184308,-0.10556729595141222,-0.746805553163031,0.03577597080522311,-0.7174063373997319,-0.26156217264563897,-0.881909152430091,-0.45211213945652934,-0.944649128202021,-0.31766478519965163,-0.6039160632031877,-0.16145251968817936,-0.5555795301228673,-0.4956368412557524,-0.758219511794995,-0.6916988019246662,-1.0354556496529221,-0.7998801198763807,-1.1719438743153863,-0.9051458431190224,-1.3955111964246165
6,6_005_aug5_flip.png,0.0,0.0,-0.3753597782511829,-0.2775784901885838,-0.6113292930657558,-0.6828247130276718,-0.7257126210062969,-1.0504680172372984,-0.9128233411024228,-1.3181861434776072,-0.2721523060676517,-1.1012911110847137,0.014584307717771916,-1.2019897949049019,-0.06154081390415505,-0.8771957816597037,-0.18345069765596275,-0.8333849950605744,1.187775942914423e-16,-1.0,0.23055909474772893,-1.0412172078063635,0.08241616145844016,-0.6938964362927975,-0.04265238287818217,-0.772098830055099,0.25478352526272147,-0.8911881659331702,0.4336331630399003,-0.9403905637278757,0.27988776321393943,-0.6347325343000361,0.14829963564065377,-0.6521190933873426,0.47494722118082155,-0.8266806022752916,0.6108089762010407,-1.119892597431239,0.7032752632521849,-1.2460209329368102,0.8020651072472105,-1.4455325693063041
6,6_006.png,0.0,0.0,0.34480418965882736,-0.23354086257954546,0.5923621039241668,-0.6750798896931717,0.6929741081946573,-1.0948832814797331,0.8624735038808096,-1.3558383955365512,0.30581808802410976,-1.0891169240229563,0.06408288640109679,-1.2354393202415024,0.09857275201768845,-0.9264043625770649,0.2072301611966063,-0.8306293071417142,1.614934881109417e-16,-0.9999999999999999,-0.2024749388373768,-1.1408487420856965,-0.10373097435457274,-0.7424936936469242,0.04152962770322475,-0.7240351663266291,-0.26120807718339145,-0.8802430130859986,-0.447483208077565,-0.9528199103281458,-0.3180580668299072,-0.6139106754601663,-0.1575880815585914,-0.5735101430392712,-0.4953616789029071,-0.7613339778584289,-0.6781638250249825,-1.0311789328575078,-0.7849189566635226,-1.168148723142688,-0.8859277446154672,-1.399123538897753
6,6_006_aug6_rotate_left.png,0.0,0.0,0.3251424081172791,-0.22617420833548427,0.5494446776977279,-0.686157697025151,0.6315165719846706,-1.1013686022051412,0.7933227787230511,-1.3637277285262428,0.28713250140456853,-1.090188649105025,0.009615754070260885,-1.229888409376066,0.04130890219516139,-0.9193558334651116,0.15696731648823323,-0.8236588617585485,1.8986953580151525e-16,-1.0,-0.24741630531940972,-1.125572848665413,-0.14172510894571733,-0.7371577423192403,0.012982114746726437,-0.7131908146067854,-0.2572477199940027,-0.8790018935972369,-0.47589328578414736,-0.92552236552545,-0.3476676780235298,-0.5987179130649785,-0.18734673962913734,-0.5586706516464529,-0.48722277604719433,-0.7548512600489093,-0.6834586164357568,-1.0160136994555944,-0.8016694892190404,-1.1402976299632754,-0.9069944353981703,-1.3574317683322537
6,6_007.png,0.0,0.0,0.346063079076489,-0.23026386682544692,0.5918414149043612,-0.6688321763205581,0.6880330474653368,-1.086863563864741,0.8538926289846146,-1.3485755437246245,0.30313341593169346,-1.087388355990237,0.06903101921765455,-1.2269996284423577,0.09801866574233939,-0.92059874132055,0.20220640991743902,-0.8247664491733228,4.0294703086993515e-17,-1.0000000000000002,-0.1962018203747949,-1.1333133259730028,-0.10010973377108569,-0.743012230086701,0.04069955092845916,-0.724133430572813,-0.2591975471842846,-0.8801447827673113,-0.44443905054841065,-0.9538024556463522,-0.31258277821875025,-0.6192471627800294,-0.15220980251193533,-0.5783547126263728,-0.49159109690402436,-0.7603260656659334,-0.674360895146579,-1.027683440860519,-0.7791835674576313,-1.1658863788340252,-0.8770646122183275,-1.400640922495241
6,6_007_aug7_flip.png,0.0,0.0,-0.3814733961939713,-0.28644748921647883,-0.6169610434746164,-0.6798315488157259,-0.7301166530542017,-1.0361070901497165,-0.9050272864033714,-1.3022263071781492,-0.2698602301499106,-1.1039772415422946,0.024881689088461043,-1.1943454805508724,-0.0556575578630873,-0.8785739539751605,-0.18045308454106146,-0.8412095602106962,7.968793418326638e-17,-1.0,0.2427208845649044,-1.042270221421672,0.10003853633059297,-0.700693915518643,-0.027055679234997833,-0.7656596653752097,0.25471845928843984,-0.8888957954264859,0.4450464802518032,-0.9434428140183649,0.2920478674473213,-0.6375950689494453,0.1611032552025635,-0.651215553300162,0.4721858097702081,-0.8246335146661057,0.6179548511362764,-1.1131682299106498,0.717005204969236,-1.2354070950917309,0.8242078539086483,-1.431489196301659
6,6_008.png,0.0,0.0,0.3525042755720619,-0.2331150626790554,0.5994457170950483,-0.6910076826171943,0.6935249884948029,-1.1190696476839732,0.849169875635124,-1.3879692443655736,0.30622002174366464,-1.092392915018903,0.04246386166360868,-1.2591414676247514,0.07716065509727826,-0.9413799734483637,0.19323277597559305,-0.828874161272361,-4.115437990058079e-17,-1.0,-0.21815602330501654,-1.1665235200245052,-0.12005947806982259,-0.7647103909571324,0.02597036297091597,-0.7298581988672603,-0.2597815695899196,-0.8806205619038244,-0.4559896880297616,-0.9593091159615693,-0.3240741197983233,-0.6172555448604398,-0.16063081397720227,-0.5664355596612093,-0.49256062137876316,-0.7582425665052083,-0.6874639778340813,-1.0330911269730336,-0.8027851000003264,-1.1664250662412592,-0.911184328058113,-1.3889920522212895
6,6_008_aug8_bright.png,0.0,0.0,0.34765792782592286,-0.23148950513406036,0.5944200749030634,-0.6882734794688247,0.6916614668970321,-1.1144166487736655,0.8481880552671776,-1.3819788879490629,0.30563349238484183,-1.0912249331796446,0.03985614823792665,-1.2559521545659307,0.07477381631861796,-0.9392967555434002,0.19282966837161633,-0.8285334292829104,8.220177573083037e-17,-0.9999999999999999,-0.22072962453625583,-1.1647461521056195,-0.12268163059348484,-0.763780556139768,0.02597883935944399,-0.7293340558781806,-0.2598718934408387,-0.8815250844887365,-0.4580923927690401,-0.9588797976196715,-0.3273137665618708,-0.6192271721296854,-0.16253553613712457,-0.5687953927445001,-0.492708367137047,-0.759699966488457,-0.6866284592229857,-1.0349663188675218,-0.8001536221987547,-1.169519931285805,-0.9059360969979073,-1.391597041135812
6,6_009.png,0.0,0.0,0.3474079188744565,-0.23117114701719388,0.5947725744134071,-0.6750125871293173,0.6929841115231832,-1.0996646159667829,0.850678340743355,-1.366497983334711,0.2985698552110253,-1.0890178008266336,0.04046801991068296,-1.2487789273603862,0.07297127698421506,-0.9357959546725596,0.19208470155213786,-0.8280761319492387,0.0,-1.0,-0.21996136581339787,-1.1596186031632476,-0.12033786172215563,-0.7623022863703428,0.030097842775066212,-0.7267900995519826,-0.25796418138852517,-0.8839754848959639,-0.4624991006173535,-0.9648084530451033,-0.3273040421358019,-0.6270005278141686,-0.15833711482659607,-0.5721329205267647,-0.4918149308265868,-0.765224918915684,-0.6877154831879861,-1.0366413917964818,-0.8023733471339839,-1.1696916962117934,-0.908299565959775,-1.3907841425746812
6,6_009_aug9_flip.png,0.0,0.0,-0.37483822240715675,-0.27467981149722265,-0.6007399072571618,-0.6664601076257426,-0.7147113532722338,-1.0246095368947181,-0.901913833013812,-1.2877823672425341,-0.2692069450588525,-1.0951082558128546,0.024608834682060318,-1.1875300685442198,-0.044849488701935766,-0.8685155854861418,-0.16371708654307315,-0.8325677447437573,0.0,-1.0,0.24957508304326814,-1.0468907414094304,0.10761265010311166,-0.698470456950588,-0.018041291896016668,-0.7650452492310522,0.2538721080714104,-0.8945339022059512,0.44835163034056313,-0.9474825055010772,0.2959871240463832,-0.6360163426430266,0.1635480478211588,-0.6539327975771106,0.46785326413938944,-0.8362026022936311,0.6116278531152848,-1.1184802103669227,0.7107746873400915,-1.2368721426230354,0.8159637119271442,-1.4385139634358186
6,6_010.png,0.0,0.0,0.36374820824696974,-0.2426073521410621,0.6190502117158511,-0.6932301228704099,0.7200903229362215,-1.1247380578358592,0.8777744775002085,-1.3962034036654467,0.30611921870553427,-1.090449134514878,0.05228601705136411,-1.2622005021462293,0.0860190612434212,-0.9468857078478521,0.20676273526726024,-0.8368179302063954,-4.226015888109782e-17,-0.9999999999999998,-0.21726550948420137,-1.174715232084374,-0.11954528093371268,-0.7725794809026929,0.030272611252504068,-0.7324609747641888,-0.26296687961641674,-0.882563018168882,-0.46651481028073627,-0.9747092355923869,-0.3307939987706998,-0.6310939290223584,-0.15992596838248055,-0.5716552478172862,-0.5012071427520371,-0.7633541546556973,-0.699656503591211,-1.0407385079907112,-0.81523827038058,-1.1796683089891216,-0.9219664664955644,-1.4086827892706408
6,6_010_aug10_rotate_right.png,0.0,0.0,0.34804403160448305,-0.24381410816367585,0.5970087412965069,-0.6957023119438132,0.6986060381619388,-1.1194821613041075,0.8417691856072843,-1.3875193949401026,0.3037662566941957,-1.0936551777084131,0.05938906358802946,-1.2621353947405411,0.09453399965184699,-0.9504229385257613,0.20536201115238442,-0.8439231580834176,3.675883515150046e-17,-1.0,-0.21799050493486366,-1.1691549568425146,-0.11663796301134588,-0.7752375648382471,0.023332725930326585,-0.7434344609212039,-0.2581550702131719,-0.8770352104254336,-0.4625987906262952,-0.9764571388575556,-0.31827892914398326,-0.6373263194714955,-0.15570112007998307,-0.5854456582432197,-0.484543370162511,-0.7514228184259106,-0.6789336137731316,-1.0228460034904965,-0.782032453504518,-1.1586775647052918,-0.8893480563168005,-1.3930113641448103
6,6_011.png,0.0,0.0,0.36008920561118685,-0.23692184685243808,0.6150115652584924,-0.6849472268816268,0.7068251799115607,-1.1129354480925164,0.8658284105372756,-1.3794375582733118,0.3094593570484712,-1.0919314640419995,0.0737396095369405,-1.2424756050316526,0.10325662379465322,-0.9302499770737755,0.21096403287798515,-0.8270274439164911,-4.1393010969762956e-17,-1.0,-0.20087799751656363,-1.1503828725409329,-0.10253870317065183,-0.7529803939353997,0.04147968194667608,-0.7286521415739942,-0.26181988142995627,-0.8768121373372079,-0.4491833161485228,-0.9577532056493627,-0.31325746514640423,-0.6151898342905824,-0.14843699715908112,-0.5720642013140408,-0.49561509701936696,-0.7530818514920955,-0.6820716046637659,-1.017060669337362,-0.7928086095802052,-1.1481069996759679,-0.8966112507243673,-1.3793012976178938
6,6_011_aug11_rotate_left.png,0.0,0.0,0.34325586121580665,-0.2553396791818252,0.5844602586812515,-0.7018716164949891,0.6866973082336204,-1.106738477304434,0.8248011634066109,-1.3693007037571419,0.284709221135587,-1.092871955793947,0.05786972784084291,-1.262965861381962,0.08717007226312795,-0.9508453175063841,0.1900325331718792,-0.8447841654526935,9.005535190532502e-17,-0.9999999999999998,-0.2116486205317657,-1.1639896668096326,-0.11245899914963114,-0.7720611204565109,0.03238750153752348,-0.7474478160082824,-0.2504580400187334,-0.8848968708140874,-0.4545460116716597,-0.980577569480418,-0.32750214071495004,-0.6500669251969781,-0.1724922568265544,-0.6004700994511601,-0.4750239732786449,-0.7687443414866899,-0.6636218373431185,-1.0404784748426346,-0.7768266237008827,-1.176975931645161,-0.8831912690737714,-1.4072892200615665
6,6_012.png,0.0,0.0,0.3484532897951563,-0.24625069205481306,0.5900697566929075,-0.6945046185290547,0.6761636596211198,-1.115919476413563,0.839435407255117,-1.3850399301403753,0.3023122746429351,-1.1030526766569013,0.04261554857381831,-1.2385617787076186,0.07985146766830048,-0.9230157804007413,0.1926339567119407,-0.8227093364292318,0.0,-0.9999999999999999,-0.2225350712229976,-1.1214977887461541,-0.10640698209242075,-0.731401224442932,0.04445281060449699,-0.7126670843197277,-0.25586185628607755,-0.8689565177792762,-0.45572843601148916,-0.9370306072715062,-0.3145276409564669,-0.6054895536976965,-0.1459348499593442,-0.5713038490494358,-0.48343990115719043,-0.745618850006023,-0.6703693537605503,-1.0033363172764982,-0.7797632705481475,-1.1285977111331944,-0.880882304305122,-1.351890297100742
6,6_012_aug12_rotate_right.png,0.0,0.0,0.3560811237646862,-0.2596170377678073,0.603012244729893,-0.7090700217451694,0.6978959780085161,-1.138899591247655,0.8346275713980387,-1.4149229907879204,0.3082438581114974,-1.1021996125498077,0.06760477823333168,-1.2727331635852412,0.09996015462951771,-0.9566292224099441,0.20481060510555815,-0.842862306125771,1.6604374571173173e-16,-1.0,-0.21462743884552904,-1.167376774559046,-0.10656626869596321,-0.7769964903891999,0.03531700990914767,-0.7396182513268993,-0.25996303674349697,-0.8746036021694709,-0.4576150230716417,-0.9661438088709514,-0.31516543280699716,-0.6324467535434064,-0.15423833133344195,-0.5847883107796017,-0.48636752351629375,-0.7557380081122331,-0.682060939793165,-1.0172678855165453,-0.7830578510097845,-1.145566532145046,-0.8807920320429028,-1.3712885132686996
6,6_013.png,0.0,0.0,0.36037734204875593,-0.23823986561045613,0.6128081678579252,-0.6914191786904597,0.6988642440829536,-1.123132514870249,0.8572674531384412,-1.3925899063572094,0.2997750896325705,-1.0968234034264404,0.07397289999023764,-1.2521670601173391,0.11226177615093876,-0.9410588100389476,0.21515201148568933,-0.8422594718989486,4.121808252014652e-17,-1.0,-0.19617152219677705,-1.1505347630362666,-0.08630214597818196,-0.7542428188834516,0.05148061901827775,-0.7318612062281885,-0.25262841557996707,-0.8714092696511169,-0.4399657088116145,-0.9564348831911049,-0.29450774833436844,-0.61751205874306,-0.13470654350805533,-0.5775563939299179,-0.479084163857942,-0.7411372773993351,-0.6654983560142668,-1.0078629802426053,-0.7744074010945261,-1.1394120458775647,-0.884925547901981,-1.3690943536761722
6,6_013_aug13_rotate_left.png,0.0,0.0,0.3366214341558324,-0.23371682705691982,0.576674691538908,-0.695644695258417,0.6706157388816418,-1.1048397456889039,0.8175360676915723,-1.3651567498571826,0.28517610174575897,-1.0886604144853826,0.039001002095421816,-1.2440211180502754,0.07074823571665637,-0.9356383949521198,0.1823796487824294,-0.8413724033213262,0.0,-1.0,-0.218109466859729,-1.1463881295554639,-0.11897612077643376,-0.7608479404407975,0.03095775678333241,-0.7429257502434269,-0.25173950498460806,-0.8856769368477632,-0.4560700990566196,-0.9570158544368128,-0.33045821339069703,-0.6286567685715032,-0.1727552241692221,-0.5879883774469021,-0.47760520072581036,-0.76835657088531,-0.6680525177204971,-1.0322881902906536,-0.7807402686133939,-1.1600621453357784,-0.8833809037566085,-1.3821744626109262
6,6_014.png,0.0,0.0,0.3689298500930499,-0.22552842378048862,0.6325209816080369,-0.6841984565545148,0.7244415287030629,-1.1180733305439625,0.8818347847182667,-1.382541786177604,0.3085319037905638,-1.0880042643963146,0.08478031918005255,-1.246238205009824,0.11972005098692991,-0.9318365004733232,0.2178288162503876,-0.836251284265285,1.6668083553221295e-16,-1.0,-0.19507184549118928,-1.1574157002891892,-0.09287272232223037,-0.7528917380471366,0.04310452615298942,-0.7318623684887984,-0.25850586388229885,-0.8794185032987263,-0.4446704484027723,-0.9621728539867019,-0.30401927013541635,-0.6147831569813275,-0.1470714579011907,-0.5735496023968476,-0.49113080478999693,-0.7545837250273294,-0.6763555956590365,-1.0213188207579307,-0.7859747867756589,-1.150594093581744,-0.897938705603736,-1.3819835112727346
6,6_014_aug14_rotate_right.png,0.0,0.0,0.35997555158178474,-0.2513115337231285,0.6039082472132711,-0.705169247050819,0.693303737743253,-1.1394171247677007,0.8367873800859923,-1.415686379171658,0.3137380597951648,-1.09769143592373,0.062010720261568245,-1.2811756365257894,0.09980876598262313,-0.9605977959273088,0.20879288866499177,-0.851188086683068,1.3900162175386126e-16,-1.0,-0.2155190931682695,-1.1788711086582586,-0.11066314134106837,-0.7730710426603863,0.036119162505735415,-0.7469078636614408,-0.263205990115397,-0.8799707075609025,-0.4581707006548745,-0.9793332244512502,-0.3221242965550637,-0.6355610586560352,-0.16019557815486193,-0.5894377684303724,-0.49570337962429345,-0.763599391972732,-0.6879603442190929,-1.0398799833286991,-0.7942001107387346,-1.177372385089184,-0.8987231555872849,-1.4093264754798294
6,6_015.png,0.0,0.0,0.3662209054132981,-0.23738748912872842,0.6193931373565499,-0.6954804799135204,0.7086106434736895,-1.1269402070570083,0.8598904714430691,-1.3965113491614036,0.30645363637363837,-1.0917785897653602,0.07523021233978103,-1.248845478347307,0.10374907311836343,-0.9363073699039142,0.20910269752041274,-0.8310915154312447,4.189931991165338e-17,-0.9999999999999998,-0.19620441922193993,-1.1585822895455828,-0.09966708792908748,-0.7578675862160108,0.04294953650209697,-0.7286376348094458,-0.25879418828812445,-0.8783535973912044,-0.44318495231225635,-0.9611206567377857,-0.3067819300040243,-0.6182180276100078,-0.14364962482656263,-0.5739998316400579,-0.4905204174280795,-0.7550906402126001,-0.6801268475415089,-1.017623625661854,-0.7951674539830857,-1.1464194270241783,-0.9045313867176541,-1.37308218282474
6,6_015_aug15_rotate_right.png,0.0,0.0,0.3555457807660267,-0.26086744469367307,0.5973604156386246,-0.7138702383484278,0.6855299109804467,-1.1438402989734722,0.820011106890289,-1.4199551101659251,0.31297210562853695,-1.1027081019488256,0.05113507261175463,-1.2791867512753958,0.0794975700980671,-0.9605878171264806,0.19003909125279572,-0.846605957526692,0.0,-0.9999999999999998,-0.2261885509379988,-1.1741353503670224,-0.12273956150061802,-0.7788433569047165,0.02761376701028901,-0.7416136522520466,-0.26202817835812703,-0.8769324550370895,-0.46782379614267267,-0.9766141519006529,-0.331440150976756,-0.6380436844709672,-0.1653456663531664,-0.586770893585538,-0.48910870222047714,-0.7620031069649338,-0.6894418840600725,-1.0242652174439926,-0.7969315554248643,-1.152696984321878,-0.895739065047711,-1.379246943413795
6,6_016.png,0.0,0.0,0.3644275901595341,-0.24670782884121759,0.6130597016347041,-0.704915668328686,0.7031629362753643,-1.1339772687251517,0.855143572860983,-1.4068333831047388,0.31327896716909787,-1.098694690724929,0.05563621181287432,-1.2697659019633354,0.09021903127271137,-0.9509542970701836,0.20815621100875864,-0.8506295571244639,1.2719998673948746e-16,-1.0,-0.21532823485280544,-1.1738951397128923,-0.11683321546171323,-0.7623094682643012,0.03542563731437516,-0.7411918871831424,-0.26504037657996277,-0.8787560863364852,-0.4598802764444915,-0.9651454533001647,-0.3274144943325786,-0.616037692106761,-0.15620677667892113,-0.5764550572005519,-0.5016475156309788,-0.7604911276357612,-0.7005139524784543,-1.03338701095962,-0.8165769311020653,-1.1652739313198492,-0.921022814336878,-1.3934865894532644
6,6_016_aug16_rotate_right.png,0.0,0.0,0.35072019928555137,-0.2524052306032578,0.6069317932704572,-0.7010797336732674,0.7106098594833313,-1.1252763111076676,0.839983106692736,-1.4038735180965225,0.29741899526747245,-1.1052681797204595,0.07191742212407187,-1.2685637340547242,0.10846523913270352,-0.9570308227635562,0.2224062491015884,-0.85953340819222,-3.8014843955475146e-17,-1.0,-0.20020487058336356,-1.1667043432773059,-0.0929560031984671,-0.7765936715706926,0.039169327115057564,-0.7484126487139547,-0.2535904068372007,-0.8738150918284159,-0.45461672600027714,-0.9791533362158213,-0.30448943049195754,-0.6458815347032002,-0.1439300744549496,-0.6015248510890042,-0.47457602628016843,-0.7535240211247592,-0.6751619635106768,-1.024411552160335,-0.772596423061752,-1.1555156227516312,-0.8750266778001217,-1.3887667375615724
6,6_017.png,0.0,0.0,0.3561054845860935,-0.2456688802750846,0.5979160862010018,-0.6925790415329961,0.6873995129671293,-1.1132069333367052,0.8437562872422061,-1.3854678332503525,0.2996837973968027,-1.0991387070561252,0.06704672181994897,-1.2429130665522334,0.10718956073565748,-0.9381445765773455,0.21247213833105455,-0.8556622026330578,1.2388327301332237e-16,-1.0,-0.19659911377866654,-1.143965204579316,-0.08745727189001842,-0.7458203615726401,0.05432434237227894,-0.7470860242766647,-0.25495355726209473,-0.8755570255630759,-0.4394302947687175,-0.9530747182752832,-0.29754108977326654,-0.6135034550874846,-0.135101245245672,-0.5859110979116504,-0.48562752780198387,-0.7570418583842061,-0.6746060998172282,-1.0197899044110508,-0.782618322724526,-1.1491008338054887,-0.887184435029604,-1.3789633741376852
6,6_017_aug17_rotate_left.png,0.0,0.0,0.34070636816985017,-0.23893342887544272,0.5778670440344565,-0.6979290368812755,0.6643605499007104,-1.114385837820264,0.8070609138634689,-1.3847161016087308,0.2910661428016641,-1.091754469073439,0.055372696620102455,-1.2466495850974435,0.08190033446308025,-0.9393078668379617,0.1885415739658252,-0.8536239725093463,9.072982126709524e-17,-1.0,-0.21107415664572265,-1.1563555826456806,-0.11700682848591033,-0.7636260648404326,0.029525970158592724,-0.7522844788487326,-0.256630384119598,-0.8849703463148308,-0.4552381631436409,-0.9647228607301475,-0.3292951535298211,-0.6296912936715385,-0.16719949755107746,-0.5927002949211381,-0.4867028539170751,-0.7729886929195269,-0.675580533197964,-1.0346460813799316,-0.7894730056534587,-1.1601418041215839,-0.8927193846312333,-1.3841475280129079
6,6_018.png,0.0,0.0,0.35416299129035955,-0.24301575207135093,0.592702244793161,-0.6927291315889738,0.6761083957075339,-1.1132502582326884,0.8349112552341531,-1.3819594821740488,0.3074491153330913,-1.0976439417220458,0.06781545214206525,-1.2409488921540002,0.09820291405196806,-0.929065947328767,0.20444007934250485,-0.8414311875266396,1.244343267926349e-16,-1.0,-0.20394007896716324,-1.1398188004213072,-0.10144725219413209,-0.7371947657453122,0.046288302545959864,-0.7279612254845402,-0.260625727403369,-0.8762660622362979,-0.4507590940974868,-0.9564857549609432,-0.31786522854239857,-0.6158232714853589,-0.152557046801711,-0.5852030994856956,-0.49112309055857895,-0.7574931699142042,-0.6817399678897448,-1.0179179342118438,-0.7956530168089767,-1.1449397846958578,-0.9000762129973234,-1.3751932068550015
6,6_018_aug18_flip.png,0.0,0.0,-0.38409072977190006,-0.29776098438390636,-0.6168441436438244,-0.6957324730525873,-0.7296718128710702,-1.0571982594352665,-0.9012481042750868,-1.321271282859667,-0.27532679885736244,-1.1068397104717793,0.013538199084559768,-1.222170371928901,-0.04854211841423701,-0.8940891914532032,-0.1647240276414352,-0.832411416236944,0.0,-1.0,0.23462115842144066,-1.064788361434106,0.11074039391684505,-0.7138031433198183,-0.015686902343006574,-0.7545505911679395,0.2546600295055448,-0.8893791666727141,0.4404683587556859,-0.9629915362136889,0.2963906274085286,-0.6568418131842106,0.16698297499042808,-0.6602080347802985,0.4685287544591215,-0.8271051628087748,0.6216715165261548,-1.1230170214539086,0.729397780557726,-1.2431880215094087,0.8389231582274373,-1.4311175526806756
6,6_019.png,0.0,0.0,0.35395892184246025,-0.2424172184124805,0.592530383338201,-0.6928767670547499,0.6763617616635718,-1.1098906902665242,0.8357612206963437,-1.3745950817260506,0.30589191063086474,-1.0972618531391185,0.07196880572141791,-1.236537767206307,0.10065601917963485,-0.9243130494197079,0.20489489990933119,-0.8382139264951827,-4.137427061252737e-17,-0.9999999999999999,-0.19732463958368177,-1.1386415470479276,-0.0992038932881923,-0.73670034456766,0.044107720406190855,-0.7264662578460153,-0.25998414420567567,-0.8777822892880077,-0.4448915898545482,-0.9540664633532604,-0.3158583085027713,-0.6127075484671631,-0.15461791572349554,-0.5810987384730056,-0.49073826160537654,-0.7616400058743981,-0.6763309280481412,-1.0185728425334049,-0.7892095666471841,-1.14367261465073,-0.893475902344933,-1.3730319842725844
6,6_019_aug19_bright.png,0.0,0.0,0.35366669680811974,-0.23935556831007002,0.5955651311106721,-0.6872980641234767,0.6844720185001469,-1.104354815544953,0.8464641827411982,-1.3647210940628491,0.30565335623678047,-1.09219117118984,0.08684778136074754,-1.2398364033294536,0.10982732734757951,-0.9287226430521456,0.20798917964213734,-0.8399143676323312,8.274003301404698e-17,-1.0,-0.18369372081397092,-1.1470268342394185,-0.09397779320920066,-0.7448739341526731,0.04391855958393856,-0.7314772055630329,-0.25922284512085975,-0.8795546855786518,-0.43515915301790514,-0.9653074072552311,-0.3105253690125585,-0.6232395793476935,-0.15591621779943776,-0.5884397362129662,-0.48776701054592697,-0.7615518286093929,-0.6683307903987523,-1.022764993957084,-0.777931365630441,-1.1539394024976461,-0.8814210231198755,-1.3905131568646734
6,6_020.png,0.0,0.0,0.35759681290616874,-0.23398901139364917,0.6063062968151909,-0.6941697950151053,0.6886009027479459,-1.121076409535682,0.8451851498809042,-1.388182040335114,0.3161926328141983,-1.094605470456943,0.05026001254783382,-1.2528079101010552,0.07964958463102294,-0.9274179285171504,0.19101710699379507,-0.8232555674621657,0.0,-0.9999999999999998,-0.22366651483459926,-1.1496254859738615,-0.12123385187895583,-0.7388652057733821,0.031591730182178514,-0.7076191263069813,-0.2677719056538754,-0.8806673977559092,-0.4716414434194348,-0.956768888222911,-0.3424286337476882,-0.6095594985695215,-0.17690883528215104,-0.5636684612505793,-0.5055767171708451,-0.7636742049926777,-0.7008133230971573,-1.0338031996882249,-0.8164383933590268,-1.162589119514007,-0.9210932836607548,-1.3887984704546925
6,6_020_aug20_flip.png,0.0,0.0,-0.3912492589784355,-0.2981561636655711,-0.6201411274547278,-0.7014193218671743,-0.7267086181207445,-1.0655444361584927,-0.8953713719297667,-1.3282158254910916,-0.27613807986436917,-1.0967261903833412,0.007179100987661586,-1.219360319982235,-0.050116535066295854,-0.8977753855657432,-0.16643696073506117,-0.8245802404001834,1.2204268089604136e-16,-1.0,0.22084732412442132,-1.063930000937692,0.10771942331332719,-0.7187170112344191,-0.010980162053955274,-0.7533192425482103,0.2524530971196382,-0.8953391925475541,0.42795401785076365,-0.9732043015090843,0.2892602190319151,-0.6672882819579214,0.1646706169971087,-0.6605157961961281,0.46354420656904616,-0.8292131085587322,0.6140248604885954,-1.123661032906187,0.7183423620503656,-1.2457863664424758,0.820381541499858,-1.4337970593168232
6,6_021.png,0.0,0.0,0.36154812859355173,-0.2444899601649648,0.6117273186585483,-0.7066160900316634,0.6961629362926638,-1.1334550090617028,0.8468847388427317,-1.4075293973760281,0.32075993984199674,-1.1006200506736894,0.046122791574737365,-1.2650452467991453,0.08413502511253568,-0.9354610110001769,0.19882224677777047,-0.8263395488401215,-4.229552879716291e-17,-1.0,-0.22811604775466676,-1.1546311307837085,-0.12043612505764917,-0.7444732834106866,0.029883398546247695,-0.7067590010360614,-0.2712338092271416,-0.8776362513814486,-0.47787603392174743,-0.9513873206516554,-0.3439680294384658,-0.6086684419509486,-0.1771179127260465,-0.5590781705658485,-0.5098033209501297,-0.7602769293523778,-0.7046872690009004,-1.0341283834403874,-0.8182935891503319,-1.167097842635961,-0.9236732068908453,-1.3920080522045826
6,6_021_aug21_flip.png,0.0,0.0,-0.3885374066651162,-0.3036785712358769,-0.6158549245568304,-0.7164198761641583,-0.7200006394831524,-1.0935386837747936,-0.8837234363920219,-1.3627238095601906,-0.27281700962482885,-1.103485392459058,0.02395744591623298,-1.2445469997951166,-0.043939598829612826,-0.9115206894348775,-0.16436698653665868,-0.8486170658848069,0.0,-1.0,0.2401010628872009,-1.0786948277642692,0.11259782387771824,-0.7224255171163813,-0.01241336025269805,-0.7668292259778337,0.2505453881233584,-0.8913573314865049,0.44486147453984365,-0.9838324965889335,0.299105075054706,-0.6677092634909167,0.170822081819607,-0.6629629104432448,0.46234274744676196,-0.8248773817902996,0.6106309109077512,-1.1251285580357118,0.7149955461764758,-1.2433778499767845,0.8228421125015642,-1.431818519070114
6,6_022.png,0.0,0.0,0.36723918095084307,-0.2407564963053968,0.6200857063419914,-0.7027645422909424,0.7132051645318308,-1.133956101119679,0.8612825223026852,-1.4144092770262728,0.3213968869566201,-1.098636030153765,0.05808111014580239,-1.2709939601490716,0.09528030687212277,-0.9437244328296235,0.20541380891019617,-0.8304948658357969,4.259602371262914e-17,-0.9999999999999998,-0.21272110722842538,-1.1662587362971244,-0.11212547545885049,-0.7563149680201369,0.03007153861091117,-0.7156084849115999,-0.27147191555543937,-0.876581097063712,-0.46126056417744027,-0.9558471950989436,-0.3311474421932397,-0.6142259506866865,-0.17338843440852297,-0.5616821077950453,-0.5093310983781532,-0.7541434953768291,-0.6993788293483303,-1.0381758307618494,-0.8117879973198536,-1.180074957305529,-0.9194006838288833,-1.4067427759510758
6,6_022_aug22_rotate_left.png,0.0,0.0,0.35688542550235286,-0.23070905603177919,0.594525868364834,-0.698854484020002,0.6663092937756904,-1.1327940798191907,0.8208246322061125,-1.4121199728843365,0.30327718116623886,-1.0962929661680854,0.03893895923188093,-1.257372474942962,0.07358264640542413,-0.9246637465763504,0.18561506101844272,-0.8238959050323724,1.997062506248087e-16,-1.0,-0.22685162056963026,-1.145587266144259,-0.115365322488006,-0.7371236542934192,0.03308331881071305,-0.7108335775524058,-0.26540307771457305,-0.8799866306651498,-0.46567684121438896,-0.9349700093975403,-0.3308051733960578,-0.592914952973644,-0.17276432481952325,-0.55914918702625,-0.5038891830604211,-0.7638980305061354,-0.7005212903404852,-1.0251560139790383,-0.8190054953902737,-1.1417334500878344,-0.9274154700608468,-1.3592728653578348
6,6_023.png,0.0,0.0,0.3726369497045601,-0.23860788924992057,0.6260609550181082,-0.7030167593213835,0.7132991557110134,-1.140340214932532,0.8616369919976576,-1.422013059696834,0.3181793128748486,-1.0970654353636262,0.06217055310716688,-1.2606004220080151,0.1039769635911151,-0.9396553766619141,0.21403248185710702,-0.833664218806607,1.6965331994536396e-16,-1.0,-0.20833359607939392,-1.1580053140565172,-0.10347136327329431,-0.7516913479710543,0.04005137828995407,-0.7235677971795752,-0.2681278116827916,-0.8742694631503575,-0.4544222596596659,-0.9513907505710993,-0.3176083121091026,-0.6096090061581555,-0.15843946211272356,-0.5634764648821007,-0.5038752212393609,-0.744632345858248,-0.6908640318804234,-1.0212845222891649,-0.8017902373097291,-1.160266632832838,-0.9122480959187099,-1.3882839964035452
6,6_023_aug23_rotate_right.png,0.0,0.0,0.3677049827359046,-0.2663678119877246,0.616315058911902,-0.7243735618177604,0.7061674436439769,-1.1557945690963818,0.8384660408413764,-1.4432781812321345,0.30919642555419347,-1.104792232729848,0.05902834397510358,-1.2713728816331002,0.10993142898687311,-0.9548046544816154,0.22398854051868877,-0.8507681467977927,1.282234288569098e-16,-1.0,-0.21205232005941352,-1.1703215452084335,-0.10035452845369446,-0.763277903117928,0.04123042169161159,-0.7392259755099214,-0.26398236576178546,-0.8730594766279225,-0.4587459934396195,-0.9645005241957377,-0.3126701328320706,-0.6229811627965818,-0.1542373148099278,-0.5728506102930612,-0.5006402512960493,-0.7466979866064283,-0.6962927741619084,-1.0211477773769937,-0.8028163398201529,-1.15976159814495,-0.9129267798640099,-1.3895487553161523
6,6_024.png,0.0,0.0,0.36670349953056114,-0.23834140523535569,0.6185304301523392,-0.697166719122262,0.7136992048872031,-1.1187745090283643,0.8528097245123457,-1.3957041204485863,0.3056343448452555,-1.0938860513411828,0.0755487530638077,-1.2525477474912827,0.11115333517538434,-0.9395408091833033,0.2153053619712249,-0.8369905919963498,8.343805928368439e-17,-1.0,-0.17969211501233007,-1.1544974422782925,-0.08378643641020617,-0.7604417538395124,0.04534438359115133,-0.7320249696978799,-0.26024921818071073,-0.877710552136929,-0.43051410554291,-0.9504936925844015,-0.2953785497616648,-0.6168373676374406,-0.14597616652840342,-0.5745290239353753,-0.4898197178230745,-0.7505867467575558,-0.6736805754877574,-1.024802663770978,-0.7779453874887585,-1.1608363319498605,-0.8826626647335792,-1.38770282793754
6,6_024_aug24_bright.png,0.0,0.0,0.37560826672285746,-0.24619348906498478,0.6239057085580465,-0.71144433851798,0.7117743514447461,-1.1411009438079376,0.8545799981954969,-1.4199039428727467,0.3143040032663043,-1.1002187556181258,0.07074655418857483,-1.2638635576404933,0.11098838445589745,-0.9447013196672135,0.2170089151772973,-0.8412507351896251,8.403028920816478e-17,-1.0,-0.19587238934199663,-1.158800609589121,-0.0929678369542743,-0.7604960035913578,0.04029932778784483,-0.7322032593025629,-0.2648653275169771,-0.8733950980160808,-0.44280611235769823,-0.9520598149252733,-0.30478581666227567,-0.6144353863084914,-0.1507717767191571,-0.5704575583179543,-0.49631530270398266,-0.74702954645988,-0.6844705249667978,-1.020268968143919,-0.7911744108614917,-1.1557656465874286,-0.8965770349867638,-1.384224960496007
6,6_025.png,0.0,0.0,0.38757583954659636,-0.24924682942869006,0.6486301077820199,-0.7139369895659409,0.7502255742546239,-1.14070104654257,0.8914129327072352,-1.4164278001631532,0.30639920974633633,-1.0973227921698,0.09571484500415892,-1.279893952558199,0.1413297438290058,-0.9603657602832207,0.24040225683548785,-0.8571544869456619,1.6873793309907227e-16,-1.0,-0.16437634941467832,-1.1662312427128774,-0.059102764982974024,-0.7617501047749204,0.06779172296931125,-0.7513173776016336,-0.25537963739152625,-0.8778358352862771,-0.41494792529211283,-0.9657128744998159,-0.2707280955788538,-0.6203163663472309,-0.12427911288942918,-0.5878092863196539,-0.4806032081376566,-0.7540484955186014,-0.665884659761791,-1.0299959466959399,-0.761550345577006,-1.164834392252659,-0.8642206631829311,-1.4006979392356202
6,6_025_aug25_rotate_left.png,0.0,0.0,0.36306470717817596,-0.22439616468818313,0.621026297277884,-0.6911250174297795,0.7158473489136982,-1.110672942477477,0.8756412637257922,-1.36985814347385,0.2954619344282187,-1.085691969273752,0.06250190984698246,-1.260332668907758,0.09682513472678636,-0.934068796248106,0.20075628607343318,-0.8400663342586293,0.0,-1.0,-0.1815243808403019,-1.1488255180977147,-0.08183058234823926,-0.7429339395782023,0.05341036170513425,-0.740372854239707,-0.2552112859139677,-0.8879464297227646,-0.4206091538361287,-0.9534961322801132,-0.2904003371298141,-0.614245097767549,-0.143868595716463,-0.5940059861366347,-0.4849760476724675,-0.7764321281802863,-0.6619560901765007,-1.0428608664784882,-0.760145946940456,-1.1563312840786086,-0.856178600387744,-1.373649911567249
6,6_026.png,0.0,0.0,0.4135649609282577,-0.2456197757341879,0.711597173553375,-0.7168867007718427,0.838513289542375,-1.1420129091656797,0.9906398733749865,-1.405859841087433,0.3060266189790219,-1.0871542800862344,0.12947157736568046,-1.304691499487921,0.16234896852522523,-0.9721104813159196,0.23631009343975215,-0.8671392072530223,0.0,-1.0,-0.1297519650775144,-1.1763458658506436,-0.029905854625529124,-0.7768479125148522,0.08199961054830651,-0.777687539236818,-0.25172637167691625,-0.8925881360243394,-0.39397168172682917,-0.9957401388492931,-0.2614302272361995,-0.6390756982967254,-0.1390061405221477,-0.605429792122209,-0.4778718887018012,-0.7904606420670028,-0.6379873750121986,-1.0980149732145483,-0.7079150149361528,-1.2404061237350432,-0.7943001634796157,-1.4880285952456604
6,6_026_aug26_flip.png,0.0,0.0,-0.40950897413138976,-0.30027951931995583,-0.674471976491108,-0.7025545823490046,-0.8206438739455895,-1.0899300949219393,-0.9959029272745638,-1.3643764690595686,-0.2857963274836879,-1.0906535887214923,-0.08351750045057664,-1.2493497120740522,-0.1425764517494034,-0.9303361929731793,-0.2469591074586474,-0.8740159010921353,1.6432466852660531e-16,-1.0,0.14832341438644184,-1.0964314772726993,0.01873267346870716,-0.7356879351716101,-0.07979766182968441,-0.7959966172719825,0.25885152604566747,-0.8984532869586437,0.3763965739624571,-1.0084720674324643,0.23797730692731467,-0.6907769726847501,0.12832993348359872,-0.6644617597736584,0.4696538939405459,-0.8199528547269406,0.581068042180709,-1.1342746492838376,0.6531970300089845,-1.273889932114887,0.73412942449801,-1.4732215506622102
6,6_027.png,0.0,0.0,0.4494502305101592,-0.24617639754869244,0.7749834382334135,-0.7200868646277055,0.9190427363880285,-1.157314003399947,1.0916112341229307,-1.4170014625469516,0.32254755712282257,-1.087132763315264,0.15063639232915407,-1.34036926141948,0.18522628837995067,-0.9911601469435766,0.2615928777188888,-0.8655624781722102,1.5458423054119715e-16,-1.0,-0.122581855399253,-1.1868493141102447,-0.013101459741476884,-0.7815497015672231,0.09664022934849921,-0.7670842954342418,-0.2552671118017859,-0.8956931549921138,-0.3905220897005679,-1.0277472058419372,-0.2508152462021818,-0.669924958905015,-0.1311926697668522,-0.6268490291901005,-0.4743723825774661,-0.7980514615214596,-0.6212261009917572,-1.1208689344483123,-0.6708371495419948,-1.2681991598731144,-0.7504809702307259,-1.5223216966237787
6,6_027_aug27_rotate_right.png,0.0,0.0,0.41803833020861175,-0.23713800580242567,0.7455722789745306,-0.7026273132898974,0.8914565812886778,-1.1373032620223176,1.0605320746005213,-1.4057620523777856,0.3075109518038098,-1.0778085937870132,0.13701853364383884,-1.318943499429854,0.16897237019068367,-0.976426441849781,0.2357800483315234,-0.862945851268219,1.0696811118493121e-17,-1.0,-0.12869179076124518,-1.1610011336822816,-0.02385320176929805,-0.7665478178669757,0.07186336442466122,-0.7633325862067087,-0.2454754442534618,-0.8975851594191644,-0.3826331330366786,-1.0195891294071868,-0.25620757037179204,-0.678435370631773,-0.15353776992199897,-0.6421214231443221,-0.4613998021595669,-0.8064587097542605,-0.5930460947126435,-1.1262492518462086,-0.646280323917942,-1.2799145900752886,-0.733811268572284,-1.5275039961443089
6,6_028.png,0.0,0.0,0.4546206084146973,-0.2386053970968763,0.7778347904241855,-0.6837417729202135,0.9343854336965018,-1.1093606859457155,1.1081614887192133,-1.3552104986251707,0.3229152724454595,-1.0660910606619494,0.17043331869326855,-1.3411352980296602,0.19807559938547326,-0.9837072778718124,0.2525605900789594,-0.8542832383218983,8.27328711467883e-17,-0.9999999999999998,-0.10830096052811414,-1.1846203112470821,-0.007809225350949218,-0.7730569358732812,0.0789628222242511,-0.7553766440732976,-0.25509001118514796,-0.9132442062873005,-0.3726864390687699,-1.0552441277305726,-0.2523006961750723,-0.699860804098684,-0.16235828361233384,-0.6480512501983601,-0.4805055666135049,-0.836076800955398,-0.5868960645965385,-1.1918136311985272,-0.5992719704234196,-1.3489705871715127,-0.6470852877524648,-1.5958997416085707
6,6_028_aug28_flip.png,0.0,0.0,-0.4344134440973953,-0.2924156873390267,-0.7258022353002794,-0.6914877117573472,-0.9148127996320089,-1.062007961463889,-1.1095084818361864,-1.300551757731791,-0.3005048027235344,-1.0688459174020746,-0.17868007458256216,-1.2821617170222672,-0.20719983947361173,-0.9479519644195675,-0.2814504139817073,-0.857234710493946,1.5973667893144815e-16,-1.0,0.08497170512188575,-1.1464830508091153,-0.018781333269422936,-0.757786910929925,-0.09520470389638123,-0.7974162675928413,0.2728448584618168,-0.9192622478283204,0.3303539189687937,-1.0824570661025417,0.21860963541998324,-0.7339236950079473,0.13596310988797286,-0.6771539907394718,0.49668271386792423,-0.8514773416195395,0.5669287323913155,-1.2131046050402008,0.5848536875016559,-1.3752615164792035,0.6114496033692717,-1.602169176855087
6,6_029.png,0.0,0.0,0.4554078798951586,-0.23908919574715728,0.7839493478984407,-0.6888000065748665,0.9395099215077347,-1.1168372470924643,1.1115730159141128,-1.3641291218846703,0.3268884495312633,-1.067943277983773,0.16988189188055847,-1.350486752839455,0.1958438652155451,-0.9874521387402678,0.24962366335995528,-0.8564190585539646,-2.2001349999977832e-17,-1.0000000000000002,-0.11612733880139152,-1.1941354892584861,-0.014681398182198116,-0.776670148486456,0.0775911495607167,-0.7547816170427241,-0.2577156212353056,-0.9137740023476019,-0.3782829849174507,-1.0598921973408064,-0.2583003686085794,-0.6962131938006005,-0.16412820465644154,-0.6398053423794812,-0.4846091974599923,-0.8387974291837749,-0.5918743533202856,-1.1904145307617584,-0.610251461588688,-1.3422412206080725,-0.6625983115866945,-1.5868527140518625
6,6_029_aug29_rotate_left.png,0.0,0.0,0.4396715336226535,-0.24981624662745033,0.7587655678391911,-0.6951915201531458,0.9125437664992294,-1.1168890742414443,1.0807944318973737,-1.3597996271377655,0.3174672967856103,-1.0635506739750435,0.158184974772628,-1.3403752165441827,0.19713883202147983,-0.9809721851716149,0.24351964285788052,-0.8588584095960309,9.372249699493451e-17,-0.9999999999999998,-0.11096416875916225,-1.1906491788984472,-0.0007090731583523528,-0.7693605606510155,0.09168621782743198,-0.7674757819371271,-0.2512349209281419,-0.912457209457391,-0.36056521170589956,-1.0538555543570443,-0.23743636551801597,-0.6877343828909436,-0.15448949861964462,-0.6386428903838947,-0.47632628026796475,-0.8307635575514021,-0.5801899211626375,-1.1742123440391925,-0.6010431797332217,-1.3241725681995022,-0.6635940844998504,-1.5682441573937638
6,6_030.png,0.0,0.0,0.4521963019451582,-0.23455523129570913,0.7877207471773142,-0.6963910055732415,0.9479515010860042,-1.1309831794811178,1.119630421380223,-1.3890727081708953,0.32250248902808976,-1.0750828932843275,0.15775580332786157,-1.3451985358840288,0.1883533227418831,-0.9924202005177218,0.257085814238448,-0.8591086670193838,6.641047553522975e-17,-1.0000000000000002,-0.11800184893041032,-1.1932775976188679,-0.015737312325260447,-0.7825715735068127,0.08643008484287226,-0.7630901713956474,-0.2552209402042979,-0.9060513680889176,-0.3882561986593786,-1.0461245851784151,-0.25777435140071925,-0.6859047118682866,-0.1488066585305569,-0.6376686805631532,-0.47829744284323944,-0.8174895089919709,-0.6122592108338267,-1.15279233032409,-0.648975681720015,-1.3004200408929558,-0.7184528352822365,-1.550261731803202
6,6_030_aug30_rotate_right.png,0.0,0.0,0.42457489971035023,-0.22906628134215945,0.7650685742779999,-0.6823521654605634,0.9256276705610561,-1.1112490903333716,1.1099145885366837,-1.364772714396734,0.32084700639500313,-1.07030132097003,0.159220422002423,-1.3071172393612183,0.18818580149891695,-0.9614926601949687,0.25050563367880807,-0.8509489792771674,-3.654705906279793e-17,-0.9999999999999998,-0.11676562274349274,-1.146046691057184,-0.009136838081203927,-0.7515159451029433,0.07245717132680499,-0.7492181279111574,-0.24970084057177708,-0.9043486007629419,-0.3732471144632136,-1.0254727509454353,-0.2526640509303786,-0.6821048784219922,-0.16580977250745485,-0.645645468083345,-0.4671698326792598,-0.8226531472700631,-0.5933559087637822,-1.1578313420314204,-0.628917326942572,-1.3012449856911112,-0.696882341019243,-1.5360222522424078
6,6_031.png,0.0,0.0,0.4313635662742853,-0.24076507850070575,0.7622394504913627,-0.6956431488943408,0.92342871069473,-1.1168569720055619,1.0934553656176722,-1.3685882725379206,0.319945346549842,-1.0803114812078418,0.15324047941626134,-1.3291317565636693,0.18248773713032743,-0.9822350094842962,0.25707495752524806,-0.8549985539324364,1.0762805710480134e-16,-1.0,-0.12639310131199963,-1.1753722274285843,-0.02153428347824078,-0.7751235320967875,0.0855232830208285,-0.7547722931406895,-0.25387271021545194,-0.9023485146109476,-0.39374348834029954,-1.0217649559954114,-0.26196498251670153,-0.667866863864624,-0.14970646047985908,-0.6177696034813518,-0.46841574693543503,-0.8127813620948804,-0.6041785160796743,-1.1429635937141418,-0.6418867968440988,-1.2928512466668647,-0.7095329364490129,-1.5423288372633717
6,6_031_aug31_rotate_left.png,0.0,0.0,0.4146244329344719,-0.21136545325414605,0.7520099140309925,-0.6855362451968354,0.8959232047178409,-1.1112836509098827,1.0843196090388083,-1.3521849991021977,0.31165824380427126,-1.0699756578459076,0.1431892763913371,-1.311484568650361,0.18132596668683396,-0.9565502003062275,0.22951610193458347,-0.8526968165094343,1.532080640436801e-16,-1.0,-0.13661621465907273,-1.1476280849748048,-0.018220923889655793,-0.7265913764994786,0.07833571964838776,-0.7436857789020135,-0.2507000677154996,-0.9075103802317344,-0.3908843612511896,-1.0172494919933373,-0.25453181276543807,-0.6494398613421081,-0.15752634786592012,-0.6160378271151221,-0.474866762837951,-0.8242629486748764,-0.5983563965642595,-1.1457097138020882,-0.6370508146208735,-1.282589281680401,-0.7151436410975638,-1.5251226091141077
6,6_032.png,0.0,0.0,0.44689169882112123,-0.24436720295965358,0.7664678922238117,-0.718006386615378,0.9025477227893027,-1.151618541942621,1.0642458530688934,-1.4183788947123466,0.3287025626537902,-1.0886718706711584,0.1403999384767466,-1.3335892055478553,0.1754794379291526,-0.9861708464875057,0.255366366745285,-0.8704074104678002,6.541524376851835e-17,-1.0,-0.1395221024022427,-1.1816324057188416,-0.021121920406774693,-0.7684451976807329,0.10069958785882507,-0.7543596248338685,-0.26023720285379387,-0.8959202460833975,-0.41084071394507504,-1.0249570505193337,-0.26615228266674446,-0.6632152809401494,-0.13583137255960795,-0.6207571738260258,-0.48003013050289955,-0.7997776776708964,-0.6336235160835674,-1.11999187194316,-0.6878111748493431,-1.2672173389911157,-0.7674354102873259,-1.523368159974092
6,6_032_aug32_flip.png,0.0,0.0,-0.4116106862329984,-0.28042822393774913,-0.6897924401399227,-0.6589440585289028,-0.8517125239485305,-1.0341995446331467,-1.0287048305165345,-1.2972349632156746,-0.29313028573272487,-1.0681301385441728,-0.1143660345667815,-1.2181028227999076,-0.1635301066622419,-0.9083475920660459,-0.2642568538966949,-0.8298792451053809,9.130067486576683e-17,-1.0,0.12762677342007375,-1.0730123020487152,0.009951191945147202,-0.7256723039442766,-0.0903396410585438,-0.771335024821832,0.2601494571126363,-0.9055170128769227,0.3604141419698724,-1.0042098987856345,0.2376069667969529,-0.7031783933898251,0.1316579660655905,-0.6730755383549683,0.47610571918422057,-0.8222746737195035,0.5627313552656638,-1.1522107647989372,0.6102333762346099,-1.3153717824629123,0.6660192779609881,-1.529310335367122
6,6_033.png,0.0,0.0,0.4196075950699074,-0.23881873579378615,0.7280908637521759,-0.7005990856864182,0.8496481596901829,-1.1276283497709314,0.9931153845136116,-1.397352079293646,0.3077620756863723,-1.0840444410204393,0.13426639431408294,-1.287735645480206,0.1716363001990955,-0.9551942205745881,0.2585051854947712,-0.8487443225465937,1.6905893107708075e-16,-1.0,-0.14303821371466371,-1.161485126493278,-0.03523271219219003,-0.7632300945448339,0.08620799743077405,-0.7526708799234954,-0.25149747460319316,-0.8927189901416253,-0.4098991345513361,-0.9877055540441847,-0.269801981863055,-0.6326188941206141,-0.13916658971530024,-0.5919057306777629,-0.46928126401115045,-0.7875119900854216,-0.6294425985316839,-1.0835149489933962,-0.6912108485434155,-1.2223859594437256,-0.7732140920453147,-1.4677438673799161
6,6_033_aug33_rotate_left.png,0.0,0.0,0.40658296825350737,-0.22439583724240467,0.7149688903983775,-0.6907719287628098,0.8365107020234156,-1.1112935587896307,0.9871656089418546,-1.3665265509687032,0.3069886703355458,-1.07885217459829,0.13491141863663353,-1.2945453129211946,0.1600289076196234,-0.9466316182561388,0.2269330323764152,-0.8407859238129263,1.3787924558258585e-16,-1.0000000000000002,-0.1508817070701194,-1.1569379163011178,-0.042826100816393285,-0.7521167978646293,0.07326220525869206,-0.7453120656189375,-0.2529378400790076,-0.8972975812565693,-0.40836190484255447,-0.984382748388562,-0.2699364195281545,-0.6234921947070857,-0.14510359108236084,-0.5837079195748598,-0.471719080111895,-0.799163637724489,-0.6180194802743534,-1.101855740306629,-0.6804580713046383,-1.2347455201084578,-0.7646818160522144,-1.4743421788387916
6,6_034.png,0.0,0.0,0.41704712352738327,-0.22820197873809067,0.7395550934456774,-0.6916493508284203,0.8828356540716791,-1.1068588886111381,1.0342425649005622,-1.366004010817551,0.306473704309414,-1.0850628689107682,0.14675327318973716,-1.2961832385839451,0.17666620785476994,-0.9610253444181414,0.26437275228804774,-0.8486518147595421,0.0,-1.0,-0.11897509003935625,-1.1557496525745243,-0.02192547180566792,-0.7649785860640903,0.09186730358225544,-0.7562282924146739,-0.2457951711523156,-0.8987658155274549,-0.3899537970811475,-0.995133523279378,-0.25719251457942627,-0.647160634332507,-0.12929618162135995,-0.6095098039442917,-0.4571054764723121,-0.8038186114695295,-0.6112764991005744,-1.1126427569531232,-0.6687720134887292,-1.2518640739354499,-0.744289685982596,-1.492234581827242
6,6_034_aug34_bright.png,0.0,0.0,0.42270217153732126,-0.23744127704450002,0.7388163255671962,-0.6953101733348019,0.8697441072574816,-1.114016475936001,1.0230214119016126,-1.3772775462063798,0.32047285387902275,-1.090433334670967,0.13558502577393172,-1.2988420252581252,0.17310312053452478,-0.9523750445274783,0.26024283662058906,-0.8420059669430482,1.0612805230941701e-16,-1.0000000000000002,-0.1467669157253611,-1.162378607797445,-0.03535231542263051,-0.7538200874672681,0.08685728880242762,-0.7386878702442513,-0.2562436729606997,-0.8939717770732214,-0.4133608387373012,-0.9938611612247471,-0.27400799875147114,-0.6383218217089872,-0.14022452951258868,-0.5958976336540123,-0.4731210907494325,-0.7980589238682316,-0.6285889120608721,-1.1030572185854772,-0.688352783830839,-1.2429725676808157,-0.7656450967116567,-1.485301173070473
6,6_035.png,0.0,0.0,0.41278844210302706,-0.24153141273279738,0.7117068278736288,-0.703152576942771,0.8395719997411154,-1.1267004884501304,0.9822239582256961,-1.3993491974899852,0.3132207513937096,-1.0934134182197175,0.12998438443415875,-1.306747260315469,0.16695263773967356,-0.9685144011595248,0.25664056283132725,-0.8557890819243222,4.2478126212511044e-17,-1.0,-0.12807468454491033,-1.1868051666902153,-0.03134774546543368,-0.7819130674867973,0.08070962529458436,-0.7693522313087298,-0.257533313114807,-0.8886061271109756,-0.39570401023676594,-0.9983414717582664,-0.2611195868062427,-0.6437852047032703,-0.1350975036227738,-0.604461407922143,-0.4832127447818216,-0.7821622532764556,-0.6479838684542453,-1.088600022954949,-0.7118800482831505,-1.2337056573956788,-0.7944394720204018,-1.4810584124505364
6,6_035_aug35_rotate_right.png,0.0,0.0,0.41287056341529166,-0.2554900805543144,0.7137275070364477,-0.7098890983104609,0.8413710848039402,-1.1412113657877627,1.0005264540178531,-1.4103847692736435,0.310158468604677,-1.09165281150631,0.10859075161095932,-1.3015053731687127,0.14021520825496522,-0.9740623884662003,0.23027682889699294,-0.8562228719741484,-3.887029558259745e-17,-1.0,-0.14945330528300327,-1.1730193775697886,-0.03778397954205743,-0.7674798633547141,0.07872157686735448,-0.7314841134964205,-0.2508041112080825,-0.8890415073998313,-0.4153104191783645,-1.0061029150092133,-0.27807546560086693,-0.6560305985985034,-0.15218882535741976,-0.6038503702566892,-0.4691720445724482,-0.7932535005526943,-0.6298368300095373,-1.1085915383348537,-0.7074530334748617,-1.2540369689286697,-0.8014893011599364,-1.4964621409838224
6,6_036.png,0.0,0.0,0.4279954153201975,-0.2334486918175197,0.7372610896279541,-0.7099398119688937,0.8626216679867617,-1.145255535770638,1.0127782469212476,-1.415266009087331,0.3220481799704317,-1.087207438904888,0.139022705817335,-1.3204782277905822,0.17836382183358138,-0.9701573749484338,0.2579652539075637,-0.8591392773103456,-4.292626638040787e-17,-0.9999999999999998,-0.1255126478345929,-1.1955405068869298,-0.017856113531771616,-0.7822281366413633,0.08687760416576541,-0.7700081307498993,-0.26281451612713874,-0.8946561654611843,-0.3951430986593309,-1.0167889818716664,-0.25682085785551445,-0.6506060180764243,-0.14006125411614384,-0.6059813578119497,-0.4931880250060628,-0.794535690307867,-0.6512399846547995,-1.1064775440888452,-0.7067124156381184,-1.2474448562882088,-0.7878498054265336,-1.4964646692848182
6,6_036_aug36_flip.png,0.0,0.0,-0.38826437971805705,-0.2721427310762518,-0.6592604285489764,-0.6377737286679299,-0.8212913484774792,-1.006454078625162,-0.9972101048363489,-1.2633314738551005,-0.28014793212018557,-1.0669746463311616,-0.09675711681402958,-1.1892068688143607,-0.14864330533486628,-0.8898802336995876,-0.2505322970252702,-0.8183656916470792,1.9696152202148757e-17,-1.0,0.13509229498218064,-1.0529807560921185,0.01670614475720253,-0.7167595865869191,-0.0822740279147572,-0.7701071441952076,0.24979395101213978,-0.9050085567565375,0.3604559962249636,-0.9885575944768838,0.23616397075348047,-0.6938926602260712,0.1278985918097621,-0.6663135758371195,0.45512022171694444,-0.8202374099300472,0.5468587872868749,-1.1303834187881847,0.592886208604522,-1.282276414727288,0.6488868390065543,-1.4859999339052277
6,6_037.png,0.0,0.0,0.434467209675034,-0.24140452380522526,0.7647018093152318,-0.6839472584991414,0.9247711625144694,-1.098762074411723,1.09040758840897,-1.3441468361474715,0.3095856534910668,-1.0705102789000869,0.17083862035065892,-1.338802632858704,0.1957306773906892,-0.9793090624869947,0.24770130097344314,-0.854807177088963,-5.87236779316086e-17,-1.0,-0.10072560486938945,-1.1857009092328015,-0.008557813737485839,-0.7720264139720477,0.07591069857331036,-0.7578456281581741,-0.25036201171606337,-0.9128107330206708,-0.36260558486957495,-1.0522724070608696,-0.2468250186211338,-0.6953513140533834,-0.15826138536129808,-0.6487392012987512,-0.4716839591563703,-0.8365316837573767,-0.5779825818059652,-1.1863454461882872,-0.5942343647763652,-1.3362752448307973,-0.6468073428426265,-1.5798615525961293
6,6_037_aug37_rotate_right.png,0.0,0.0,0.4177099027508636,-0.23630264948639548,0.7375455178472805,-0.6827839086872575,0.8884334963415507,-1.0992152047830397,1.0724766305622804,-1.3432745539167372,0.31599712812755715,-1.0649976177383447,0.1796975423400043,-1.2953598064017335,0.21664928514223775,-0.9513512140166325,0.2626632556859132,-0.8621953588984443,1.2166456666462914e-16,-1.0,-0.09486037977625028,-1.140712568063546,0.012899493483284862,-0.7390627936061207,0.07621970425943904,-0.7510195500798862,-0.2454231477610617,-0.9095351229066686,-0.3504730352242283,-1.0355632936843808,-0.23768806625330657,-0.6850085788593873,-0.17265064237141003,-0.6479380420603977,-0.45677135544796643,-0.8339101231641611,-0.5707000839501019,-1.1629229297064418,-0.5935479258804222,-1.3058602001489459,-0.6560420093294355,-1.5427295472274682
6,6_038.png,0.0,0.0,0.4472704559465406,-0.2412012856709608,0.7753158623672157,-0.6824394531111377,0.9351854725953351,-1.097119779266897,1.1020480312403955,-1.3453209933940093,0.31391577486850664,-1.0623005344779972,0.17505520360161736,-1.3295278616099742,0.19690074317732223,-0.975773070369664,0.24509795503810253,-0.8495801602196439,8.843241274020851e-17,-1.0,-0.10154093967797354,-1.1735077875892193,-0.008377591590032677,-0.7680974322815405,0.069727705122547,-0.7493004567093977,-0.2522751776496156,-0.9155875214734182,-0.368412656014042,-1.05658361912658,-0.2525994475663779,-0.7005056430304626,-0.16987165385456018,-0.6430052790693448,-0.47639935226274155,-0.8384851908085103,-0.5794126962246374,-1.1932698392485472,-0.5888508265428468,-1.3492370208057713,-0.635737587746293,-1.593452692733513
6,6_038_aug38_flip.png,0.0,0.0,-0.4152918350891559,-0.2853763404512149,-0.7001988209219449,-0.6686871597200111,-0.8872287598256766,-1.036235588343265,-1.07919954682357,-1.27683923964539,-0.2958594190615534,-1.0606071836271767,-0.16885069688435758,-1.2576270291996705,-0.19700934620925145,-0.9307620287705466,-0.2747773796632822,-0.8523977708916104,1.0771918982135643e-16,-0.9999999999999999,0.08298925711321274,-1.134927873197911,-0.01927918781160695,-0.7502912355236062,-0.0877974556608101,-0.8075921556307603,0.26768023229605853,-0.9220659770183313,0.3173395375929559,-1.0780623483264828,0.2116896551978742,-0.7340778466472089,0.13430547407500382,-0.6796571570431701,0.48150449984167865,-0.8547015779962892,0.5438465897393578,-1.2061734822411547,0.5596249042184022,-1.3698638060583797,0.5804704339204972,-1.5893916168507887
6,6_039.png,0.0,0.0,0.4403324372119171,-0.24132482925080542,0.7657761093406318,-0.6864461308602391,0.9301964236736994,-1.1048516990668475,1.089711218393931,-1.3610272222103492,0.3129524713245598,-1.0720253118134926,0.15943847305527295,-1.3362146269806423,0.18969350122822082,-0.9874144853663983,0.25266877082141176,-0.8617322957082815,4.263909802293829e-17,-1.0,-0.10716526667320274,-1.1844568187150109,-0.012973157878934584,-0.7779901014869782,0.07914112398671164,-0.7655847666034612,-0.2518117738848355,-0.9116593747703478,-0.3748812872849573,-1.0468681281223582,-0.25467295029964615,-0.6963425114031615,-0.15796136687965903,-0.6504577733011684,-0.473068263241625,-0.8318590448596874,-0.5886361831402934,-1.187945357229776,-0.6115848472054463,-1.3477559238995869,-0.6682063886697368,-1.5979669265248844
6,6_039_aug39_rotate_right.png,0.0,0.0,0.41236866368836533,-0.22753251654147633,0.732767688283826,-0.6611493064068207,0.8917599722378833,-1.0721014998697567,1.0706977255991081,-1.3177869540876512,0.3059840767721383,-1.0569493858732277,0.18770106049996138,-1.2903014862540674,0.2193420752219367,-0.9484039146088993,0.25997097999443636,-0.86154368823022,2.386104766724405e-17,-1.0,-0.08238396113647933,-1.1459937407230694,0.013418356989257038,-0.7461805359277339,0.07251518103707752,-0.7613830915607016,-0.240286292124197,-0.9168911584347536,-0.33802148810217336,-1.0513019882317354,-0.2357224362680096,-0.7011704975863561,-0.1775462222446002,-0.6567920302110238,-0.45201950880001385,-0.8473197737800495,-0.5598588388082377,-1.179955309117404,-0.5781218513395757,-1.3282032724108606,-0.6354546419298671,-1.5626675311308595
6,6_040.png,0.0,0.0,0.44336985017104913,-0.2416390010046976,0.7673857710533649,-0.6944338233300505,0.923920793404554,-1.120141879953913,1.0845453142262484,-1.3810239622992009,0.3144513327838033,-1.0725310256786629,0.15556073932328443,-1.330800637645641,0.18355443532932578,-0.9825811867593792,0.2531955677966498,-0.8553267088482484,5.3391510195379426e-17,-1.0,-0.11007960010186546,-1.190129544266186,-0.014270184361816372,-0.7866049486863532,0.08269506626885417,-0.7612215367864373,-0.2532410615717775,-0.9106571316654346,-0.38126924300132115,-1.0481897902984263,-0.2591166426032939,-0.691340136376174,-0.1554245916193684,-0.6356572663039111,-0.47298536591362056,-0.8297586496897672,-0.5995591768041808,-1.1792097511153896,-0.6328691912201463,-1.3371750601398384,-0.695593067498722,-1.589944677052601
6,6_040_aug40_rotate_right.png,0.0,0.0,0.42081366133012155,-0.23508525082819687,0.7546413079750358,-0.6764384726018294,0.9161805322001895,-1.0896702052144545,1.085268135306771,-1.3458557660941437,0.32149305221403207,-1.0685732024781152,0.14638515914700712,-1.302316145953978,0.17963628881490862,-0.9586248835203409,0.25239328149278617,-0.8557254688871169,1.386525129309473e-16,-1.0,-0.12521096063908552,-1.1429896705833145,-0.026206292921000535,-0.7488246079022897,0.0665728483721613,-0.7628393132306697,-0.2506951092290049,-0.9136119404358499,-0.38162310547567985,-1.0288347958334334,-0.2697078935622164,-0.6875974927317474,-0.173564232784958,-0.6542289082163791,-0.46656328267723046,-0.8456075573578646,-0.5875662499487613,-1.1912660848238408,-0.6160195712791658,-1.3437139475780586,-0.6688944026038768,-1.5780843075505453
6,6_041.png,0.0,0.0,0.42129811172799375,-0.238863006224105,0.7526964771167073,-0.6980206877132008,0.8890752527614525,-1.1215266789401956,1.0312241985042816,-1.3929775168208363,0.3124517174060413,-1.0832631785233056,0.1331530626931253,-1.323691287528009,0.16831722279940176,-0.9809108715822601,0.2641127120383938,-0.8634494909049475,0.0,-1.0,-0.1393344615310673,-1.1784829441625588,-0.039543768842019114,-0.7776609569845032,0.077348075462363,-0.7609882176039523,-0.24792358953436833,-0.9059214817852231,-0.4065027662108269,-1.0188713014693314,-0.2798534983075361,-0.664748002075599,-0.15098739511155174,-0.6233813424366835,-0.45974498544038384,-0.8235329677343045,-0.6110943138890982,-1.1552556818838107,-0.6604009364936672,-1.3009174190684702,-0.7260098085494798,-1.5472406741022495
6,6_041_aug41_rotate_left.png,0.0,0.0,0.4055155597662663,-0.2423855633492099,0.7050676191319636,-0.7077669471068267,0.8323331725557613,-1.1149743608964076,0.9783687050775803,-1.3705364852442405,0.3023186642902723,-1.0755617295121802,0.12376383969758825,-1.2960274486177803,0.15812264375989454,-0.9475786772770955,0.20822116476750707,-0.8659693539242959,4.8809092509461254e-17,-1.0,-0.14335113813954387,-1.143846285633053,-0.03453104543432196,-0.7220285826838818,0.0755178298943443,-0.7569393735248288,-0.2453338256272251,-0.9091870817403747,-0.39423641738534965,-1.0160362958329232,-0.2641764349249255,-0.6574062938772689,-0.15179891913745594,-0.6431830545170723,-0.45967444121406276,-0.8372535369970151,-0.5887355016080114,-1.1481854958717939,-0.6398637478015237,-1.2752283491162024,-0.710202907057818,-1.5186790810818063
6,6_042.png,0.0,0.0,0.41091054335962357,-0.25254443618303213,0.7288963823664572,-0.7232612822752517,0.8548170908759647,-1.152205143111532,0.9693527630657074,-1.4346410662896727,0.3059965852922465,-1.0982011118142254,0.09728677703590617,-1.343698543707223,0.13361673514293113,-0.9991755742475059,0.2295488870939726,-0.8571567304661871,1.2282219678247275e-16,-1.0,-0.1708806089086464,-1.1745903372558377,-0.06552702139515634,-0.7850839349775028,0.05158143176609927,-0.7392416776587225,-0.24470119943308843,-0.8934115856452953,-0.4190512099719936,-0.9958471958099583,-0.28739006314201015,-0.6513654549509296,-0.15650540824853287,-0.584569911435279,-0.4483394207628934,-0.8001381878359438,-0.6119156259736144,-1.1086662601837178,-0.6751407940530522,-1.2554771105321956,-0.747466522768832,-1.4945480434842386
6,6_042_aug42_rotate_right.png,0.0,0.0,0.42161560226769296,-0.23783527840334562,0.7252548621192062,-0.7034018391280189,0.8448274767416335,-1.1331742417496524,0.9916303269534269,-1.405962416854371,0.3082740541003898,-1.0820784943648885,0.12449161704168592,-1.3114871732391005,0.149064170464779,-0.9810546336211153,0.23258892881826948,-0.8640074051578831,1.6090046241800932e-16,-1.0,-0.13184887053379782,-1.1618367663298108,-0.038865786922069996,-0.7757197207449068,0.06919341303310467,-0.7586448831048248,-0.24669445120125746,-0.9026169460157477,-0.39141797749591034,-1.0241478349977184,-0.2691678653558117,-0.6897305971549553,-0.14496932883034766,-0.6435029843118736,-0.4596328154185727,-0.8224054701473059,-0.5937235834642165,-1.1518788129647601,-0.6535916528494368,-1.305351693099659,-0.7248113731897787,-1.5475380146652242
6,6_043.png,0.0,0.0,0.4180350811263682,-0.26470639610072266,0.726949014327011,-0.7299363778342624,0.8542378641779339,-1.1519683148136468,0.9700508962547957,-1.431116549358334,0.3085769030773274,-1.0997162999357681,0.09685083590773395,-1.3387124331801152,0.13012344795872954,-0.9950449717316238,0.22071227218209433,-0.8549619499694082,4.0774553948890675e-17,-1.0,-0.17224492678421902,-1.1746835543751442,-0.06858594961648622,-0.7835317762383063,0.048158355034049444,-0.7337712428998506,-0.24756161966057227,-0.8927165984469093,-0.42252859766229406,-0.9974170350426892,-0.28965122889793415,-0.6539629140315718,-0.1557173739712883,-0.5821432782391995,-0.4505054366584719,-0.7989370982382603,-0.6110084914732158,-1.1101920095464892,-0.6725233325399445,-1.2592478746472466,-0.7400957825620053,-1.498317843319709
6,6_043_aug43_bright.png,0.0,0.0,0.42071960519930257,-0.26180347636916895,0.7349542915005134,-0.7304924351828783,0.8608075959972287,-1.1559202363991754,0.9807033254772467,-1.4373522478310445,0.3114825498975541,-1.100741711315958,0.10043879875247165,-1.3381812336769145,0.1354197941765536,-0.9940814946185546,0.2277288281391936,-0.851380566315375,0.0,-1.0,-0.1700620029659629,-1.168908945561251,-0.06619777940274375,-0.7800137079672319,0.05005304023371784,-0.7299862314658248,-0.24790611781345684,-0.8906938292654643,-0.4208330199501455,-0.9944613298931102,-0.2855665965738569,-0.6558443975889777,-0.1487127611313947,-0.586674865732769,-0.4479266780468147,-0.7959280476696952,-0.6083250611972592,-1.1026967508188104,-0.6710884972755216,-1.2508856810654125,-0.7388833747462552,-1.4904905785228155
6,6_044.png,0.0,0.0,0.417269914246075,-0.25963956669020394,0.7374009766746128,-0.724604541180052,0.8746655335530503,-1.1424075432096061,0.9942148599736385,-1.4228974192297947,0.31296777668125175,-1.1020262676877808,0.11571338133175596,-1.3335833527525438,0.14532690854526237,-0.9852943580463357,0.23116664184383529,-0.8412010745777025,1.63119531027875e-16,-1.0,-0.1607668319411061,-1.1690469505404506,-0.05888402876990644,-0.7792973078170339,0.048569510865092036,-0.7236621017925915,-0.2513910070984371,-0.8891461610854394,-0.42138043571219913,-0.9920244329659309,-0.2837118901388266,-0.6504261236517614,-0.15268597304712672,-0.579155284142475,-0.450978540065679,-0.7923301648078158,-0.6104947388845458,-1.0936968822217998,-0.6660577577182872,-1.2391050697210044,-0.7301661307822719,-1.4787342826413898
6,6_044_aug44_rotate_left.png,0.0,0.0,0.42419925631119604,-0.22875982648654525,0.7331888748738598,-0.7103805733236427,0.8570668300253357,-1.126956672811282,1.0033622271499423,-1.389900801180944,0.31431702611726187,-1.0897201428176353,0.14413841907354963,-1.3225879704172436,0.1732898181703772,-0.9658018648893475,0.23553618262946655,-0.8644220997197599,1.9133145192946622e-16,-1.0,-0.1306327440161571,-1.1512727075945959,-0.020093264480898036,-0.7383689458116324,0.09001778695162793,-0.7543563412494123,-0.25221022390874437,-0.897318512542301,-0.385063961164142,-1.0092227338096424,-0.24804100491735978,-0.6494937828915279,-0.13131777380787088,-0.6238838063504968,-0.45733050018636084,-0.8131739460511608,-0.5831726931511768,-1.1225110051892342,-0.6258644675809321,-1.2556881148964407,-0.6914826036686861,-1.5098676163743825
6,6_045.png,0.0,0.0,0.42650539320220443,-0.24200400310880704,0.7382313230899024,-0.7070643665460546,0.8549509701354158,-1.1270753790540236,0.9832545593777907,-1.4027475857294263,0.31624758829877464,-1.0954313956376045,0.13220603319978977,-1.2998472773235195,0.1622588969777536,-0.9540853165337355,0.23154254763407814,-0.827813992684085,8.092646937124311e-17,-1.0,-0.1469316478551266,-1.1319739293984907,-0.039888438575704274,-0.7409237071368603,0.06528719491123106,-0.7075431648095467,-0.2521336914576605,-0.8803407127978503,-0.4027300253336355,-0.9631333586145928,-0.2637636812001513,-0.6233526695663607,-0.1423142198367012,-0.5720404189240701,-0.45546320804478385,-0.7680751230840247,-0.6138320628567766,-1.0471196277530836,-0.6679953539282145,-1.1770122593514105,-0.7358458603653872,-1.4162287303824947
6,6_045_aug45_bright.png,0.0,0.0,0.4322121231313561,-0.24868920579997963,0.7456036680378331,-0.7141758440823494,0.8632365170928631,-1.1376109548849922,0.9894493874416894,-1.415754894973111,0.3171446444938495,-1.0991850103921443,0.13810464283481885,-1.3114397140851035,0.1666953221806227,-0.9647347931595737,0.2324489841073794,-0.8351324420390416,0.0,-1.0,-0.14391564488862996,-1.1410954391361179,-0.03917463471554246,-0.7486953395027975,0.06243111361708676,-0.7138193602379125,-0.25279563491504536,-0.8788944447267069,-0.4024137068476422,-0.9700642267668208,-0.26233238758824867,-0.6311742279576729,-0.14099649356829116,-0.5798819114150257,-0.45765373037384427,-0.7666938277519938,-0.6174407138607724,-1.0474276641547158,-0.6709023618818779,-1.1767777229745227,-0.737499844780679,-1.4160303130188423
6,6_046.png,0.0,0.0,0.4229623507565355,-0.23048376711774063,0.7369823476545829,-0.6955213156715034,0.8561439216004714,-1.112725897413307,0.98617896828725,-1.393040862754586,0.31678671352483484,-1.0929789183291947,0.14265616429266767,-1.2879047589555184,0.1719814986881377,-0.9437534254935946,0.23853382025657843,-0.8283215509722257,-4.0567680721146587e-17,-1.0,-0.14162634031581572,-1.1187665945890168,-0.03927350911027839,-0.7305951366018523,0.06349316625918329,-0.7116016617571329,-0.2533488565263868,-0.8836182135157719,-0.4026525385104849,-0.9563411597338267,-0.2630437964417772,-0.61863151569482,-0.14210809565152438,-0.5751221532535676,-0.4557565021247542,-0.7759915830106124,-0.6131083384481922,-1.0567419694712374,-0.6663660356387086,-1.1895023318132072,-0.7347652327301866,-1.4332265780360414
6,6_046_aug46_rotate_left.png,0.0,0.0,0.43950861040682593,-0.2181289321455605,0.7387300641606361,-0.7015988461902525,0.8350915328774343,-1.1422384636537335,0.9814456492950537,-1.4096212598917397,0.31676773342606646,-1.0773706822653577,0.15532309523781598,-1.3131665241921882,0.18334491201080275,-0.9570064591543883,0.2428450668393108,-0.8500344013343121,4.557919807797953e-17,-1.0,-0.13102282294134937,-1.185454483856161,-0.020071064638673405,-0.7707853636019487,0.0842762711360664,-0.7611020897472927,-0.26202904897797574,-0.8927769500426894,-0.3970793273578994,-1.0095439284299719,-0.25410549315888326,-0.6387125236436992,-0.13857264240923198,-0.5994135728781045,-0.48476863772337503,-0.7862173814842583,-0.6348214941244835,-1.0894495036103313,-0.6813766233572476,-1.2288251872404352,-0.7563547427412965,-1.4873835202707684
6,6_047.png,0.0,0.0,0.43489157766200953,-0.2473627118024661,0.742290473992677,-0.7128880166369685,0.8579263634139113,-1.144990649594534,0.9956265649190921,-1.4232599238645105,0.3225347268864595,-1.0912049873494472,0.14366650688286625,-1.3081125918481433,0.17339605770225666,-0.9585309505578828,0.23803776767014623,-0.8478745430613838,4.161321040004562e-17,-1.0,-0.1408319078172114,-1.1599950417925637,-0.03495220769064763,-0.7527915640679704,0.06939138880517288,-0.730242332691001,-0.2600529788091658,-0.8868252457137114,-0.4082765414663592,-0.989293325480063,-0.26983969102572397,-0.6364994066908699,-0.15270622059015462,-0.5889267095703856,-0.4742141393711337,-0.7814856208557687,-0.6387720998574721,-1.0791340696493064,-0.6921248264129005,-1.2189957430750151,-0.7629411202874177,-1.4703494998851467
6,6_047_aug47_rotate_left.png,0.0,0.0,0.401402325357657,-0.21320693078206654,0.6957247566704137,-0.6825019511625495,0.8147134082599813,-1.0945575155883678,0.9854561146613137,-1.3384514100243383,0.3043603858123151,-1.0706438194895447,0.13451295826486664,-1.27538276522106,0.1552751861961097,-0.9340841390734332,0.2009902760667695,-0.8320228545238753,0.0,-1.0,-0.12343201349422726,-1.1369831087751316,-0.03318249757644718,-0.7358514285686863,0.05081353736969325,-0.7366541215122789,-0.2507039980712285,-0.8988663505444007,-0.375304751136553,-0.9946837030296631,-0.2569437403706163,-0.6465192601872329,-0.1635517539013982,-0.609669286212941,-0.4690199305340259,-0.8028273678555516,-0.6048241227805045,-1.107601653695254,-0.6543374953382369,-1.2482277219998978,-0.7270500043229638,-1.4942357807801336
6,6_048.png,0.0,0.0,0.43671792996145736,-0.2403103604306257,0.7609567267797377,-0.715211126745605,0.8796644127554543,-1.1399360117174724,1.0139596458738358,-1.4118215065988897,0.32230691673696915,-1.0925985323213003,0.1670438733568388,-1.2958271713246143,0.19193760015655278,-0.9478793266748327,0.24224216348410457,-0.8384753311446634,4.104127783956664e-17,-1.0,-0.12071615382982412,-1.1334987805791628,-0.016382702573451393,-0.7334166864180132,0.07147922017981374,-0.7100596866253146,-0.25468211882148967,-0.8833516777388388,-0.3908904879951434,-0.9739968871725219,-0.2496348015488506,-0.622899518666405,-0.1416583758931803,-0.5776237908677668,-0.45952097185312357,-0.7757016644777208,-0.6124651330933036,-1.0660076250237271,-0.6602958656869077,-1.1994162673581172,-0.7316485948097616,-1.451032987798945
6,6_048_aug48_bright.png,0.0,0.0,0.4347266039861847,-0.2440231162272819,0.755875558688471,-0.7218822235155523,0.873712945708006,-1.1433523944582769,0.9984825650473709,-1.414425504118548,0.3176409898523707,-1.0942149080117003,0.15790390534292714,-1.2975283524817216,0.18426713948252815,-0.9504603254225823,0.23560917983854757,-0.8344012617202821,0.0,-1.0,-0.12486720508629451,-1.1348892612526764,-0.019799096010771837,-0.7387740791859718,0.06743293604693176,-0.7084859995699625,-0.2524598249995745,-0.8798578288487192,-0.39222632989490386,-0.9713931096591268,-0.24861359186359935,-0.6250449492131479,-0.14008907829471687,-0.5775010087480728,-0.45633887599769063,-0.7659370381762491,-0.6127215604624607,-1.049165301321955,-0.6617225913326616,-1.1805551073622285,-0.7340660821578715,-1.4297036157516037
6,6_049.png,0.0,0.0,0.45362554820244144,-0.2453913302283537,0.7857964705558791,-0.7119334990308623,0.9240954582707538,-1.1435236559528328,1.0840991163978722,-1.41753272161282,0.3362266791235523,-1.091983789699457,0.14731234873839144,-1.3360769340566436,0.18578752736360085,-0.9729340489281605,0.2601956405360612,-0.849052913092971,4.2388320588813284e-17,-1.0000000000000002,-0.14165646985522368,-1.173768826984725,-0.02502091542541718,-0.7554124418332245,0.09021674811929874,-0.727956915908913,-0.26306098824614627,-0.8945423842670374,-0.4105549091504966,-1.0141108797358076,-0.26558656013644566,-0.6511652510599675,-0.13874934613172546,-0.5964290660967749,-0.47687261876082193,-0.8013681113927379,-0.6204108198326695,-1.1367319874578319,-0.6548860664876305,-1.2900528717199857,-0.7147990875901212,-1.548722785766718
6,6_049_aug49_rotate_left.png,0.0,0.0,0.4382288458408138,-0.21087828176188753,0.7756871197059704,-0.6809401220145769,0.9233274445923844,-1.1023972748606587,1.1030638825347259,-1.3518497185163778,0.3186878126316886,-1.071743432038561,0.17607616130278805,-1.332769243620743,0.19998705173881,-0.9685560091592176,0.23725169632332338,-0.8625010044841491,1.0043116700108768e-16,-1.0000000000000002,-0.10339531702993318,-1.1656795678402396,-0.005731565964280236,-0.7401312812112081,0.07008172465846113,-0.7522467476634398,-0.25335568454095353,-0.9067773562917487,-0.3602515463859381,-1.0472182607240894,-0.2397246505773017,-0.6748701818134644,-0.16109441223114315,-0.6374115246658039,-0.47059578131642776,-0.8276655013826201,-0.584148504939668,-1.1759315159339645,-0.603469974855584,-1.327055134502052,-0.662536295493305,-1.5903987126928132
6,6_050.png,0.0,0.0,0.44810430036004767,-0.23888866500277486,0.7895898167511295,-0.6987673159340536,0.9463415258709666,-1.1146118329423813,1.1070565919290638,-1.374907410231727,0.328037091384752,-1.0825617909735703,0.17585157777462576,-1.3368803504527578,0.19978898727280187,-0.9790019937619966,0.27019460935110284,-0.8553703954281755,2.1223633654442307e-17,-1.0000000000000002,-0.09457746788766076,-1.192163514409092,-0.004235691502044207,-0.7746141720229027,0.09250727730967455,-0.7526516191929885,-0.25730980734614795,-0.9051223079051862,-0.3734676317079271,-1.0489979652232118,-0.24797839685522843,-0.6860529208743168,-0.1398150249703188,-0.6359429321009107,-0.47179077663083474,-0.8218298874313931,-0.5959359162103461,-1.1632180848903786,-0.6146678916807922,-1.3210663682977253,-0.6668081086268327,-1.5865032046050056
6,6_050_aug50_rotate_left.png,0.0,0.0,0.4260307219360251,-0.21466700770246425,0.7624547775549774,-0.6798919915058694,0.9088243344879355,-1.0960247674314645,1.0870679728168957,-1.337632482164845,0.30797227135181704,-1.0674092230639014,0.1624935196055519,-1.3300660128539057,0.19095728868372192,-0.9692052985734109,0.23495034573076023,-0.8546590637882174,1.9426559356985666e-16,-1.0,-0.10643996061854394,-1.1765011587824874,-0.008388108193902665,-0.7519294199939158,0.06996859946704612,-0.7512140112349597,-0.2486079051905379,-0.9131810379514986,-0.36435872190486235,-1.0538400480421763,-0.24425394558092395,-0.6803877530155942,-0.16028154444267254,-0.6344839322586917,-0.47107893593649214,-0.8374036901675095,-0.5825616117800017,-1.1880875141943,-0.6003462644068033,-1.3331379634354972,-0.6575986546365619,-1.5808273491332951
6,6_051.png,0.0,0.0,0.44686031649866226,-0.24577298170221415,0.7854456791435253,-0.7068328683199094,0.9349919133095791,-1.1346049278245047,1.0959557665743451,-1.4043667302677592,0.32350133034052214,-1.089157590802331,0.15699757815974177,-1.3429596444224021,0.1906351469111269,-0.9858485693360775,0.27188226200769666,-0.8638442531897156,1.2688918118207984e-16,-0.9999999999999998,-0.12260008032627769,-1.189872943669619,-0.013620747476237576,-0.7797585258494658,0.09660278009495558,-0.7592012563761996,-0.25231209947633754,-0.901875020621893,-0.3903464194873922,-1.0262979334553513,-0.2561686950093233,-0.6651840840613185,-0.13736861844191103,-0.619134402312864,-0.46055448088949874,-0.8169023770483812,-0.5945861740471818,-1.1527437197920685,-0.6198732783070748,-1.3056778935493016,-0.6750638275752847,-1.5626176742585516
6,6_051_aug51_rotate_left.png,0.0,0.0,0.42255856654373386,-0.21603931669732102,0.7520079693793842,-0.6760458572564279,0.8938356737843278,-1.0991383378602182,1.0612396409131788,-1.350804767087795,0.3112074714110324,-1.0744041787396903,0.15574855874109425,-1.3236382776315458,0.18435818703341722,-0.9699657149806745,0.24665265027446143,-0.8533445810721247,1.4111380937496287e-16,-1.0,-0.1132219344813186,-1.171404170148268,-0.0130105571211991,-0.7585976754959513,0.079852751523704,-0.7482051882304488,-0.2499146476279892,-0.9076531879008867,-0.3740279927898082,-1.0370582388869904,-0.24743361328756847,-0.6755858064091678,-0.14578345494258638,-0.6312822518568726,-0.4668213496303937,-0.8282398418275176,-0.586482885072211,-1.1687854700705822,-0.612490877674504,-1.3152389087183942,-0.6696931506196779,-1.564121657312573
6,6_052.png,0.0,0.0,0.45095137489753917,-0.23417057698074611,0.7857377593107165,-0.7022685140427186,0.9241506254380861,-1.1368585386649432,1.0837969583270568,-1.409092928331165,0.3297838240790803,-1.0882842630630971,0.140892491493456,-1.3371516349082853,0.17439597329249712,-0.9766571394784056,0.2598560811261088,-0.8446689185476337,8.50732622315937e-17,-1.0,-0.1451553233214162,-1.177757062013422,-0.0356364889935028,-0.7627424871323149,0.08423652024267679,-0.7274741484951915,-0.2572490785435275,-0.8987435981768734,-0.4103312344188144,-1.0163425196654974,-0.27267172536498435,-0.6544674766344953,-0.14204575302609918,-0.5974178837327787,-0.4681012376968314,-0.8062009793725335,-0.6103671656504526,-1.1397432354225268,-0.6485221132276101,-1.2969848247325095,-0.7079914146219727,-1.5554081002505047
6,6_052_aug52_bright.png,0.0,0.0,0.4494048044929891,-0.23935838580028881,0.785943849285164,-0.7095408697948306,0.9276765544666367,-1.1411921626332595,1.08564272181074,-1.41105764156243,0.33071128206329364,-1.089041538203687,0.1376594903228443,-1.33610055839349,0.17546634947192757,-0.9741820908014924,0.2631916398104505,-0.8489585644224398,-4.265145302985905e-17,-1.0,-0.15102974947988232,-1.1816086787547833,-0.0361647978202183,-0.7625218914252635,0.08826201105863689,-0.7347162948405858,-0.2587916597654948,-0.900640692103928,-0.41616812921239643,-1.0185665980839098,-0.2765061885663469,-0.651646195849984,-0.14380406893226558,-0.596804685742671,-0.47134895103181657,-0.812523246669247,-0.6123809212702667,-1.1426087874800188,-0.6510208380778987,-1.2976399597698438,-0.7125022313871557,-1.5559272841630167
6,6_053.png,0.0,0.0,0.4338306944512586,-0.2385983838623387,0.7727889965435981,-0.696290581284135,0.911642877462816,-1.1216232283092866,1.0578213964133645,-1.3980563378303315,0.31399865215467543,-1.0841543668773588,0.14528336870254022,-1.3062672677258822,0.18134850474143974,-0.9630931661177896,0.27486837964199534,-0.8448599766531626,-2.1226321427985304e-17,-1.0,-0.13679769881264214,-1.1676179288451793,-0.02596024616312087,-0.7636266550390723,0.10111251686091963,-0.7368868237148857,-0.2520329075923502,-0.8969923401748949,-0.4112416797403504,-1.01066759203132,-0.26784477238994386,-0.6519451337601206,-0.13116797992729978,-0.5972409410222794,-0.4644218850309666,-0.800590898715358,-0.6123712667009846,-1.1237468644214121,-0.6570142320834104,-1.2799885328482326,-0.7232688231428224,-1.5375908469507997
6,6_053_aug53_rotate_right.png,0.0,0.0,0.39558519733659625,-0.23801810695609943,0.696622745814062,-0.6868043219375412,0.825572815784494,-1.1002399014479354,0.9850026110612964,-1.3549854360651103,0.30370585465618016,-1.0783909978613497,0.12038939954117575,-1.2683583518775647,0.14743319367697416,-0.9458184209892642,0.22867016338513932,-0.8483591792179439,8.49297094961039e-17,-1.0,-0.13207251897409725,-1.1374617771762774,-0.03304256736732564,-0.7455268326243503,0.06601319843416191,-0.729926807284752,-0.2461278396473535,-0.8990051829438963,-0.39380095494995454,-0.9950514680634941,-0.27135964726702794,-0.6594762608382397,-0.1621380933014725,-0.621461053961906,-0.4608277015293175,-0.8150382183169523,-0.5967220896250217,-1.1325793479380306,-0.6526020376451646,-1.2782606666593048,-0.7265907011836173,-1.515755874873423
6,6_054.png,0.0,0.0,0.40267472431335194,-0.2324087850050683,0.6820332508367568,-0.6838615636115678,0.7820128818446122,-1.0964823503192014,0.9116977692519194,-1.3672913091706442,0.3113256817079485,-1.0774416452677726,0.14690650545328973,-1.2469376611526994,0.17069761595767496,-0.9236116224204091,0.23308356431914024,-0.8414700510204312,-4.0782142963824743e-17,-1.0,-0.13885669999933528,-1.1323807689596186,-0.0469003900676312,-0.7362736259543653,0.0610619403261597,-0.7359654253929723,-0.26106889530635197,-0.8877736857944323,-0.40885331042156475,-0.951127967162844,-0.2731799833815153,-0.6123242571005155,-0.1476265870211167,-0.5904640318313361,-0.48514509317799853,-0.7754277722985026,-0.6423417794286161,-1.0623025705774127,-0.7071415574257004,-1.2074398876238903,-0.7859309286352973,-1.458009035679506
6,6_054_aug54_bright.png,0.0,0.0,0.40493790823041964,-0.23379593519782269,0.685740585506799,-0.6903553654016427,0.787328913770961,-1.102851005561522,0.9172425226094207,-1.3699830455310853,0.31238657848599954,-1.082070079571511,0.13582129900085765,-1.252282479292403,0.16329898289239236,-0.9292732632163772,0.24064461118209168,-0.8430294407178441,2.0412278217729881e-16,-1.0,-0.14552837088427065,-1.135125017479106,-0.05143269781862529,-0.7427625197230736,0.06260716942653151,-0.738774314584989,-0.2598932063236506,-0.8885488931730392,-0.41254792825366443,-0.9504099462955661,-0.27824057647126726,-0.6148954108074155,-0.14799541458301024,-0.5918424774186042,-0.48307764841323253,-0.7799561260737617,-0.6425128178231456,-1.0725544699578449,-0.7073722670636163,-1.2160937505626574,-0.781673750736788,-1.4586596228894189
6,6_055.png,0.0,0.0,0.38676828177421535,-0.24875396231717367,0.6544769668827777,-0.6928492638093623,0.7569649624157585,-1.1008613237960807,0.8851469218139029,-1.3741474143355765,0.30946454869676787,-1.0879061889274309,0.14415080733656027,-1.2480840221539629,0.16514633653319197,-0.9317063325372634,0.23020522767154195,-0.8481726649165561,0.0,-1.0,-0.13803341395718108,-1.1415743281210864,-0.057661936836471826,-0.7452146471818221,0.04722629414002579,-0.7432324906476382,-0.2633387222096699,-0.8814726637361316,-0.41635228150999265,-0.9596166843372446,-0.2869595356484502,-0.6257967316015576,-0.16265494932965216,-0.5990762480723315,-0.4888653679158127,-0.766768941446482,-0.6622475426297901,-1.0445199454262413,-0.7304346952677804,-1.1912955194928905,-0.8065708945333685,-1.4463314458811052
6,6_055_aug55_bright.png,0.0,0.0,0.3842550924109633,-0.2495340268926678,0.6463056093130471,-0.6937507544755054,0.743565937098466,-1.1002885370009332,0.8699858227146744,-1.3681159506600595,0.3068754964575913,-1.0824727400078158,0.14866502458455938,-1.2423631950732716,0.16580518750574144,-0.9319195900500865,0.22658392671014313,-0.851447766231204,8.101838073052554e-17,-1.0,-0.13167219173133712,-1.1434246121816107,-0.05518775419149788,-0.7511277516886217,0.046671399210559954,-0.7510478478093578,-0.2614462912542519,-0.8835641877173994,-0.4124386055816056,-0.9659048330485678,-0.28442289350124,-0.6335627051189575,-0.16323565697739706,-0.6077576268667653,-0.48711148110808816,-0.7662963002783588,-0.6633836321625678,-1.0425548023614615,-0.7308477036354849,-1.1860128507383265,-0.8062927353820345,-1.440451031762144
6,6_056.png,0.0,0.0,0.39707388004672295,-0.2552780415284199,0.6784638806493921,-0.7143408864876108,0.786052701419776,-1.1321438977548068,0.9163548611857221,-1.4034729729099358,0.3156466407568857,-1.0918283295778508,0.117067771918359,-1.2815274003304855,0.14643064164375655,-0.953502620995643,0.23247067885310133,-0.853289315903235,0.0,-1.0,-0.1600013816216875,-1.16435264401274,-0.06578592704024457,-0.7606349560122153,0.0523923641840198,-0.7389566346788586,-0.26366153505765266,-0.8851305545989929,-0.4321889687677722,-0.9812966846188375,-0.2981304093638665,-0.6416870613448756,-0.1658772812674079,-0.6001900276026089,-0.4890520879130774,-0.7756878825234618,-0.6683052968864175,-1.0700875094138957,-0.7364586809771201,-1.2208331442712554,-0.8134828706115964,-1.4728123278007268
6,6_056_aug56_rotate_left.png,0.0,0.0,0.3591971826518609,-0.22674962909336982,0.6210351357430202,-0.6669240472650618,0.7438938674104497,-1.056631488309275,0.9012765453730552,-1.3011800139875698,0.2914179166798596,-1.0753641016297095,0.1177415600725114,-1.2414422306274608,0.13596813871818555,-0.9131658981975941,0.18493352454925932,-0.8341119915431265,0.0,-1.0,-0.1435316532171773,-1.1061698693284685,-0.05418930093714805,-0.6999337711827117,0.04547960116847113,-0.7265164426971181,-0.250458633399162,-0.8963845855763753,-0.39371255708654795,-0.95564868359854,-0.2741621256296073,-0.6176584400326617,-0.16270665256865538,-0.6132418915854981,-0.47259775865516057,-0.8063080019134043,-0.6062752530848795,-1.08318176441885,-0.6612243971128597,-1.2071141054373968,-0.7302655715818658,-1.4443387340817497
6,6_057.png,0.0,0.0,0.4303937029779087,-0.24739070641305533,0.7421369501555277,-0.7192109990107917,0.862812455937463,-1.1434646617474131,1.0068673122489087,-1.412062256460711,0.32243768210184937,-1.087506703794447,0.1298023212884868,-1.3146285200226735,0.16968367764036058,-0.9576655800876334,0.24472524553447025,-0.8425414987446169,8.297799963112749e-17,-1.0,-0.14239137497405543,-1.1779780624439775,-0.029535354769269235,-0.7576365131576671,0.08038375318709091,-0.7307231015724915,-0.258768671229754,-0.8942263279289113,-0.4114791473749541,-1.0078933959598624,-0.27191051756443013,-0.6458309499347707,-0.15217457652123298,-0.5982479118416435,-0.47765744713237834,-0.7940855498578456,-0.6362690231603124,-1.1085543989827475,-0.6830518139948081,-1.2538171694993827,-0.754773847558469,-1.5082892497373896
6,6_057_aug57_rotate_right.png,0.0,0.0,0.4398229623634434,-0.24101647496924053,0.7345843695764742,-0.713376684364178,0.8619323103928506,-1.1351900360961853,1.0025368837484625,-1.3954021383961084,0.31265608992892374,-1.0786539333705498,0.14838367153997173,-1.3218791439259023,0.1693075825580724,-0.970210860569821,0.24271147947404526,-0.8524190470463379,0.0,-1.0,-0.11792782737447692,-1.1995287258498633,-0.021169849290351015,-0.7912582354766985,0.08123879493492377,-0.7597356309608586,-0.2566925946790367,-0.9033976434601161,-0.38913009907520696,-1.0387113806286477,-0.2572021812522164,-0.6770137635536346,-0.13972685257052567,-0.6243041586160295,-0.47482148803179486,-0.8118276925214312,-0.6304931408207677,-1.1232636032829475,-0.668804620111147,-1.2728835147351962,-0.7278801719698336,-1.5317661874988566
6,6_058.png,0.0,0.0,0.4501326659605347,-0.23873034508106072,0.7875108340012689,-0.7003065637947752,0.9320882320809224,-1.1197874594563537,1.0817515745884294,-1.3896903034866468,0.3205879812024979,-1.0851645757155195,0.1666831962068147,-1.3206324213945546,0.19798522193630927,-0.964531700633511,0.27209114642695603,-0.8401719708521478,8.496403507929797e-17,-1.0,-0.10513933247699216,-1.1654293360656809,-0.004743020323055295,-0.7546370888627251,0.09447586690495627,-0.733450544852488,-0.25371338647913744,-0.90084208918335,-0.37952272675268506,-1.0168702637968434,-0.24858606825772342,-0.6533594594885281,-0.13827964636292353,-0.604145435760464,-0.4676069688560865,-0.8123733208405187,-0.6014223154340399,-1.1507950403896692,-0.630261336876894,-1.3098618581655215,-0.6901652918864368,-1.5720804786607807
6,6_059.png,0.0,0.0,0.44890293253125774,-0.25354176820527563,0.7741842158784609,-0.7025551462979781,0.9268071689005302,-1.1234980264551973,1.0848559355940184,-1.3872045399851565,0.3170560134104339,-1.077366651538373,0.15714955148956278,-1.3437923900997932,0.18790822311030314,-0.9921315028446581,0.25949155442134736,-0.8518515646398835,1.1724817948218158e-16,-1.0,-0.10358020609613926,-1.195486115140984,-0.008871853488599713,-0.7873587949988048,0.08758121331298682,-0.7495995918831776,-0.25494266657783815,-0.9064905853064515,-0.3760468021974215,-1.0473682643354132,-0.25196396750997835,-0.6854963831208644,-0.14777291577885443,-0.6175949681679611,-0.4760856260810374,-0.8209913875288962,-0.6048523792461131,-1.1676176310459432,-0.6329436112973768,-1.3328382307161404,-0.6904971124227269,-1.5937176443985592
6,6_060.png,0.0,0.0,0.44761286628479313,-0.24260935197965186,0.7663004824926217,-0.7047829800523926,0.899851926353525,-1.1228752861064801,1.046825891222671,-1.3915792854105822,0.32036206747810414,-1.0852838004793866,0.15902800089941327,-1.3108463311254852,0.1879798881690476,-0.9658809094228603,0.26495146204179154,-0.854117563981044,2.116290933156356e-17,-1.0,-0.10498519619577835,-1.1699774813288353,-0.006649804679887584,-0.761173140851244,0.09775435986918028,-0.7485401489151315,-0.254770075030141,-0.8996714790048633,-0.38436443250793106,-1.0267877589887078,-0.2510628186157551,-0.6693459523131886,-0.13220629033057366,-0.6288641516489695,-0.4707759349188802,-0.8088177031395438,-0.6130292143513474,-1.129415421569172,-0.6528789756365081,-1.281551151504742,-0.7200718863418281,-1.5438137406200136
6,6_061.png,0.0,0.0,0.4326583264074026,-0.26717448307551367,0.7246158378731467,-0.7354274677883463,0.8402554191562862,-1.154085195218948,0.9643377709971731,-1.4246379479320987,0.3101988305853625,-1.0890400712904957,0.1416490963999541,-1.295221669405764,0.17428063633600605,-0.9525962586265275,0.2492213001260172,-0.8588137070604844,8.2330318748809e-17,-0.9999999999999999,-0.12025036673478322,-1.173508106271438,-0.01861874668498466,-0.7623359367628108,0.0874235836176428,-0.7601737503122735,-0.2499800833519057,-0.8961781754282632,-0.3933276484340151,-1.0082102166685845,-0.2548254499546714,-0.65227299716724,-0.12845039663217805,-0.6282834695253426,-0.4649525231738851,-0.8030937433351484,-0.6244577212999094,-1.0999695395294,-0.6743491667504888,-1.2328651090063683,-0.741368316473016,-1.485440869555216
6,6_062.png,0.0,0.0,0.42271361443187505,-0.2619122607566326,0.7010773616389898,-0.72150772869319,0.8002289205247892,-1.1376612743222545,0.9158413709376,-1.4079582952954681,0.3035363163321704,-1.084783909508132,0.1547019470517955,-1.2589217366227552,0.18502175298460397,-0.9349346694026649,0.2431682855519901,-0.8565687005849063,1.6339887181573437e-16,-1.0,-0.11575677182121849,-1.160361594781647,-0.017985237826850832,-0.7575849840695804,0.0791006860182475,-0.7631584746210591,-0.2501373034770232,-0.8879954023367516,-0.3900121680190505,-0.9875409948811317,-0.2466495840599411,-0.635045020497002,-0.127010256488647,-0.6113426992402085,-0.46923403197973207,-0.7783611313977498,-0.6369675258007202,-1.0621944670125885,-0.6944421314279088,-1.1984144666868335,-0.7714665139293629,-1.4537718481367978
6,6_063.png,0.0,0.0,0.41256501536361434,-0.2603864658929391,0.6776948998996131,-0.7144583832420632,0.7639580820482739,-1.1302492121207288,0.872972244250013,-1.4088574901429733,0.30867808701566024,-1.0898931851016067,0.1540015023231894,-1.2528990758187708,0.17698760500345304,-0.9427059397019296,0.2393004970045228,-0.8665242482514802,1.2343893131320813e-16,-1.0,-0.11985092882735308,-1.1552738165509628,-0.037759595817457886,-0.7626128885898775,0.057764888207533754,-0.7708793398546802,-0.2563782587800248,-0.881206320344206,-0.40245069199636174,-0.9737807651995586,-0.26755741925349213,-0.6328183555819358,-0.14567358997932134,-0.6133942648976844,-0.48050553562241594,-0.7658994889791141,-0.6646088209734122,-1.0471083245759494,-0.7301493478638245,-1.1826189267864116,-0.8047519868233661,-1.4332982508447156
6,6_064.png,0.0,0.0,0.410329311557868,-0.25469457001677187,0.6719245559464027,-0.7086262525887619,0.7698009484111563,-1.127184153842526,0.8878028354633214,-1.399084529655695,0.3089096560151414,-1.083585302573993,0.160164542194119,-1.2599804801241323,0.18204066530698365,-0.9464246521099959,0.23556959304464653,-0.8642321026392995,1.227736275450685e-16,-1.0,-0.11380127444614035,-1.16675877262752,-0.03438672726550429,-0.7722641531998092,0.056258420790399694,-0.7763745128668772,-0.25702108514838246,-0.8863808937750116,-0.3941070177247632,-0.9797638089682152,-0.2635173480167706,-0.6364755274907886,-0.14783639414963604,-0.6142978397344284,-0.4834663181685653,-0.7733123731775668,-0.6617939973809572,-1.0600294451551489,-0.7248423945133564,-1.2003120660429079,-0.7961826022653349,-1.4546414926785791
6,6_065.png,0.0,0.0,0.4264927676999087,-0.24774320291794294,0.718749791816596,-0.7046354855847818,0.8282538152557598,-1.1259653117781605,0.9530531932068101,-1.401101352790219,0.3089577588524505,-1.0834607125227624,0.15151444825596516,-1.2747198875640373,0.18631330065869897,-0.9464101373059292,0.2575508775351591,-0.8612681755383034,1.233794681190571e-16,-1.0,-0.11619969608401658,-1.1708944745574588,-0.015828254272625124,-0.7681577240351091,0.08623958232066088,-0.7714970384778416,-0.2504086979804454,-0.8926618641093702,-0.38908245488202486,-0.9913252311747525,-0.24656461679259437,-0.6379600449406683,-0.12430462712985967,-0.6142879750147098,-0.46868462953454487,-0.7886741093259558,-0.628713817593594,-1.0859908666786233,-0.6813642404038124,-1.2258098660418706,-0.7559879728188961,-1.479496471598191
7,7_000.png,0.0,0.0,0.21868163398615895,-0.2725411320287539,0.249352208385332,-0.5663701381525268,0.02454404224517863,-0.7528478375660242,-0.20588440952452092,-0.8300540340777386,0.2714121641472422,-0.9986577532847409,0.2412173340811659,-1.163339717694335,0.1038212314808354,-0.9921779817156003,0.03205362687439696,-0.8501122271879147,1.1858964172652574e-16,-1.0,-0.05565438896996298,-1.1851347814513955,-0.11150851913570015,-0.9209130787256389,-0.09571310404059831,-0.8237575803808752,-0.2468982020629992,-0.9182362427172103,-0.3273315803553707,-0.9920294758275608,-0.27822134489379124,-0.7369909116845349,-0.20396757006887067,-0.6722398236465456,-0.45125054240738566,-0.7727147897902744,-0.5021419163551313,-0.7729003531406554,-0.4345879925824182,-0.6163268091351736,-0.34727256313172666,-0.5991550805444507
7,7_001.png,0.0,0.0,0.22501263022670007,-0.2628572716376001,0.26656708032444937,-0.5543443411642062,0.049565663735578594,-0.7371218750532061,-0.1833053140527175,-0.8056291546722745,0.2712427021453933,-0.9989934673655146,0.2379125772297139,-1.16246385376388,0.11448338421271344,-0.9828110402057522,0.054409187302321436,-0.839373492900465,7.831483218399328e-17,-1.0,-0.05329145365588713,-1.171503584675145,-0.1012278238246749,-0.9053602006983246,-0.08187031918707473,-0.8154162856304236,-0.24353111618261963,-0.9173346946487964,-0.3199622066688143,-0.9890020586447609,-0.2686292269808673,-0.7398150711180906,-0.19626006571168914,-0.679626248338399,-0.44323199422312326,-0.7745344399932881,-0.4963814277750451,-0.78058072637042,-0.42843725279888106,-0.6237264581439951,-0.3444727039460305,-0.6016800059176055
7,7_002.png,0.0,0.0,0.2178095447336579,-0.2705495226522551,0.24869388694139583,-0.5557271974722843,0.04668973876746856,-0.7427135710099113,-0.1780682860638616,-0.823116661615086,0.2694749353690253,-0.996027039364523,0.24259465707855637,-1.1639093067413309,0.12714363916238244,-0.9911875904652216,0.06924826717139836,-0.8490637709110015,1.5491863595888361e-16,-1.0,-0.045485030441047625,-1.173999802588926,-0.08965893645082731,-0.9004908572249185,-0.06722140797571292,-0.8148057045618747,-0.2422611720246016,-0.9209339278740291,-0.3108226497695984,-1.0001101639502195,-0.26081917163064317,-0.7497945258826544,-0.19386729563227273,-0.6891363734329747,-0.44344362795715453,-0.7825880762123272,-0.4946204682100164,-0.7983094621791066,-0.42785168717912514,-0.640420995092775,-0.3468942781586048,-0.6150367608746207
7,7_003.png,0.0,0.0,0.23326932473088458,-0.2791278606699439,0.2657294440904704,-0.5715805990436804,0.06750833241823936,-0.7625895513739753,-0.16073381343761656,-0.8540784108026144,0.2758722516437298,-0.9946876812895683,0.25766557916346067,-1.179520862846792,0.13653326088952822,-1.0110843961031526,0.0816444442412736,-0.8506084974962104,3.9458608114304275e-17,-1.0,-0.02461039477917192,-1.2121616441552066,-0.08469085435858305,-0.9517656225932856,-0.07562860366847626,-0.8378649846189541,-0.24914871663957555,-0.919128836316862,-0.2953859171715434,-1.0193772875396094,-0.25298992011189825,-0.7650202222323756,-0.1916122325698943,-0.6722823956737262,-0.4578121495503788,-0.7731595782625427,-0.48208128122881067,-0.8062640212490738,-0.41313351547968485,-0.6482491409464476,-0.3310279473966879,-0.6076127952533352
7,7_004.png,0.0,0.0,0.23102267420320918,-0.27000423610923274,0.26174067572622217,-0.5676688913332615,0.0617230899994969,-0.7763812786571803,-0.17403208455033134,-0.8728098522174028,0.2730187821097278,-0.9921107522926519,0.2715380025887524,-1.185919562839419,0.1629252804696877,-1.0389673778705795,0.0883017709799696,-0.8863415462659286,-3.9168441244661144e-17,-1.0,-0.018648004910548525,-1.2043058251492091,-0.0625946395874858,-0.9417026427735831,-0.06598419046943964,-0.8414929821525734,-0.24958802494608598,-0.919031004301263,-0.28768459165470667,-1.0176232274617087,-0.23311528685421617,-0.7591972391840764,-0.1861365509344958,-0.6790003769733627,-0.46437023400363786,-0.7749238256885245,-0.4677702202788791,-0.8067736078642034,-0.39668015128660494,-0.6436227286785456,-0.3321895023918129,-0.6113423172380488
7,7_005.png,0.0,0.0,0.2398112379542418,-0.2815566650139554,0.2730344444663351,-0.5853698719211067,0.07265244554350732,-0.7989910783439849,-0.16433898445494002,-0.8994614478622012,0.2738380714048997,-0.9946938403935938,0.28347386989273965,-1.2115633212807082,0.18125851587593736,-1.0852352336061915,0.10755323425813644,-0.9220414254285857,1.2025536005636278e-16,-0.9999999999999999,-0.009390940137226815,-1.2387516175237225,-0.053452228674116226,-0.9926636190307526,-0.06211431883017445,-0.8748673160004546,-0.2541246938961265,-0.9151879985443999,-0.28795671997296357,-1.0446359265786678,-0.22803067846207453,-0.7874739543897566,-0.18150093395999856,-0.6874297723266635,-0.4775757604443965,-0.764632866344989,-0.4707304946179458,-0.8324306423344612,-0.3945116575505123,-0.6684050057307563,-0.3306473464091948,-0.6181902428451307
7,7_006.png,0.0,0.0,0.23823362163429074,-0.27046412178062856,0.27209554803938074,-0.5764151573963521,0.09029458979475163,-0.8070716733502007,-0.14248074028664462,-0.9255110781274407,0.2795014278723155,-0.9973179184593467,0.2917931029089116,-1.226164646315474,0.2017408063881433,-1.1298078512684362,0.12609799633390908,-0.962760730810398,1.6143280150800384e-16,-1.0,-0.004970390866463734,-1.2514356353238554,-0.04150146779522424,-1.002788857234245,-0.04513924647125901,-0.8824413926214634,-0.25710948052727134,-0.9153191213974565,-0.2823850562531409,-1.0563688721884692,-0.22246710722044052,-0.8024620167074962,-0.18267084414135218,-0.7002395568121879,-0.4873790212855632,-0.7660650918741795,-0.4709647306887963,-0.8471646274266333,-0.3966283607245083,-0.6810283486762774,-0.34329899905811895,-0.6247935987023905
7,7_007.png,0.0,0.0,0.23541661862652397,-0.262850704074014,0.28000350523814377,-0.5496455969020037,0.136418784833204,-0.7883708764143925,-0.07757124260145744,-0.9328470339273698,0.2806581933758784,-1.0009813359390696,0.2860665326496896,-1.2237907630384115,0.21840130043824021,-1.1279764129175736,0.16204454716205358,-0.9422810118742003,1.2131279168787468e-16,-1.0,0.0036630529941350646,-1.2472996561422114,-0.030513157666205912,-0.986417723967271,-0.03216324051616136,-0.8703733162424246,-0.2551090685312056,-0.9171109062638014,-0.2712444811554723,-1.061033483498631,-0.2143794374786634,-0.8072847866179326,-0.18276678792517512,-0.7046563390751442,-0.48706526544482237,-0.7687240477363421,-0.46794033121811884,-0.8486095857637905,-0.39154057830162087,-0.6828915515270543,-0.3411981354193557,-0.6252341684860299
7,7_008.png,0.0,0.0,0.2431647889885018,-0.2756087817912747,0.27749704568752953,-0.5781200301189141,0.11029261693912765,-0.8168788928378418,-0.11660221072877984,-0.9486751653316403,0.2798998561573908,-1.0029625568605944,0.2916786508883873,-1.2264592486165484,0.22339960092929323,-1.141461380052076,0.16724591356574114,-0.9571385676283184,1.623947774247093e-16,-1.0,0.005529082833719025,-1.2486736580186724,-0.029370428103673595,-0.9985044410489072,-0.02769184328336842,-0.8804869897107415,-0.25605470960845184,-0.9148087888536999,-0.27069676694589945,-1.0616363275606155,-0.2164752278011304,-0.8051334333525813,-0.18291657523658567,-0.6954393932403424,-0.492671449475638,-0.763973327196275,-0.4739055875517191,-0.8536496507837811,-0.3973629539973591,-0.683383053512058,-0.34517494585166025,-0.6182790785389981
7,7_009.png,0.0,0.0,0.23816423959772517,-0.26640757899424866,0.28453957133349705,-0.5635741775168842,0.14159768469477813,-0.8063688390612185,-0.06725346541201134,-0.9557550128163947,0.2779913844115048,-1.0063766226450452,0.2964525992327353,-1.2261545355997994,0.23933164576888885,-1.1442913174335443,0.1871924867680695,-0.9574239899857618,0.0,-1.0,0.013795525622724025,-1.2534286237592567,-0.01856062679215073,-1.0067491385279863,-0.01827711428792166,-0.8947906943426354,-0.2548066891658631,-0.911515025598168,-0.26018173089238733,-1.0682686283617213,-0.205487554879657,-0.8138878631854995,-0.17881352799509714,-0.7063783741565376,-0.48892716066080866,-0.7568833007906759,-0.46069014384130785,-0.8514703657035929,-0.3854228536112469,-0.6865525243178214,-0.3381575659531611,-0.6255929989386299
7,7_010.png,0.0,0.0,0.2424770972228657,-0.26677178740039736,0.2863563914010416,-0.5667946755227034,0.1355860099684236,-0.8225692070821216,-0.08350908022308173,-0.9792170778679015,0.2799587359915333,-1.007558967288364,0.29117397243945514,-1.2434548423730492,0.23456677864891917,-1.1587532724508178,0.18294793449645316,-0.9668130681274989,4.070400358206801e-17,-1.0,0.0022421275231863072,-1.2654632373205796,-0.027570486074398208,-1.0079244832627217,-0.0229777186552586,-0.8951279192906378,-0.25514633544619064,-0.911399763507349,-0.26643812852654364,-1.0791078337125146,-0.20885193251493253,-0.8208014261063002,-0.18001405136133958,-0.7156407067593586,-0.489596450487018,-0.7591807970853056,-0.4689708485389288,-0.8479536916568648,-0.39104041424794583,-0.6829346900481162,-0.341046686079735,-0.6285063295319703
7,7_011.png,0.0,0.0,0.24125654580993489,-0.26391345025905155,0.2965599688252526,-0.5613979052663399,0.1634685105752122,-0.8089838764358191,-0.057917301081322946,-0.9578990742810386,0.28263700901911626,-1.0082651210360436,0.29022571856652757,-1.2328462177826993,0.23837102597225235,-1.1412162464808528,0.18814656316491343,-0.9470896375043495,4.073025945952737e-17,-1.0,0.007868542743335646,-1.2429126964199675,-0.009263731813569947,-0.9779376532174927,0.0006692455603595928,-0.8760495607638842,-0.2542853131412837,-0.915482054629538,-0.2578249134884032,-1.0557569176285193,-0.1911383864781669,-0.7994651109136517,-0.16332173302727332,-0.7030984397019316,-0.4893752843440694,-0.7725183970820981,-0.4567632438022844,-0.8401883730195102,-0.3748626454843844,-0.6698343990567325,-0.3305244682094717,-0.6147782512704041
7,7_012.png,0.0,0.0,0.22542984873861646,-0.2601249548860997,0.2738614760089755,-0.5543399271430581,0.14603887413428027,-0.8046624252664158,-0.05770534417154749,-0.9602817434172558,0.28124502852616934,-1.0123998012176882,0.2816586488366032,-1.2431974721771517,0.22651742633029598,-1.1418881680196562,0.1735068540564435,-0.9512149528800785,4.039849200580805e-17,-1.0,-0.004055557885089819,-1.2561093231852773,-0.02203307394579136,-0.9738157038414801,-0.00978618325949885,-0.8802128346895342,-0.25341859477075274,-0.9127261530998276,-0.26424488424977377,-1.0591623435482729,-0.19783355572953656,-0.7904557111285554,-0.1690274815935994,-0.7086256395979034,-0.4859823154045546,-0.7674175295569589,-0.4624090112512939,-0.837098820033448,-0.3805770140898825,-0.661746640428146,-0.33620772182239206,-0.619541551521512
7,7_013.png,0.0,0.0,0.22302217979100586,-0.2556718391860498,0.26906800137656317,-0.5608778728526934,0.13152094433185096,-0.8127735866357599,-0.0769904061702832,-0.9660403621206861,0.2843458082886617,-1.0102539430489044,0.2756308803455402,-1.2436735256453681,0.22271390534055802,-1.1177971189912188,0.17928177523294334,-0.9292818118763019,0.0,-1.0,-0.012689974318419384,-1.25536101633716,-0.025907861124471326,-0.9597630265209673,-0.011544938706679707,-0.8733195019329675,-0.2569894989890834,-0.9147762961920862,-0.2793527151862611,-1.0639768454135152,-0.20642983114764393,-0.7833323592867106,-0.17237583089707792,-0.7052469348863103,-0.4898266875151741,-0.772314402684222,-0.47543256858272254,-0.839882084872724,-0.39102927676622806,-0.6557272647589866,-0.34327460707115687,-0.6149631829276139
7,7_014.png,0.0,0.0,0.23258795145203975,-0.2766881701414875,0.2762037206426468,-0.595862663726116,0.12368591553134244,-0.8472070834108847,-0.09431161469160158,-0.9809890549377324,0.2863607165554138,-1.0124844882578732,0.2892695026499606,-1.2661670902094615,0.22938718220652765,-1.1313689278800358,0.18263854866256526,-0.9395280042099409,1.2328481157284702e-16,-0.9999999999999999,-0.0020211610452169166,-1.275551986191452,-0.02103350505701526,-0.983497682380778,-0.012941238905992051,-0.8862460510108027,-0.26183735423765797,-0.912552238369301,-0.27401683413952344,-1.0890444521102722,-0.2035508374686093,-0.8065932797587295,-0.17381628737755975,-0.7206749405758288,-0.4983407320991169,-0.7670996824397891,-0.47233735872571325,-0.8655232108046096,-0.3884589377308937,-0.6786406825646385,-0.34687348984450084,-0.62656048139569
7,7_015.png,0.0,0.0,0.22323484495166257,-0.2523375285519857,0.28052083599318894,-0.532978365667332,0.17687934449025722,-0.7802107756397368,-0.019166023421535158,-0.9419082355014622,0.28479331968444294,-1.0158522412128173,0.2798641981000155,-1.2491071662944822,0.2254406506436569,-1.1596987051039984,0.16960977761280333,-0.9656583984787852,4.0766694753777596e-17,-1.0,-0.014218598258531398,-1.2613086083762781,-0.030821706261438337,-0.9769543177434161,-0.012046930902367005,-0.8845740470423171,-0.25446525899104816,-0.91110347924292,-0.27483482533048326,-1.0680134078393388,-0.20715932560838302,-0.7995438007746125,-0.1748493106641163,-0.7121870268485218,-0.4879601133464433,-0.7638157181714137,-0.4762434550785529,-0.8509496614412441,-0.39380260006153617,-0.6767464228820532,-0.3447480929593084,-0.6282812912222604
7,7_016.png,0.0,0.0,0.22078286002962969,-0.25039154478601033,0.2762252814865073,-0.5436197739187,0.15816979809427603,-0.7867540354119559,-0.04465234466611869,-0.9331450551985377,0.2871020111173847,-1.0140635145729398,0.26974357788918824,-1.2457756536089093,0.21577397015027236,-1.11754491429866,0.1694449686607175,-0.930497394095629,1.2187520709163555e-16,-1.0,-0.01987293062174605,-1.2457331345279234,-0.030017059899812848,-0.9467487044299414,-0.010394721822322884,-0.8632183770539452,-0.25698373175390826,-0.9124298817114809,-0.2857758518028859,-1.0705339094748072,-0.2099091218870201,-0.7900653378070107,-0.17265634135142388,-0.7068291648778057,-0.48751977238957916,-0.7687498475638079,-0.4827596642081345,-0.8611014872004669,-0.3987124263980066,-0.6775491263000775,-0.35046910630255296,-0.6266119624183524
7,7_017.png,0.0,0.0,0.22760433710569888,-0.2712575342216919,0.26991560000589787,-0.5774007518024137,0.11899942783406602,-0.8243921977777394,-0.09935554721799228,-0.9570313565882582,0.2831253140785325,-1.0090015896892404,0.279259120082887,-1.2455858455787991,0.21229074375701654,-1.1225130285992517,0.15846838932443758,-0.9437516935888165,4.060908634638941e-17,-0.9999999999999999,-0.02042355746638019,-1.2594050894422635,-0.03588034776023404,-0.977854811766363,-0.021467368362439218,-0.8871479220654945,-0.25808476792052965,-0.9119029416244425,-0.2870906108010292,-1.072773876324617,-0.21217115412179868,-0.7997062486948289,-0.17273558096210834,-0.7173564010319909,-0.488681108540592,-0.7647921401577028,-0.4759576254710599,-0.8534357945582989,-0.3932085047364908,-0.6754401320689687,-0.34515631716906836,-0.6274650080060755
7,7_018.png,0.0,0.0,0.22713578097229906,-0.2778415406686278,0.26347907372559204,-0.5878888258206936,0.09706384206757947,-0.8315889724607878,-0.128229744283046,-0.95838443562202,0.2834758094484067,-1.0037409053608428,0.28547231187075495,-1.240318009378877,0.19016540496353468,-1.1121855544980335,0.12332378186911787,-0.9395596915099882,4.0724490186585256e-17,-0.9999999999999999,-0.019928296968366534,-1.2582637075016994,-0.04963416688866767,-0.9873474046441304,-0.04033185476629497,-0.8859511977074447,-0.25937599022284835,-0.9133175161350023,-0.28657691739492036,-1.0661947479557579,-0.22220063759181685,-0.7991559468061727,-0.18143399175424754,-0.710980367295293,-0.48989783282289834,-0.7665542744116318,-0.4732684839532211,-0.8460228443768641,-0.3939576372588605,-0.6698443141867685,-0.3414777825495019,-0.6217248943438575
7,7_019.png,0.0,0.0,0.22581463579846667,-0.2841249398192984,0.25346323758312794,-0.5879179114089987,0.0682556108865081,-0.8149930619434295,-0.14984391159021646,-0.9501454220186343,0.27316070307335805,-1.0080555372860127,0.24949111752994485,-1.2245842458942315,0.1695458584196492,-1.0509631455239052,0.13668431138833434,-0.8927404806287289,0.0,-1.0,-0.033903008606986466,-1.2342625869776205,-0.05520101493436322,-0.9516284625946414,-0.03388009241009187,-0.855089220095672,-0.2509042984697542,-0.9120750059065327,-0.29537669031716995,-1.0567957730775195,-0.23021850093758014,-0.7831103532731613,-0.18034474862231653,-0.6993227821740026,-0.47018813413567756,-0.7654616041087128,-0.4798161153435233,-0.8390285171010207,-0.3966315268183552,-0.6600330904739428,-0.3299630374477202,-0.6122945790165171
7,7_020.png,0.0,0.0,0.21840505935902643,-0.2966437818620605,0.25090281462313474,-0.5963168731077325,0.07955249931412431,-0.81447865763967,-0.1433555428871047,-0.9254573333738111,0.27195812305723815,-1.0140563163686283,0.24414249408516442,-1.227766848146796,0.15139481555304185,-1.054592785356606,0.10955545932306343,-0.894198809254355,0.0,-1.0,-0.0343873120342734,-1.2478060875666275,-0.0677823775088022,-0.9753839852028596,-0.050951084326864175,-0.8727933663033379,-0.24949891907281807,-0.9095519996607854,-0.30109360279545705,-1.0768592563467576,-0.2410600137231359,-0.820762275733448,-0.19204905918755505,-0.7220366974543773,-0.4632091288413173,-0.7584515416539215,-0.4891160333197507,-0.8628265085888058,-0.40935607649505346,-0.7001158685479345,-0.33768301351375696,-0.637343702477917
7,7_021.png,0.0,0.0,0.23325194791420129,-0.2992002587019626,0.250864142725646,-0.5909656502696058,0.0556929092153967,-0.8090766975513527,-0.17134467261403946,-0.9253575388165391,0.2725389484062288,-1.0005929893182643,0.2702978566841252,-1.219887461209536,0.14853014227452227,-1.0853185717707599,0.07879921585728768,-0.9239793354864214,1.1982556557130645e-16,-1.0,-0.02415261130582592,-1.260395467638617,-0.08450546730287174,-1.0124496869679458,-0.07827039391876513,-0.901671547477174,-0.249174012190148,-0.9127474314014917,-0.2980272282480972,-1.0629866153486836,-0.2514328009370498,-0.8152815585040335,-0.19858484241703972,-0.716341145599765,-0.4637879342192247,-0.7586846076846454,-0.4840249841431504,-0.8396864034007613,-0.4135307352335991,-0.6849053921119911,-0.3384000521846846,-0.631039366152772
7,7_022.png,0.0,0.0,0.22671127717891898,-0.2879018458918209,0.2492247014259337,-0.5701506726910854,0.054956311345754454,-0.7867928905030247,-0.17388260990335014,-0.9056970160268744,0.275183699894146,-1.002081070692582,0.25859153710735383,-1.196249883092101,0.13467353919382918,-1.05419183088301,0.06362253969622393,-0.9005266988756077,7.887400982530119e-17,-1.0,-0.035696927525375774,-1.2369565218782743,-0.09278537493984772,-0.9799235322192027,-0.08454268596261848,-0.8814530562883778,-0.24927425162543698,-0.9109838703391135,-0.305429280987621,-1.0389139204364841,-0.2567861440571018,-0.7933730266932929,-0.20049315769730033,-0.7121604571491132,-0.45913517978783924,-0.7571515341718309,-0.4853326157563795,-0.8192606565257974,-0.4146211813584412,-0.6672453427082591,-0.3360727532804823,-0.6282130735720018
7,7_023.png,0.0,0.0,0.21164093035157733,-0.2726536518762608,0.24708677835706166,-0.5752698106307029,0.05517642510984353,-0.7670573574398176,-0.17056529694451822,-0.8276975034898881,0.26944296307008536,-1.0222031618341574,0.18272080046754813,-1.1835159281909235,0.09416899315234832,-0.9786520224747433,0.07015267617743433,-0.8503984427478648,1.1566602754203854e-16,-1.0000000000000002,-0.08984384320609766,-1.1806521406769641,-0.10582341891448446,-0.8934167891365948,-0.07242246749861891,-0.8128595222734025,-0.24634203545217995,-0.904268339375658,-0.3289095602559839,-1.0126143331868358,-0.25996023155470765,-0.7430300156502584,-0.1881962354299799,-0.6823274777586548,-0.4464923492663785,-0.7495979953752354,-0.4857085580199594,-0.7937276408682384,-0.40892105742623347,-0.6312205383168487,-0.3337531325031065,-0.6057888952231997
7,7_024.png,0.0,0.0,0.22617626743080024,-0.2920236829888975,0.25778130641065733,-0.6053093162606031,0.053078292725876594,-0.8016249354205073,-0.1745361283331434,-0.8624913614979749,0.28222720256181716,-1.0292755249991294,0.2043607895890753,-1.210698763165918,0.1154439383302126,-1.0016790100061184,0.09788764745941834,-0.8646167912060735,1.967506849944516e-16,-0.9999999999999999,-0.08683340272822813,-1.2190745333665114,-0.10972720047745504,-0.9317975251146278,-0.07245102172468137,-0.8367200223183051,-0.2525296481197866,-0.897598486763845,-0.3452053181213807,-1.039420184192105,-0.2760001246598731,-0.7680559315915464,-0.19679491927617612,-0.6906584236504716,-0.46062388255098574,-0.7369651686440403,-0.5158877237266494,-0.8257725542924566,-0.43702554680006356,-0.6643781464212781,-0.3522538268044505,-0.620865669183249
7,7_025.png,0.0,0.0,0.2253427006208839,-0.25560677260541914,0.2590918175098401,-0.5569744925221007,0.052484727001009736,-0.7513092674072716,-0.16399050008033003,-0.824624862695366,0.27597968108339155,-1.0318241680311362,0.1590947583397507,-1.1505140969081593,0.10322507967796377,-0.9132829108750646,0.12490695316144342,-0.7973478169724847,1.5078116659298202e-16,-0.9999999999999999,-0.10431032012668419,-1.148377597907845,-0.10686942445505815,-0.8536661577315222,-0.06008324844257249,-0.7814664641844328,-0.24577201906329404,-0.8938788527188133,-0.3379483261054183,-0.9743007260975194,-0.268596634537872,-0.7088174578437093,-0.19275319117966908,-0.6686005004317476,-0.4467925126834443,-0.7314094073176525,-0.48684401549004114,-0.7545122647335646,-0.4061586774432329,-0.59125697475142,-0.32937894340129775,-0.5760635330193845
7,7_026.png,0.0,0.0,0.22533364622100066,-0.2477923126747209,0.25895127990683714,-0.5447436912381867,0.04760474666716787,-0.7309388257622366,-0.17021181037807293,-0.8091543905491516,0.2751846715959709,-1.0270713487012937,0.16963146332434514,-1.1383339767809264,0.09718948924636235,-0.9132063237644125,0.09957666315527565,-0.8024720123257468,3.737720938647115e-17,-1.0,-0.10022494232264362,-1.1268744900360348,-0.10901946813093787,-0.8333184733335437,-0.061942696126165694,-0.7614378635038612,-0.24570219698439594,-0.896933595965505,-0.3405735123179832,-0.9709254510094497,-0.27852043163491685,-0.7050850503056396,-0.20225847722421716,-0.6683799445007778,-0.443356519277579,-0.7309226866018472,-0.493022412320061,-0.7512972329775872,-0.40912891006941066,-0.5808295428428806,-0.32928583941016026,-0.5589372348023274
7,7_027.png,0.0,0.0,0.22266731234387518,-0.25088927888824314,0.2523404460149072,-0.543782512315792,0.042923955595685036,-0.7180743744893918,-0.17070648842592223,-0.7915555773998397,0.269099912208075,-1.031435372910471,0.1348586766865533,-1.1131488747597134,0.08181597022134768,-0.8866704474615847,0.10769172006894374,-0.7785376873202903,1.1087968403641524e-16,-1.0,-0.11697121025480227,-1.1117283892005263,-0.12227852503837078,-0.8229266746693541,-0.07059488349840122,-0.7499330002234689,-0.2417722505778057,-0.891796685954408,-0.3480916210845146,-0.9476790419393485,-0.2860169499248365,-0.6900028748990629,-0.20527016044536947,-0.6522249369475162,-0.4361923532988787,-0.7215163277877698,-0.48918076457773824,-0.7341349895338113,-0.4083509745726058,-0.5732006503358498,-0.32608979731340126,-0.5537845953127432
7,7_028.png,0.0,0.0,0.22485752871733986,-0.2637614885781039,0.2492283725112624,-0.5607651027457714,0.027887979875860763,-0.7307728933351691,-0.18913204669977726,-0.7877829181722178,0.27161143637414115,-1.0213465380273896,0.14995357643874746,-1.1158290646363318,0.06941368347519067,-0.9083995165598129,0.06479389680863243,-0.7944921509245254,7.386458968179843e-17,-1.0,-0.11108062743392497,-1.1259934636239994,-0.13252050604669616,-0.8510378219235133,-0.08949903511373393,-0.7691537808893161,-0.24275034330258155,-0.8979065794503555,-0.3483934792016382,-0.9643513622180322,-0.29710626130204576,-0.7120323370445183,-0.22092252708982518,-0.6661123002581938,-0.43947054076452086,-0.7252763365913525,-0.4969599851228546,-0.7486738866035457,-0.4185277883391087,-0.5868067359328323,-0.33256551824438635,-0.5584754423327574
7,7_029.png,0.0,0.0,0.224976885247765,-0.25400604096993706,0.2516417768333395,-0.5338767862996213,0.013128279145208784,-0.7019498300964792,-0.2154556559122275,-0.781458700882818,0.27597192415822747,-1.0162161338960372,0.1682952713882151,-1.1110551905110795,0.039518771870211446,-0.9361891118115763,-0.01777136909102994,-0.8240260194845968,7.381262688687214e-17,-1.0,-0.11758312614221267,-1.1284291576068546,-0.17477612656021027,-0.8778643957242349,-0.14995353823553428,-0.7846334402981414,-0.24497624506024898,-0.8994717654220995,-0.35776097095766707,-0.9756135924823557,-0.32947218075426293,-0.7451747807131208,-0.2568185503731984,-0.6848931498764103,-0.44048767063402205,-0.7241278383736217,-0.5216567158691133,-0.7389977345087012,-0.4450661247718939,-0.5880879488843885,-0.34147487841349716,-0.5508772500941653
7,7_030.png,0.0,0.0,0.22483098579218627,-0.24960137999022639,0.24739439667656687,-0.5340856703922214,0.005393202388246308,-0.7109811602676303,-0.2286166040079602,-0.8034310164930727,0.2726260223224032,-1.0099082285098737,0.19066301598467794,-1.1192046416518833,0.04994033333445815,-0.9674893911704252,-0.03230091038207105,-0.8598321548666474,0.0,-1.0000000000000002,-0.10101388388562886,-1.1451629977154214,-0.16674457744784538,-0.9074408465625662,-0.1598254436693724,-0.8249217166872449,-0.2434170787117657,-0.9038447752406102,-0.3429787019550063,-0.9727320152920003,-0.31726170628805334,-0.74614972182937,-0.2554456305176552,-0.7015884825021372,-0.44294367589885014,-0.7364067477562478,-0.5100376574550977,-0.7423493281035449,-0.44756838543589056,-0.6016914975797235,-0.3609552361089418,-0.5896660902408458
7,7_031.png,0.0,0.0,0.22700174974249235,-0.2525075081748545,0.24915788645139383,-0.5353071585357914,0.0012353813890957298,-0.7126959917303154,-0.23782340840816846,-0.8056553371024497,0.27585184344845715,-1.0098697960392038,0.18902130419836163,-1.1155715350107929,0.04008884584940461,-0.968755697013924,-0.047711179020372196,-0.8643260265639774,3.744053262816416e-17,-1.0000000000000002,-0.10155046816197359,-1.1461153371076502,-0.17595128935683768,-0.9108891175978233,-0.165934178167728,-0.8265155294741562,-0.24563895692564247,-0.9024182526194362,-0.3408353514842755,-0.9826208362407003,-0.3258482177998094,-0.7678717991807902,-0.26680075955909277,-0.7225743794509394,-0.44600497840106307,-0.7347432513461061,-0.516871929712862,-0.7415895798847799,-0.45865295615046847,-0.6109221929168144,-0.36998246872191165,-0.5992563411176381
7,7_032.png,0.0,0.0,0.22044038289308926,-0.2604913481331552,0.23554331926201014,-0.537245129130035,-0.006667433728325727,-0.713275021504462,-0.24264040170961412,-0.8057579135929974,0.2758927958123941,-1.0097451480306068,0.17698904983038066,-1.116544561130721,0.01847708403583272,-0.9803062398129418,-0.07996105012569966,-0.8745525512511613,7.484127689749059e-17,-1.0,-0.11075075566149911,-1.1492739525553486,-0.19292341326774903,-0.9280840772778994,-0.185854072995162,-0.8400985359801504,-0.24477196226447612,-0.9049357328887162,-0.3464605477915505,-0.9824246486847366,-0.33644745519957964,-0.7806986764037741,-0.27782299787383513,-0.7252348634228138,-0.44172195130610464,-0.7389117472980532,-0.5190437904816786,-0.7394031049890636,-0.4623542839458461,-0.614768615158716,-0.36867442753687674,-0.5937964018304329
7,7_033.png,0.0,0.0,0.21739663650502886,-0.2667669265112485,0.2226717423837933,-0.5467895382799408,-0.014563336707032927,-0.7204410329108729,-0.2455831958809966,-0.8173210510805676,0.2703103334193974,-1.0112652330644945,0.1762824987125777,-1.1476920932491663,0.029617490263709804,-1.019867850540081,-0.053991361082665196,-0.9074121898714034,1.1384796807514023e-16,-1.0,-0.10516409705359597,-1.1817051454344074,-0.19941117435150799,-0.9629806496168248,-0.19950537269301202,-0.856830732457535,-0.24375709822788344,-0.9062981983331023,-0.3470206117316241,-1.0261253023153216,-0.35352317222324264,-0.831689563124305,-0.3057921610482921,-0.7527284232755108,-0.4423637085029987,-0.7369447003080428,-0.5253632139851268,-0.7738645873999273,-0.47038082628401295,-0.651872222059988,-0.37470512460149225,-0.6080197623039173
7,7_034.png,0.0,0.0,0.22071347600465624,-0.28296010825864165,0.22367260310021905,-0.5506183979563193,-0.020342487073894414,-0.6967071202949336,-0.24525967436844004,-0.768653720327104,0.26936008795032856,-1.019549552281758,0.1599316816613053,-1.1287873427772173,0.005390948134845214,-0.9956070400242115,-0.080386820557833,-0.8732308640619412,1.133960717465403e-16,-1.0000000000000002,-0.1268720824435166,-1.148370511833476,-0.21624342389413143,-0.941660948808013,-0.20402523241746515,-0.8298226589077857,-0.23990907170287248,-0.8922989085102621,-0.35724813468330285,-0.9863647843917369,-0.366475209366745,-0.7995743614612003,-0.3084252241353127,-0.7273324784328912,-0.4317588487316059,-0.7077958172671943,-0.5274976096967354,-0.7402851952193643,-0.4701536546712659,-0.6257915385772586,-0.36800581120487647,-0.5824577907879226
7,7_035.png,0.0,0.0,0.2186875234677597,-0.27828683791477,0.22760302187037507,-0.5455111879500802,-0.023786679231216572,-0.6934544038316716,-0.24893867938635905,-0.7550771761218527,0.271231314892723,-1.0203589922541052,0.15497190270625424,-1.0937125587879108,0.004405868604001503,-0.9643452991008253,-0.06585542268432397,-0.8553350041538746,3.7572359344309934e-17,-1.0,-0.1286792979621913,-1.1157145249437852,-0.22067311246421775,-0.9141662770626747,-0.1990937741793323,-0.8160292602804246,-0.23944562437560682,-0.8909937814402379,-0.35860222545091125,-0.9503427871747698,-0.3711678243787784,-0.7766206724942463,-0.30988984389174556,-0.722870680577023,-0.42250288827766086,-0.7094966025410967,-0.5165012285815642,-0.7074810034098349,-0.4680455273106662,-0.5981429378203673,-0.37321931814316045,-0.5644441865305776
7,7_036.png,0.0,0.0,0.21919330958322153,-0.2749853405941767,0.22965400905527136,-0.5449654454477133,-0.022797863893562403,-0.6915749931401154,-0.25104753098329013,-0.7447966229305345,0.27093667347537254,-1.0192085641482271,0.1537383215222157,-1.0884629881336911,3.603383242690211e-05,-0.9710808344965525,-0.07430509022570779,-0.862038832232753,1.5091888800104591e-16,-1.0,-0.1272283415954329,-1.1154303902480234,-0.22753505261271165,-0.9263966272790576,-0.2135068181286272,-0.8229726944718289,-0.24119026717492179,-0.8872215502914779,-0.35896661868344537,-0.9583274388078782,-0.38350885476479885,-0.801162538509167,-0.332213600301735,-0.7410525619885767,-0.4259541183652119,-0.7012367070107738,-0.515054838347538,-0.7115417254860815,-0.47600514576655095,-0.613886190253638,-0.38765175695184234,-0.5775458551201347
7,7_037.png,0.0,0.0,0.22909891477699146,-0.2852638441673311,0.23030921967251713,-0.5602694742071358,-0.0070773924148155275,-0.7171086567217945,-0.22416594315625654,-0.776457131013368,0.2680836627159644,-1.019308917828234,0.17017389552071197,-1.1266906664525482,0.022556993040748128,-0.9962330131873975,-0.059916301100684126,-0.8805871662390237,1.147546067099301e-16,-1.0,-0.11288570477811247,-1.1517882865374278,-0.19527243074363965,-0.9514107260749689,-0.19044550844532224,-0.844328613296349,-0.24100347680572234,-0.8899124614770325,-0.356478810824065,-0.9825515166499393,-0.3526545555935096,-0.7926857819151977,-0.2917890279498888,-0.7219318074627823,-0.43455670259407564,-0.7029606949322715,-0.5212617940590951,-0.7361009232755197,-0.4570924832722832,-0.6091055360914187,-0.3533974699995593,-0.5601420359766154
7,7_038.png,0.0,0.0,0.22621697487183068,-0.27429376557054036,0.23864346790722188,-0.5672252934132817,0.015130310026951893,-0.7474381154278295,-0.20562084899867744,-0.8141048573731846,0.2741804911224483,-1.0227294128381827,0.16268262477039927,-1.142433852612294,0.06378768410092658,-0.9519913770166896,0.04046361216674547,-0.832640349871132,1.1510097590724478e-16,-1.0,-0.09924330131874054,-1.1665051127019153,-0.14350709299898953,-0.9063757697429355,-0.11455650356291172,-0.8098352002427938,-0.24979005425497913,-0.8964220169755927,-0.3429436178957686,-0.9959046001052826,-0.30557726142293984,-0.7567881465303268,-0.2382908398639381,-0.6909627962323903,-0.4534787098326114,-0.7219785634461087,-0.5023983679758159,-0.7614346675650803,-0.4301379525571621,-0.6117193394665192,-0.3456603577271285,-0.5737364844604833
7,7_039.png,0.0,0.0,0.22062780611886623,-0.27103152582634377,0.24008946304638762,-0.5700116550841134,0.027593323591384895,-0.7613402645029264,-0.1985084190593669,-0.828564602269531,0.28103992306951125,-1.0308302944770182,0.1550154762003239,-1.152736361591956,0.07931126698468435,-0.9339266104975604,0.07873089317780785,-0.8081849410943066,3.900314959448384e-17,-1.0,-0.11550382755035625,-1.1819057045453567,-0.13610883784647743,-0.8977732445517198,-0.09505826628637692,-0.8102219918671907,-0.25508931659335427,-0.89462964585671,-0.35602889938716425,-1.0001601628733938,-0.2942016552369599,-0.7360015156523704,-0.21609047941784262,-0.6775182832844783,-0.4625527902748103,-0.7251322637740988,-0.507218472097835,-0.7724452840165713,-0.42705366674859524,-0.609740941536421,-0.3450407397084438,-0.5773897964661984
7,7_040.png,0.0,0.0,0.2194676458724826,-0.2678936312749087,0.24273672826787454,-0.5645255210534149,0.03244815571795175,-0.7651281661913573,-0.19172227866645175,-0.8483570939002569,0.2792848608803661,-1.0279980185128328,0.17761392794944064,-1.1759730138340143,0.08144070968102837,-0.9702813100318859,0.060313816918858044,-0.8382636303468114,7.899571475322603e-17,-0.9999999999999999,-0.09634552747182255,-1.2233930505370443,-0.136242372805539,-0.9551450257934534,-0.10739395044220333,-0.86228689568324,-0.254333702957878,-0.8947302141782746,-0.34753401628044134,-1.0226219611369736,-0.29361197186621324,-0.7769735047042634,-0.22099617383879533,-0.708165560997398,-0.45930561244856777,-0.7272931712626928,-0.5069954573810657,-0.7870068993771213,-0.4336957169676256,-0.6387178456538757,-0.35076642842003214,-0.6025659512424643
7,7_041.png,0.0,0.0,0.22486978317453135,-0.28739498608130487,0.24511600235651396,-0.5865964702282007,0.03394726610938253,-0.7993513589529587,-0.19491193141417232,-0.8850319495694647,0.27903618810292846,-1.0249026603595617,0.2233355907953803,-1.2158568609657343,0.11389215389317478,-1.0307840883908705,0.0668729914577091,-0.887908453154386,0.0,-1.0000000000000002,-0.08610226869315515,-1.2317310837484499,-0.1244226127218364,-0.9569117111086658,-0.09158354563975772,-0.8596902714622776,-0.24960579267718325,-0.8958125410688965,-0.341597760218126,-1.0541134638575913,-0.2861203553389082,-0.8004558516480015,-0.21009171570047205,-0.718167264444811,-0.45417791367601257,-0.7297764774897677,-0.5130075087720014,-0.8133731197706457,-0.44275021882595905,-0.6664203158685165,-0.35577763430236514,-0.622508512918251
7,7_042.png,0.0,0.0,0.21978052911406665,-0.28384559194771575,0.23918587032486172,-0.5863297092741417,0.03240136599563478,-0.804979391964743,-0.1948442390051702,-0.895843555588188,0.2753239983835116,-1.0284459390033933,0.192023481062831,-1.2262371026686634,0.10017988636281741,-1.0175808204525343,0.0718122489035625,-0.8764065842981233,1.2060197042726015e-16,-1.0,-0.10257195467951646,-1.230447623263463,-0.11695643695954834,-0.9348697560753605,-0.06752364469644186,-0.8539925223622331,-0.24752023015842675,-0.8988742812696738,-0.35397592063351974,-1.0468226005028896,-0.2843796648012329,-0.781043494604812,-0.2013560899766737,-0.7101196139381071,-0.4508638306415736,-0.7419652748918188,-0.51753351446044,-0.8177676127995506,-0.4422157403402639,-0.6594639975898462,-0.3525479165726044,-0.6199730814642384
7,7_043.png,0.0,0.0,0.2158549113341904,-0.27102182814018994,0.24157691572564377,-0.5756791078682486,0.04106906881154028,-0.8088885479890139,-0.18725716944556603,-0.9137400684857966,0.27400469646163106,-1.0296201745138058,0.1898235355611092,-1.221021280211558,0.11852122540181007,-1.005178475447267,0.10181443353021526,-0.8694106058691197,1.579214136314154e-16,-1.0,-0.10030109017071398,-1.2096435086980226,-0.09121525435511371,-0.9038124225143142,-0.035500802427826494,-0.8422001944807973,-0.24536908162542873,-0.8997465854595704,-0.34497773335945975,-1.0284774474151004,-0.2595747558165215,-0.7500681563053166,-0.17855920983868317,-0.6967978021385001,-0.45206247700343005,-0.7495655385807881,-0.5029054297993067,-0.816969585992022,-0.41992836328503613,-0.6481833477083965,-0.3385930136863104,-0.615841724919867
7,7_044.png,0.0,0.0,0.22176069623627817,-0.2904948176065322,0.24474524023884636,-0.5997493614260561,0.05081718190975689,-0.8318054874201835,-0.17523939423984697,-0.9368320553340799,0.2717243745169124,-1.0200593262938518,0.2141249969634372,-1.225617898219237,0.12191196036887897,-1.0250864616928466,0.08490174338252932,-0.8823550262514058,8.05422602138368e-17,-1.0,-0.07147863053492769,-1.233166555615219,-0.08643547710052052,-0.9384755316758372,-0.04988906158483901,-0.8599046586031216,-0.24876235991552748,-0.9052854064408525,-0.3313516072535791,-1.0567130958182571,-0.2593229076698443,-0.7802112108530999,-0.1918423171214974,-0.7102722117296565,-0.46063374436873167,-0.754777828524736,-0.5061616021070595,-0.8387571237172096,-0.4250604781885373,-0.6692842145396608,-0.3455113975452413,-0.6280398987656135
7,7_045.png,0.0,0.0,0.22615716701094526,-0.29036461965878546,0.25638043376369063,-0.5985712492198607,0.0643108586899678,-0.8291221789772629,-0.16665426176776005,-0.9355663628990029,0.2750142931436577,-1.0169499739744525,0.2365821251363349,-1.2398181370129935,0.1413890493443961,-1.04349681304248,0.0940277287013316,-0.8923781684303751,4.07599650545352e-17,-1.0,-0.05538804491216695,-1.2435157795847076,-0.07405364472754077,-0.9479420167223979,-0.043820650114826276,-0.8647845481243244,-0.25014864691424804,-0.9072166243581437,-0.3222062391241843,-1.0646817866971312,-0.2513680263457378,-0.7869145712285018,-0.18929795337150865,-0.7166231519184809,-0.46679500424443804,-0.7602928524138182,-0.5053615375416801,-0.8413807962415639,-0.42360534257352617,-0.6694514093159998,-0.34712157507236946,-0.6290532035177745
7,7_046.png,0.0,0.0,0.22086226107670645,-0.28767396296055964,0.24149846365550567,-0.5957721009199091,0.05332431300851257,-0.8353168321367526,-0.17141479108560223,-0.9607630011027057,0.2779786008127084,-1.0184856418825945,0.23255451682140293,-1.2467198025688884,0.14512287491596734,-1.0644261798489874,0.10234548028883364,-0.9059873434492421,1.229376693915786e-16,-1.0000000000000002,-0.06442165023155978,-1.2530123868116294,-0.07785386538249055,-0.9563264876073146,-0.04484769818666949,-0.8706586971435037,-0.2526791165880034,-0.9072110211550403,-0.3296082834761817,-1.0787816304360016,-0.25526490918836203,-0.7974084549849939,-0.19533326664320244,-0.7230165691592345,-0.47380305765183656,-0.7587839573331999,-0.5091454579999181,-0.8545188998082633,-0.42581828368515345,-0.6769209146833297,-0.35301807404091173,-0.632552347607617
7,7_047.png,0.0,0.0,0.22113783056725708,-0.30839769176586185,0.23820591417002845,-0.6167415043843797,0.050580399369692414,-0.8474980482316242,-0.1762635375898166,-0.9517241378572988,0.27241684976193903,-1.01064558997501,0.2366461252222259,-1.2365875629289766,0.14510309015978706,-1.0661138563635157,0.10079972310754984,-0.9111363383268722,-4.076870923166074e-17,-1.0,-0.056984490563443284,-1.2530235791600135,-0.07745169042734118,-0.9777589442329354,-0.05043166541802361,-0.8773507501865884,-0.2518299824710165,-0.9093148760532946,-0.32400802751288194,-1.0745705336312446,-0.25476578660781696,-0.8061265344106822,-0.1956312567496581,-0.7162933896756677,-0.4713140429590685,-0.7560664753715073,-0.5052882369246409,-0.8511936720004138,-0.42447462457209567,-0.6805750991084617,-0.3473763267738443,-0.6288808509905169
7,7_048.png,0.0,0.0,0.22414166098629756,-0.31731520601568564,0.2316155261421403,-0.6284490957059691,0.03720889292415816,-0.8672136956037179,-0.18876888604018227,-0.9809711021304267,0.2763014505503735,-1.0138802563714286,0.24823139991885498,-1.2578903645150539,0.15508804465291567,-1.0939155463395944,0.10273537043143723,-0.930228707714901,2.0663843755829532e-16,-1.0,-0.052232786461172104,-1.2795979787657754,-0.07648905075136121,-1.0018083783374234,-0.05440658945958586,-0.890280022052216,-0.25488160278987476,-0.9090930794401301,-0.32609726402072436,-1.099134952355765,-0.2587426483919219,-0.8254014931579822,-0.20325090977602547,-0.7285151036688099,-0.4808798312364278,-0.7565440854201674,-0.5163748117572149,-0.8696622836860081,-0.43756016874294745,-0.6989866865298109,-0.36357209103710214,-0.6431449865154345
7,7_049.png,0.0,0.0,0.2234558227882519,-0.3033144497539527,0.2373841555876189,-0.6112278918345339,0.04437828835818566,-0.853555896444011,-0.18283273328239516,-0.9691237651681356,0.279293944418976,-1.020629316372025,0.22811563624950418,-1.2499468162554468,0.14490287706817837,-1.06383094584722,0.10581157517613653,-0.9130062571132627,-4.103750500981415e-17,-1.0,-0.0666147986990652,-1.2508063891584746,-0.07632145730214558,-0.957078276010484,-0.04553341242496079,-0.8747617554988429,-0.25397934011726925,-0.9069090304876111,-0.3313898567523513,-1.0832433282997411,-0.2566399304139981,-0.8028679324294694,-0.19950759240302748,-0.7255549311010184,-0.4770428669496519,-0.7584361572354126,-0.5121603596945461,-0.8591216849101584,-0.42924726107655353,-0.6852065462022681,-0.3573046437436191,-0.6397322403803225
7,7_050.png,0.0,0.0,0.21522965972926647,-0.2728173500153276,0.24348465323615376,-0.5811176694750352,0.04840167710913787,-0.8137209914869885,-0.18238740704204415,-0.9096904901007435,0.27998059411050974,-1.0345468639962163,0.18275291535842667,-1.2277352357379374,0.11753709551282777,-0.9951637320837493,0.10748238542427715,-0.8614043957042289,1.5975198659585737e-16,-1.0,-0.1034537195053998,-1.2129772378675248,-0.08987094689798567,-0.8965171257936575,-0.032611042291532014,-0.8302597460878482,-0.24975311517292068,-0.8992913841149742,-0.3508736750939551,-1.0525982173714177,-0.2646413956168165,-0.768035225589738,-0.18442465767472577,-0.7023298203042855,-0.4575920130540722,-0.7509094399373409,-0.5117620195466818,-0.8401710299724863,-0.4282169749065507,-0.6688326713730625,-0.346206773409732,-0.6251814939594487
7,7_051.png,0.0,0.0,0.2195048557303457,-0.2724191267507604,0.24744000280798673,-0.5785410513892354,0.024936413284320273,-0.8039575900107726,-0.21019186918077606,-0.9103839005221974,0.27250929075577235,-1.0190411875884764,0.20844896038756555,-1.214996722099215,0.11429744731447743,-1.0093509629666653,0.07241778443879367,-0.8706680373029905,2.0120687725565104e-16,-1.0,-0.08231142782604267,-1.209647340956283,-0.08473419935146524,-0.9211221493381839,-0.04090417623138342,-0.8497117897027628,-0.24251543482850887,-0.9066170127035911,-0.33874024036196126,-1.0408854006659183,-0.2587249711805229,-0.773813994010077,-0.18222744536421007,-0.7149658157737827,-0.44764703645357123,-0.7606391950655252,-0.5040844547143483,-0.8209863361632695,-0.4215595251416575,-0.6600721249375853,-0.33602402550477883,-0.6307656811584341
7,7_052.png,0.0,0.0,0.2318305753525779,-0.2711269808295382,0.26370675515855,-0.5737821498315722,0.04115752948164945,-0.8039849775960409,-0.19756606061817333,-0.9052737978236826,0.28720170285265945,-1.0268961045252227,0.22205138597498825,-1.2344813835159463,0.12479899240795285,-1.016243795200907,0.0885234993930742,-0.8752172493549838,4.160899867944276e-17,-1.0,-0.09332050538827348,-1.2297438564456435,-0.10306037128883358,-0.9225046866429402,-0.05129390225118159,-0.83647007624569,-0.2528863618907881,-0.9028370819980677,-0.35619224271685546,-1.0621088987350553,-0.28077392885352287,-0.7841116491559711,-0.19573522018743555,-0.7097382897993251,-0.4643497699211679,-0.7545432780900023,-0.527425291485566,-0.839989311617401,-0.44876002511847457,-0.6735967648996671,-0.36025227160121204,-0.626868988480464
7,7_053.png,0.0,0.0,0.23410102365272803,-0.29041522862380154,0.25453911406725127,-0.5914010814320788,0.031462389294833845,-0.8159031112086627,-0.20885941892841306,-0.9049312665720973,0.2846279056956375,-1.027148027344923,0.22387207694270447,-1.2417528112164713,0.10815930361195197,-1.0470413947400707,0.06114046905525971,-0.8996638362650397,8.30539914114157e-17,-1.0,-0.0893095679126382,-1.2461013056363994,-0.12206741659424387,-0.9608256677491988,-0.08048684779670734,-0.8571574871731095,-0.2519784980778055,-0.8988578225589257,-0.3519196590993048,-1.0785068455545683,-0.29277811142728105,-0.819425606716597,-0.2127170674634522,-0.7315126326141758,-0.4611690889665201,-0.7416587155814365,-0.5272685786139827,-0.8419440121492231,-0.45578639482803607,-0.6865115558974558,-0.3663157919835359,-0.6312877463992926
7,7_054.png,0.0,0.0,0.22831243226674985,-0.26614674304230235,0.2581082872636869,-0.5702935223593907,0.05260761456814931,-0.7881677217505516,-0.18057917614093638,-0.8724936425340125,0.28503972711957154,-1.032220652659011,0.1736447929871821,-1.1991139837757518,0.09048553771983371,-0.9585369003463996,0.09254414859991099,-0.8278550460092373,0.0,-0.9999999999999999,-0.11334732470269797,-1.1984724960605782,-0.13169019800928108,-0.8908514137759099,-0.07296755095653819,-0.812593790949038,-0.252028442179703,-0.8972335035314684,-0.3542341939117719,-1.028110952694884,-0.2940756783993884,-0.7566646645045696,-0.20735502999936048,-0.697142192082712,-0.45587138813265815,-0.7420567368205326,-0.5154604671112435,-0.8105770562959843,-0.44387439946559587,-0.6498956818761354,-0.35868734325392354,-0.6141603177978765
7,7_055.png,0.0,0.0,0.22831984245117523,-0.26813938410912375,0.2569762837309829,-0.5770536515869742,0.046861667246305534,-0.7864599213352826,-0.18994945641269187,-0.863018837888052,0.2836733138832657,-1.0276117108796199,0.17650913956117262,-1.179905745994898,0.09538327745421592,-0.9522885519752128,0.09409507927479238,-0.8159990976235949,0.0,-1.0,-0.10747929288058722,-1.2015225544608796,-0.13464736032698388,-0.9123107453910115,-0.08767680624436636,-0.8159316955220125,-0.25169293248917257,-0.8964326942543169,-0.3510306006329272,-1.0263890196777878,-0.29315429315001496,-0.7648083198820239,-0.20958748590807866,-0.6922849025130761,-0.45238642294069525,-0.7342262892708992,-0.5107900521894679,-0.8110437614691061,-0.4352350709812802,-0.6506776339725646,-0.34874601658602294,-0.6008079166335673
7,7_056.png,0.0,0.0,0.2246113168299901,-0.2678044528532388,0.24645841502360577,-0.5676044880324612,0.03144340448574484,-0.765368132154933,-0.20533168955295544,-0.8338984709402174,0.27926119975494634,-1.029122620022486,0.16518984059937242,-1.1542148843863942,0.06347024545556121,-0.9456770563339654,0.03098010291041424,-0.8163961465013206,-3.968313950699721e-17,-1.0,-0.1204627423152436,-1.1763589440260247,-0.15096772112459314,-0.9093581917434091,-0.11385486901569043,-0.8158379655059591,-0.24914900568271384,-0.8931005636795393,-0.35889619921559046,-0.9954959739964542,-0.3012555849791801,-0.7447951042700643,-0.21996976390589046,-0.6753575665127556,-0.44602135866440595,-0.7249947426238943,-0.5098744523426273,-0.7738710958430615,-0.42998704353130307,-0.6179774231579467,-0.33732275420717994,-0.5755261350564516
7,7_057.png,0.0,0.0,0.22958531353833855,-0.27023674720337604,0.24736277707044527,-0.5677180990385065,0.023786777467632247,-0.7640819739732368,-0.21417330976762383,-0.8460691105559343,0.28343940246390215,-1.0265634392101084,0.16726588625738623,-1.1701455575607447,0.058937695270970696,-0.9721888151419421,0.023834139165285765,-0.8266885720632493,1.2213848270923079e-16,-1.0000000000000002,-0.1171792244790717,-1.2134003961483208,-0.1656995848226329,-0.952109710277982,-0.1342226809526253,-0.8325456039823242,-0.25080184814740103,-0.8962739987000609,-0.3613295078485602,-1.0259993931227271,-0.3163277774896031,-0.7798794143418806,-0.23771095180472382,-0.6844400862359795,-0.45076184227408994,-0.7283455851216003,-0.5246429551354652,-0.802548056156582,-0.4525823558219661,-0.6513735160751879,-0.35872104269798066,-0.5921083027585928
7,7_058.png,0.0,0.0,0.22756755336012202,-0.28119785331162017,0.2457822818893544,-0.5763831426330093,0.02276091144657395,-0.7645291567679631,-0.21446020663112567,-0.8332430586920465,0.2782840177388504,-1.0206226928695514,0.1844780947079855,-1.1559938025456569,0.05689862688384375,-0.9779259544445098,-0.007352784752715109,-0.8462872140748791,1.2031221276316168e-16,-1.0,-0.10675862570093074,-1.2011527249372513,-0.15906475433857473,-0.9570167721602073,-0.1377615795116259,-0.8459701476844828,-0.24801631579521533,-0.8984780676685905,-0.35023103271123535,-1.0195725857583848,-0.3099178644590204,-0.7875642131632244,-0.2407648388242521,-0.7043180198597201,-0.446518954577194,-0.7294036886437962,-0.5148504962946288,-0.7884594824119757,-0.44308859798626204,-0.6462416959084535,-0.3531354378544361,-0.5985534827699716
7,7_059.png,0.0,0.0,0.22728840591860977,-0.2784366260717299,0.23964896790899629,-0.5762381887855754,0.020052005836256652,-0.7677923626898278,-0.207841499500518,-0.8462592072483146,0.2793827965906229,-1.0241400100044387,0.17531994760348746,-1.1732522182358702,0.06142584460275256,-0.9848833660338403,0.02212439316014527,-0.8454676659414164,1.2090560338142669e-16,-1.0000000000000002,-0.11195600951685131,-1.213603513659235,-0.16777803938878608,-0.9561918688753059,-0.13825755640193213,-0.8410166729675795,-0.24977933954627918,-0.8963330974691135,-0.35611065471521475,-1.0305748279579776,-0.31999318072081095,-0.7907050665259518,-0.2465767393142926,-0.7008409184480505,-0.45047096195814984,-0.7231435738187304,-0.5209325392045189,-0.7956228422981867,-0.4529282187296281,-0.6522207421057202,-0.3616092199965424,-0.5996842143828118
7,7_060.png,0.0,0.0,0.23069373793569384,-0.28809463054604095,0.2329294044935915,-0.5793613679104422,-0.01106111545474142,-0.7509414060275672,-0.23879413791376025,-0.818446677003476,0.27755081908982554,-1.02611693702438,0.15971862968715592,-1.1445789526088428,0.043338106184498196,-0.9642155311678998,0.007134828758578514,-0.8378275560830027,3.986438175928748e-17,-1.0,-0.1204717132738293,-1.168768220188111,-0.1845597581619136,-0.9221698485288731,-0.1514288543813081,-0.8201305225366263,-0.24945669017824051,-0.8957275505547858,-0.35736013792453364,-0.9913617698783587,-0.3310321932855655,-0.764995099800894,-0.2533953618556494,-0.6929172218541314,-0.44688151120685854,-0.7234649591744889,-0.5177031680160441,-0.7657968674187988,-0.44727134524623324,-0.6273466464634195,-0.3469831027490011,-0.5866716708233547
7,7_061.png,0.0,0.0,0.22066386566586893,-0.272863273421219,0.22710161167140086,-0.5757109582710921,-0.01249567961502376,-0.7479752662926504,-0.2339263929592691,-0.8162755253301697,0.2762268141257668,-1.0281706697093744,0.13310563740029735,-1.1438553538737395,0.03340654258436322,-0.9348052634644004,0.025119136512946828,-0.8208525706890206,7.962947897601688e-17,-1.0,-0.128671173630066,-1.1672854381775066,-0.1800534319363402,-0.8864210853458481,-0.13652587561032584,-0.8010296648090733,-0.24962257809663735,-0.8972653462802234,-0.3582602570885212,-1.0118930407844862,-0.3307013322308224,-0.761056824469116,-0.2561715239325586,-0.704214481690056,-0.44922297388967386,-0.7281752125825586,-0.5131179927023541,-0.7622187552975898,-0.4411823671924966,-0.6113240716209166,-0.346687564572675,-0.5867536687365219
7,7_062.png,0.0,0.0,0.22531109296040241,-0.2793395289386346,0.2359118309601489,-0.5723053144303868,-0.005704190895015303,-0.7350097263862846,-0.2375700044246389,-0.7958009807578472,0.2771332260311976,-1.028050850532057,0.13879862970715068,-1.1340431954596446,0.03712395356659868,-0.9281808744154604,0.023376276103309796,-0.8111506821988833,-3.952446708245281e-17,-1.0000000000000002,-0.12927201136178476,-1.1455690813426307,-0.17685312994071017,-0.874225224313506,-0.1323270101537027,-0.7920849225169165,-0.24888818098099477,-0.8960936950915434,-0.35506315473441463,-0.9846591555120654,-0.3228231462112838,-0.7411717912487363,-0.2436892851772241,-0.6901424434448364,-0.44361745298806204,-0.7259436920745058,-0.5077421786957578,-0.7447733158109692,-0.4334142815648429,-0.6005206342070782,-0.33755753623454177,-0.5795540433653307
7,7_063.png,0.0,0.0,0.2289919314101966,-0.27833627956381224,0.23804122566246705,-0.5742587556765238,-0.008457598714522892,-0.7406512615600974,-0.2368780155089244,-0.8045998814917884,0.2767348080777204,-1.02875303016918,0.1394869373670588,-1.1366051541795268,0.03143486530421242,-0.9419978771883226,0.009038102153291091,-0.8200809069580837,1.5943836033137797e-16,-1.0000000000000002,-0.1273701292977617,-1.1563360422056568,-0.1861925391530227,-0.8956375733103726,-0.1490143184055556,-0.799937990464921,-0.24667387754114006,-0.8935168727282512,-0.35591148673932166,-0.9883066153167414,-0.33203503398872425,-0.7578072198998533,-0.25631988981966913,-0.6959385559747074,-0.43949446107248036,-0.7199287480728925,-0.5129692137054062,-0.7485795808199261,-0.4443933166662167,-0.6112159196858478,-0.34606648692953423,-0.5822835421549835
7,7_064.png,0.0,0.0,0.22505143502664188,-0.2887129926385899,0.2384240754568494,-0.570770034662779,-0.0012714503526980137,-0.7346971116346274,-0.2349490870687486,-0.7983168895429996,0.27679340128898416,-1.0256519273564826,0.1580204067774659,-1.1327530788655078,0.034786276615721826,-0.9601823220601952,-0.008523749509733027,-0.840339122425743,3.972332572448063e-17,-0.9999999999999999,-0.12404414267439946,-1.1577527104611314,-0.19055969146093107,-0.9154479282792981,-0.1590966683951316,-0.8140752641903706,-0.24570483444374083,-0.8935271034334098,-0.3555241716756339,-0.9800936278198079,-0.33527330329821403,-0.7661352512717121,-0.2623210395590024,-0.6961690851142796,-0.4340042737795543,-0.7180590902485053,-0.5150789617184449,-0.731717849475549,-0.44430859875675577,-0.6050076770740097,-0.3398751711491813,-0.5731057766550943
7,7_065.png,0.0,0.0,0.22993881665850097,-0.2833584054883586,0.24263835223601685,-0.5779070762933285,0.002274165395123558,-0.7525833550352494,-0.2277810491097317,-0.8203463697598422,0.2804343788050729,-1.0260473920199311,0.1653771599594756,-1.156337474866887,0.04511895807788192,-0.9745210199111138,0.004489076470365737,-0.8463463597962197,4.019911606461229e-17,-1.0,-0.11744393861724987,-1.1741774847354827,-0.1821908544845192,-0.9259651218445488,-0.15308573051830096,-0.8221302242117047,-0.24893326114160544,-0.896262853846441,-0.35673787381407746,-1.0019025416602834,-0.33374779526660675,-0.7790161876305873,-0.2611822713722931,-0.7076522540916963,-0.4436375787081103,-0.725596672807502,-0.5136888074797227,-0.7592877426930394,-0.4434505621449274,-0.6212266184011586,-0.3430542249242056,-0.5827973762911749
7,7_066.png,0.0,0.0,0.230668887776956,-0.29259502808421706,0.2416548787699623,-0.5868718849663423,-0.0014535898819292485,-0.7582676136610871,-0.22916196770460615,-0.8175457805090487,0.2742375101000903,-1.023021030369481,0.16730036311807056,-1.1401838622812446,0.048603335186776245,-0.9633279208852873,0.004469127103237325,-0.8396385801846089,1.198630192962009e-16,-1.0,-0.11219482261424911,-1.1709061902940712,-0.17242246860490174,-0.929596086270235,-0.1449403435235831,-0.8252411344172293,-0.24465598553476472,-0.8972081069855218,-0.3474434083149994,-0.9917599691145805,-0.3181790551070104,-0.7687285450289498,-0.24640043163702485,-0.6976420538313096,-0.43833136917035576,-0.7237625756803083,-0.5046597300165317,-0.7595913407742906,-0.43229098773497115,-0.6204670755770008,-0.335335127607288,-0.5800548844581179
7,7_067.png,0.0,0.0,0.23247482158856336,-0.2779785136960401,0.25398782056555536,-0.5824388251098702,0.02031736389435869,-0.7675297267128993,-0.21674522332581167,-0.8290111521542551,0.2822793370560545,-1.0313104771786785,0.17029518506721644,-1.1581355013359014,0.07076614272380292,-0.9538161963823635,0.04517399063659371,-0.8332341345720661,8.097762890349024e-17,-1.0000000000000002,-0.11698526478048897,-1.1725591225372736,-0.1524636859648254,-0.9098932202940943,-0.11597739672170032,-0.8239438323862328,-0.2515826565153453,-0.8940638657597894,-0.35586611974178706,-0.9998544620257219,-0.30421795394059165,-0.7499149974017872,-0.22487613156420247,-0.6889215024224923,-0.45136636503102084,-0.7245720628515153,-0.5064303310699109,-0.7663960310803615,-0.4246214584421568,-0.6075944462660623,-0.33252896802539034,-0.5709207705779058
7,7_068.png,0.0,0.0,0.2296059366653327,-0.2913728487811104,0.2478249865075068,-0.5903065353644669,0.020100242110871136,-0.7718155265919171,-0.21836153034304492,-0.8301552184578098,0.28347422089149393,-1.0278091904891304,0.18743856124311958,-1.1704670446715548,0.07558015693188717,-0.983666444022995,0.03104068966817757,-0.8511567885008748,8.136646010473963e-17,-0.9999999999999999,-0.10654493488493637,-1.1915314740389975,-0.15417035130305495,-0.9392360239029104,-0.1287429020263805,-0.8342538106436773,-0.2531346499168214,-0.8969104993293385,-0.3531926175097189,-1.0110612008338549,-0.30668631198867735,-0.7693516866639545,-0.23306767466434558,-0.6880427432209382,-0.45377149813601636,-0.727692702639008,-0.508662797028906,-0.7751010591426073,-0.42960723892754066,-0.6241484808099269,-0.33471998816784526,-0.5779613930670293
7,7_069.png,0.0,0.0,0.23448487160614226,-0.2792938095714417,0.25355115444102244,-0.5919878870088711,0.0332466212303313,-0.7903548793245855,-0.20356897827346093,-0.85648978188868,0.2804673737410866,-1.02956754396918,0.16975979336322217,-1.1798274986401618,0.08279893431375883,-0.9696986533883116,0.06795551546792289,-0.8355340144922346,1.6363237322799615e-16,-1.0,-0.10510932366503604,-1.2198508450256014,-0.1377268862376138,-0.9481745348666331,-0.10500335540391832,-0.840906102619954,-0.2529716979236699,-0.8926043951018854,-0.3498405261845631,-1.038989289474259,-0.2975618247588436,-0.7845464202551261,-0.22628273162282847,-0.706774889538182,-0.4579538546812916,-0.719203390891905,-0.506571145542082,-0.7989583665987335,-0.4295752800101789,-0.6445730604380595,-0.34765489672452254,-0.5988297788383959
7,7_070.png,0.0,0.0,0.23235835077362235,-0.2830714290089848,0.2483292052010939,-0.5832833790865756,0.02952065377261632,-0.7950564784499878,-0.18980505439226283,-0.8932664213581712,0.28001785694482184,-1.0323300160306828,0.17713655389830463,-1.2081527141197446,0.09270203680719635,-0.9997827928016275,0.08298446034716252,-0.8636387268253983,0.0,-1.0,-0.10846049037539475,-1.240898523010431,-0.13713535769496954,-0.9613083466733426,-0.09590376285544047,-0.8659558701073455,-0.2524493809187633,-0.8909331957865585,-0.3472784562900961,-1.0484419417412838,-0.2905289275296369,-0.7921133206814099,-0.21640439249326984,-0.7155580089038366,-0.4595811774474016,-0.7189210589439599,-0.5036289649167568,-0.8038159452103272,-0.43369591268619384,-0.654382990630701,-0.35560533977693,-0.6155237501481818
7,7_071.png,0.0,0.0,0.217338695795213,-0.2877036930368189,0.22979837300701206,-0.597539838149424,0.007809623783345706,-0.8114142342897862,-0.2112661029073865,-0.9056824452458019,0.2723421489322813,-1.0338955317888154,0.15928115608467816,-1.2043338680228186,0.08511623386583762,-0.9905682690732651,0.0774882103058714,-0.8637540068680891,1.2224037583434973e-16,-1.0,-0.11302072192182754,-1.2184159495365232,-0.11968326712692391,-0.9329980435914376,-0.07654047688724162,-0.8526846016294073,-0.24593080971493153,-0.8911228718001875,-0.3443774967906739,-1.0391578204609124,-0.2743495148804344,-0.7734001321833625,-0.20311278932335605,-0.7078800524884598,-0.4484642042425785,-0.7219324761566154,-0.4944640114694073,-0.7989637784170593,-0.4185312877307888,-0.6465770286536079,-0.34380048393799,-0.6191240450983907
7,7_072.png,0.0,0.0,0.22926400941123048,-0.2869144515615347,0.24973292350420173,-0.6028864866752006,0.026251944767705416,-0.8280355454022027,-0.19765374146669423,-0.9300998340236242,0.2775737412084813,-1.0253589284386608,0.19398407540808343,-1.2346992928558436,0.09679589632661495,-1.0296273245773506,0.07077789286176313,-0.8877399355916293,8.362316613108955e-17,-1.0,-0.09124820078029217,-1.2614451651702177,-0.1170219999658609,-0.976270218577913,-0.07799713069476172,-0.8830562852022166,-0.25008831145480637,-0.8992442738825684,-0.338913436984955,-1.0726415688437922,-0.2774247384410413,-0.8016333126436143,-0.20670914943903504,-0.72842235999965,-0.46139110498480895,-0.7382355542274565,-0.5071088662033879,-0.831146963506173,-0.4335260656529402,-0.6714095142680286,-0.3573417536172544,-0.6339806394463973
7,7_073.png,0.0,0.0,0.21681654019169924,-0.2895924869706249,0.2285777677716985,-0.600655326057829,0.011804233179546519,-0.8322651607607162,-0.21397656244647492,-0.9534788695624067,0.27461226896848695,-1.0270846449612991,0.20003499920731382,-1.2290646849561628,0.11067823222331707,-1.0369758952922412,0.07778676167921598,-0.9011740207965784,8.313326043964892e-17,-1.0,-0.08299448731078718,-1.2442422619134494,-0.09457993825158906,-0.9600321239368357,-0.061238261338382304,-0.8754945256458723,-0.2502916060415495,-0.8972439920018243,-0.334743816299356,-1.0697986038898586,-0.26515021405192307,-0.7979702786347829,-0.20602923984106422,-0.7294158655035573,-0.4661086663024103,-0.7341035319637171,-0.5023962882191219,-0.8290747363802063,-0.423875777427868,-0.6660140641946974,-0.35556573647587836,-0.6313872438668593
7,7_074.png,0.0,0.0,0.2297739531382273,-0.30384892493186433,0.22843511606081057,-0.6099656206046484,0.002125739974592469,-0.8559363119592756,-0.2335586384730474,-0.990109510906123,0.271878968940692,-1.0219651961995984,0.22584492860547592,-1.2651442118703906,0.11787458188178632,-1.1206918377286559,0.05346905285944382,-0.9551997063665993,4.2610802734562774e-17,-1.0,-0.08484755958387165,-1.2939676745940476,-0.11441843344064749,-1.0376600883875269,-0.08546025429080287,-0.9192860715994928,-0.24784814867007554,-0.9013226629847723,-0.34749483303913115,-1.1129092250519983,-0.283519208196812,-0.8643733211676659,-0.2182579199858259,-0.7530203295593163,-0.4630841330962395,-0.7389865341111475,-0.5222467405784901,-0.8592093879334785,-0.4450138694546069,-0.7079131801947786,-0.3590839331047862,-0.6440706246038655
7,7_075.png,0.0,0.0,0.2168287943044988,-0.29533967579531417,0.23357942626638165,-0.6076163247649763,0.03351633480695391,-0.8339343329243613,-0.19745342230973348,-0.9258405039015932,0.27862810214936456,-1.0343809356268738,0.19071065637187787,-1.2528850250733092,0.11053980707213501,-1.050252528161511,0.08806623292066748,-0.9025692782123532,1.2465428285902636e-16,-1.0000000000000002,-0.09604075262828238,-1.2572433174964517,-0.1031278281810644,-0.9660193196408005,-0.05244124665397297,-0.8736308668798174,-0.25250417599938635,-0.8956929206262686,-0.346039327141548,-1.0850262710608696,-0.27367959079859244,-0.8156466523179694,-0.1965674573586346,-0.7259752818547289,-0.462073541781423,-0.7363998423269575,-0.5159608885356357,-0.84401211502863,-0.43771351808975617,-0.6830977995843781,-0.35227868118330796,-0.6292742474874401
7,7_076.png,0.0,0.0,0.21783277790843872,-0.30579900847554464,0.22923291542553156,-0.6213079274389455,0.023244330534827974,-0.8442320212140759,-0.20518110858485875,-0.9334765221093463,0.2775669456122551,-1.0286276832991355,0.19490644722939945,-1.2360694210636356,0.10098343257618596,-1.0410995524496947,0.0689883664451202,-0.8971245888729744,0.0,-1.0,-0.0909619282586686,-1.2536952671610808,-0.11002290038539767,-0.9680027201542099,-0.0689261592305852,-0.8721977496431813,-0.2526245176728924,-0.8963921996679257,-0.3404105410170983,-1.0796981048117715,-0.2752853570547967,-0.8135192876866614,-0.20577121346444965,-0.7245524692764671,-0.46005958899398075,-0.7296414803647994,-0.5057341268704288,-0.8375351552804587,-0.4306314033005973,-0.6831996801139473,-0.350233312465355,-0.6350018023448689
7,7_077.png,0.0,0.0,0.2168912770902143,-0.28435120584055745,0.24048507646442302,-0.5921345345697822,0.05297719031649543,-0.8041423440918427,-0.16376489747606898,-0.8970667214394628,0.26761765934409965,-1.0189883714999195,0.19018347266173502,-1.2136085249899626,0.10774073046324051,-1.0138144247175809,0.08564860623540663,-0.8737544397574315,0.0,-1.0,-0.07882202754997628,-1.226144167125969,-0.09682772471262543,-0.9320524175544422,-0.0645438806956317,-0.835278075282018,-0.24537597424250054,-0.9041583229178912,-0.324896761209314,-1.0592136906227252,-0.2617289850112509,-0.7903516105509738,-0.20024483281269564,-0.7058859675927941,-0.44989589320088114,-0.7458905964439163,-0.4898779238612666,-0.836508305428342,-0.4164747369396096,-0.6794219810370233,-0.3447253946875588,-0.6336965679494271
7,7_078.png,0.0,0.0,0.23014421466694757,-0.3020066010010069,0.24797987222802187,-0.6211141552830103,0.04296456996542511,-0.842036656999438,-0.18914466043274272,-0.9296316094304898,0.27114448764204185,-1.019559795470464,0.1976748879720529,-1.2431043536386006,0.10838389224423917,-1.0427076320291697,0.08294560160724235,-0.892405644599338,1.256537562501016e-16,-0.9999999999999998,-0.07770401971855817,-1.2531537333534826,-0.09985439757091007,-0.9660269842310807,-0.06636208586556455,-0.8614648345236579,-0.25174354992928666,-0.9033154271785796,-0.331620913420378,-1.0806080422359,-0.26826877580047287,-0.8149463086291154,-0.20519358356009518,-0.7194455487113662,-0.4639916651381248,-0.7438489916462538,-0.5021385062449609,-0.8510616696482736,-0.42959680608710094,-0.6980826565500572,-0.35625921077334977,-0.6456449437339742
7,7_079.png,0.0,0.0,0.22073725360578073,-0.29715936177816926,0.24123958213184601,-0.605167085844327,0.045185848464545195,-0.8249631301405764,-0.18124758102462374,-0.9162370940642158,0.2756859366234467,-1.022111597702272,0.20785879746647537,-1.2227772113342288,0.11100673075074909,-1.0469674995460816,0.06809648724877637,-0.9007529482736217,0.0,-1.0,-0.08474326718622396,-1.2457447635224952,-0.10852538026981157,-0.9718841943843698,-0.07362266328686182,-0.8708250776444151,-0.25176162218975373,-0.9006163250258818,-0.3393470049965024,-1.0651967419801636,-0.27399724411542664,-0.8091360069274833,-0.20481205354206813,-0.7124493848356982,-0.4608628822788116,-0.7369163143482791,-0.5100152339131002,-0.8365238152861549,-0.4364230770396563,-0.6886785248484859,-0.35345544388394157,-0.6372771177141249
7,7_080.png,0.0,0.0,0.2205595668479861,-0.28218600586846143,0.24594965848709707,-0.597976725376801,0.03555436203016045,-0.8150331825151405,-0.19642562546411602,-0.9025490591918834,0.26589590757998366,-1.0205124850697977,0.1904616879176906,-1.2140821147224319,0.08447751850569381,-1.033320765748518,0.04029970312588813,-0.887972872609974,1.6386384241533317e-16,-1.0,-0.08760619819369972,-1.2273010864937506,-0.11509748854047096,-0.9572331211884317,-0.08940803553946851,-0.8495547059046965,-0.2453112137286891,-0.8989779641683561,-0.33456366446056907,-1.0464823353020372,-0.269166933668395,-0.786350459561511,-0.20257200510594855,-0.6948762815554321,-0.4509531441492812,-0.7341018477009961,-0.49087389194910097,-0.815099108696282,-0.4170090822687346,-0.6655254015481787,-0.3405133359683557,-0.6250859557953754
7,7_081.png,0.0,0.0,0.21717290977163112,-0.2624585036032461,0.23697337959203207,-0.5585187709185171,0.03773646076070693,-0.7625141467734048,-0.171003449159063,-0.8664343435506652,0.26711200000252455,-1.022611570364711,0.16465545585168595,-1.1756487797594828,0.0870060690179218,-0.9824751917638411,0.0721160671766384,-0.8588312551987629,0.0,-1.0,-0.09931317777084658,-1.1985181605265713,-0.11306734339144935,-0.9224353127302807,-0.08024252134933993,-0.8346346309839645,-0.24620581533032593,-0.8965408649822907,-0.334131599493546,-1.02151286495779,-0.26725351332987474,-0.7606475089143715,-0.20063125073381413,-0.6924007674682602,-0.45288045730079507,-0.7268694093154789,-0.4880433901130886,-0.7921881173127895,-0.41307555539594076,-0.6418808899263768,-0.34107701320880374,-0.618213355087012
7,7_082.png,0.0,0.0,0.2280421387369272,-0.2605749208463705,0.2486222953725148,-0.5650527432605351,0.025037874948152232,-0.7598502599067298,-0.20023848411970052,-0.8304731883280432,0.2732983181898024,-1.0248899369653355,0.15831954971360926,-1.165142160824554,0.07838961217035535,-0.9541367508125204,0.07371477627769923,-0.8215501343737067,-4.05890243412307e-17,-1.0,-0.10405761783137835,-1.2017274530091817,-0.1354159744129817,-0.9248031455782934,-0.10122643033837712,-0.8151862378403927,-0.24868373483395803,-0.8991723396368234,-0.35006634901128797,-1.0140309287651144,-0.29668983306303687,-0.7558807090990161,-0.2255415174731318,-0.6774820270452206,-0.45494846635720576,-0.7321588773548154,-0.5011116204693737,-0.7878813458576325,-0.4263784190017952,-0.6287280437133071,-0.3489347934035836,-0.5863247030806568
7,7_083.png,0.0,0.0,0.2221396680353302,-0.2588163062098206,0.24571928442850025,-0.573287434830021,0.02838224306841667,-0.7785397070735042,-0.1974177989454024,-0.8516370372330473,0.2713204404461688,-1.024185873506831,0.1618747942587901,-1.1795668816141636,0.08779753836900109,-0.9534409387417221,0.08716000501421069,-0.8337489834599418,4.056722171071409e-17,-1.0,-0.1005846463075723,-1.2043827571601933,-0.11528668259590288,-0.9164786063804551,-0.07756875568439386,-0.8319857536647013,-0.24737640248858614,-0.9010285693465099,-0.3437009912838339,-1.0239546825393526,-0.2777069827777631,-0.7590058857308455,-0.20692095496584084,-0.7064616965356404,-0.4527797039917423,-0.7394176285591904,-0.4928305211931192,-0.7853464919712372,-0.41497099014516503,-0.6262954961291931,-0.34224504272858924,-0.6058047415777906
7,7_084.png,0.0,0.0,0.22105298843721252,-0.260519155777674,0.2399376262186785,-0.5655220132830601,0.022938575392535625,-0.7658270901841588,-0.19227695365661712,-0.8530611902104173,0.270432740857572,-1.025569538293313,0.15726019722561008,-1.1851545917091093,0.07532801689980194,-0.9771855740930663,0.06735408835161835,-0.8523485179557193,-8.1629945704974e-17,-1.0000000000000002,-0.10900265602147118,-1.2172003993498344,-0.13561875287070788,-0.9378637716244407,-0.10001952078842269,-0.845298952246151,-0.24828748914164336,-0.8986897678553379,-0.3554903864761368,-1.02409851960411,-0.2965947682889904,-0.7667850057544787,-0.2226412350819564,-0.7051882884797617,-0.4531965177342925,-0.7363662942078,-0.5058239288742302,-0.78612010338762,-0.43258476675819046,-0.6310210868386874,-0.35229201910513624,-0.6066465030410852
7,7_085.png,0.0,0.0,0.2184709599877167,-0.2702202296051819,0.23502932439104024,-0.5783255079172512,0.02670817990805752,-0.774322348986869,-0.19709889347691875,-0.8423238527020255,0.2712179334076132,-1.0257939896951078,0.16853246549875925,-1.1923595552439716,0.08246222202153375,-0.995703197916678,0.06861494104613111,-0.864456782572097,4.0784211635763805e-17,-1.0,-0.09838363530212839,-1.2270001365950804,-0.13685790823551297,-0.9610553987353622,-0.1084796785610032,-0.859931235508238,-0.2539462940208238,-0.8986402431485098,-0.34872625824677517,-1.0346114907589072,-0.29924131973478557,-0.7936259959205428,-0.23021091877609753,-0.7226091711196491,-0.45985795598194074,-0.7315972269753236,-0.5034017997243279,-0.7882082425885303,-0.43295857581843106,-0.641647706985632,-0.3561215285359473,-0.6089671137890261
7,7_086.png,0.0,0.0,0.2219677129779839,-0.27281994251130015,0.23509191807279545,-0.5709736863162097,0.018248900771043505,-0.7671465380020569,-0.20249912574148177,-0.8570278832838781,0.26270820888673224,-1.0175551193788732,0.16805966730042576,-1.177334045956017,0.06664877564666931,-1.0015398467570458,0.03303115723486671,-0.8675173161355877,0.0,-0.9999999999999999,-0.09700878557913062,-1.2192776065721551,-0.14160511319469965,-0.9737139799602899,-0.121746131131332,-0.8682172342196834,-0.2444673603223484,-0.9030407370461381,-0.34297837245779117,-1.0202364092063483,-0.2942020217309328,-0.7865806216017506,-0.22646695181849594,-0.7079717868587707,-0.44513487988918643,-0.7401420955985961,-0.4927371674665993,-0.7803471890609442,-0.42555794952694437,-0.6395878135402667,-0.3431590195741517,-0.608856518658089
7,7_087.png,0.0,0.0,0.21992424396108176,-0.26503098043098916,0.22987045885732368,-0.5614953453885208,0.009699492847714071,-0.7586887670269757,-0.20424777867775676,-0.8551306977361497,0.26064762421320126,-1.0221894711275834,0.14478921387534152,-1.1582348334646348,0.06326705143994159,-0.9623712693433357,0.0524751492630817,-0.8390775207601266,1.198698025903908e-16,-1.0,-0.10816392997715768,-1.1916190031108251,-0.1389334435904152,-0.9317767000586771,-0.11041782417974715,-0.8441432633098179,-0.24407205124878598,-0.8994638070609894,-0.3433033846152238,-1.009785994576041,-0.29040480461561796,-0.7730939029842777,-0.2223599537262542,-0.711336358249596,-0.44459017294708164,-0.7350395498019865,-0.4844751147142473,-0.7655533385480459,-0.41640920666380643,-0.6208008616042826,-0.3382833802532992,-0.5986988704346574
7,7_088.png,0.0,0.0,0.22238416222605045,-0.2815076997319786,0.23323626399159503,-0.5860311295367047,0.016233418277803568,-0.7706957715407863,-0.20274399838347126,-0.8449907302325981,0.27205614478025875,-1.0190807361823517,0.17232270986128484,-1.1899365112710523,0.05902093383795408,-1.0127326023644534,0.02691181135974909,-0.8752097495913391,4.082757330459914e-17,-0.9999999999999999,-0.10235761419091585,-1.2277033681361789,-0.16867350570861012,-0.9784109046752054,-0.14581716717010526,-0.8658585374502643,-0.252977486822338,-0.901491881281595,-0.3518798026134233,-1.0354278987823946,-0.3230075156764014,-0.8048382811981001,-0.2544725857316314,-0.7145591149166793,-0.45476323513279504,-0.7317315057742928,-0.5119422306804072,-0.7840273084443692,-0.449643695313955,-0.6436134586455837,-0.36047325448948114,-0.5995713135773623
7,7_089.png,0.0,0.0,0.22556398223294366,-0.27014129558226296,0.2393353259567543,-0.5761412211247566,0.02365287084005807,-0.7774405415670361,-0.2066171915443514,-0.8510801926175736,0.27868472741523936,-1.026636978554078,0.1867465431923759,-1.1979387117281952,0.09454107912751496,-0.9981101554555648,0.07504966129768434,-0.8604206021909485,1.2265733476614378e-16,-1.0,-0.09414179844650751,-1.2197512403324275,-0.13806605831658852,-0.9484899333365411,-0.10917997610226597,-0.8420179770603744,-0.25853592923373486,-0.8977083469249958,-0.35193429941645993,-1.0295987689955437,-0.30494085189968817,-0.7859187858198181,-0.23582793662050858,-0.7071747334524757,-0.4658322174569097,-0.7306918791309757,-0.5132371907126458,-0.7944410866186106,-0.44128081659658,-0.6449037397889557,-0.36032713707538067,-0.6019425707207707
7,7_090.png,0.0,0.0,0.23010478172874307,-0.292922663594889,0.24025105961553048,-0.6036723231393144,0.01948929736389466,-0.7966267081115294,-0.20972924619173183,-0.8555507663456675,0.2778958415136568,-1.0182269885050257,0.2144096808213097,-1.2179093712773859,0.07361547873216892,-1.067361034854179,0.005091241636946717,-0.9290105405565833,0.0,-1.0,-0.08697013037337983,-1.2470808974111214,-0.16289100942104315,-1.0060357529587347,-0.1458049801739148,-0.8851891303884052,-0.2551325741014978,-0.8994467770054009,-0.35059221109359373,-1.0633481151203357,-0.3265932975777311,-0.8379222536853205,-0.26264440397870753,-0.7405140586388236,-0.4609008530864612,-0.7238851904914327,-0.5259361383243973,-0.8065098214694391,-0.46230689038770356,-0.6671156802745616,-0.3715047583658498,-0.6063859210533665
7,7_091.png,0.0,0.0,0.21401990524041062,-0.2678731920618728,0.22773287885621163,-0.5678343689920589,0.016789096817029118,-0.7500425377180311,-0.19819517632897657,-0.823534377927369,0.25842961262793185,-1.023560966027382,0.13464213018786397,-1.1492959479550284,0.04023835639865001,-0.954429640659678,0.027518460008973362,-0.8317046277530761,1.9640971618891192e-16,-1.0,-0.11017244700982864,-1.1891474746518964,-0.1562693477121942,-0.9316600312653093,-0.12998992557205358,-0.8328992759178598,-0.23970962630769185,-0.8957221489249405,-0.34534409164022,-0.9974930332630293,-0.3064704181590268,-0.764651007168301,-0.23590820585083663,-0.7003978236598635,-0.43542891332626743,-0.7247232011860549,-0.49408111328951176,-0.7528193630898458,-0.43207677540758166,-0.6151111465078478,-0.3510890149084076,-0.5958593412499038
7,7_092.png,0.0,0.0,0.23155409635729252,-0.2635887544339628,0.25236305901022876,-0.562279689917834,0.026108477435909674,-0.7531551816094927,-0.19537009456536147,-0.8312765927243537,0.2702064206014095,-1.0227956144400525,0.17054698811124924,-1.1726764678199262,0.06785996876061415,-0.9676443324902628,0.0412166839946876,-0.8389654692684159,-4.001558953296358e-17,-1.0,-0.09949585269676645,-1.1975823218519979,-0.1413035182062083,-0.9199177781550039,-0.10917122764486381,-0.8162557196222311,-0.24497216332430224,-0.9000128999031346,-0.3467924507892679,-1.0198244620827728,-0.30276638696130925,-0.7695892362449264,-0.2311288987824051,-0.7025779100585045,-0.4469656965067448,-0.7321972969727472,-0.5039640195818222,-0.7738687223246409,-0.42893876866925457,-0.6176148659780165,-0.3443310231632107,-0.5840685460356799
7,7_093.png,0.0,0.0,0.21116124553768284,-0.2718670063526765,0.22587928942521507,-0.5710727363682234,0.019964832951325392,-0.7626714904686387,-0.19908289235598764,-0.8390063295145045,0.2623044659926806,-1.0241916834461104,0.14500572341855267,-1.1681920007215558,0.06129717910998883,-0.969670752187752,0.052098816654274675,-0.8385133545882878,7.93359992929151e-17,-1.0,-0.10744528763502621,-1.2058616680250955,-0.14322853546058,-0.9395051100413887,-0.11515651140378297,-0.8344219039332221,-0.24405052624872267,-0.8973578019861926,-0.3477588525892481,-1.016072083820773,-0.29827516627947503,-0.7777578164909565,-0.22934446896042462,-0.7004868868616071,-0.44338203213845,-0.7291085115176583,-0.4982541583373113,-0.7742958803956422,-0.43128401725097304,-0.6342872352381974,-0.3518450634069188,-0.6059193415379533
7,7_094.png,0.0,0.0,0.2184131755945927,-0.26751795575606485,0.233606813017154,-0.5642802198955211,0.01519167137023291,-0.7611840761352336,-0.19939181281274268,-0.8590455950377988,0.26226685421141394,-1.01793662274795,0.1558077303724677,-1.1577993306101444,0.07152998469895107,-0.9631146813516951,0.05441380545699929,-0.8392990406123627,3.982068205251488e-17,-1.0,-0.10221205927761168,-1.1979373922825918,-0.1266519192405331,-0.9313955718221689,-0.0986153095265509,-0.8402090185225116,-0.24286847517518237,-0.9024122422568439,-0.34437449643391715,-1.008261881550951,-0.283175037553331,-0.7560638093351474,-0.21403990372811732,-0.6948364247290243,-0.4460793730489447,-0.738685480595764,-0.49086544726263315,-0.7748093698350494,-0.41879238375912514,-0.6216714698664564,-0.3417058962648047,-0.6014441669519782
7,7_095.png,0.0,0.0,0.22501263022670007,-0.2628572716376001,0.26656708032444937,-0.5543443411642062,0.049565663735578594,-0.7371218750532061,-0.1833053140527175,-0.8056291546722745,0.2712427021453933,-0.9989934673655146,0.2379125772297139,-1.16246385376388,0.11448338421271344,-0.9828110402057522,0.054409187302321436,-0.839373492900465,7.831483218399328e-17,-1.0,-0.05329145365588713,-1.171503584675145,-0.1012278238246749,-0.9053602006983246,-0.08187031918707473,-0.8154162856304236,-0.24353111618261963,-0.9173346946487964,-0.3199622066688143,-0.9890020586447609,-0.2686292269808673,-0.7398150711180906,-0.19626006571168914,-0.679626248338399,-0.44323199422312326,-0.7745344399932881,-0.4963814277750451,-0.78058072637042,-0.42843725279888106,-0.6237264581439951,-0.3444727039460305,-0.6016800059176055
7,7_096.png,0.0,0.0,0.21867270332399077,-0.26601870870643846,0.2537014339618112,-0.5518440430815738,0.03891657936563701,-0.7430575080824887,-0.1880272563021777,-0.8279053067544735,0.2711638129240011,-1.0045864284434078,0.23451400061013183,-1.1785098942237504,0.11271635962936653,-1.0093593352885466,0.05124109190925786,-0.8639786289179356,0.0,-1.0000000000000002,-0.06428802300086316,-1.1857730420799533,-0.11181388724808082,-0.9245364684947338,-0.08738383706317908,-0.8325159850478785,-0.24468053776696574,-0.9151891707266515,-0.33139900170004644,-0.9993177232925509,-0.28105936040610385,-0.7513564254345123,-0.20485229452280984,-0.684866765255789,-0.4449286690399798,-0.7711401914831588,-0.5092044234446308,-0.7934526534002133,-0.44340534445976754,-0.6394086651111045,-0.3546053592041442,-0.612525617263289
7,7_097.png,0.0,0.0,0.22976219130157174,-0.2931299502927638,0.2535995361700629,-0.5828550294310564,0.056680753343835225,-0.7688722218480128,-0.17314692254661707,-0.8560902660575173,0.27339062498074096,-0.995288660605758,0.26240311292745117,-1.2006212413158193,0.13351022568912613,-1.0590958799211274,0.05702737853273394,-0.8978390957614371,1.192719092743028e-16,-1.0,-0.026335489683568202,-1.2260366124866318,-0.09284879029435521,-0.9733170786916111,-0.08954643630616821,-0.8577788287122045,-0.2486913879165194,-0.9199285451268591,-0.30524507573885235,-1.0451453806557096,-0.2660572063090294,-0.8001256922529719,-0.20911661810655321,-0.7013029248674668,-0.4568029246409543,-0.7733902987256526,-0.4921405455031026,-0.8309569999295885,-0.4271455811816622,-0.6749783263159673,-0.34658835527957205,-0.6215187560901482
7,7_098.png,0.0,0.0,0.22796712968442145,-0.270024490949478,0.26578567055444,-0.5569824898681909,0.07785711035000943,-0.7586481657309879,-0.1498284386261353,-0.8586660696335807,0.2746265374065408,-0.9960649644715185,0.2565512304615432,-1.1690638017663975,0.15242914858611384,-1.0014069136565673,0.10073525086101225,-0.8503043446456707,0.0,-1.0,-0.023587451880942564,-1.1935279529675833,-0.06660200305332598,-0.9270443472125518,-0.05692160375793185,-0.8354739868746262,-0.24817065450354533,-0.9196241886592312,-0.2858500684440247,-1.0026110665146062,-0.23399292606326447,-0.7443984378651894,-0.17884068973585945,-0.6725780845900011,-0.45725933556818626,-0.7770123263800442,-0.4672127456239043,-0.7880934527006864,-0.3940469835446743,-0.6248760917910425,-0.32068984210066515,-0.599508187941508
7,7_099.png,0.0,0.0,0.24303245174400054,-0.28007683529917526,0.2763948046401081,-0.5772125841374854,0.07456781057177304,-0.7908685740619349,-0.1651151624237481,-0.8937940972491335,0.27836415445138224,-0.9946129742397398,0.2862551324497947,-1.2157211432297452,0.18345622134962816,-1.0929861692493548,0.10673305891757516,-0.9269485748340947,0.0,-1.0,-0.008557097595203757,-1.2428812624946126,-0.053988004957864495,-0.9931589846421421,-0.06321517986979086,-0.869852956464755,-0.2562116384758679,-0.9159723142542203,-0.28819893517949546,-1.053104311493334,-0.2310164841298863,-0.7917974390222579,-0.18603869461335498,-0.6834862365712987,-0.481324951078281,-0.7648398351521262,-0.4767318944310259,-0.8348433496132003,-0.39914982521278,-0.6687393593678237,-0.333467132618738,-0.6144439501931219
7,7_100.png,0.0,0.0,0.2449762198057011,-0.2877931305205341,0.2748249541306389,-0.5940311063757586,0.06831461958760414,-0.8205967864479653,-0.16712405495441016,-0.9364979267706828,0.27390454673704295,-0.99610722597695,0.2823017826819809,-1.2314187993529075,0.18503408684161549,-1.1152561730639197,0.11177170610243292,-0.9454239349889783,4.0455305953921985e-17,-1.0,-0.006888275814715489,-1.2549794358179642,-0.04952225884254209,-1.0109346830492827,-0.05976804086756339,-0.8744716184357599,-0.25578391347277446,-0.9162997685827342,-0.2928648078184727,-1.0678145694817842,-0.23282463642021986,-0.8081896671822968,-0.18729656212538037,-0.6925190761590367,-0.4851038246501803,-0.7646855542159828,-0.48261089526900547,-0.8608734012374225,-0.4049912886605191,-0.6907970655372895,-0.34121945914014845,-0.6242071495497225
7,7_101.png,0.0,0.0,0.2400415597741156,-0.27807158222626677,0.27280562716454027,-0.5875735687411658,0.08805635014756844,-0.8219869764561556,-0.14256518717575925,-0.9459634921279944,0.27876860370674905,-0.9979510977715782,0.29249916092696104,-1.2346596404801085,0.20686263240696742,-1.1275319946407252,0.13596086627308318,-0.9517718923643822,1.221478838819295e-16,-1.0,-0.0037101029209300053,-1.25836251316555,-0.03777951427712559,-1.0037980831468387,-0.04417150815777738,-0.8782174649357284,-0.258903277717359,-0.9155798194180828,-0.28347979419451325,-1.0687425876644532,-0.22087105462557174,-0.8064193116767887,-0.18314405294237426,-0.6980882395617694,-0.49082344391148686,-0.764825169464157,-0.47531979687885734,-0.8439298480382794,-0.3962633335572865,-0.6734061489981191,-0.34088348942950936,-0.6158143331560372
7,7_102.png,0.0,0.0,0.24121049872532635,-0.2754310053149947,0.2766838373373649,-0.5821713489373019,0.10897101725623758,-0.8241490167043499,-0.1171580350849168,-0.9544654829873144,0.2781941237476815,-1.003259101926476,0.2902140046099569,-1.2478119606866764,0.22305581379003167,-1.1605082233198003,0.1675256789570575,-0.9719915751809907,8.176537191052443e-17,-1.0000000000000002,-0.005452136565552711,-1.2736554836968093,-0.03971106637714839,-1.02302477488443,-0.03815806783822635,-0.8951603085604055,-0.25700794736139787,-0.9129472312639115,-0.27945645422999793,-1.075591383145633,-0.22125276850280365,-0.8177537745825891,-0.18509969544667984,-0.7043737079765114,-0.49138467328327085,-0.7585464057874083,-0.47644540264335783,-0.8487434818523981,-0.39894013720933497,-0.6806632792359056,-0.34406432984558305,-0.6180191305426525
7,7_103.png,0.0,0.0,0.2428517211740266,-0.27376547534283696,0.28185268853542117,-0.5705602125955076,0.12630352329600975,-0.8143701282926754,-0.09726218756015485,-0.9571668379135082,0.2791401339665068,-1.0046214050947153,0.2908396394087988,-1.2393723836264925,0.22247129804141008,-1.1591281366963977,0.16319737340771118,-0.9702506478788532,0.0,-1.0000000000000002,0.0010712062192990215,-1.267088466718683,-0.03679886276229045,-1.022963914740561,-0.03655471152016973,-0.8964468112302936,-0.2574121057368567,-0.9126559209788998,-0.2741295904539071,-1.076124674664136,-0.221444679602014,-0.8276679984732014,-0.18924650142141677,-0.7115595988723092,-0.49470015151188823,-0.7579158920538078,-0.4774170258195544,-0.855958281576233,-0.4007965176184178,-0.6919252678197516,-0.34665348265523543,-0.6236876158380464
7,7_104.png,0.0,0.0,0.23885599475637745,-0.2665128003610287,0.28524191472523797,-0.5672597207110044,0.1375635786742817,-0.8045414082400884,-0.07708989457162822,-0.9455193121160723,0.27837632914522387,-1.0052983298674936,0.2922521854007239,-1.2207557947451484,0.23275371936267433,-1.133588658238737,0.18054940576503728,-0.9503691587293495,-4.030558284964934e-17,-1.0,0.010017285478471983,-1.2415424789451273,-0.018945146116045565,-0.9885435429954469,-0.014916521675595613,-0.8800407172917204,-0.2536797388497222,-0.9121474367996689,-0.2616429869302352,-1.0547496980475684,-0.20548607454362322,-0.7941251337150318,-0.17368030956935465,-0.6930113375063949,-0.4856699734526723,-0.7599625628217472,-0.46382135741204966,-0.8399382176110717,-0.3864394674188363,-0.6712890899192884,-0.3348502432647561,-0.6175138518826507
7,7_105.png,0.0,0.0,0.23644466843193396,-0.26153675325351955,0.28815107849857174,-0.5545499338321292,0.15802867003492188,-0.8030131387169471,-0.04927461190617927,-0.9598852021766769,0.2812074580546419,-1.0092436192310974,0.2913650499548095,-1.2455740827407669,0.2351559513036901,-1.1504288225576513,0.17751982685728873,-0.9536567617297453,-4.0762393258278706e-17,-1.0,0.0003261388708907581,-1.2617285461563343,-0.02218259883366017,-0.9911397881897499,-0.010932899033188797,-0.8883816865290953,-0.25489829714310397,-0.9150343289763091,-0.26522783980639847,-1.0709264328659995,-0.1999997667787572,-0.808767424479094,-0.16804174947217776,-0.7156332461556997,-0.4895218994480326,-0.7694002996041218,-0.4686707413479569,-0.8517265829495991,-0.3866503919652732,-0.6790741792516295,-0.33646639114817084,-0.6260067430450398
7,7_106.png,0.0,0.0,0.24138074253804742,-0.2727319725311198,0.2841397818717631,-0.5808156519461375,0.13408861272581027,-0.8287504218043633,-0.08731392413973472,-0.9669226380317633,0.2801417645360291,-1.0081731052056866,0.2949891538970851,-1.2414546872967966,0.23343062933667696,-1.1518378111371816,0.17680352942077018,-0.9586796449604764,4.071361180250875e-17,-1.0,0.00523686370176609,-1.2585165126391717,-0.021099345031285348,-0.9978886323064076,-0.015507178511886103,-0.8863099681967745,-0.2554611352774063,-0.9129142272359849,-0.2622183886512763,-1.072924669828372,-0.204000274168351,-0.8130288684803397,-0.17707908531931205,-0.7114777430694275,-0.49034274232031516,-0.763071076591024,-0.4627675805189439,-0.851517780414747,-0.38555072893219344,-0.6800401165506758,-0.3399673819292698,-0.623842873097696
7,7_107.png,0.0,0.0,0.2349485265532144,-0.2748716549381279,0.27910845121245775,-0.5885700804891906,0.13386207838562,-0.8396020750837974,-0.07896911184679188,-0.9899328654999395,0.28612480907900417,-1.0108953884457366,0.29625103757850024,-1.2731754937540676,0.23970238526583196,-1.1539659542841094,0.1879848658215657,-0.9534054110954432,1.663600546573156e-16,-1.0,-0.0024382352160498056,-1.2938727037457618,-0.01944534667059761,-1.0143010474932828,-0.01090382705021607,-0.908161186031591,-0.26359930854699676,-0.9117747705618742,-0.2754486763645489,-1.0982543683363313,-0.20288506894699762,-0.8131838193910421,-0.17347707464107281,-0.7133689802818859,-0.5052551849619917,-0.7631797371649809,-0.4787546061160551,-0.8661573775423994,-0.39173781374643957,-0.6780272638227193,-0.3476397450081005,-0.6202802317836146
7,7_108.png,0.0,0.0,0.23597163833474283,-0.269279099591904,0.273487477201876,-0.5809448897292269,0.11328101194998565,-0.8369859810424177,-0.09810901236023785,-0.9886165574322804,0.28300415814219004,-1.0120242732952542,0.2878935235862198,-1.256235384101502,0.22343825648814128,-1.1416659677549696,0.16967302100790127,-0.9493035173747711,4.0986352574892604e-17,-1.0,-0.006332041860215354,-1.2668599053234257,-0.02694533010876596,-0.9889725220290777,-0.020046405106593886,-0.8819512038299826,-0.25920132803879403,-0.9102939600894738,-0.274827847476894,-1.0681269701117098,-0.20559519812216784,-0.7961504829386227,-0.1734451555375817,-0.7034945236085512,-0.49636337977557604,-0.7609203624067795,-0.4713879579601067,-0.845998328615133,-0.3875506948265959,-0.6657380463736193,-0.3417581586852297,-0.6136880670831978
7,7_109.png,0.0,0.0,0.22824839662425328,-0.2691919549888241,0.28070490603495135,-0.566690428598128,0.15792853714020388,-0.8104146506560365,-0.04217986021809087,-0.960331998288381,0.28305694257863845,-1.014283384336233,0.27694080579877195,-1.2544286403091436,0.21718800899453966,-1.1438614614069913,0.16438003220126715,-0.953912279507618,-2.0321578175170924e-17,-1.0,-0.007640296461018315,-1.2656139799283455,-0.025874637805832844,-0.9801872698834536,-0.010016359230033134,-0.8849365934611527,-0.25584855556722197,-0.9124429707677739,-0.274148177087513,-1.0769952034996886,-0.2051971417432294,-0.8008607927239287,-0.1720468684621839,-0.7106695581823725,-0.48834448523252894,-0.7661647144113714,-0.47374905775375414,-0.8597226605380709,-0.3925167002018036,-0.6782532684942442,-0.34696237152602116,-0.6246663677797879
7,7_110.png,0.0,0.0,0.22336000744798065,-0.2563802939276505,0.2797918268840066,-0.5384488501489137,0.17478534665549356,-0.7841819908859743,-0.02766703908845285,-0.9394793116181007,0.2863673185593073,-1.0156219556782575,0.2865760364780319,-1.2517061629326791,0.2295200208589373,-1.1658650210113306,0.16829614952018726,-0.9706986829445605,1.6333462597410136e-16,-1.0,-0.014571246240214024,-1.2647326992863306,-0.031193663494448187,-0.9812564532840515,-0.011539877438031003,-0.8868333973993374,-0.25496108354016356,-0.9112803537332753,-0.27695427228340874,-1.0748774565320278,-0.2063229514492537,-0.808758754799624,-0.17319769407023783,-0.7168825625530543,-0.48813688822004997,-0.7644931998129442,-0.478429750056733,-0.8606594921890777,-0.3952129898330484,-0.6881712936832739,-0.3458182477683463,-0.6336912627295993
7,7_111.png,0.0,0.0,0.2230704023425264,-0.2482481589657794,0.273971180753388,-0.5485019255282922,0.13939137440160906,-0.7988531654063737,-0.07012475272537746,-0.95262798651541,0.28188800244158696,-1.0143069931834994,0.2644588614947275,-1.2394036565744109,0.214298133527501,-1.105305323059845,0.16942462157243574,-0.9268110847199333,1.207956375376311e-16,-1.0,-0.019801398407594026,-1.235175488123867,-0.02315458043944945,-0.9343444395644206,-0.005895347472244362,-0.8621322688743593,-0.2542435132968686,-0.9111690774326359,-0.2814120944037017,-1.0617137329310782,-0.2008862725705821,-0.7795117958955456,-0.16685428520370685,-0.7103723668054149,-0.4817970236210936,-0.7662587932766923,-0.47303346733544027,-0.8496835921789765,-0.38885293947282756,-0.6668817383137683,-0.3459517877474903,-0.6265945482779336
7,7_112.png,0.0,0.0,0.22458717275742324,-0.2726453674987841,0.26243658598868247,-0.5807194497594051,0.09967728113748682,-0.8252376771881553,-0.11765600974712298,-0.9523977311736398,0.27883006305981856,-1.0057530659125204,0.2739499979592896,-1.2471805954197215,0.19424754522505486,-1.1172750545105075,0.1390437310449287,-0.9403073097963548,1.617323671343856e-16,-1.0,-0.024512813570974408,-1.2526721701127717,-0.045997958543968334,-0.976270107966611,-0.03000933314660024,-0.8809107890536253,-0.2554001741707867,-0.9138643996286155,-0.29170086698127773,-1.0605908344527817,-0.22053879409941435,-0.7900669665964134,-0.1724775299253787,-0.7083285708413779,-0.48208786717622676,-0.7698623071203369,-0.47671906691007493,-0.8424516479107071,-0.39555043678423374,-0.6647547103996698,-0.33807777761288266,-0.6204063908679482
7,7_113.png,0.0,0.0,0.23150156721232537,-0.273129330211928,0.26216865663772665,-0.5812133434384272,0.07880954499171972,-0.821571316934709,-0.14500932611678613,-0.9549627104006984,0.2755569557244102,-1.0043238217533974,0.2663107134215989,-1.2340191898929846,0.18103961573693758,-1.0827619329650633,0.13099906381179469,-0.916625230843852,0.0,-1.0000000000000002,-0.02282222577346561,-1.2543240802036237,-0.04812223903751388,-0.9872974741403804,-0.038788406732779966,-0.889624636528975,-0.2552111875012967,-0.9123599029498161,-0.29122624455815377,-1.059772003051734,-0.2209613044133474,-0.7914221711217863,-0.173939910684391,-0.7051395240495064,-0.48056938787510484,-0.7647683025913882,-0.4758681650929113,-0.838910792713708,-0.3926963877030077,-0.6646596595673043,-0.33077310002750526,-0.6185170680111778
7,7_114.png,0.0,0.0,0.22526911693153298,-0.27487808560657945,0.24504644619219884,-0.5774039319276193,0.04535851676921813,-0.8130532113200462,-0.1748100643954461,-0.956342692692448,0.27171473226978277,-1.0064711116897815,0.25632272343049434,-1.2155471765168764,0.16874772027314427,-1.0566357932897115,0.1291084316878711,-0.9014102941138765,3.9667449772862986e-17,-1.0,-0.03387858566945112,-1.2436337327594533,-0.06116053792777245,-0.9761605008610319,-0.04276558977393956,-0.8769181963423783,-0.250077356557353,-0.9104801984250861,-0.29555087845900835,-1.0552197848225409,-0.2316823535512011,-0.7864507860994437,-0.1796840939590014,-0.699338266604589,-0.4691846815341621,-0.7597919518373779,-0.47520207657452784,-0.8304972768293774,-0.3933815669649711,-0.657894370847741,-0.3245555152738232,-0.612492083055114
7,7_115.png,0.0,0.0,0.22530867598610155,-0.30395067124752684,0.24936559111604922,-0.602799178570273,0.0563418744972674,-0.825101295568362,-0.17481640313307556,-0.941195326549226,0.2712948216296405,-1.0120589882917326,0.2447530187158424,-1.2198340761483077,0.14150835032500775,-1.058875432432308,0.08932167884715636,-0.9019578108005885,1.5946379444755313e-16,-1.0000000000000002,-0.04069034974201305,-1.24512195688594,-0.07461462038110049,-0.9836752701803069,-0.05924678372724526,-0.8752475325561516,-0.24991142125586518,-0.9079095204810452,-0.3083294913691127,-1.0671296641676689,-0.2462164893284537,-0.8099652475505618,-0.19340760372358412,-0.7073018095523581,-0.4644896851702048,-0.751277052988638,-0.48775139521574934,-0.8445870689608316,-0.40676333706217016,-0.6802336604593326,-0.33257828858022837,-0.6189815590105913
7,7_116.png,0.0,0.0,0.23320148301638982,-0.30485368163716725,0.25876118424383376,-0.5995000881585449,0.06341344307719239,-0.8100099909670305,-0.16833642878929292,-0.9107322138190791,0.2702868196145702,-1.0075162347455702,0.24404780380311908,-1.2283443528957865,0.1272308685310371,-1.070392550231849,0.07313615702374955,-0.9098726919323601,8.00807820182992e-17,-1.0,-0.0481344967796159,-1.2582223169795599,-0.09484435102331167,-0.9982630552244652,-0.07457594039861043,-0.8782430111450136,-0.25038463751383433,-0.9105378445447576,-0.3218852269454903,-1.0737994321409652,-0.2655978243649899,-0.8121890893188943,-0.19971652540308688,-0.698373308394182,-0.46144396213691935,-0.7524883361099821,-0.5072007842284266,-0.8384896467421731,-0.4284769839617358,-0.673804444743958,-0.34118111473368984,-0.6098722802708801
7,7_117.png,0.0,0.0,0.2290177410724537,-0.2931753266204426,0.2516259944031568,-0.5954351541626624,0.05358221348325008,-0.8134084948837842,-0.18028441832219408,-0.9030605701844645,0.2718142453874398,-1.016435537849293,0.22074917441952052,-1.222891077430554,0.1208700323602676,-1.052513040486194,0.07582934070852504,-0.8997393581251308,-3.952560067496718e-17,-1.0,-0.06295125178830051,-1.2268927861446761,-0.0944197085087096,-0.9506198003411485,-0.06538657114996256,-0.8498117983641836,-0.2489309642800659,-0.902588242920126,-0.3220612454599031,-1.064643358019458,-0.2646448037714453,-0.8144237237854361,-0.20508541355273557,-0.719570817573194,-0.4569575679229379,-0.743412890532438,-0.4992463718712982,-0.8367687717814587,-0.4290789569454126,-0.6845909784179299,-0.355308328024317,-0.6271720178836394
7,7_118.png,0.0,0.0,0.2183152692623656,-0.2889988880126254,0.25173098665046184,-0.5980803789795148,0.051281072348088395,-0.7848142726186811,-0.18031446020443326,-0.8346546226088668,0.276331644137429,-1.0261245552016778,0.19856292430095512,-1.210495969457799,0.11063516118722037,-1.0021822695974045,0.08919962854568102,-0.8661818105224194,1.5579300565182395e-16,-1.0000000000000002,-0.08867175022415104,-1.1977189610935923,-0.103802620351594,-0.9072495026697391,-0.06377912027972989,-0.8193649495784299,-0.2490508163885989,-0.9034620786991943,-0.33257116200929715,-1.034560924644141,-0.26415056817143195,-0.7642574820620601,-0.1895577724950316,-0.6973806165494898,-0.4498919401679149,-0.7485280176919415,-0.4934560331623674,-0.8083810464651087,-0.41556248611743446,-0.6436275771577757,-0.3387010151659262,-0.6081396830785677
7,7_119.png,0.0,0.0,0.2238419428566967,-0.2749822351486552,0.25852943420651214,-0.5843744796824563,0.05695389479163512,-0.7767072802439924,-0.1663101696524282,-0.8360965692810013,0.2763077709027924,-1.035710997388759,0.1733371829608854,-1.1742750628708807,0.10607789346555214,-0.9508774016103108,0.11202664054688194,-0.8292945669356241,1.1490019104770995e-16,-1.0,-0.10047053304223522,-1.1682939903630347,-0.10833549975514382,-0.8765378086241401,-0.061729285809258065,-0.8011477592760052,-0.24606114508860744,-0.8915572963219683,-0.34097156705029336,-0.9982863227074072,-0.2694945235658313,-0.7318176374121287,-0.1886445350956643,-0.6773880369966171,-0.44615398457557687,-0.7274611660887268,-0.4981107581036737,-0.7882720982351171,-0.41922301295976555,-0.6308528362438739,-0.3383368308481565,-0.6038433077807378
7,7_120.png,0.0,0.0,0.2295496069947523,-0.2585578278679181,0.26186672834317254,-0.5626074579283746,0.05071694748102943,-0.7530127362788152,-0.1717494557687413,-0.8209497369383043,0.28103146104773996,-1.032631166978557,0.1667982309225896,-1.1641279976723473,0.10406574804522176,-0.9244969361255416,0.12135016460160761,-0.8050226551576126,0.0,-0.9999999999999999,-0.10314267041327592,-1.157929467079392,-0.10743807171860636,-0.8524241419048235,-0.057020610430489185,-0.7746321124481308,-0.24983091526672493,-0.8945038248375797,-0.3420784840950347,-0.9864516482799043,-0.2743204369736598,-0.7147950453776692,-0.198163955850857,-0.671724738160093,-0.4503833314566903,-0.7299546225567083,-0.4908645538864683,-0.7562375477841483,-0.4076930893175443,-0.5886177409410767,-0.3304444965916466,-0.5691217706695544
7,7_121.png,0.0,0.0,0.22397690714143306,-0.24282560444015483,0.2566749007659903,-0.5371578563492369,0.04740989455098606,-0.715617340067405,-0.1659857317129846,-0.7886502827525632,0.2707848567763817,-1.0273784615879862,0.1551571575692056,-1.1150687718300052,0.08819878114610481,-0.892386668505435,0.09982324967493403,-0.7875556291267299,3.6939207106455484e-17,-1.0,-0.10749728687573586,-1.107557145290615,-0.11604250198092526,-0.8164713053659397,-0.06814891355445081,-0.7492088957780075,-0.2428639522836949,-0.8937026682678773,-0.34340360284961996,-0.9456964833092824,-0.28193459020125944,-0.6836212889407403,-0.20370084362808288,-0.6533534844018849,-0.4366484545298894,-0.7239182302020406,-0.4899103412788597,-0.7309790105585818,-0.4069999239496348,-0.5633673610110032,-0.3261178507856183,-0.5475076313870155
7,7_122.png,0.0,0.0,0.22375128824750437,-0.25635304499619743,0.2534849164141295,-0.5548143452389059,0.036453227574555616,-0.7254768702958538,-0.17829516451184416,-0.7861587421590706,0.2686518301173448,-1.026963972362743,0.14171309300017637,-1.1158417640443998,0.07346630418198831,-0.8961839846262726,0.0839166401719258,-0.7847493197412679,1.4734771073965042e-16,-0.9999999999999999,-0.11474937053160228,-1.115403307013181,-0.12738343921734904,-0.8284647995034742,-0.07794505312497553,-0.7496292994658866,-0.24075122296889068,-0.8941015755860542,-0.3494504882567402,-0.9587957085394199,-0.29446192719153763,-0.703963149058887,-0.21566498244602503,-0.6640677434217349,-0.43494898614341576,-0.7228944886602463,-0.4932472453947207,-0.7383914207369033,-0.41469891420402727,-0.5781756061556848,-0.3304119257008846,-0.55694658397812
7,7_123.png,0.0,0.0,0.22810654122490526,-0.2549174439625872,0.2534756955479358,-0.5499987941281406,0.02894827946019048,-0.71826945749839,-0.18759094874814933,-0.7804772353744245,0.2684594733023317,-1.023776071158168,0.14225462485660442,-1.1028886816102008,0.07004667801095392,-0.8908324892225012,0.0746255353031135,-0.7834409220423229,1.0975826439316419e-16,-1.0,-0.11499969306275211,-1.1011663263811624,-0.1301663706258552,-0.8209998862192688,-0.08220122994733835,-0.7441492985812352,-0.2418423461192955,-0.894184956606205,-0.3497611756655088,-0.9506873955590318,-0.2948070044574216,-0.6945918793284747,-0.21520939873302602,-0.6530004454806881,-0.43676408186390586,-0.7184662676820793,-0.4970190834271882,-0.7380919428068061,-0.4145076761543051,-0.5729236460176224,-0.3281699759163774,-0.5448196861431931
8,8_000.png,0.0,0.0,0.3760878498546523,-0.21379841542384748,0.6581690048769279,-0.5585530207108594,0.9019737470026191,-0.8706225255800341,1.1479939099082892,-1.0442989566850758,0.26366179353634916,-1.0926634936613067,0.18351531366487456,-1.4932922043256525,0.12721791807479643,-1.7630098463314348,0.053161347142951405,-2.0099468636761193,1.1043302567663415e-16,-0.9999999999999998,-0.11009640516501971,-1.1460804173872683,-0.03154901426176125,-0.7820420257585139,0.06054577341399093,-0.7588452525609146,-0.2282325041814256,-0.8544053523385459,-0.3465049988238625,-0.9650969331144216,-0.21765784261411106,-0.6616909686227473,-0.12171756338339698,-0.6712551590150835,-0.4287412455189016,-0.6889910745007866,-0.5314171138716575,-0.8015409177684687,-0.4029008522455811,-0.5940485234517016,-0.3241102917057782,-0.5449240993471932
8,8_001.png,0.0,0.0,0.3743576228162502,-0.22378606980051682,0.6523043786667488,-0.558084881787921,0.89928662460923,-0.8613725070126105,1.140840773359268,-1.0369048008643267,0.2654905111851019,-1.0946151217264946,0.18573222271935863,-1.4907326999904331,0.13432045017239022,-1.7517344014502985,0.059768262853634097,-1.9960322962281727,5.455750360519625e-17,-1.0,-0.09805981431273283,-1.1371128278689444,-0.0153491432914544,-0.7735692885920242,0.06773837769118754,-0.7564420529435822,-0.22966019749737354,-0.8517396481624326,-0.33141530962659077,-0.9595915614243832,-0.20230060728937843,-0.658641346119639,-0.11678942166344601,-0.6774809973728442,-0.4272428899980795,-0.685452925148079,-0.5151110293504464,-0.7959779877308095,-0.3873756449996908,-0.5950105112127604,-0.31638242717069043,-0.5526758330745678
8,8_002.png,0.0,0.0,0.382687522069068,-0.21343572610979814,0.6699663679049969,-0.5618828155970098,0.9120744910052966,-0.8755724936237096,1.1521012825134125,-1.0538102007805772,0.2677962046295686,-1.0954992351916106,0.18175347720774435,-1.5030144231661278,0.12908718096167696,-1.7677816968540359,0.057834420221969426,-2.0144669395652137,1.1038787037379431e-16,-1.0,-0.10829538427895437,-1.1453846421284042,-0.025652244682720062,-0.7834510399931653,0.06371183149556008,-0.7645657591117817,-0.23047545175362183,-0.8480354732530552,-0.34182785467486826,-0.9596167462602755,-0.21249588131989974,-0.6585715097862312,-0.12068767743682275,-0.6722241127705981,-0.42969198552212295,-0.6772196666943382,-0.5218588108398623,-0.7961072330187441,-0.3958360802425321,-0.5916912178563702,-0.32287695436728825,-0.5460652810307747
8,8_003.png,0.0,0.0,0.38340379174879946,-0.21212346380723437,0.6705802715995327,-0.561433095637159,0.913838858652432,-0.8736940828889593,1.1562387842933415,-1.0496425384517927,0.2693089940269505,-1.0925869495628997,0.19083160866854096,-1.501651967196593,0.14179972734800728,-1.7693569621994127,0.07102709900459718,-2.018292030284003,1.6526607871269411e-16,-1.0,-0.09988953008241389,-1.1403683836287217,-0.01765266129653831,-0.7766751054564357,0.06669601605763636,-0.7613159123357127,-0.23119840428091676,-0.8498719342680924,-0.3363983863200356,-0.9578416258968101,-0.20654268741137569,-0.6563765411183776,-0.11803128355388182,-0.6743779642758575,-0.4325548687589066,-0.6799408726232549,-0.5209507817409814,-0.7954038771841282,-0.3941340368055351,-0.5907169658723074,-0.3231921165274294,-0.5471685934303211
8,8_004.png,0.0,0.0,0.38345341928824533,-0.21962514236570274,0.6666708920653561,-0.5695095748204808,0.9066588131233679,-0.8815271074445208,1.1446848842440478,-1.0592340713678605,0.2675583942157977,-1.0934879253974705,0.185775387168597,-1.4973386429128681,0.13971376634105037,-1.7587511464396375,0.07317332696517463,-2.0047497306713633,2.741002166801617e-17,-1.0000000000000002,-0.10185888229444932,-1.1402405173991184,-0.01877925179313469,-0.7744597642720498,0.06972488331580438,-0.7549975390297785,-0.2281910440116462,-0.8494804028923597,-0.33919759175704517,-0.9546381766892471,-0.20742977118318429,-0.6490141055511781,-0.11062570876450815,-0.6621791169246555,-0.4264823125969269,-0.680593822752844,-0.521781032144219,-0.796900483768197,-0.3946733003539741,-0.5904932284419065,-0.3179519969826563,-0.5439328034372926
8,8_005.png,0.0,0.0,0.3804699462654277,-0.21625879941680873,0.6633332168263545,-0.5611234250518646,0.908133098847067,-0.872027718406539,1.1484655574611784,-1.0519285408257486,0.26964046879115827,-1.0931745450737482,0.19244606436256118,-1.4937886494580468,0.14611679091275268,-1.7577225164191834,0.07732814527506232,-2.003700917162766,1.3705189675979555e-16,-1.0,-0.09998224424724733,-1.1393449577199402,-0.01984782495918381,-0.7733165716371287,0.06780987079879117,-0.7581172133896376,-0.22990333637816368,-0.8490524379689763,-0.3371691653795093,-0.9521440532629349,-0.20727012273909143,-0.6489833330674404,-0.11254250613338479,-0.6686871285862777,-0.42793191645563317,-0.6804990963615802,-0.5194536120179506,-0.7942812810838066,-0.39429133634400687,-0.588998548917509,-0.3196542660626247,-0.546576166595337
8,8_006.png,0.0,0.0,0.37688172800905567,-0.21159057326985167,0.6620917818080384,-0.562641292041782,0.9066864491028597,-0.8753451688263162,1.1507551868467694,-1.0495708604973022,0.2675442065819919,-1.0916039209607826,0.18829995124170446,-1.493693220765292,0.13609807307132293,-1.7577810928695365,0.06524613366081052,-2.004454474120788,1.1056381763991786e-16,-1.0,-0.10610592926053969,-1.1333124190526958,-0.02569133667192381,-0.769283424267601,0.06216667366016025,-0.7478016968770812,-0.23013443504983797,-0.8498085578088451,-0.3433259413248068,-0.9488951471653718,-0.21390196024914984,-0.6484106830828227,-0.11886894880297308,-0.6606827611245374,-0.42855727620487044,-0.6819217612023359,-0.5227748891590226,-0.7889992644827041,-0.3992802013035748,-0.5835668238515774,-0.32188477280233385,-0.5395311491401528
8,8_007.png,0.0,0.0,0.37993114490651214,-0.20964504266708697,0.6628662823125117,-0.5588414836330194,0.9073952990855912,-0.8678644808073406,1.1551263252450104,-1.0405560597970804,0.26975212911387547,-1.0897268874779378,0.19584041426519183,-1.4937136661844335,0.14585036908882407,-1.7597683037638787,0.07468810575614145,-2.0051956354258524,1.6635782398527185e-16,-0.9999999999999998,-0.10429049578703968,-1.1370597731326828,-0.028056117354085235,-0.7715402395496991,0.057153461253708654,-0.7445115457280628,-0.23252840237213082,-0.8499339386617039,-0.3425815821269211,-0.9523537361639407,-0.21597482977317198,-0.6519932431809037,-0.12554173978396976,-0.6604616152880619,-0.43356256110455554,-0.6809668431313072,-0.5257841214159648,-0.7921096444130774,-0.4042707494563233,-0.5868665157995862,-0.33007255439943906,-0.5417222556588901
8,8_008.png,0.0,0.0,0.3779267290645431,-0.20840070489465837,0.6592638469190075,-0.5613304551619488,0.9051318058277492,-0.8757178693151375,1.1544696669017074,-1.055630998613496,0.269357355845534,-1.0902011788869117,0.18652114037168524,-1.495006694656743,0.1301083143836502,-1.7629587885761302,0.05841041125383524,-2.010328431966015,0.0,-1.0,-0.11505546742732238,-1.1360377208173242,-0.03994957386367659,-0.7716113752567779,0.05417205898704605,-0.7495316895710782,-0.23211282342049908,-0.8533187841692377,-0.35176066017211666,-0.950028574848337,-0.2275543819382192,-0.6497323624465335,-0.12729341282533035,-0.665631743785234,-0.43044581770365264,-0.6896145166081821,-0.5323285032327483,-0.790371275576908,-0.41005414029330606,-0.581639481504966,-0.3278752281426108,-0.538507293862119
8,8_009.png,0.0,0.0,0.38133126935198225,-0.20456815771709144,0.6673190573148972,-0.5625896647231796,0.9112218548376765,-0.8812407200851307,1.1606834776972128,-1.0604236204488713,0.27044933035925584,-1.0902228820439228,0.18391668002087974,-1.5024426952246002,0.12406890389246396,-1.770000900457024,0.04960410151454732,-2.019893611873751,5.611344074542394e-17,-0.9999999999999999,-0.11923761151360665,-1.138667154971755,-0.042121888895322875,-0.7724836311854969,0.05281365894184422,-0.7523912903600255,-0.2320840404352658,-0.8535721049454357,-0.3550940575517121,-0.9510189041198092,-0.22903121058506665,-0.6472342174150058,-0.12610057075291145,-0.6634463343346716,-0.43017328575834407,-0.6907221267094754,-0.5349871137141166,-0.7916175412282951,-0.4119548640358536,-0.5813494772416614,-0.3278500285386875,-0.5387869021710323
8,8_010.png,0.0,0.0,0.3857415535200219,-0.2004013584678747,0.6760535678338991,-0.5539786172373843,0.9211744712898399,-0.8740748127940214,1.1684506684037061,-1.0485561305019255,0.2697715456510833,-1.0856537300873528,0.18723608966235358,-1.4979653384234846,0.12963081566436116,-1.7651226150696913,0.06028878692932591,-2.0192955849050076,-1.1287488947734029e-16,-1.0,-0.1154203795033658,-1.1398780990065693,-0.043706667569235635,-0.7707578270812577,0.05447789078789502,-0.7537322221300947,-0.23093025448627197,-0.8579970453789875,-0.35406581371291035,-0.9561632970562717,-0.22991918666666117,-0.6526547611339412,-0.12362927159202283,-0.6716904114060608,-0.4270719178193417,-0.6951414769020657,-0.5351652742463701,-0.7978849471997951,-0.4113619828906695,-0.5855676626697013,-0.3294972636147341,-0.5414442609653862
8,8_011.png,0.0,0.0,0.385381677393818,-0.1957938382744082,0.6723881259802705,-0.5475212478726038,0.9232378992475315,-0.86448768909865,1.1740685264936521,-1.0323856715703181,0.27043499337711774,-1.0857970908110217,0.18738612064988794,-1.5006032431717191,0.12930626004266108,-1.7683197387884733,0.060815113424207534,-2.0256738431616315,1.1338773102823413e-16,-1.0,-0.12009715162151655,-1.1434923735693814,-0.0453665447931459,-0.7733527903790386,0.05556694240472612,-0.7526278325868136,-0.23163940064010818,-0.8585371180645954,-0.35705407861805094,-0.9588739048203602,-0.23281285948387936,-0.6528774198066082,-0.12451606127822312,-0.6707616774403695,-0.4270981182952855,-0.6973692059708353,-0.5369423328944748,-0.8009199562942961,-0.415845323520034,-0.5864277130084683,-0.3335134813672133,-0.5409034704454326
8,8_012.png,0.0,0.0,0.39214039224319425,-0.18598985794906692,0.6892543758972975,-0.5426986001753379,0.9446538945540155,-0.8668596007371182,1.199328012850055,-1.0425829188162046,0.2785433459925521,-1.0928844874651935,0.17965079239983597,-1.5200567044400037,0.11481726182472582,-1.7922642004885685,0.041055511717845126,-2.0438873722492588,5.719294115381473e-17,-0.9999999999999999,-0.1264498935055188,-1.1465998933684,-0.05062392631434929,-0.7792016029051491,0.05294089827984121,-0.7515452441912293,-0.23741856593041727,-0.8487149974597856,-0.3650477674572557,-0.9554602187654788,-0.2380567877077077,-0.6483391571200069,-0.1229173040698585,-0.6535857205990273,-0.43518128637550446,-0.680437259348604,-0.5420716580032289,-0.8007238749494893,-0.42159979991738783,-0.5906353464973777,-0.3349646438102544,-0.5412986626301358
8,8_013.png,0.0,0.0,0.3901791868929035,-0.18358458847617157,0.682489091316247,-0.5420524356462095,0.9402049077691357,-0.8657128939413813,1.1934671183640426,-1.0415775456563634,0.2767290695008008,-1.0920159802793872,0.1790043358446471,-1.5158240755806045,0.1152697493584225,-1.7850698533227256,0.04251462778320297,-2.0364480820579374,-5.700812069762783e-17,-1.0,-0.12492302055770435,-1.1427278721588086,-0.04984044608485157,-0.7704213064616636,0.055622543982370785,-0.7513027431771477,-0.23664707873131513,-0.848618755521861,-0.3638380322990211,-0.9540491279360607,-0.23541866261867678,-0.6459495560319005,-0.11941668123888367,-0.6579037134544308,-0.4340567870175362,-0.6791987829101637,-0.5408511539947589,-0.8004034191757997,-0.4201506577894124,-0.5884865417395678,-0.33584420146384875,-0.5397959050753287
8,8_014.png,0.0,0.0,0.39682128009041184,-0.16839525029588906,0.6996206963979505,-0.5412568412015412,0.9541882753779892,-0.8671346535845229,1.2068837729211292,-1.0394316329904434,0.28532966809411736,-1.0919491014090783,0.17527360338803794,-1.5247912954478884,0.09589960962477168,-1.7903463221918907,0.017276355682333665,-2.0409566741923872,1.7378796390434954e-16,-1.0000000000000002,-0.13933885273446722,-1.1417498053851154,-0.06133219267090457,-0.7764891076283326,0.054695854862515624,-0.7391810031274818,-0.2429977313653996,-0.8424597060596914,-0.37992467942838853,-0.9518330828035896,-0.2530738547593782,-0.6477351178261908,-0.12658494013194516,-0.6369069988741974,-0.44505609391052164,-0.6676775562431535,-0.5579842804797603,-0.7975719319105878,-0.4469715187620402,-0.5862637361534376,-0.35626420530131575,-0.5299114075075306
8,8_015.png,0.0,0.0,0.3896243588051799,-0.17825616076232206,0.684177606813034,-0.5453672186628266,0.9535317752398279,-0.8633319666124825,1.210618370843298,-1.0336616341823384,0.2835416675893369,-1.0950640791752009,0.1804070467374628,-1.5312819709040058,0.10284445851698275,-1.8024213077717388,0.02346544784401678,-2.0572320949326097,5.797899324261437e-17,-1.0,-0.1380249886312853,-1.1485882768844913,-0.0615274559578029,-0.7797945882588236,0.0527153212776003,-0.7471073344290202,-0.2432433603257096,-0.8425973457603745,-0.3799483458262593,-0.9588381384538078,-0.25369490029321257,-0.6553410757430009,-0.12930140799607406,-0.6524727361786714,-0.44624066702485654,-0.6695205508995411,-0.5617601281336506,-0.8030318907856738,-0.44931677504833606,-0.5927720088818358,-0.3572604365513997,-0.5407652365932168
8,8_016.png,0.0,0.0,0.39349607110638024,-0.16796944875145084,0.6984500042076528,-0.5342462765538544,0.954692979953582,-0.8573269984736612,1.2118948890979258,-1.0304774633251645,0.2860557963513283,-1.094159632920885,0.18075679775967693,-1.5262085439218909,0.09894587624913612,-1.789898621478508,0.018800954802937694,-2.0445478196032827,0.0,-0.9999999999999999,-0.143104641301494,-1.141887910816778,-0.0639174583170737,-0.783161499764914,0.05662920489052856,-0.7477793857080831,-0.24255144990424785,-0.8418645108905705,-0.3844636634595941,-0.9471558296259768,-0.2601381821618562,-0.6410012301967354,-0.12700036670144868,-0.6368828982324458,-0.4427636187397368,-0.6727160506821732,-0.5627362927426464,-0.7978730956050389,-0.45054310311648504,-0.5842796394178983,-0.3520258708428407,-0.5290636919069245
8,8_017.png,0.0,0.0,0.3932337119909904,-0.1687368153236594,0.6957496943329222,-0.5393027601648411,0.9523963265400985,-0.859287101004253,1.2088235118782191,-1.0275005014369942,0.2840251010534205,-1.0905644785376427,0.17356499795149438,-1.5200752118506249,0.09074963646917542,-1.781533533983084,0.011130749439169455,-2.031975581093825,1.146395697158459e-16,-1.0000000000000002,-0.14209905542881607,-1.1425210518726916,-0.0670569765382852,-0.7837527572412435,0.04895571294708058,-0.7447347216252244,-0.24140549271399012,-0.8450289523784726,-0.3814086134570543,-0.9578023768103858,-0.2612867680925671,-0.6541297339359492,-0.1339853064131911,-0.643832341823685,-0.4423777113856841,-0.6760136777637582,-0.5582896901673019,-0.8039179212620032,-0.44846963564117526,-0.5929244775881862,-0.35313092872454394,-0.5367063192354963
8,8_018.png,0.0,0.0,0.3914687712715955,-0.1694815432880141,0.687135105983404,-0.5321319686220689,0.9508176609402313,-0.8533484675142405,1.2136586948096137,-1.0260126496472048,0.28477350282586583,-1.0932511654533879,0.1745598080849638,-1.525908161038306,0.09206705195431425,-1.7946353231100391,0.011513876507116515,-2.04752961229153,2.888063776121281e-16,-1.0,-0.14351474929250918,-1.1463445539642039,-0.07106047175905678,-0.7809160648997907,0.0490710120723667,-0.7509613520964875,-0.24201245016432174,-0.8477890306791722,-0.3840528888054488,-0.9624782840233744,-0.2628059088743297,-0.6554037210110691,-0.1320926471581515,-0.6558729807018328,-0.4432176460934964,-0.6820736403546286,-0.5642862006121144,-0.8098993038780846,-0.45260234396028354,-0.595133162536754,-0.3555115701601958,-0.542721188922405
8,8_019.png,0.0,0.0,0.3886786293818663,-0.17097819417290158,0.681290591983242,-0.5321339758992587,0.9497665528976144,-0.8459895451682703,1.2076326069401473,-1.017014770464066,0.2812225108819427,-1.0942032968024529,0.1684087386461118,-1.5212992179001448,0.08351270408239767,-1.7829789552963962,0.0045019213987599945,-2.0321816171017373,1.1485076177822463e-16,-1.0,-0.1526007643742769,-1.1376929738045214,-0.07435574594170316,-0.7792343061751651,0.05339347669712983,-0.7536445007805019,-0.2402065769598252,-0.8474713914119761,-0.3909782061931568,-0.9529524848331448,-0.26599237983347623,-0.6513724731244863,-0.12795515078318415,-0.6563948283611242,-0.4377560032650983,-0.6836524180293366,-0.5659201906600084,-0.8032152118885918,-0.4539271228208404,-0.5921995085489654,-0.3512424829789054,-0.5427491153304406
8,8_020.png,0.0,0.0,0.3901377101952963,-0.16700146252590647,0.6892242718002768,-0.5283757579561233,0.9536377029558456,-0.8424633603702005,1.2115977750368345,-1.013360206086359,0.28163905280014084,-1.0932298828211044,0.17523328340955635,-1.520822746313748,0.09118843075865893,-1.7847973513717417,0.010185948137658395,-2.033901659491488,2.2920033578338606e-16,-1.0000000000000002,-0.15023662792207185,-1.1364786389843273,-0.07446037465317333,-0.7828188329448532,0.04999213044630209,-0.7480959821235494,-0.23915862537456367,-0.8452238438831573,-0.39037576507598204,-0.9474075951535978,-0.26649665228726405,-0.6469632222489016,-0.12784190955376037,-0.6421117129475346,-0.4352057311231969,-0.6806459760999514,-0.5620261318892845,-0.8027920136876633,-0.45299078142350546,-0.5927568005063959,-0.35004544268212434,-0.5382078408100638
8,8_021.png,0.0,0.0,0.38968783623707937,-0.16915507960629272,0.687468391686954,-0.5322220547852057,0.9475684080569009,-0.8475297960163777,1.2025300607148417,-1.0173085557817294,0.2821893566871316,-1.0920230412270335,0.17042987344231858,-1.5194644929961738,0.08506175882156748,-1.7807019643314743,0.0035232151151364482,-2.0293656024411733,-5.721695672508373e-17,-1.0,-0.1480692579987903,-1.1343729526526125,-0.07257997475224591,-0.7796993374913348,0.05055081027768355,-0.7459252583151958,-0.2390149823741206,-0.8465452636675681,-0.3869960114835688,-0.9493832636812919,-0.2644160135788932,-0.6490541633194333,-0.12865682992972932,-0.642054590059334,-0.43623289811049426,-0.6826670717183749,-0.5601790524243251,-0.8076742504978607,-0.4497356385011038,-0.597343591443084,-0.34731852471992786,-0.540304174344926
8,8_022.png,0.0,0.0,0.394098868909016,-0.1716082723356365,0.690770659258458,-0.5341950450250257,0.9541986671394046,-0.8510081922475051,1.2114139335597407,-1.021942699286773,0.28413217717285283,-1.09332934749399,0.1723606374274851,-1.5222817129213972,0.08767946095360966,-1.7895796190569309,0.0052925743430128494,-2.0409782236890197,3.448610983368208e-16,-1.0,-0.1460588671326621,-1.138063459719629,-0.06928527187519828,-0.7821201588014007,0.05221539401700834,-0.7475575243185095,-0.24111095910377503,-0.8456259782662414,-0.384899152846213,-0.9536240092565713,-0.260923037516567,-0.6529097916324743,-0.12798758521772458,-0.6468099237659864,-0.43828833377199733,-0.679292149725056,-0.5582116663798373,-0.805364858136113,-0.44677104308632987,-0.5954636482843201,-0.34743350268996215,-0.5407128247496678
8,8_023.png,0.0,0.0,0.39207360662696605,-0.16786325265157218,0.6919538574836759,-0.5347750401250911,0.9502013734841264,-0.8533329448494301,1.2043619393686338,-1.0231067493917794,0.2830447923878104,-1.0917905506982086,0.1738472619094857,-1.5188819876639,0.08929668970803564,-1.7815052703067298,0.007769161069039824,-2.031896470835762,1.7234714479003318e-16,-1.0,-0.14367773764313294,-1.137360940027406,-0.06673473188226546,-0.7823946002769473,0.0516983074382098,-0.7469126330326207,-0.240302242517978,-0.8458097980169742,-0.3839122944222471,-0.9520164650619707,-0.2615228881595804,-0.6503513740591141,-0.13105935959244974,-0.6446311849135051,-0.4395428290253019,-0.6815422512423003,-0.5591148555934481,-0.8069029864733169,-0.4502818017476987,-0.5958327766655083,-0.35190941307963985,-0.5411643469512836
8,8_024.png,0.0,0.0,0.39568688236130084,-0.165081685091081,0.6971138555474649,-0.534972575770391,0.9571963988162492,-0.8548126050398216,1.210876888540132,-1.0283761817470698,0.28242629138729985,-1.0942501360652328,0.1746452245274359,-1.5293209313959855,0.08913243442971178,-1.7932131462426986,0.005450847301488041,-2.044856111671752,0.0,-1.0,-0.1471011011261019,-1.1412275840124777,-0.07059535261583501,-0.7852595793516027,0.04953185511175184,-0.7470191792271533,-0.2406003026413397,-0.8437603470239566,-0.386249253011018,-0.9522715474551087,-0.26389255345118917,-0.6489439199047813,-0.13057135671085032,-0.6386118401070465,-0.43957741632807973,-0.6775897092776577,-0.5628907665881518,-0.805106505008283,-0.4543087698787291,-0.5911284502893428,-0.35609598596932296,-0.5317986757930643
8,8_025.png,0.0,0.0,0.3906738950274283,-0.1761272357900237,0.6867546213468536,-0.540990640062665,0.9550997960396882,-0.8563318819707401,1.209637377620343,-1.0269610797013413,0.2820213462577477,-1.0929230748084136,0.17437433814859188,-1.527066604462811,0.09286194674080747,-1.791190525695745,0.012081779235937421,-2.0419880747184527,-1.1564758217694776e-16,-1.0,-0.1455259131348886,-1.1433806814023388,-0.07053980600977251,-0.7811364844185547,0.045664508047189134,-0.7473977309970461,-0.24200513870206175,-0.8468320525209942,-0.3862201991232162,-0.962146882417092,-0.2634644176222593,-0.6587419064594473,-0.1363869276886353,-0.652119282452001,-0.4425909478342726,-0.6793514539762849,-0.5658531432433023,-0.8079419324786561,-0.4540939846310059,-0.5951705202193605,-0.35788252151187433,-0.5384293297234771
8,8_026.png,0.0,0.0,0.3951870940260284,-0.17404719241626937,0.6982719877743001,-0.5419756731066319,0.9559105563228738,-0.8619751567595616,1.2083098074100889,-1.034004587792415,0.2817201228619631,-1.0911306137898078,0.17418129145605893,-1.5207504061257542,0.09444814412646035,-1.785159032957601,0.015699376238179873,-2.0371649762152453,0.0,-1.0,-0.14272604674833778,-1.1423733923265298,-0.06727732454477385,-0.7864340106444893,0.046836522088856795,-0.7474625211003163,-0.24033389887744594,-0.8441599849559627,-0.3826171709285132,-0.9591896695167662,-0.2618077396288511,-0.6600514747501804,-0.13677865777208795,-0.6488951056114013,-0.4415766086473578,-0.6737130074014437,-0.5604440687480051,-0.8050246057348674,-0.45041108054030277,-0.5952995154537696,-0.3562951954686135,-0.5367359511325317
8,8_027.png,0.0,0.0,0.3909794583227904,-0.17734850142184547,0.6901284273375259,-0.5390948991163802,0.9508157207993695,-0.851214948332067,1.2026948824519579,-1.0174779143969988,0.2796594887990054,-1.0909483598667138,0.17894583637427514,-1.51849007683635,0.10597904260589218,-1.7845355693263767,0.02972681284117171,-2.031869546723383,1.1431686203703408e-16,-1.0,-0.13383508770428093,-1.1403723907688503,-0.061770982050489,-0.7838169824843875,0.044324445351022056,-0.7457110477894737,-0.2385811498214533,-0.8454442619430445,-0.37416468757728694,-0.9571762702091579,-0.25352701441888303,-0.6615759827231074,-0.13633874044931654,-0.6510896759926081,-0.43781692120133836,-0.6743186130318521,-0.552176453519604,-0.805721960576413,-0.4413092795673147,-0.5996523927983188,-0.3508353957928321,-0.542538217239317
8,8_028.png,0.0,0.0,0.39024672069146515,-0.17904756449581524,0.6863976185298112,-0.5373696378673624,0.9498526233552085,-0.8473380781454358,1.200529022854275,-1.0136936877347267,0.27982939358814846,-1.0902381373712848,0.17960058343446192,-1.5167364216789803,0.108240655371507,-1.7816623841968462,0.03236295960176353,-2.0321863210341884,-5.703757639771665e-17,-1.0000000000000002,-0.13637062133008732,-1.1391942603675658,-0.06179167762401091,-0.778916296636337,0.049298954581909964,-0.7506666902544046,-0.23826928065401493,-0.8466893941958814,-0.3777027344663092,-0.9537621539285831,-0.25312915982247114,-0.6572949972869788,-0.12990557942963085,-0.65708280736615,-0.4369249339619984,-0.6768240358172214,-0.5558748690060871,-0.8042037847779511,-0.44237483842378544,-0.5971972210961539,-0.34932712623800294,-0.5436846199824563
8,8_029.png,0.0,0.0,0.3924554173158079,-0.18299828317140682,0.6919405103049883,-0.5454512030270773,0.9509364167219033,-0.8577600700079913,1.2008852433434543,-1.0224113632882366,0.2767894689194377,-1.0935863448205119,0.17949631214031309,-1.515066874972871,0.10721172171313294,-1.7768686624329808,0.029640651108746696,-2.026249003598714,1.1317781471782425e-16,-1.0,-0.1347881676437323,-1.1363026335538948,-0.05679052988029767,-0.7833987807461952,0.053230937965561775,-0.7520372381758205,-0.2368157953883551,-0.84134573285577,-0.3744358878767549,-0.9491129269404495,-0.24740526901595117,-0.6583978235396872,-0.12500295599657676,-0.6535737935045282,-0.4332733739515016,-0.6660565481556532,-0.5500803126481448,-0.7961100834420546,-0.43636880654529386,-0.5942593239778715,-0.34373139697929433,-0.5398262894980027
8,8_030.png,0.0,0.0,0.3892640341136483,-0.18641541636977985,0.6853988007791532,-0.5448183512416561,0.944069950354247,-0.8581248318792094,1.1905041425350815,-1.029909287763468,0.27512441113116726,-1.0910279196302053,0.1734577238755655,-1.5102664502506056,0.10236472957477705,-1.7719189544041372,0.025209500259172225,-2.017001424404067,-5.634940328889493e-17,-1.0,-0.13267007086905439,-1.135187251353505,-0.05688510961334702,-0.7814199149530129,0.05173848063314094,-0.7518732378732403,-0.2345141680225518,-0.8445508719537133,-0.3707813233745204,-0.9477791787566524,-0.24476601198805337,-0.6578929892744113,-0.12370680915456954,-0.6554613506763699,-0.42966402132747333,-0.672237997384838,-0.54382103644475,-0.7972699456707645,-0.42950675076755657,-0.5963334268802938,-0.33658062044590714,-0.54397499592556
8,8_031.png,0.0,0.0,0.3924500787088777,-0.1922975659482122,0.6848734365305917,-0.546938421221501,0.9450754513578037,-0.8623130948442541,1.1972202830775436,-1.0317037161446323,0.274036176785281,-1.090928636233301,0.171815783388202,-1.5106481851325761,0.10403739126796156,-1.77626507979506,0.029720421508450102,-2.0234799999506192,1.1312903934496952e-16,-1.0000000000000002,-0.13306260600580838,-1.1341439468912562,-0.05682033329554829,-0.7723909286462162,0.050389938783117365,-0.7514839058838223,-0.23277570408168305,-0.8511419683117173,-0.3732151912384083,-0.949630264985558,-0.24525080740678157,-0.6513167803147379,-0.12403977800302285,-0.6595930168461697,-0.42803058653612913,-0.6872384147413371,-0.5472952402799957,-0.80020728578325,-0.42660019039526637,-0.5904261554132869,-0.3308479757277229,-0.5388255792656879
8,8_032.png,0.0,0.0,0.3905585333647102,-0.19819543806812562,0.6830776858854624,-0.5545980710851,0.9371493894596382,-0.8697065812935937,1.1853829187688885,-1.0414340558857735,0.2725692915615831,-1.0957853029250617,0.16525416845084093,-1.5112267916423623,0.09263737981338639,-1.7701059260923704,0.013417716131629398,-2.015013569280487,0.0,-1.0,-0.13490424127280642,-1.1323177358261023,-0.052950383056602025,-0.7734799195779167,0.05741827594678526,-0.7542176859737778,-0.23105970569821593,-0.8456181111192272,-0.3705445780185577,-0.9441404091357163,-0.23996818024785577,-0.6498901226633883,-0.11825010136881502,-0.6587560755175644,-0.42482160073157266,-0.6779600156397231,-0.5434563463076791,-0.7929392903583953,-0.42165672134745236,-0.5888940284991513,-0.32348225110438206,-0.5409845359644014
8,8_033.png,0.0,0.0,0.3960727036805817,-0.1914970179636001,0.6960627222102835,-0.5548455495282668,0.9480387393079249,-0.8758599334017252,1.191705938840091,-1.0526043736807091,0.2761041865298679,-1.096772196147999,0.16834290802263466,-1.5145139258420144,0.0977045736329548,-1.774589868454503,0.017413695880032484,-2.0205154445896505,1.1260153846238675e-16,-1.0,-0.12904165365606998,-1.139644926397556,-0.043014324208577856,-0.7794663180861331,0.06462634291572136,-0.7525014882051774,-0.23333710868753096,-0.842162240187338,-0.3674066532681979,-0.9467342517343206,-0.23374641675465913,-0.6485327096236513,-0.11484988902921059,-0.6498547987576093,-0.42832959935399645,-0.6682856382088099,-0.5428555621217457,-0.7953312271602327,-0.41965186479167327,-0.5900833265451074,-0.32617678363873603,-0.5370772625843933
8,8_034.png,0.0,0.0,0.3982746494832553,-0.19413964730947306,0.700062859725535,-0.558159125277646,0.9480161262879049,-0.8808785624650087,1.195306960421571,-1.0550602845643255,0.27968988818787893,-1.0964031174375846,0.16829094602333225,-1.5189225894353517,0.09413580889772873,-1.7808239441219096,0.012192052447516828,-2.026469644783416,1.131058773389576e-16,-1.0,-0.1276318776827035,-1.1417009293019114,-0.041704021920937466,-0.7836421592300796,0.064625246127,-0.7514234850951103,-0.23725902848488142,-0.8416370008561822,-0.3653440753474571,-0.9484040578780445,-0.23485632369012588,-0.6508295831068772,-0.11967624086533726,-0.6479795674216627,-0.43643250842440906,-0.6670485749722067,-0.5434635179498111,-0.7938734148230653,-0.42140010007674084,-0.5891963919394337,-0.3304603942075575,-0.5362201479568631
8,8_035.png,0.0,0.0,0.3921459612087099,-0.19400118366898764,0.6889746666369935,-0.554917191899458,0.9414485582542497,-0.8719149058177434,1.1871289129970173,-1.0445928950770325,0.2758845761888364,-1.0959244453209598,0.16541945720423817,-1.5157408565483594,0.09128373056182804,-1.775093702067078,0.009163838364662924,-2.020875288228644,5.623051993955598e-17,-1.0000000000000002,-0.12700180846561515,-1.1374610812335582,-0.0409983011121341,-0.7824458833108778,0.06418508711810146,-0.7502456094504174,-0.2362305186244153,-0.8437373640717559,-0.3645184407274752,-0.9487102889919986,-0.23623716717811652,-0.651667390763876,-0.12135350402229608,-0.6479383818414374,-0.433899749790734,-0.6720378313382144,-0.5421587490587955,-0.7962518772537877,-0.42165171415309777,-0.5914043094587066,-0.33115700172990076,-0.5376957038396342
8,8_036.png,0.0,0.0,0.39060624621387546,-0.1936172945948898,0.6883502319657275,-0.549662727692203,0.9461602110321845,-0.8666308235707338,1.1948859387562956,-1.040732128518035,0.27645506658154323,-1.0968489235014507,0.17166442234211965,-1.5178177442377327,0.10032576126244144,-1.7806170391036542,0.019329578816882253,-2.0281421888126263,0.0,-1.0,-0.12692103727174014,-1.1394073542741676,-0.04180274527955073,-0.7842375858963206,0.0622592653358064,-0.7527397495074899,-0.23758187662181102,-0.8421715662319642,-0.3646646102496405,-0.9502605052733294,-0.23528614286821706,-0.6538166601939557,-0.12126820375479114,-0.6510387731180023,-0.43624240781606466,-0.6686271680219597,-0.5439075700891466,-0.7980191935263561,-0.4226782773721425,-0.5951249423087879,-0.33347310443265576,-0.5416630136452139
8,8_037.png,0.0,0.0,0.38834071636724976,-0.19581456704866046,0.6810276243587886,-0.551372002814591,0.935145783663651,-0.865598365910432,1.1815287938440735,-1.0357796809085444,0.27178341423553853,-1.0961768306442314,0.16026162951817247,-1.509730301695843,0.08799101908077643,-1.7682056906582442,0.004265060044966057,-2.009369455270812,5.559258722862647e-17,-1.0,-0.12828705357672893,-1.1351376829473163,-0.04139456431181473,-0.780394024512687,0.06815002882547526,-0.7486734482769626,-0.2327883577733388,-0.8408531662403887,-0.3653879821641847,-0.9425474193126242,-0.2333985157245282,-0.6487290943145944,-0.11419324661964458,-0.6443092291359451,-0.42797030814954584,-0.665726927231589,-0.5424193024655739,-0.7912341243599598,-0.4194963534120518,-0.589357622554668,-0.32573646242558324,-0.5338089191912136
8,8_038.png,0.0,0.0,0.38801156797004577,-0.1946839624533638,0.6805097396178106,-0.5463484396755789,0.9403794999731591,-0.8536562118862914,1.1862055959948916,-1.0256937551185845,0.2716190763905582,-1.0955892975980386,0.1694279411943215,-1.5095284351255087,0.10227853392415087,-1.7686655307815138,0.021903691257590265,-2.013038334933847,5.541827674673099e-17,-1.0,-0.13024535781309104,-1.1393228305446466,-0.04406903133472938,-0.7876211052496142,0.06512627268316744,-0.7521822506678587,-0.23353357003072928,-0.8406136271496218,-0.36761898845969776,-0.9453377601468133,-0.235989136452971,-0.6527941295044947,-0.11718793929224623,-0.6467209496781693,-0.42906401563211805,-0.6653900628763656,-0.5433002391997084,-0.795731349714923,-0.42284306421077156,-0.5942362209671503,-0.33057744904696446,-0.5370437623799792
8,8_039.png,0.0,0.0,0.39010738321802685,-0.19292302160203423,0.6852091035748766,-0.5442729979103608,0.9429474083570111,-0.8527033122959908,1.1893194417030095,-1.0234053328902646,0.27404407769373257,-1.0937046027765334,0.17224998877191194,-1.5055899868304747,0.1042347661002305,-1.7665865054479362,0.023494334531784993,-2.0112719020572616,1.1114930016753332e-16,-1.0,-0.1229563790923669,-1.1338491207218957,-0.03805527873445213,-0.7807291768909008,0.06723385334986834,-0.7479828146332788,-0.23567645605811857,-0.8415844129279447,-0.3628236883722291,-0.9447707193356087,-0.23447599619490475,-0.6507617279153097,-0.12106882344622409,-0.6463212180725686,-0.4344272729011437,-0.6668113478234345,-0.5439479490847081,-0.7924795456345648,-0.4238698443462284,-0.5904391503789392,-0.3349091238155705,-0.535562120652344
8,8_040.png,0.0,0.0,0.3891121923899982,-0.18502817806541644,0.6837220789483484,-0.5381642223633838,0.9554255855979624,-0.8390958321097294,1.2060551053666737,-1.0097239621404215,0.27506949398450786,-1.0920611687058512,0.1847032514824511,-1.5082899568770805,0.12385150895993899,-1.7721459766994117,0.04655844608297523,-2.0191019167330797,5.5449092335268356e-17,-1.0,-0.12266155001438045,-1.1352075854794468,-0.03912931904445129,-0.7835177679324188,0.06611270942437872,-0.7506930765180423,-0.23660764579060095,-0.8416925507361508,-0.3615590949460116,-0.9418920394049871,-0.23169393127798565,-0.6521744247766578,-0.11963501824244574,-0.6488502796161318,-0.43411458537360836,-0.6671861703686789,-0.5425113440447221,-0.7913657575719104,-0.42598720481076613,-0.5933476671454653,-0.338981935257377,-0.5425226916846431
8,8_041.png,0.0,0.0,0.3909758493675133,-0.18713336764687827,0.6868215203928982,-0.5356472899842681,0.9602872204854215,-0.8343334693784116,1.209727646588528,-1.0079496072004057,0.27400853635828815,-1.0919269171949944,0.18396919036220855,-1.5088085566167748,0.12463655708216276,-1.7741813420035353,0.04869883001453643,-2.019551538932475,0.0,-1.0,-0.1226510242261369,-1.1341648198019725,-0.03832823643877584,-0.7864449454736753,0.06556536380740376,-0.7492552270300918,-0.23595956574890972,-0.8410231094344396,-0.3610427428649988,-0.9390283881628771,-0.23098464946684966,-0.6528790756670727,-0.11935330208523065,-0.6463089772192507,-0.4321988251774358,-0.6661462370450272,-0.5417176899540499,-0.7890386999288848,-0.4252772313557107,-0.5938307419234599,-0.3366307435403703,-0.5424340373146113
8,8_042.png,0.0,0.0,0.3888437040952652,-0.18536157468453626,0.6824568165848754,-0.5345768589154996,0.955916877393376,-0.8295299386795776,1.1983762991358013,-0.9993088692375134,0.2702985169481239,-1.088414576580546,0.18394467203368176,-1.505288780327471,0.12610965491041878,-1.7689691986966312,0.051153943974307226,-2.015689890012833,0.0,-1.0,-0.12272029551554407,-1.12570851438937,-0.03801089567462959,-0.7818600341892795,0.06014512076280303,-0.7449673967195121,-0.2344102908528193,-0.8460597357608542,-0.360514391531127,-0.9329059854480874,-0.22788948290049546,-0.6476212411429009,-0.11722537940674295,-0.6415403930946415,-0.42945417006183123,-0.6752549081320646,-0.5386647707146293,-0.7888292749484784,-0.420623027446245,-0.5928481594042161,-0.3318405506664961,-0.5420404745362717
8,8_043.png,0.0,0.0,0.3921039146548722,-0.18795863317187744,0.6881683131503947,-0.5398803296033324,0.959021805269796,-0.8374877899384063,1.201891078916917,-1.0126221429618596,0.2713855287621606,-1.0932466696309733,0.1774045604961,-1.5118658324421392,0.1183282731157832,-1.7730498903556162,0.04435944884920153,-2.0191609965414865,0.0,-1.0,-0.1257336191902533,-1.1290189527474028,-0.0357297012304857,-0.7838085925858105,0.06842817480364952,-0.7507088773085613,-0.23356754222477552,-0.8443991746769784,-0.36205284794394954,-0.9318188702729583,-0.22894144195124,-0.6439745776395563,-0.11533795543697643,-0.6455029726433927,-0.4298654174614017,-0.6748736157855281,-0.539399485456164,-0.7880088399852027,-0.42120611645891726,-0.5889355421326584,-0.33063756713573406,-0.5408711643838376
8,8_044.png,0.0,0.0,0.3896592994721892,-0.18857727691322873,0.6857054899181021,-0.5364080990299664,0.9530917683421095,-0.8340897608472088,1.202793594355673,-1.003216578418391,0.2746965512642751,-1.0929656180828706,0.18097427308479197,-1.5064326741640115,0.1204784046872418,-1.7677409718946935,0.04599618785254069,-2.015223560445459,-5.505212155007492e-17,-0.9999999999999998,-0.12415785097701466,-1.1302356877759359,-0.037785584435010254,-0.7810886155011247,0.06896436952505196,-0.7520840421157553,-0.23617665044610509,-0.8434140225281607,-0.3645112077059083,-0.9389821393196813,-0.2329969273436075,-0.6487334238678842,-0.11703177792681942,-0.650415095434096,-0.43323741850871034,-0.6713131698298013,-0.54240909935986,-0.7918724766437995,-0.424174545994208,-0.5912949280907119,-0.3346094604684272,-0.54063502482821
8,8_045.png,0.0,0.0,0.38870239619138997,-0.19053547208396768,0.6846595034700601,-0.5422294327621964,0.9448920146866656,-0.84706311073384,1.195262627478929,-1.0154525807529613,0.2740484141559803,-1.0954828901487932,0.17119743156032832,-1.5115757095377633,0.10418875749858188,-1.771022934806031,0.02645256619532142,-2.0160262673074167,1.1009651934934247e-16,-1.0,-0.12436553991466548,-1.1343067419525183,-0.03669789517886052,-0.782511692445828,0.07528037842718743,-0.7515188160423067,-0.2350665127173075,-0.8416406524560378,-0.36420231566588607,-0.9411191779038037,-0.2334817937883519,-0.6469466162640859,-0.11374628558236115,-0.6445056470562424,-0.4334166757134243,-0.6684167731665144,-0.5447159492320091,-0.7914778805129566,-0.4251521894798451,-0.5881018968298687,-0.33332313207322145,-0.5330056054651869
8,8_046.png,0.0,0.0,0.39226735141006,-0.19059101578618465,0.6907207362444967,-0.5350676958552536,0.9485023565018711,-0.8475452145678453,1.2009482295757345,-1.0174540073150096,0.27559642204357704,-1.093323657780191,0.1724760934751685,-1.5105773991317515,0.10318928444663265,-1.7747374764470394,0.023463587004007466,-2.0187644235346722,5.563224355805087e-17,-1.0,-0.1312932611222255,-1.1332310958673024,-0.0463208003600022,-0.7780433440571578,0.06024077666902703,-0.7452747055774762,-0.23546714074088498,-0.8462916710434707,-0.367266198650925,-0.9411162287735257,-0.23954609559894635,-0.6455110270745525,-0.1253021528680947,-0.6463679706215074,-0.4325974706605145,-0.6778946474212091,-0.5445855278084922,-0.7866025964050496,-0.4229098670597572,-0.5835554858747967,-0.3301159501955557,-0.5362108005600912
8,8_047.png,0.0,0.0,0.39115077370242907,-0.19170974097720894,0.6861417723824387,-0.5440319848006209,0.9536037869446046,-0.855069445329102,1.2075557155753573,-1.0243189795246275,0.27347511499375066,-1.0946157742510614,0.16611292038481262,-1.519460868667575,0.09782215314468463,-1.7861082324345476,0.02334688943408195,-2.034040998289075,1.6812601536621143e-16,-1.0,-0.13997946572537953,-1.1380807109289584,-0.05720166835630039,-0.7785269223201751,0.05191763514486044,-0.7508092695717556,-0.2326251885044906,-0.8495113789082256,-0.3771745682399715,-0.9509810630412588,-0.24628495703140266,-0.6503160490482196,-0.12429534365477757,-0.6516945855411932,-0.4282177111768487,-0.6838231855834457,-0.5525126989535221,-0.7947793174206862,-0.428231272285095,-0.5845796262039272,-0.3280862444552886,-0.531164103206135
8,8_048.png,0.0,0.0,0.3934525738828177,-0.18887414122339538,0.6883556774954194,-0.5411903824446774,0.9513844374602748,-0.8495863662715417,1.2041664319241847,-1.0123227365663368,0.2769686029191544,-1.0927775772311452,0.16575492305548145,-1.5166781830639817,0.09530441312930256,-1.7813946901704527,0.020463518251337517,-2.029316124976663,0.0,-1.0,-0.13868263717019622,-1.1397339131620012,-0.05973661354283366,-0.7800059139436186,0.04753390803807793,-0.750654369902626,-0.23424066589666678,-0.8491279192249408,-0.3772167941558235,-0.9537742071930959,-0.24913390397177948,-0.6533810986273624,-0.12764477817441808,-0.653617312801963,-0.42960094825905826,-0.6824437789508099,-0.5504685979337889,-0.8003873906549724,-0.42947318603076495,-0.5917908768939041,-0.3324638557941253,-0.5375488867436783
8,8_049.png,0.0,0.0,0.3882840301753593,-0.18416031240831368,0.6813597274854798,-0.5291371112349643,0.9467104293028954,-0.8396199059121534,1.2044610838672463,-1.0030707598915694,0.27540223988134155,-1.0899446557006651,0.16906404762380337,-1.5119594517602146,0.09710278278991728,-1.780457144212244,0.021264548433156744,-2.0265606074871374,5.615745543641809e-17,-1.0000000000000002,-0.13975429301016898,-1.1394970468293848,-0.06568030108380818,-0.7820482094241104,0.04570665560785264,-0.7482025662579732,-0.23436880762258838,-0.8511529719523167,-0.37984430611306935,-0.959372254552593,-0.25418658823039825,-0.6601915215164176,-0.12928004633207077,-0.6535110168993372,-0.4291952254916138,-0.6866888201889384,-0.5518697764448448,-0.8067810364411743,-0.43414524211218963,-0.5992242679062967,-0.33693311738431425,-0.5423034459141312
8,8_050.png,0.0,0.0,0.3884478008420577,-0.17937845619539905,0.6838292037018544,-0.534502870727541,0.9485649148853387,-0.8496643708697852,1.20779999281155,-1.0166435714499622,0.27914720731037046,-1.0919304550554962,0.16863873605291269,-1.5196776319672047,0.08967238546621825,-1.788199677774283,0.009358253474592135,-2.035452674257425,0.0,-1.0,-0.1487476292410559,-1.1440050102335768,-0.07670012338422569,-0.787506369859752,0.039115155081389075,-0.7513240950110954,-0.23697387061386538,-0.8488194247483352,-0.38849625547566746,-0.9587543281690082,-0.26153365632373476,-0.6596045701463065,-0.12990231116536177,-0.6515551590309562,-0.4311887294415821,-0.6822295655202618,-0.553869911220399,-0.8054047849097712,-0.43887181976564593,-0.5983248545271859,-0.3391928582415919,-0.543034442984893
8,8_051.png,0.0,0.0,0.3869973624410412,-0.174208585381146,0.6854895978038589,-0.5311828542833016,0.9475399810765769,-0.8455340052716679,1.1939768035602603,-1.0155611300698195,0.27967607340301065,-1.0906578904870041,0.1657327850540836,-1.5109319909860521,0.0816218284422482,-1.768893092498954,-0.002501833733495072,-2.016685602579144,1.6794499172488294e-16,-1.0000000000000002,-0.1474041847376277,-1.1342561104947235,-0.06618151967428847,-0.7911761796183663,0.05655261437047083,-0.7538206701411698,-0.23807844465193065,-0.8453364030889217,-0.39010110088374944,-0.9422267391251741,-0.26025218088218954,-0.6518436636112775,-0.12147021981424731,-0.6408639645017898,-0.43101329997910054,-0.6782536587912429,-0.5553305576956375,-0.7981376341956511,-0.44283865098851266,-0.5950030190212166,-0.34057760095186007,-0.5351225004325267
8,8_052.png,0.0,0.0,0.3823256958131061,-0.1755361262205321,0.6826033649079477,-0.5371423934687272,0.9431448671747393,-0.8485990885197339,1.187405514290838,-1.0162680888103546,0.2732120599039662,-1.0919315978340596,0.1601424936163657,-1.5165981831849624,0.0725810340864279,-1.7703537803897538,-0.011375263070475185,-2.0153141893374658,1.1182642765911937e-16,-0.9999999999999999,-0.16005885556161262,-1.1364329199317174,-0.08170449166593043,-0.8033496599768084,0.04327175392296482,-0.7559063846653894,-0.23431714813763915,-0.8436507323112471,-0.4009645112605697,-0.9431917761776254,-0.2718150647120507,-0.6553296883987297,-0.1253446868712049,-0.6332481300639328,-0.42468287346836936,-0.6771665640110792,-0.5622777298011659,-0.800349835954583,-0.4511424373864721,-0.59713577059447,-0.33941693408283163,-0.5309305160148847
8,8_053.png,0.0,0.0,0.38385421604816117,-0.17615799259321516,0.6794989430294766,-0.5341234986615472,0.9431915019017617,-0.8438448678416766,1.187919142739822,-1.0118217473666427,0.27674601812795513,-1.090137426597231,0.16382077402874592,-1.5099297421429965,0.07692863677285035,-1.7647970314263293,-0.007513820017242575,-2.0109428003188228,1.1151708588713177e-16,-1.0,-0.15597659307333767,-1.1298699495258606,-0.07636760567111703,-0.7942486498709515,0.050284694782236426,-0.7571034154384819,-0.23657662739330343,-0.8453130671452187,-0.39541703196344685,-0.9399336574558823,-0.2651721535424336,-0.6556688003370389,-0.12156376396650607,-0.6419766548054735,-0.42735376335317116,-0.678924578829643,-0.5567221318806199,-0.7943746103875872,-0.44504143127611473,-0.594418491761924,-0.33758577731640976,-0.5338884414080505
8,8_054.png,0.0,0.0,0.3834553642226671,-0.17076110541578596,0.6805119897680406,-0.5318547107938145,0.940697531023228,-0.8451085401657006,1.1913586933293179,-1.0125399937431654,0.2758045263300885,-1.0933687184858316,0.164852224054586,-1.5131155218667052,0.08073104279945661,-1.7692497878805937,-0.0015800449405797975,-2.0125165120129016,0.0,-1.0000000000000002,-0.15275033292575976,-1.1366762622662137,-0.0743262480989903,-0.7918615604552754,0.05081500346574433,-0.7537608231006441,-0.23437185183602705,-0.8459255011435615,-0.38825119573428646,-0.9473533143382128,-0.2616004623960269,-0.6536449195748606,-0.12312600184696985,-0.6411128794352452,-0.42791077308393066,-0.682987852283209,-0.5540344009367453,-0.806798959814777,-0.444031394412936,-0.6004810429745697,-0.3385343806297479,-0.54173193251907
8,8_055.png,0.0,0.0,0.3825733298771397,-0.1729221345072186,0.675016808490681,-0.5277844788832169,0.9411558206114469,-0.8301274035015843,1.1914645739545553,-0.9942908598889134,0.276943265418198,-1.0909274228467492,0.17218949146877136,-1.5099640579521392,0.08973786365158544,-1.7697594327544177,0.005902287265628308,-2.0109490915421047,-1.1230232183419225e-16,-1.0,-0.15175426381307652,-1.1386701515577484,-0.07567386039807555,-0.7907395899000932,0.0451754090978602,-0.7436357110541606,-0.2358064757439554,-0.8482976375183239,-0.3888978094466103,-0.9515932704075389,-0.26537660113806005,-0.6577653621061132,-0.13252672421559375,-0.6390574165119267,-0.4300655393503868,-0.686061473638298,-0.5567146538323188,-0.8104547729563767,-0.44838510381666363,-0.6041165743210574,-0.34431557544515673,-0.5449601761427544
8,8_056.png,0.0,0.0,0.38146968767098666,-0.169472826550914,0.6759404061184698,-0.5311960920238321,0.9343420806990822,-0.8396746822203828,1.1848588082453086,-1.0004910259670328,0.274295856088021,-1.0922767662797581,0.1649441045706338,-1.5136231272793748,0.07888743629705303,-1.7681774949419922,-0.005376311166211617,-2.0099726106390357,-5.611559966357235e-17,-1.0,-0.1520347949438144,-1.1400713157743558,-0.07621264247011093,-0.7989397303998058,0.04439542762423629,-0.7529633792754461,-0.235119907739911,-0.8460332722091419,-0.388016556286122,-0.953690636723892,-0.2636086984656327,-0.6619137056428996,-0.12828247122906036,-0.6429293092229212,-0.4310364940332751,-0.6817052692592932,-0.5567033672710826,-0.8114043173659864,-0.448347506049254,-0.6066650679640544,-0.34489848860608807,-0.5450038193006246
8,8_057.png,0.0,0.0,0.3818935174622029,-0.17364039937613118,0.6742924843786147,-0.5330187313568597,0.9382152972279799,-0.8309234472463719,1.1868135234607866,-0.991632359191939,0.2751237309316555,-1.0902975808540487,0.17216711286498787,-1.5137470523638001,0.08898692077550405,-1.7726525600112404,0.0038855260251503864,-2.013905335298108,-1.12546696967168e-16,-0.9999999999999999,-0.14813250926067648,-1.1460610375702698,-0.07502615579626576,-0.8017020158719308,0.04130467679352647,-0.7494149292896998,-0.2367175783282424,-0.8478035604357139,-0.38581647282611004,-0.9662637671661822,-0.26793782622695944,-0.6741046498200074,-0.14178353028327023,-0.6480276656816861,-0.4363472216977468,-0.6831328786499616,-0.5591510727453947,-0.818608746043589,-0.4541463800929972,-0.6151454631119833,-0.3549608829846542,-0.5526136306636599
8,8_058.png,0.0,0.0,0.38030775501357766,-0.17574099002187943,0.6712677460321244,-0.5336780220593533,0.9359343749643613,-0.8320739706292192,1.1834552880290061,-0.9971213739281812,0.2729114844597199,-1.0910629947628276,0.16938708136539762,-1.5133063235019366,0.08472129169831336,-1.771251889460353,-0.001825449173307642,-2.0109292867518125,2.247107822866831e-16,-1.0000000000000002,-0.1496575036437326,-1.1455215831001695,-0.0760730950911775,-0.80083284969356,0.04102043572943997,-0.7458016466508349,-0.23513457459970996,-0.8481219149501528,-0.3854948417475694,-0.9637865055957768,-0.2672844789970619,-0.6695442936154842,-0.14006738023458182,-0.6416298154058342,-0.4333823038825823,-0.6850062897521226,-0.5580558197554707,-0.8190624069902742,-0.4521279229951145,-0.6130635580578072,-0.35056630025703117,-0.5489986040429566
8,8_059.png,0.0,0.0,0.3829985302417061,-0.18062326229765577,0.6751481279168577,-0.5334720967268383,0.9353790219388508,-0.8443866915486099,1.1864591236629567,-1.0160133183438416,0.2773250571579625,-1.0947828107055606,0.16672206191128988,-1.5126448411899425,0.08268266275793185,-1.770397915534768,-0.0026406767889741336,-2.0137014825471167,1.125820083219321e-16,-0.9999999999999999,-0.14790689788269543,-1.143745178155143,-0.07008364720475188,-0.7938126842768626,0.05247122929897786,-0.7629065867008533,-0.2362493207968323,-0.846693784630476,-0.38239154635995815,-0.961562567642365,-0.25828201221204117,-0.6670609679832087,-0.12895890153945197,-0.661480988221126,-0.4333017924905194,-0.6825027897564885,-0.552821911280396,-0.8125708482389554,-0.4395648929156539,-0.6082194533327979,-0.3398853639771109,-0.5539641636847491
8,8_060.png,0.0,0.0,0.38866145042612416,-0.17640610286454936,0.6850512831826555,-0.5393039373954369,0.9409593782919173,-0.8499659668928974,1.1902074385277108,-1.0096706519925216,0.27774614867254077,-1.0927979268341472,0.16957502240293787,-1.5125538900928193,0.08914527171113132,-1.7667892691899207,0.005994156251021863,-2.011693258877917,5.614126708611025e-17,-1.0000000000000002,-0.1312983242963409,-1.1481104752262765,-0.054268089631665496,-0.7905897533035349,0.05641792623371928,-0.7564439175171752,-0.23699828959437913,-0.8444071942446623,-0.3693024953224747,-0.9672891942419993,-0.24311297462638182,-0.6676143475275893,-0.12459796227910669,-0.6552278427831366,-0.4375729732646207,-0.6724244643638259,-0.5436736875568746,-0.8146123161646905,-0.43338533843071475,-0.6065541949322203,-0.3471454492780979,-0.5485423185480531
8,8_061.png,0.0,0.0,0.39019842903865265,-0.17772673317693582,0.6882480024059772,-0.5427596886781901,0.9455728492432528,-0.8601015670573122,1.1977117556996695,-1.0287994079320448,0.27865235477844313,-1.0951768436308158,0.1646053608413718,-1.5221041438033136,0.07893975717896859,-1.7784464328618872,-0.007829348685772718,-2.0260927869303704,1.1303908123920274e-16,-1.0,-0.1365895624683497,-1.150488100665899,-0.05761545118680173,-0.7945964950794434,0.0578088166164853,-0.7586994264968913,-0.23816034744543668,-0.8443124687663249,-0.3739011290369045,-0.968012038689801,-0.24826658280347721,-0.666646752210884,-0.12441465786719437,-0.6518646540403987,-0.438858951059433,-0.6753923543927899,-0.5502007383021112,-0.8200893246626247,-0.43904094567388857,-0.6097352937777467,-0.34901713393192135,-0.5472918097338818
8,8_062.png,0.0,0.0,0.3928067192517441,-0.18008135123596708,0.6911758764957776,-0.5450983614326064,0.9485408195324508,-0.8555422096982287,1.2007277730532169,-1.0188329165521512,0.27878997837361813,-1.0940139124705537,0.1691847574446682,-1.5185485937119996,0.08839186161442834,-1.773271577705212,0.006254669047537321,-2.021744405133845,1.128822786481876e-16,-1.0,-0.13720654894783976,-1.1477620006938705,-0.05504580508129495,-0.7906637862958421,0.059300397141347716,-0.7552132412819034,-0.23813820438286343,-0.8442268162061529,-0.3755597548144724,-0.9666894631731752,-0.24614749156473112,-0.6680426057827248,-0.12196686052886199,-0.6582099236708555,-0.43798334167493114,-0.6730567062358747,-0.5475300109427387,-0.8145430767872874,-0.4343847926186915,-0.606347907495488,-0.34441868800158365,-0.5482140470919399
8,8_063.png,0.0,0.0,0.3920039183075116,-0.18123016378816215,0.6919313719410474,-0.5388681477552414,0.9501155538469694,-0.854699137149217,1.2037312235592381,-1.0241479455644562,0.28138859912923625,-1.0935937180305588,0.1742397831535752,-1.515946209583014,0.09370249870836782,-1.7755641447098893,0.0090394373690364,-2.022655500686869,0.0,-0.9999999999999999,-0.1378244749188782,-1.1461045948947366,-0.06184599825974344,-0.7826539551192846,0.04605785942673126,-0.7478742203777488,-0.23988756980665363,-0.8463605404606036,-0.3765078738582994,-0.9615449952897417,-0.2516817065236908,-0.6584137221033831,-0.13379349081408154,-0.653089103726053,-0.4415062403270477,-0.6770708877919035,-0.5539572837970169,-0.8101513938224799,-0.4387712468141843,-0.6020021301467683,-0.34946712082288717,-0.5481849326386643
8,8_064.png,0.0,0.0,0.3827977145526989,-0.181432741573098,0.679734806045651,-0.5333549178910505,0.939026224677796,-0.8437187470420273,1.1919791473874268,-1.0152466347217162,0.2769747392189918,-1.094475877465919,0.16934640068526233,-1.5106467085796789,0.08964560180688147,-1.767255021009677,0.005353429553964363,-2.0119655874236693,-5.634106323032571e-17,-1.0,-0.13776669532510344,-1.1395011756133449,-0.05768335215026931,-0.7873866621921575,0.05503214189063251,-0.7526145760998975,-0.23668984087303882,-0.8454207570490905,-0.3755964599132708,-0.9610557048466666,-0.2500259683793135,-0.6625263578873896,-0.12774893821845254,-0.6514141646652507,-0.4360529496520397,-0.6800186614864099,-0.5504166784973141,-0.8142139572997882,-0.43534003814132527,-0.6073579237508078,-0.340151647968549,-0.5473707675501828
8,8_065.png,0.0,0.0,0.3885995090124033,-0.18345372782769503,0.6860621871387064,-0.5360445001370769,0.9429143495874025,-0.8471820431300346,1.1958944256470436,-1.01873621436854,0.27824952030016764,-1.0941715870525168,0.16914709270355074,-1.5103435643040641,0.09159500749015333,-1.7675066287210743,0.008964941250188102,-2.0132492511646554,-5.639490385284417e-17,-1.0000000000000002,-0.13337210116368908,-1.1398669906122179,-0.05179336278643868,-0.7841053181271889,0.057872217046058584,-0.7536282851688506,-0.23729046414177035,-0.844245539951144,-0.3718201853531563,-0.9556623751902367,-0.24405970270467003,-0.6609947111519502,-0.12598710402441432,-0.6604839462136501,-0.4366943042117969,-0.6751598996510801,-0.5471934953385831,-0.8092543303015977,-0.43091178276577513,-0.6052889608475273,-0.3403154480293934,-0.5523314300872273
8,8_066.png,0.0,0.0,0.392073368372298,-0.18621246493455845,0.6946033068543506,-0.5401786850246252,0.9530871121429939,-0.8566900814122267,1.2071589880615383,-1.0342279347432533,0.2797177727613212,-1.095519580229429,0.16824042080288265,-1.5140458889363066,0.0882306235038041,-1.7737098456850002,0.003092846371867782,-2.019293054222586,1.1368305105838598e-16,-0.9999999999999999,-0.14061941273005432,-1.1376753387769727,-0.055680211773156366,-0.7819668345390393,0.056161391074285354,-0.7473345680939759,-0.2379673266773135,-0.8432951521298281,-0.3782867857905477,-0.9477258473335237,-0.24770812144173104,-0.6508218750003766,-0.12543840512386265,-0.6452315694795976,-0.4351987373885422,-0.6737636753710846,-0.550611404760815,-0.7985104451891867,-0.4307556891710708,-0.5934683408059147,-0.33421206449228835,-0.5394275204264775
8,8_067.png,0.0,0.0,0.3949727487057484,-0.187827780414904,0.6965874578414051,-0.5472518311912502,0.9501754430772527,-0.8638768983194751,1.2029189470852144,-1.0360182122381794,0.2772517420000257,-1.0954679646513186,0.16613196969686048,-1.5205708598283851,0.08735221657420499,-1.7826655247246679,0.003682407102118679,-2.0292625048980533,5.673979251185548e-17,-0.9999999999999999,-0.14238761731706073,-1.1448618097227754,-0.06059105993689416,-0.7865771816650974,0.05005669999481538,-0.7468157712667963,-0.23577483579482758,-0.8433283479426744,-0.3788370371590144,-0.9528132181300817,-0.24963640796259964,-0.6533221603073209,-0.12707371891633584,-0.6423775284856071,-0.4325724765900701,-0.6727526155876822,-0.5527652943339155,-0.8025576755596574,-0.4330828953406409,-0.5963679250067028,-0.3344239050602374,-0.5393794517882581
8,8_068.png,0.0,0.0,0.3898977855707902,-0.18420745993868134,0.6909705179013845,-0.5448119051862819,0.9482309067467128,-0.8611588261021547,1.2001606884881295,-1.0317927467583858,0.2793976709526938,-1.0950467869092735,0.16776108830154854,-1.5170947549031595,0.08801102894632112,-1.7747194879365964,0.005788482443519898,-2.021770172627354,5.660247456192525e-17,-1.0,-0.1395081535670124,-1.138737881867055,-0.05686114329317699,-0.7802536550521515,0.0518021768414269,-0.7465987595945595,-0.23754757153209566,-0.8447188316836334,-0.37682062096825275,-0.9485405168050194,-0.24729092643961198,-0.6494335068922062,-0.1263104060080595,-0.6477645592695089,-0.43350825672844423,-0.6755425402204495,-0.5471391619495752,-0.8001547813337712,-0.43009175922084636,-0.5928024289513965,-0.3363694603760547,-0.54139817943109
8,8_069.png,0.0,0.0,0.3862405905486358,-0.18529092510670037,0.6824416487820509,-0.5405476664230472,0.943551887982158,-0.8534723260107299,1.1997121782631077,-1.0244847645558932,0.2773142111483602,-1.0960663732335805,0.16994216447806518,-1.5158999446997585,0.09188490939787375,-1.7745612862452933,0.01175175386117723,-2.0224020274328796,-5.669426384927773e-17,-1.0,-0.13848174158675444,-1.140940611036068,-0.05725415629463846,-0.7857096377411019,0.054826769732979785,-0.751969962224241,-0.23742039178067115,-0.8449682178119554,-0.3752204540227555,-0.9549286048783489,-0.2489514320652111,-0.6586265810518771,-0.12798881285922176,-0.6548174568891946,-0.4360492427665005,-0.6778731755485531,-0.5515297083808245,-0.8091512085379585,-0.4352581758652585,-0.6045568516187266,-0.3398271142603135,-0.5500183098571937
8,8_070.png,0.0,0.0,0.3868229144423486,-0.17976265503732164,0.6846253658697439,-0.5428779041121028,0.9333506675581141,-0.8620303812014819,1.1779178997319288,-1.0389926900835902,0.27812962058088747,-1.0966120867810565,0.1595648732883114,-1.5142965085464484,0.07189049292522799,-1.7674168208837946,-0.015312394395292486,-2.0134245866163862,5.655364074300691e-17,-1.0,-0.14135337794640349,-1.1379432403813798,-0.060125243331248066,-0.7829028721736428,0.05667911282510952,-0.7506950931146327,-0.23583255335169545,-0.8449038119721659,-0.3757734764429746,-0.9474222597039156,-0.25249307499657747,-0.6472960980149934,-0.12870515065026544,-0.6477448360688363,-0.4341138724328066,-0.6785488254888913,-0.5501451614745887,-0.8049516325741201,-0.4383859727920539,-0.5982151289816069,-0.34643542047438763,-0.5472265047506875
8,8_071.png,0.0,0.0,0.3769382514550477,-0.21078553099181868,0.6601985234305263,-0.5552320353158055,0.9058477101658535,-0.8712742780897463,1.1564238256133703,-1.0495579006700722,0.26484171139840806,-1.0920018248762198,0.1835671785064846,-1.4978338583398243,0.12563756633432868,-1.7729567757630096,0.0512312960477288,-2.022815234120501,5.585158165845861e-17,-1.0,-0.1135242649194322,-1.1487815149366833,-0.03611921506739347,-0.7806284990271706,0.05852790985936551,-0.7495673108093139,-0.22967500997135676,-0.8548005928807628,-0.3500232922492638,-0.9679333591337842,-0.22195240279471104,-0.6621236120857252,-0.1234805549554903,-0.6650664901627082,-0.42964802655176054,-0.689284099413739,-0.5333402649454436,-0.8022385429157425,-0.40499460537052,-0.5921380535806998,-0.325529150422472,-0.5395538434229767
8,8_072.png,0.0,0.0,0.3760878498546523,-0.21379841542384748,0.6581690048769279,-0.5585530207108594,0.9019737470026191,-0.8706225255800341,1.1479939099082892,-1.0442989566850758,0.26366179353634916,-1.0926634936613067,0.18351531366487456,-1.4932922043256525,0.12721791807479643,-1.7630098463314348,0.053161347142951405,-2.0099468636761193,1.1043302567663415e-16,-0.9999999999999998,-0.11009640516501971,-1.1460804173872683,-0.03154901426176125,-0.7820420257585139,0.06054577341399093,-0.7588452525609146,-0.2282325041814256,-0.8544053523385459,-0.3465049988238625,-0.9650969331144216,-0.21765784261411106,-0.6616909686227473,-0.12171756338339698,-0.6712551590150835,-0.4287412455189016,-0.6889910745007866,-0.5314171138716575,-0.8015409177684687,-0.4029008522455811,-0.5940485234517016,-0.3241102917057782,-0.5449240993471932
8,8_073.png,0.0,0.0,0.3815054543736922,-0.20844595910547514,0.6684335169195202,-0.5569013064736056,0.9105222707664763,-0.8707194149682889,1.153746027469103,-1.0475197847602256,0.2671522272604174,-1.0938400079182926,0.18259921803760018,-1.5047630991630794,0.1288152897806068,-1.773232223025688,0.05698424883218176,-2.021099127349992,1.1068900606435809e-16,-1.0,-0.10920845661625969,-1.1449662653049097,-0.02879791260325434,-0.7825289626397165,0.058713596026961,-0.7579835794783798,-0.23087320655604374,-0.8495456502995934,-0.3424110205388882,-0.9578541946354698,-0.21345541848476524,-0.6558103892785705,-0.1215964134709788,-0.6670464337631464,-0.4298131017094121,-0.6799615355551337,-0.5211610520994547,-0.7966514115259683,-0.3956729516346056,-0.5915146376184368,-0.32263121226796837,-0.5458798078693534
8,8_074.png,0.0,0.0,0.3812359584651635,-0.2245759903787278,0.6620410777082376,-0.567736999161541,0.9071299907623972,-0.876671148663138,1.1442052301331058,-1.0575564653735643,0.2672040626719786,-1.0946248027482224,0.18572628888644557,-1.4973032663160708,0.13985469913452306,-1.7559030415350225,0.07122333501414564,-2.0016101709291454,5.4648997401320274e-17,-1.0,-0.10141266894439471,-1.141413048088646,-0.017663729642505524,-0.776833698601928,0.06829969833649407,-0.7603235152434406,-0.22857410359461533,-0.8501763441086885,-0.3364158334936835,-0.9582952838322862,-0.20555431119726292,-0.6530705384567469,-0.11190788173275457,-0.670674924411786,-0.42525240908674206,-0.6825224107088935,-0.519500415309225,-0.7972507561501169,-0.39122691259799763,-0.592872495740636,-0.3151283108803785,-0.5485161817905071
8,8_075.png,0.0,0.0,0.3804699462654277,-0.21625879941680873,0.6633332168263545,-0.5611234250518646,0.908133098847067,-0.872027718406539,1.1484655574611784,-1.0519285408257486,0.26964046879115827,-1.0931745450737482,0.19244606436256118,-1.4937886494580468,0.14611679091275268,-1.7577225164191834,0.07732814527506232,-2.003700917162766,1.3705189675979555e-16,-1.0,-0.09998224424724733,-1.1393449577199402,-0.01984782495918381,-0.7733165716371287,0.06780987079879117,-0.7581172133896376,-0.22990333637816368,-0.8490524379689763,-0.3371691653795093,-0.9521440532629349,-0.20727012273909143,-0.6489833330674404,-0.11254250613338479,-0.6686871285862777,-0.42793191645563317,-0.6804990963615802,-0.5194536120179506,-0.7942812810838066,-0.39429133634400687,-0.588998548917509,-0.3196542660626247,-0.546576166595337
8,8_076.png,0.0,0.0,0.37688172800905567,-0.21159057326985167,0.6620917818080384,-0.562641292041782,0.9066864491028597,-0.8753451688263162,1.1507551868467694,-1.0495708604973022,0.2675442065819919,-1.0916039209607826,0.18829995124170446,-1.493693220765292,0.13609807307132293,-1.7577810928695365,0.06524613366081052,-2.004454474120788,1.1056381763991786e-16,-1.0,-0.10610592926053969,-1.1333124190526958,-0.02569133667192381,-0.769283424267601,0.06216667366016025,-0.7478016968770812,-0.23013443504983797,-0.8498085578088451,-0.3433259413248068,-0.9488951471653718,-0.21390196024914984,-0.6484106830828227,-0.11886894880297308,-0.6606827611245374,-0.42855727620487044,-0.6819217612023359,-0.5227748891590226,-0.7889992644827041,-0.3992802013035748,-0.5835668238515774,-0.32188477280233385,-0.5395311491401528
8,8_077.png,0.0,0.0,0.37602522180464887,-0.21015263020364003,0.6569031681639497,-0.5567468055999204,0.9126188344149504,-0.8646714861160039,1.1588155678908416,-1.0420830020403564,0.2691212774216843,-1.0888429105738426,0.1967743833374954,-1.492315640869177,0.14669595869808774,-1.7607103116023384,0.0771750784396311,-2.0065277740819556,5.560529393346104e-17,-1.0,-0.10582247538570111,-1.137748168256217,-0.030044123201097814,-0.7691167578711715,0.05938623293214716,-0.7434985337719154,-0.2325935330805024,-0.8530870748518022,-0.34419305152301655,-0.95120168029408,-0.2195677391651343,-0.6489054575699986,-0.12683645105857574,-0.6634276222502326,-0.4344577969539947,-0.687595152897639,-0.5316917373533525,-0.7900747100773957,-0.4086648110616953,-0.579182504351717,-0.32981289316226453,-0.5354663907949395
8,8_078.png,0.0,0.0,0.38440276530683887,-0.20312159723434686,0.6721033926877016,-0.563477312293974,0.9149371291156299,-0.8832573116389048,1.1599147504187846,-1.0640918552467205,0.2694611165453531,-1.0907234179687417,0.17936666802023912,-1.503371349093174,0.11788285770097119,-1.7693409888707783,0.04668506776085373,-2.0228882590843913,5.632840128768695e-17,-1.0,-0.12017688921280592,-1.140140631725505,-0.044730582612396715,-0.7730534304002468,0.05324834672352782,-0.7549069798750125,-0.2314287919954971,-0.856428258464166,-0.3555715896670122,-0.9551293965256336,-0.23090935451707187,-0.6488716652398385,-0.12575125797288092,-0.6692767582433697,-0.4283412101450057,-0.695138239438157,-0.5333842714713797,-0.7986296506533234,-0.41065069483941213,-0.5846323781380488,-0.33103995694233557,-0.5405052876250402
8,8_079.png,0.0,0.0,0.385381677393818,-0.1957938382744082,0.6723881259802705,-0.5475212478726038,0.9232378992475315,-0.86448768909865,1.1740685264936521,-1.0323856715703181,0.27043499337711774,-1.0857970908110217,0.18738612064988794,-1.5006032431717191,0.12930626004266108,-1.7683197387884733,0.060815113424207534,-2.0256738431616315,1.1338773102823413e-16,-1.0,-0.12009715162151655,-1.1434923735693814,-0.0453665447931459,-0.7733527903790386,0.05556694240472612,-0.7526278325868136,-0.23163940064010818,-0.8585371180645954,-0.35705407861805094,-0.9588739048203602,-0.23281285948387936,-0.6528774198066082,-0.12451606127822312,-0.6707616774403695,-0.4270981182952855,-0.6973692059708353,-0.5369423328944748,-0.8009199562942961,-0.415845323520034,-0.5864277130084683,-0.3335134813672133,-0.5409034704454326
8,8_080.png,0.0,0.0,0.39214039224319425,-0.18598985794906692,0.6892543758972975,-0.5426986001753379,0.9446538945540155,-0.8668596007371182,1.199328012850055,-1.0425829188162046,0.2785433459925521,-1.0928844874651935,0.17965079239983597,-1.5200567044400037,0.11481726182472582,-1.7922642004885685,0.041055511717845126,-2.0438873722492588,5.719294115381473e-17,-0.9999999999999999,-0.1264498935055188,-1.1465998933684,-0.05062392631434929,-0.7792016029051491,0.05294089827984121,-0.7515452441912293,-0.23741856593041727,-0.8487149974597856,-0.3650477674572557,-0.9554602187654788,-0.2380567877077077,-0.6483391571200069,-0.1229173040698585,-0.6535857205990273,-0.43518128637550446,-0.680437259348604,-0.5420716580032289,-0.8007238749494893,-0.42159979991738783,-0.5906353464973777,-0.3349646438102544,-0.5412986626301358
8,8_081.png,0.0,0.0,0.39350983094217407,-0.17535967430544663,0.692127543207636,-0.5407319895631686,0.9520018037271114,-0.8689223006662729,1.2117887742188385,-1.044084640267123,0.2853095881778106,-1.0938185540669683,0.18166265381568433,-1.5277872399195582,0.10651735767955284,-1.7992868356391112,0.027458010503543254,-2.0512863604708955,5.800358254996368e-17,-1.0,-0.1276560213907424,-1.1479790065865076,-0.054790709090112605,-0.7732526673072184,0.05480049605363544,-0.747195123848305,-0.2426997664487476,-0.844285221118446,-0.3664296125462755,-0.9563915071960781,-0.24416461776968182,-0.6452585674565388,-0.12854540456233068,-0.6491251561129244,-0.4460264458629233,-0.6716289131125335,-0.5516516721603478,-0.8005576038499765,-0.4376164352539231,-0.5858519435981029,-0.3531662547491618,-0.5371602451686089
8,8_082.png,0.0,0.0,0.39318568223986844,-0.1723112713213932,0.6939997959635926,-0.5405464106417996,0.9521889418428459,-0.8590921375059885,1.208471696290421,-1.0272547741743134,0.2849114660160566,-1.0944284620984146,0.17945295280953558,-1.5249482582051364,0.10045198074600065,-1.7892409773857871,0.020993230960298273,-2.0377834372109813,1.1500433378643823e-16,-1.0,-0.13883439521488766,-1.14365629853607,-0.0638193868341595,-0.7823131269064005,0.05051182318787503,-0.7444182060807025,-0.24222105580603887,-0.8432309228560243,-0.37884342606860655,-0.9571300237259951,-0.2589456238053394,-0.6513349625817912,-0.13564004728518136,-0.6413006889350978,-0.444447769451101,-0.6734552393087007,-0.559275663715036,-0.8039573929130689,-0.44784457520473303,-0.5915005175687902,-0.3543037123162344,-0.5350145795231549
8,8_083.png,0.0,0.0,0.39349607110638024,-0.16796944875145084,0.6984500042076528,-0.5342462765538544,0.954692979953582,-0.8573269984736612,1.2118948890979258,-1.0304774633251645,0.2860557963513283,-1.094159632920885,0.18075679775967693,-1.5262085439218909,0.09894587624913612,-1.789898621478508,0.018800954802937694,-2.0445478196032827,0.0,-0.9999999999999999,-0.143104641301494,-1.141887910816778,-0.0639174583170737,-0.783161499764914,0.05662920489052856,-0.7477793857080831,-0.24255144990424785,-0.8418645108905705,-0.3844636634595941,-0.9471558296259768,-0.2601381821618562,-0.6410012301967354,-0.12700036670144868,-0.6368828982324458,-0.4427636187397368,-0.6727160506821732,-0.5627362927426464,-0.7978730956050389,-0.45054310311648504,-0.5842796394178983,-0.3520258708428407,-0.5290636919069245
8,8_084.png,0.0,0.0,0.3932337119909904,-0.1687368153236594,0.6957496943329222,-0.5393027601648411,0.9523963265400985,-0.859287101004253,1.2088235118782191,-1.0275005014369942,0.2840251010534205,-1.0905644785376427,0.17356499795149438,-1.5200752118506249,0.09074963646917542,-1.781533533983084,0.011130749439169455,-2.031975581093825,1.146395697158459e-16,-1.0000000000000002,-0.14209905542881607,-1.1425210518726916,-0.0670569765382852,-0.7837527572412435,0.04895571294708058,-0.7447347216252244,-0.24140549271399012,-0.8450289523784726,-0.3814086134570543,-0.9578023768103858,-0.2612867680925671,-0.6541297339359492,-0.1339853064131911,-0.643832341823685,-0.4423777113856841,-0.6760136777637582,-0.5582896901673019,-0.8039179212620032,-0.44846963564117526,-0.5929244775881862,-0.35313092872454394,-0.5367063192354963
8,8_085.png,0.0,0.0,0.3917119990462056,-0.1692987902024106,0.6894709444295494,-0.5373285372566718,0.9514530866091522,-0.85783291472225,1.212397414712084,-1.0247111538438223,0.28398085820944663,-1.0910015390278784,0.17369531830791543,-1.526375758172474,0.09093566829835127,-1.7934412585756798,0.011555942167841933,-2.045434233379909,5.775810820261883e-17,-1.0000000000000002,-0.14830066919008364,-1.1462796987745631,-0.0772740530091314,-0.7821829606730706,0.04224654771646693,-0.7457522136385452,-0.2415398805723129,-0.8476914936189004,-0.38791178354814926,-0.9612039256771028,-0.26733509705700814,-0.6555591284753034,-0.13492248643677993,-0.6484849441842505,-0.4422768630535038,-0.6807553263342556,-0.5662165240092838,-0.8057101396909869,-0.4559824144244703,-0.5919518313303247,-0.3555746273305886,-0.5371556087794673
8,8_086.png,0.0,0.0,0.3914687712715955,-0.1694815432880141,0.687135105983404,-0.5321319686220689,0.9508176609402313,-0.8533484675142405,1.2136586948096137,-1.0260126496472048,0.28477350282586583,-1.0932511654533879,0.1745598080849638,-1.525908161038306,0.09206705195431425,-1.7946353231100391,0.011513876507116515,-2.04752961229153,2.888063776121281e-16,-1.0,-0.14351474929250918,-1.1463445539642039,-0.07106047175905678,-0.7809160648997907,0.0490710120723667,-0.7509613520964875,-0.24201245016432174,-0.8477890306791722,-0.3840528888054488,-0.9624782840233744,-0.2628059088743297,-0.6554037210110691,-0.1320926471581515,-0.6558729807018328,-0.4432176460934964,-0.6820736403546286,-0.5642862006121144,-0.8098993038780846,-0.45260234396028354,-0.595133162536754,-0.3555115701601958,-0.542721188922405
8,8_087.png,0.0,0.0,0.38812450506322216,-0.1734960287107649,0.6746155772163879,-0.5294758494528046,0.9475742953152724,-0.8410205703572663,1.2091315480969493,-1.0131055588914453,0.28354885471368224,-1.0956245078320226,0.17414221854931505,-1.5216042760943895,0.0939527992072724,-1.7859366932403866,0.018415900205707065,-2.0400709152059715,1.7265588857691315e-16,-1.0,-0.14428608216211672,-1.1405756649504424,-0.0667298048091909,-0.7740335645208314,0.05808648464049183,-0.7571072067264105,-0.24324908193232067,-0.8486304514587227,-0.3844981229799604,-0.9580817082596534,-0.2601911725572391,-0.6518035362289892,-0.12751689441024222,-0.666736542385575,-0.4425649869167849,-0.6845483446181202,-0.564872477570165,-0.8075383430833433,-0.4502107122411702,-0.5948843482909478,-0.3538518090795107,-0.5498438742048993
8,8_088.png,0.0,0.0,0.3886786293818663,-0.17097819417290158,0.681290591983242,-0.5321339758992587,0.9497665528976144,-0.8459895451682703,1.2076326069401473,-1.017014770464066,0.2812225108819427,-1.0942032968024529,0.1684087386461118,-1.5212992179001448,0.08351270408239767,-1.7829789552963962,0.0045019213987599945,-2.0321816171017373,1.1485076177822463e-16,-1.0,-0.1526007643742769,-1.1376929738045214,-0.07435574594170316,-0.7792343061751651,0.05339347669712983,-0.7536445007805019,-0.2402065769598252,-0.8474713914119761,-0.3909782061931568,-0.9529524848331448,-0.26599237983347623,-0.6513724731244863,-0.12795515078318415,-0.6563948283611242,-0.4377560032650983,-0.6836524180293366,-0.5659201906600084,-0.8032152118885918,-0.4539271228208404,-0.5921995085489654,-0.3512424829789054,-0.5427491153304406
8,8_089.png,0.0,0.0,0.3901377101952963,-0.16700146252590647,0.6892242718002768,-0.5283757579561233,0.9536377029558456,-0.8424633603702005,1.2115977750368345,-1.013360206086359,0.28163905280014084,-1.0932298828211044,0.17523328340955635,-1.520822746313748,0.09118843075865893,-1.7847973513717417,0.010185948137658395,-2.033901659491488,2.2920033578338606e-16,-1.0000000000000002,-0.15023662792207185,-1.1364786389843273,-0.07446037465317333,-0.7828188329448532,0.04999213044630209,-0.7480959821235494,-0.23915862537456367,-0.8452238438831573,-0.39037576507598204,-0.9474075951535978,-0.26649665228726405,-0.6469632222489016,-0.12784190955376037,-0.6421117129475346,-0.4352057311231969,-0.6806459760999514,-0.5620261318892845,-0.8027920136876633,-0.45299078142350546,-0.5927568005063959,-0.35004544268212434,-0.5382078408100638
8,8_090.png,0.0,0.0,0.38968783623707937,-0.16915507960629272,0.687468391686954,-0.5322220547852057,0.9475684080569009,-0.8475297960163777,1.2025300607148417,-1.0173085557817294,0.2821893566871316,-1.0920230412270335,0.17042987344231858,-1.5194644929961738,0.08506175882156748,-1.7807019643314743,0.0035232151151364482,-2.0293656024411733,-5.721695672508373e-17,-1.0,-0.1480692579987903,-1.1343729526526125,-0.07257997475224591,-0.7796993374913348,0.05055081027768355,-0.7459252583151958,-0.2390149823741206,-0.8465452636675681,-0.3869960114835688,-0.9493832636812919,-0.2644160135788932,-0.6490541633194333,-0.12865682992972932,-0.642054590059334,-0.43623289811049426,-0.6826670717183749,-0.5601790524243251,-0.8076742504978607,-0.4497356385011038,-0.597343591443084,-0.34731852471992786,-0.540304174344926
8,8_091.png,0.0,0.0,0.39568688236130084,-0.165081685091081,0.6971138555474649,-0.534972575770391,0.9571963988162492,-0.8548126050398216,1.210876888540132,-1.0283761817470698,0.28242629138729985,-1.0942501360652328,0.1746452245274359,-1.5293209313959855,0.08913243442971178,-1.7932131462426986,0.005450847301488041,-2.044856111671752,0.0,-1.0,-0.1471011011261019,-1.1412275840124777,-0.07059535261583501,-0.7852595793516027,0.04953185511175184,-0.7470191792271533,-0.2406003026413397,-0.8437603470239566,-0.386249253011018,-0.9522715474551087,-0.26389255345118917,-0.6489439199047813,-0.13057135671085032,-0.6386118401070465,-0.43957741632807973,-0.6775897092776577,-0.5628907665881518,-0.805106505008283,-0.4543087698787291,-0.5911284502893428,-0.35609598596932296,-0.5317986757930643
8,8_092.png,0.0,0.0,0.3906738950274283,-0.1761272357900237,0.6867546213468536,-0.540990640062665,0.9550997960396882,-0.8563318819707401,1.209637377620343,-1.0269610797013413,0.2820213462577477,-1.0929230748084136,0.17437433814859188,-1.527066604462811,0.09286194674080747,-1.791190525695745,0.012081779235937421,-2.0419880747184527,-1.1564758217694776e-16,-1.0,-0.1455259131348886,-1.1433806814023388,-0.07053980600977251,-0.7811364844185547,0.045664508047189134,-0.7473977309970461,-0.24200513870206175,-0.8468320525209942,-0.3862201991232162,-0.962146882417092,-0.2634644176222593,-0.6587419064594473,-0.1363869276886353,-0.652119282452001,-0.4425909478342726,-0.6793514539762849,-0.5658531432433023,-0.8079419324786561,-0.4540939846310059,-0.5951705202193605,-0.35788252151187433,-0.5384293297234771
8,8_093.png,0.0,0.0,0.39024672069146515,-0.17904756449581524,0.6863976185298112,-0.5373696378673624,0.9498526233552085,-0.8473380781454358,1.200529022854275,-1.0136936877347267,0.27982939358814846,-1.0902381373712848,0.17960058343446192,-1.5167364216789803,0.108240655371507,-1.7816623841968462,0.03236295960176353,-2.0321863210341884,-5.703757639771665e-17,-1.0000000000000002,-0.13637062133008732,-1.1391942603675658,-0.06179167762401091,-0.778916296636337,0.049298954581909964,-0.7506666902544046,-0.23826928065401493,-0.8466893941958814,-0.3777027344663092,-0.9537621539285831,-0.25312915982247114,-0.6572949972869788,-0.12990557942963085,-0.65708280736615,-0.4369249339619984,-0.6768240358172214,-0.5558748690060871,-0.8042037847779511,-0.44237483842378544,-0.5971972210961539,-0.34932712623800294,-0.5436846199824563
8,8_094.png,0.0,0.0,0.3924500787088777,-0.1922975659482122,0.6848734365305917,-0.546938421221501,0.9450754513578037,-0.8623130948442541,1.1972202830775436,-1.0317037161446323,0.274036176785281,-1.090928636233301,0.171815783388202,-1.5106481851325761,0.10403739126796156,-1.77626507979506,0.029720421508450102,-2.0234799999506192,1.1312903934496952e-16,-1.0000000000000002,-0.13306260600580838,-1.1341439468912562,-0.05682033329554829,-0.7723909286462162,0.050389938783117365,-0.7514839058838223,-0.23277570408168305,-0.8511419683117173,-0.3732151912384083,-0.949630264985558,-0.24525080740678157,-0.6513167803147379,-0.12403977800302285,-0.6595930168461697,-0.42803058653612913,-0.6872384147413371,-0.5472952402799957,-0.80020728578325,-0.42660019039526637,-0.5904261554132869,-0.3308479757277229,-0.5388255792656879
8,8_095.png,0.0,0.0,0.3905585333647102,-0.19819543806812562,0.6830776858854624,-0.5545980710851,0.9371493894596382,-0.8697065812935937,1.1853829187688885,-1.0414340558857735,0.2725692915615831,-1.0957853029250617,0.16525416845084093,-1.5112267916423623,0.09263737981338639,-1.7701059260923704,0.013417716131629398,-2.015013569280487,0.0,-1.0,-0.13490424127280642,-1.1323177358261023,-0.052950383056602025,-0.7734799195779167,0.05741827594678526,-0.7542176859737778,-0.23105970569821593,-0.8456181111192272,-0.3705445780185577,-0.9441404091357163,-0.23996818024785577,-0.6498901226633883,-0.11825010136881502,-0.6587560755175644,-0.42482160073157266,-0.6779600156397231,-0.5434563463076791,-0.7929392903583953,-0.42165672134745236,-0.5888940284991513,-0.32348225110438206,-0.5409845359644014
8,8_096.png,0.0,0.0,0.3921459612087099,-0.19400118366898764,0.6889746666369935,-0.554917191899458,0.9414485582542497,-0.8719149058177434,1.1871289129970173,-1.0445928950770325,0.2758845761888364,-1.0959244453209598,0.16541945720423817,-1.5157408565483594,0.09128373056182804,-1.775093702067078,0.009163838364662924,-2.020875288228644,5.623051993955598e-17,-1.0000000000000002,-0.12700180846561515,-1.1374610812335582,-0.0409983011121341,-0.7824458833108778,0.06418508711810146,-0.7502456094504174,-0.2362305186244153,-0.8437373640717559,-0.3645184407274752,-0.9487102889919986,-0.23623716717811652,-0.651667390763876,-0.12135350402229608,-0.6479383818414374,-0.433899749790734,-0.6720378313382144,-0.5421587490587955,-0.7962518772537877,-0.42165171415309777,-0.5914043094587066,-0.33115700172990076,-0.5376957038396342
8,8_097.png,0.0,0.0,0.38834071636724976,-0.19581456704866046,0.6810276243587886,-0.551372002814591,0.935145783663651,-0.865598365910432,1.1815287938440735,-1.0357796809085444,0.27178341423553853,-1.0961768306442314,0.16026162951817247,-1.509730301695843,0.08799101908077643,-1.7682056906582442,0.004265060044966057,-2.009369455270812,5.559258722862647e-17,-1.0,-0.12828705357672893,-1.1351376829473163,-0.04139456431181473,-0.780394024512687,0.06815002882547526,-0.7486734482769626,-0.2327883577733388,-0.8408531662403887,-0.3653879821641847,-0.9425474193126242,-0.2333985157245282,-0.6487290943145944,-0.11419324661964458,-0.6443092291359451,-0.42797030814954584,-0.665726927231589,-0.5424193024655739,-0.7912341243599598,-0.4194963534120518,-0.589357622554668,-0.32573646242558324,-0.5338089191912136
8,8_098.png,0.0,0.0,0.38801156797004577,-0.1946839624533638,0.6805097396178106,-0.5463484396755789,0.9403794999731591,-0.8536562118862914,1.1862055959948916,-1.0256937551185845,0.2716190763905582,-1.0955892975980386,0.1694279411943215,-1.5095284351255087,0.10227853392415087,-1.7686655307815138,0.021903691257590265,-2.013038334933847,5.541827674673099e-17,-1.0,-0.13024535781309104,-1.1393228305446466,-0.04406903133472938,-0.7876211052496142,0.06512627268316744,-0.7521822506678587,-0.23353357003072928,-0.8406136271496218,-0.36761898845969776,-0.9453377601468133,-0.235989136452971,-0.6527941295044947,-0.11718793929224623,-0.6467209496781693,-0.42906401563211805,-0.6653900628763656,-0.5433002391997084,-0.795731349714923,-0.42284306421077156,-0.5942362209671503,-0.33057744904696446,-0.5370437623799792
8,8_099.png,0.0,0.0,0.3891121923899982,-0.18502817806541644,0.6837220789483484,-0.5381642223633838,0.9554255855979624,-0.8390958321097294,1.2060551053666737,-1.0097239621404215,0.27506949398450786,-1.0920611687058512,0.1847032514824511,-1.5082899568770805,0.12385150895993899,-1.7721459766994117,0.04655844608297523,-2.0191019167330797,5.5449092335268356e-17,-1.0,-0.12266155001438045,-1.1352075854794468,-0.03912931904445129,-0.7835177679324188,0.06611270942437872,-0.7506930765180423,-0.23660764579060095,-0.8416925507361508,-0.3615590949460116,-0.9418920394049871,-0.23169393127798565,-0.6521744247766578,-0.11963501824244574,-0.6488502796161318,-0.43411458537360836,-0.6671861703686789,-0.5425113440447221,-0.7913657575719104,-0.42598720481076613,-0.5933476671454653,-0.338981935257377,-0.5425226916846431
8,8_100.png,0.0,0.0,0.3909758493675133,-0.18713336764687827,0.6868215203928982,-0.5356472899842681,0.9602872204854215,-0.8343334693784116,1.209727646588528,-1.0079496072004057,0.27400853635828815,-1.0919269171949944,0.18396919036220855,-1.5088085566167748,0.12463655708216276,-1.7741813420035353,0.04869883001453643,-2.019551538932475,0.0,-1.0,-0.1226510242261369,-1.1341648198019725,-0.03832823643877584,-0.7864449454736753,0.06556536380740376,-0.7492552270300918,-0.23595956574890972,-0.8410231094344396,-0.3610427428649988,-0.9390283881628771,-0.23098464946684966,-0.6528790756670727,-0.11935330208523065,-0.6463089772192507,-0.4321988251774358,-0.6661462370450272,-0.5417176899540499,-0.7890386999288848,-0.4252772313557107,-0.5938307419234599,-0.3366307435403703,-0.5424340373146113
8,8_101.png,0.0,0.0,0.3921039146548722,-0.18795863317187744,0.6881683131503947,-0.5398803296033324,0.959021805269796,-0.8374877899384063,1.201891078916917,-1.0126221429618596,0.2713855287621606,-1.0932466696309733,0.1774045604961,-1.5118658324421392,0.1183282731157832,-1.7730498903556162,0.04435944884920153,-2.0191609965414865,0.0,-1.0,-0.1257336191902533,-1.1290189527474028,-0.0357297012304857,-0.7838085925858105,0.06842817480364952,-0.7507088773085613,-0.23356754222477552,-0.8443991746769784,-0.36205284794394954,-0.9318188702729583,-0.22894144195124,-0.6439745776395563,-0.11533795543697643,-0.6455029726433927,-0.4298654174614017,-0.6748736157855281,-0.539399485456164,-0.7880088399852027,-0.42120611645891726,-0.5889355421326584,-0.33063756713573406,-0.5408711643838376
8,8_102.png,0.0,0.0,0.38870239619138997,-0.19053547208396768,0.6846595034700601,-0.5422294327621964,0.9448920146866656,-0.84706311073384,1.195262627478929,-1.0154525807529613,0.2740484141559803,-1.0954828901487932,0.17119743156032832,-1.5115757095377633,0.10418875749858188,-1.771022934806031,0.02645256619532142,-2.0160262673074167,1.1009651934934247e-16,-1.0,-0.12436553991466548,-1.1343067419525183,-0.03669789517886052,-0.782511692445828,0.07528037842718743,-0.7515188160423067,-0.2350665127173075,-0.8416406524560378,-0.36420231566588607,-0.9411191779038037,-0.2334817937883519,-0.6469466162640859,-0.11374628558236115,-0.6445056470562424,-0.4334166757134243,-0.6684167731665144,-0.5447159492320091,-0.7914778805129566,-0.4251521894798451,-0.5881018968298687,-0.33332313207322145,-0.5330056054651869
8,8_103.png,0.0,0.0,0.39115077370242907,-0.19170974097720894,0.6861417723824387,-0.5440319848006209,0.9536037869446046,-0.855069445329102,1.2075557155753573,-1.0243189795246275,0.27347511499375066,-1.0946157742510614,0.16611292038481262,-1.519460868667575,0.09782215314468463,-1.7861082324345476,0.02334688943408195,-2.034040998289075,1.6812601536621143e-16,-1.0,-0.13997946572537953,-1.1380807109289584,-0.05720166835630039,-0.7785269223201751,0.05191763514486044,-0.7508092695717556,-0.2326251885044906,-0.8495113789082256,-0.3771745682399715,-0.9509810630412588,-0.24628495703140266,-0.6503160490482196,-0.12429534365477757,-0.6516945855411932,-0.4282177111768487,-0.6838231855834457,-0.5525126989535221,-0.7947793174206862,-0.428231272285095,-0.5845796262039272,-0.3280862444552886,-0.531164103206135
8,8_104.png,0.0,0.0,0.38917301878850696,-0.18531223907109412,0.6829982951534618,-0.5354544429907621,0.949034150672688,-0.8472660718461078,1.2040292697285435,-1.012834821274183,0.2751688015876689,-1.0927568695520955,0.1626532069298095,-1.5164164752601634,0.08765040035259604,-1.7803311396324717,0.011255751126447609,-2.028264842920361,1.6833061391823127e-16,-1.0000000000000002,-0.14439305156010923,-1.13960234003028,-0.06505382595713816,-0.781033576213725,0.04754684228078898,-0.7515690702733736,-0.23373980673166334,-0.8502460215453117,-0.3815738095094403,-0.9553290176243444,-0.25372803210145056,-0.6539268455137718,-0.12752936497510772,-0.6545999075564213,-0.427943296851719,-0.68609945371359,-0.5534098084299975,-0.8017180896290629,-0.4324012055119008,-0.592421012840264,-0.331818419889971,-0.5391078197873416
8,8_105.png,0.0,0.0,0.3882840301753593,-0.18416031240831368,0.6813597274854798,-0.5291371112349643,0.9467104293028954,-0.8396199059121534,1.2044610838672463,-1.0030707598915694,0.27540223988134155,-1.0899446557006651,0.16906404762380337,-1.5119594517602146,0.09710278278991728,-1.780457144212244,0.021264548433156744,-2.0265606074871374,5.615745543641809e-17,-1.0000000000000002,-0.13975429301016898,-1.1394970468293848,-0.06568030108380818,-0.7820482094241104,0.04570665560785264,-0.7482025662579732,-0.23436880762258838,-0.8511529719523167,-0.37984430611306935,-0.959372254552593,-0.25418658823039825,-0.6601915215164176,-0.12928004633207077,-0.6535110168993372,-0.4291952254916138,-0.6866888201889384,-0.5518697764448448,-0.8067810364411743,-0.43414524211218963,-0.5992242679062967,-0.33693311738431425,-0.5423034459141312
8,8_106.png,0.0,0.0,0.3869973624410412,-0.174208585381146,0.6854895978038589,-0.5311828542833016,0.9475399810765769,-0.8455340052716679,1.1939768035602603,-1.0155611300698195,0.27967607340301065,-1.0906578904870041,0.1657327850540836,-1.5109319909860521,0.0816218284422482,-1.768893092498954,-0.002501833733495072,-2.016685602579144,1.6794499172488294e-16,-1.0000000000000002,-0.1474041847376277,-1.1342561104947235,-0.06618151967428847,-0.7911761796183663,0.05655261437047083,-0.7538206701411698,-0.23807844465193065,-0.8453364030889217,-0.39010110088374944,-0.9422267391251741,-0.26025218088218954,-0.6518436636112775,-0.12147021981424731,-0.6408639645017898,-0.43101329997910054,-0.6782536587912429,-0.5553305576956375,-0.7981376341956511,-0.44283865098851266,-0.5950030190212166,-0.34057760095186007,-0.5351225004325267
8,8_107.png,0.0,0.0,0.38385421604816117,-0.17615799259321516,0.6794989430294766,-0.5341234986615472,0.9431915019017617,-0.8438448678416766,1.187919142739822,-1.0118217473666427,0.27674601812795513,-1.090137426597231,0.16382077402874592,-1.5099297421429965,0.07692863677285035,-1.7647970314263293,-0.007513820017242575,-2.0109428003188228,1.1151708588713177e-16,-1.0,-0.15597659307333767,-1.1298699495258606,-0.07636760567111703,-0.7942486498709515,0.050284694782236426,-0.7571034154384819,-0.23657662739330343,-0.8453130671452187,-0.39541703196344685,-0.9399336574558823,-0.2651721535424336,-0.6556688003370389,-0.12156376396650607,-0.6419766548054735,-0.42735376335317116,-0.678924578829643,-0.5567221318806199,-0.7943746103875872,-0.44504143127611473,-0.594418491761924,-0.33758577731640976,-0.5338884414080505
8,8_108.png,0.0,0.0,0.3834553642226671,-0.17076110541578596,0.6805119897680406,-0.5318547107938145,0.940697531023228,-0.8451085401657006,1.1913586933293179,-1.0125399937431654,0.2758045263300885,-1.0933687184858316,0.164852224054586,-1.5131155218667052,0.08073104279945661,-1.7692497878805937,-0.0015800449405797975,-2.0125165120129016,0.0,-1.0000000000000002,-0.15275033292575976,-1.1366762622662137,-0.0743262480989903,-0.7918615604552754,0.05081500346574433,-0.7537608231006441,-0.23437185183602705,-0.8459255011435615,-0.38825119573428646,-0.9473533143382128,-0.2616004623960269,-0.6536449195748606,-0.12312600184696985,-0.6411128794352452,-0.42791077308393066,-0.682987852283209,-0.5540344009367453,-0.806798959814777,-0.444031394412936,-0.6004810429745697,-0.3385343806297479,-0.54173193251907
8,8_109.png,0.0,0.0,0.3805056271492965,-0.1751967453772164,0.6729617444089202,-0.5349587129170711,0.9327598309859779,-0.8396354519690727,1.1827536240809968,-1.0035850556805415,0.27492368679737844,-1.0925805841973562,0.16429051138739892,-1.5164465036399026,0.07714020105971003,-1.7749793074824487,-0.009288931053006311,-2.018195808414651,2.2462822021637675e-16,-1.0000000000000002,-0.15715872292285502,-1.1426602909661017,-0.0802613947043733,-0.7992287369518092,0.042020504847324176,-0.748843581805807,-0.2355141320316885,-0.8465603693340067,-0.3915590011461416,-0.957010916047044,-0.2655763029571688,-0.6646060801130738,-0.1295265391328745,-0.6412920027424645,-0.43106453934417827,-0.6837992089903199,-0.5560425126961994,-0.8127550191041678,-0.44742376199382905,-0.6072271225058952,-0.34111556760868034,-0.5453339543222999
8,8_110.png,0.0,0.0,0.3838360418795183,-0.17833105538063704,0.6776636716936019,-0.5376789279547319,0.9370215677465117,-0.8402789170816152,1.183075065776633,-1.0030778120322936,0.27447895881548534,-1.0917486088119228,0.16637270405938864,-1.5156069682253044,0.08088710994670668,-1.7746345265463588,-0.005312130800681459,-2.0150072292599552,0.0,-1.0,-0.15140689140654204,-1.1456844433243154,-0.07576728434193016,-0.8036923492536225,0.04335576731107149,-0.7527484257358678,-0.23532046882766564,-0.847687584507439,-0.38761932585562703,-0.9622419527762749,-0.26533719810115114,-0.6707008095635927,-0.13450682397540992,-0.6453933314125186,-0.4316925535832297,-0.683613097119328,-0.5571837267995468,-0.8160864138598753,-0.4488737014324176,-0.6116908087965467,-0.34492064319177007,-0.5489639178287491
8,8_111.png,0.0,0.0,0.38453830967477487,-0.18055956492892816,0.675916475466918,-0.5351561420700481,0.9408455244804573,-0.8347991852017143,1.19242130820361,-0.9981318964975188,0.2761306096734727,-1.0931630174334452,0.17098860146248784,-1.5167041138771913,0.08984923357241395,-1.7769999132051744,0.0064181010489398616,-2.0193451209552373,-1.6937696896523405e-16,-1.0000000000000002,-0.14733026508266506,-1.1468525090228885,-0.07362434719436896,-0.7950008573117217,0.04163605300726522,-0.7483648755074735,-0.2371299142398298,-0.8469966737257124,-0.38490102320432923,-0.9660714813725793,-0.26391442491121175,-0.6694503921771671,-0.13796625559651648,-0.650711340944623,-0.4359895214928908,-0.6810931295082414,-0.5597278891102184,-0.8146136174450964,-0.4500773307762422,-0.6084500813349695,-0.35149485025252314,-0.5491226076198611
8,8_112.png,0.0,0.0,0.38376601089709,-0.17926718341313116,0.6780889828761553,-0.5446417523917726,0.9342558951777324,-0.8524833669343972,1.1835147070956817,-1.0131492727621962,0.27327774861241155,-1.0955933150444186,0.16139359904368977,-1.520860940622597,0.07522159830482175,-1.7761327126321371,-0.009391113452776295,-2.0211887805629574,5.629380458637523e-17,-1.0,-0.14946527502652657,-1.1510344219792539,-0.07048604022478179,-0.8062573797737631,0.0506527660933012,-0.7586877057599973,-0.2345318705589932,-0.8441985497983892,-0.3835209641240755,-0.9688348029165006,-0.2603102627764392,-0.6750386768745412,-0.12941745809541258,-0.6523923826986383,-0.43220590242263823,-0.6757700373277196,-0.5562793158121258,-0.8144851241896154,-0.4462583253681166,-0.610413820392003,-0.34481099142614136,-0.5475366863540074
8,8_113.png,0.0,0.0,0.3882589413000277,-0.18060850148101784,0.6824330412710579,-0.538451143282906,0.9433619585689272,-0.8410058584381994,1.1929958833673295,-0.9993022216536239,0.27637070140790876,-1.091173389415206,0.17291538997173772,-1.5129076661439245,0.0950439406794868,-1.7713430635620397,0.013104627629427023,-2.0143549217162353,5.63416058643569e-17,-1.0,-0.13514612814149043,-1.1472293864356289,-0.06245470372235134,-0.7916418773451152,0.04515699537898727,-0.7493851284033883,-0.23640036523371086,-0.8477984213196256,-0.3741414923364109,-0.9702999136564326,-0.2527770134905757,-0.6715554065367645,-0.13616992750287804,-0.6529799641326096,-0.43659552725769857,-0.6799250706472106,-0.5498897695790065,-0.8203850828050802,-0.4400176941521957,-0.6137111982173419,-0.3508704373992285,-0.5529978002942498
8,8_114.png,0.0,0.0,0.3926035979409606,-0.179952877353244,0.6905967107121957,-0.547521502192832,0.9432382658177996,-0.8627260549751862,1.1892037430553173,-1.0314789716405968,0.27787420812652786,-1.0956364518239468,0.15922454464521832,-1.5195265908468365,0.07373530219860984,-1.7740094267265576,-0.01280057527009877,-2.0219936964226415,2.250644718967146e-16,-1.0,-0.1381049895390785,-1.1473529172994228,-0.05471315131700688,-0.7948644740835842,0.06270025474881355,-0.7611845852336658,-0.23632812952424764,-0.8420949201700888,-0.3755202443135608,-0.9634723781187028,-0.24407148566004702,-0.6665147241355979,-0.116464981755082,-0.6539605261630438,-0.4344980807323495,-0.6695751688696128,-0.5461625179694335,-0.8106712279513177,-0.4317653622313484,-0.6027519510254048,-0.33865325837648635,-0.5417500342567629
8,8_115.png,0.0,0.0,0.38995203171613607,-0.17980345552011368,0.686018753359006,-0.5414066038888755,0.9449711496139906,-0.8532500826151794,1.1969034158994634,-1.0218251987250726,0.2776031071593649,-1.0949078803811614,0.17000025486534887,-1.5178142513371182,0.08904791349470922,-1.7733211553098023,0.00471881471241486,-2.020027630373227,0.0,-1.0,-0.13496779152342187,-1.1458815243518268,-0.05440144030326741,-0.7914056451881145,0.059564282949615674,-0.7595737469129225,-0.23786934472346946,-0.8435467103711363,-0.3734473909184351,-0.9659168440401668,-0.24543946801863722,-0.670017681100944,-0.12318268486035447,-0.6616630419430664,-0.43774458323516263,-0.6729636538647473,-0.5478367826372283,-0.8175762509720079,-0.43451711567624807,-0.6117236293779859,-0.3447807197903661,-0.5538254875618034
8,8_116.png,0.0,0.0,0.3945013614604936,-0.18014155814176652,0.695611836428048,-0.5353078960758746,0.9529604833095638,-0.8506017663725303,1.2067532180145941,-1.019488552566909,0.2826703875942551,-1.0930567729280691,0.17601347954061217,-1.513868762425327,0.0966802133863423,-1.7727487404207818,0.013539625679071849,-2.0207676163147483,0.0,-1.0,-0.13646943972602518,-1.14263270830215,-0.05865960656510641,-0.7781961197255475,0.05076501271784002,-0.7466359359176207,-0.2407898833907303,-0.8473071451485525,-0.37644282567721715,-0.9579846617917227,-0.251359594529642,-0.653867842626061,-0.132814318801715,-0.6548118474490403,-0.442989281641983,-0.6788782362231714,-0.5554718236047924,-0.8063160440169378,-0.4397306494624408,-0.5979338028755643,-0.3512431856988966,-0.5478182518372742
8,8_117.png,0.0,0.0,0.38836296688651173,-0.17906627493238883,0.6870679731976023,-0.5313023212082641,0.946110807964343,-0.8397943646715611,1.1990923919829473,-1.0053995874735797,0.28035183860762447,-1.091428844304152,0.17800070397786058,-1.507555579245431,0.10248331037782178,-1.7645254617870954,0.022300855507284032,-2.008910876755435,5.650860108373691e-17,-1.0000000000000002,-0.1332943607262607,-1.1407189162249411,-0.058455934451478314,-0.7828663871553618,0.049388236752397424,-0.7503319796804467,-0.2387766286437801,-0.847473048769504,-0.3741187092576131,-0.9611187835816081,-0.2508248371122818,-0.6624699447520412,-0.1336909313898747,-0.6567392408537553,-0.43872395843812917,-0.6793828162245654,-0.5497222702073037,-0.8122739970570554,-0.4361874909315052,-0.6055373573533247,-0.3473350377441737,-0.5499155900274333
8,8_118.png,0.0,0.0,0.3946545929010955,-0.1851237526869071,0.6939658292117852,-0.5416942378214278,0.9496357249590465,-0.8543386134109031,1.2019414967405821,-1.0262368620449112,0.27972517415826176,-1.0938776908935524,0.16844276641065054,-1.5119735219699764,0.09088109610078188,-1.7703370243493772,0.00822992794907954,-2.0153374145276555,5.656368233770069e-17,-1.0,-0.1375257816661536,-1.1421103046082737,-0.055511836144305604,-0.7858305582056263,0.056332172645966974,-0.7520361025319309,-0.2371241556223751,-0.843755306844562,-0.37534716229202286,-0.9526692863177055,-0.24606538538910933,-0.6575155956044805,-0.12495348532659997,-0.6532477953605305,-0.43519554343495626,-0.672983016947057,-0.5476524779236344,-0.8043171788196495,-0.43069959227971705,-0.5996642685527735,-0.3366584212332305,-0.5447976500039222
8,8_119.png,0.0,0.0,0.39735498479223974,-0.18620734931249847,0.7028048656314886,-0.5479242773229954,0.9574775510092755,-0.8699322857389522,1.2117425670866517,-1.0453108558090038,0.2813054393010071,-1.0984106056665832,0.16671877644392885,-1.5225732270899262,0.08520683826404327,-1.7812162275657366,0.0009464441462787373,-2.0309713580414384,0.0,-1.0,-0.14139960615574304,-1.1417910134091023,-0.05284504466293357,-0.7856032496243496,0.05987441293811408,-0.7500695547699041,-0.23905109966771534,-0.8424461019469779,-0.3793456213020169,-0.952864598065538,-0.24812117744954917,-0.6529143556045262,-0.12484293317427825,-0.6469358683653202,-0.4373222389102178,-0.6730129751867894,-0.5525317686863466,-0.8020823232746342,-0.43159608871428123,-0.5961456028656722,-0.334515286098594,-0.542075975168622
8,8_120.png,0.0,0.0,0.393420872475342,-0.18716456569764958,0.6932255160333288,-0.5432500708348803,0.9468232401224493,-0.8591710535193142,1.1996725607090182,-1.0283402417005354,0.2784177792406348,-1.0950156858368885,0.1691069422257996,-1.517746500925992,0.09189399881417293,-1.7771870428412755,0.008765313534083143,-2.022356231116598,1.6963295451056342e-16,-1.0,-0.13707255472409838,-1.1433343511690919,-0.05613396416040589,-0.7836491577269695,0.05281394283594881,-0.7498494400718286,-0.23572798707543544,-0.843929578586152,-0.37349900144505127,-0.9526542339111661,-0.24598720028512203,-0.6541133188680592,-0.12706070166240757,-0.6501731622401505,-0.4321942674593325,-0.6733409343205304,-0.5485011493354573,-0.8032350069137829,-0.4299693532483691,-0.5976316963541708,-0.33476730547823547,-0.5443122170357345
8,8_121.png,0.0,0.0,0.39371948034270243,-0.18842892168584183,0.6924809338208392,-0.5456455084570837,0.9470039801714427,-0.8623996118800227,1.200876962146752,-1.0313014245470893,0.27768653003946886,-1.0945704341496554,0.1671300681866548,-1.517431356174765,0.08849262839900195,-1.7770659349146183,0.0037089886375635834,-2.0212975569135936,1.1341142235987167e-16,-1.0,-0.137592403732382,-1.1456063338265106,-0.05783753392902376,-0.7845338990107084,0.049856225880381355,-0.7501000391985327,-0.23503723573207605,-0.8453634215775601,-0.374434363228106,-0.9549760057480059,-0.24665167656446393,-0.6536303258414052,-0.12734427242340116,-0.6486676553261886,-0.4318015844753995,-0.6746482331957177,-0.5493365302616606,-0.8039032411817857,-0.42963994948117795,-0.5959331055582343,-0.33418451645596664,-0.5404695374949601
8,8_122.png,0.0,0.0,0.3893537992404077,-0.18642176838575544,0.6832661013591191,-0.5414285552429386,0.9464238113226197,-0.8552506567531581,1.199623762540468,-1.025031049800543,0.27819029898116315,-1.0948433163883664,0.16783964518179895,-1.5164001462552947,0.0892276507355324,-1.7747048009213677,0.007866198607560522,-2.0277502266197898,5.69009312465115e-17,-1.0,-0.14277250332207247,-1.1467220658783157,-0.06147915514911746,-0.777506268212372,0.052709833152191056,-0.7509091116505611,-0.236825752515305,-0.8494643918774747,-0.38087936403411726,-0.9594280896489582,-0.25273151709696845,-0.6518463897665194,-0.12906114003007324,-0.6574148420921209,-0.4360795848802786,-0.68460985976128,-0.5615961821334866,-0.8090101615375146,-0.4412074810481239,-0.5960361307353024,-0.34439921438281135,-0.5449382805248277
8,8_123.png,0.0,0.0,0.3868229144423486,-0.17976265503732164,0.6846253658697439,-0.5428779041121028,0.9333506675581141,-0.8620303812014819,1.1779178997319288,-1.0389926900835902,0.27812962058088747,-1.0966120867810565,0.1595648732883114,-1.5142965085464484,0.07189049292522799,-1.7674168208837946,-0.015312394395292486,-2.0134245866163862,5.655364074300691e-17,-1.0,-0.14135337794640349,-1.1379432403813798,-0.060125243331248066,-0.7829028721736428,0.05667911282510952,-0.7506950931146327,-0.23583255335169545,-0.8449038119721659,-0.3757734764429746,-0.9474222597039156,-0.25249307499657747,-0.6472960980149934,-0.12870515065026544,-0.6477448360688363,-0.4341138724328066,-0.6785488254888913,-0.5501451614745887,-0.8049516325741201,-0.4383859727920539,-0.5982151289816069,-0.34643542047438763,-0.5472265047506875
