frame_id,track_id,center_x,center_y,smooth_x,smooth_y,vx,vy,angle,angle_diff,angle_ok,net_angle_ok,lateral_ok
4,3,590.574,502.6804,595.27155,499.00952,-5.63501,4.285248,142.74815228582878,0,False,False,False
4,4,1053.7979,405.1254,1054.397,404.64346,-1.0634766,-0.4699402,0,0,False,False,False
4,5,1086.8547,320.68475,1086.9746,320.86722,-0.049926758,-0.11087036,0,0,False,False,False
4,6,782.7274,410.92365,783.81146,409.63287,-1.4227905,1.6225281,131.2474367945765,0,False,False,False
4,7,843.39136,330.03735,843.5936,329.99576,-0.3236084,-0.8104248,0,0,False,False,False
4,9,1023.7727,350.3614,1025.4341,351.09766,-2.9031982,-0.92370605,-162.3505718472981,0,False,False,False
4,10,891.5112,331.11987,891.9841,330.297,-0.6311035,0.782959,0,0,False,False,False
4,11,1294.8959,507.18,1294.8708,507.33737,0.064453125,0.016815186,0,0,False,False,False
4,13,1294.8959,507.18,1294.8708,507.33737,0.064453125,0.016815186,0,0,False,False,False
5,3,585.8067,506.28394,591.95886,501.55554,-7.647766,5.999634,141.88599541753555,-0.8621568682932264,False,False,False
5,4,1053.596,406.16553,1054.1166,405.17618,-1.0620117,0.34573364,0,0,False,False,False
5,5,1086.9092,320.66562,1086.9517,320.79666,-0.07531738,-0.16577148,0,0,False,False,False
5,6,782.1031,412.28058,783.2135,410.55957,-1.6395264,2.1286926,127.60358777423585,-3.643849020340639,False,False,False
5,7,843.70685,331.00122,843.6332,330.34766,-0.2738037,0.005279541,0,0,False,False,False
5,9,1023.2814,350.40668,1024.6805,350.8558,-2.687622,-1.004242,-159.51157427555268,2.8389975717454377,False,False,False
5,10,892.00806,333.8755,891.99243,331.54947,-0.6077881,1.8520203,0,0,False,False,False
5,11,1294.9756,507.1308,1294.9075,507.26508,0.053466797,-0.121398926,0,0,False,False,False
5,8,1502.3574,419.109,1503.4392,420.48865,-3.6264648,-1.1730957,-162.0745450540724,0,False,False,False
6,3,581.8014,509.67657,588.40375,504.3979,-9.397278,7.36499,141.9129031124602,0.02690769492465961,False,False,False
6,4,1052.2253,402.37408,1053.4546,404.19543,-1.2650146,-0.18856812,0,0,False,False,False
6,5,1086.748,320.55005,1086.8804,320.71033,-0.15893555,-0.25515747,0,0,False,False,False
6,6,780.943,412.97556,782.4188,411.40515,-1.9763794,2.4672852,128.69591569560268,1.0923279213668309,False,False,False
6,7,843.3581,334.9138,843.53687,331.9458,-0.16571045,1.9724121,0,0,False,False,False
6,9,1023.3677,349.79254,1024.221,350.48364,-2.1079102,-1.010498,-154.3876940681235,5.123880207429181,False,False,False
6,10,891.2175,335.24304,891.7212,332.8422,-0.5175171,2.9882507,99.82525482611591,0,False,False,False
6,11,1294.9712,507.02518,1294.9297,507.1811,0.072265625,-0.24102783,0,0,False,False,False
6,8,1505.7423,422.10217,1504.2454,421.05334,-1.1882324,-0.28033447,0,0,False,False,False
7,3,578.31616,513.5256,584.8731,507.59256,-10.3984375,8.583038,140.46318399136115,-1.449719121099065,False,False,False
7,4,1051.3872,401.52505,1052.731,403.2608,-1.6660156,-1.3826599,-140.31003637473117,0,False,False,False
7,5,1086.4171,320.5302,1086.7183,320.64728,-0.25634766,-0.21994019,0,0,False,False,False
7,6,779.8036,414.52042,781.5034,412.49548,-2.3080444,2.8626099,128.87828759556928,0.18237189996659708,False,False,False
7,7,842.4946,331.3908,843.17206,331.75153,-0.42156982,1.7557678,0,0,False,False,False
7,9,1022.9229,349.40192,1023.7666,350.10504,-1.6674805,-0.99261475,0,0,False,False,False
7,10,890.7055,334.05978,891.3657,333.26834,-0.61834717,2.971344,101.7556691823412,1.9304143562252847,False,False,False
7,11,1294.9875,506.86298,1294.95,507.06973,0.07910156,-0.26763916,0,0,False,False,False
7,8,1505.8196,422.77332,1504.7964,421.65533,0.7746582,0.42382812,0,0,False,False,False
8,3,574.1824,517.25543,581.13135,510.97455,-10.827515,9.419006,138.9795364080927,-1.4836475832684357,False,False,False
8,4,1051.1882,401.198,1052.1909,402.53882,-1.9256592,-2.6373596,-126.13492357867622,14.175112796054947,False,False,False
8,5,1086.3243,320.44415,1086.5803,320.57617,-0.3713379,-0.2204895,0,0,False,False,False
8,6,779.1542,415.4504,780.68115,413.52966,-2.5323486,2.9700928,130.45144086828589,1.5731532727166098,False,False,False
8,7,841.71814,331.01117,842.6632,331.4924,-0.9699707,1.1447449,0,0,False,False,False
8,9,1022.78375,349.0863,1023.42255,349.74847,-1.2579956,-1.1073303,0,0,False,False,False
8,10,890.4785,336.7008,891.0552,334.4697,-0.93725586,2.920227,107.7941928604274,6.038523678086207,False,False,False
8,11,1294.8735,506.61334,1294.9231,506.90997,0.015625,-0.35510254,0,0,False,False,False
8,8,1494.8862,420.67395,1501.3278,421.31183,-2.1114502,0.82318115,158.70091580507167,0,False,False,False
8,12,448.80075,363.5378,449.3031,363.3775,-0.7118225,-0.21737671,0,0,False,False,False
9,3,570.926,521.0014,577.55945,514.48395,-10.844299,10.08606,137.07473495822302,-1.9048014498696944,False,False,False
9,4,1050.8016,400.97034,1051.7046,401.9898,-1.75,-2.2056274,-128.4293639716786,-2.2944403930023896,False,False,False
9,5,1086.3179,320.4763,1086.4884,320.5412,-0.39196777,-0.16912842,0,0,False,False,False
9,6,778.3525,417.13068,779.8661,414.79,-2.5527344,3.3848572,127.0222507208967,-3.4291901473891926,False,False,False
9,7,841.1792,330.80347,842.1438,331.25125,-1.3930664,-0.69454956,0,0,False,False,False
9,9,1022.7313,348.91714,1023.18054,349.45752,-1.0404053,-1.026123,0,0,False,False,False
9,10,890.46545,339.1228,890.84875,336.09827,-0.8724365,3.256073,104.9995795893814,-2.7946132710460034,False,False,False
9,11,1294.8546,506.6316,1294.899,506.81256,-0.030639648,-0.36853027,0,0,False,False,False
9,8,1489.9514,420.4704,1497.346,421.01733,-6.899414,-0.036010742,-179.70095361863298,0,False,False,False
9,12,448.98523,363.62784,449.19183,363.46512,-0.66174316,0.05630493,0,0,False,False,False
10,3,566.73584,524.51764,573.7712,517.9957,-11.101929,10.403168,136.86104603869853,-0.2136889195244862,False,False,False
10,4,1050.6619,400.82462,1051.3396,401.58197,-1.3913574,-1.678833,-129.65073799096734,-1.2213740192887315,False,False,False
10,5,1086.2615,320.17975,1086.4089,320.41467,-0.30932617,-0.23260498,0,0,False,False,False
10,6,776.9886,418.47046,778.85895,416.07816,-2.6444702,3.582672,126.4320691853423,-0.5901815355543931,False,False,False
10,9,1022.129,345.76825,1022.8125,348.16626,-0.95410156,-1.9387817,-116.20244282589617,0,False,False,False
10,10,890.10364,339.34326,890.58795,337.234,-0.777771,3.9656677,101.09635379523706,-3.9032257941443333,False,False,False
10,11,1294.8787,506.44318,1294.8918,506.6833,-0.05810547,-0.3864441,0,0,False,False,False
10,8,1484.5999,419.68564,1492.8848,420.5512,-11.911621,-1.104126,-174.70420489757052,4.99674872106246,False,False,False
11,3,562.0215,528.14557,569.6588,521.54816,-11.472534,10.573608,137.3349272141244,0.4738811754258734,False,False,False
11,4,1050.0823,398.92267,1050.8995,400.65118,-1.2913818,-1.8876343,-124.3770902894071,5.273647701560236,False,False,False
11,5,1086.3539,320.0166,1086.3896,320.27533,-0.19067383,-0.3008423,0,0,False,False,False
11,6,775.58276,419.99353,777.7123,417.44855,-2.968872,3.9188843,127.1468756863469,0.7148065010046025,False,False,False
11,9,1021.8539,345.33075,1022.477,347.17383,-0.94555664,-2.574646,-110.1661104369682,6.036332388927974,False,False,False
11,10,890.251,338.6615,890.47,337.73364,-0.5852051,3.2639465,100.16477137533637,-0.9315824199006926,False,False,False
11,11,1294.718,506.0248,1294.831,506.45282,-0.092041016,-0.45715332,0,0,False,False,False
11,8,1481.3843,419.56012,1488.8596,420.2043,-12.46814,-1.1075134,-174.9238830354342,-0.2196781378636672,False,False,False
11,12,446.03314,368.98004,448.08627,365.39532,-1.4873657,2.1041565,125.25535558541407,0,False,False,False
12,3,557.6102,531.9279,565.4418,525.181,-12.117676,10.6970825,138.5630029555125,1.2280757413880963,False,False,False
12,4,1049.2887,398.58838,1050.3357,399.9292,-1.3688965,-2.060608,-123.59675647644325,0.7803338129638604,False,False,False
12,5,1086.492,319.93713,1086.4254,320.15695,-0.06298828,-0.38424683,0,0,False,False,False
12,6,774.7859,421.23386,776.688,418.7734,-3.1781006,3.9833984,128.58414271570516,1.437267029358253,False,False,False
12,9,1021.7451,344.70258,1022.2208,346.30887,-0.9597168,-3.1486511,-106.95135352084324,3.214756916124955,False,False,False
12,10,890.0148,339.2267,890.31067,338.2562,-0.53808594,2.1579285,104.00134841356439,3.8365770382280147,False,False,False
12,11,1294.615,505.76562,1294.7554,506.21228,-0.14367676,-0.60028076,0,0,False,False,False
12,8,1479.7783,418.5273,1485.6812,419.61734,-11.664795,-1.3999939,-173.1561685563293,1.7677144791048818,False,False,False
12,16,895.4226,308.86182,895.6915,307.93433,-0.29956055,0.7807007,0,0,False,False,False
12,7,839.7527,336.1246,841.3069,332.9569,-1.8651733,1.2053833,147.1271090289089,0,False,False,False
13,3,552.3993,535.41077,560.8769,528.7614,-12.894287,10.765686,140.14085119807243,1.5778482425599236,False,False,False
13,4,1048.6221,398.18176,1049.736,399.3176,-1.6036377,-2.2643738,-125.30626397453081,-1.7095074980875609,False,False,False
13,5,1086.7092,319.46637,1086.5248,319.91522,0.11584473,-0.49945068,0,0,False,False,False
13,6,773.7894,422.90683,775.67346,420.2201,-3.1854858,4.1419373,127.56320566624436,-1.020937049460798,False,False,False
13,9,1021.1315,344.0336,1021.83954,345.5125,-0.9729614,-2.6537476,-110.13479332235622,-3.183439801512975,False,False,False
13,10,889.8535,339.88705,890.15063,338.82697,-0.4373169,1.5929565,0,0,False,False,False
13,11,1295.0438,505.4091,1294.8562,505.93115,-0.03564453,-0.75213623,0,0,False,False,False
13,8,1476.7144,418.24432,1482.5427,419.13678,-10.342041,-1.4144287,-172.21226144123222,0.9439071150970904,False,False,False
13,16,895.5874,309.50702,895.655,308.48474,-0.1973877,1.3275146,0,0,False,False,False
13,7,839.0105,336.76453,840.50305,334.28955,-2.1601562,2.7971497,127.67785134112344,-19.44925768778546,False,False,False
14,3,548.18713,539.85315,556.4355,532.6435,-13.223328,11.095337,140.00089612161392,-0.1399550764585058,False,False,False
14,4,1047.9454,396.97253,1049.1093,398.49683,-1.7902832,-2.154358,-129.72676670693002,-4.420502732399214,False,False,False
14,5,1086.8811,318.97827,1086.6494,319.58728,0.25976562,-0.6880493,0,0,False,False,False
14,6,772.0539,424.73688,774.4066,421.80093,-3.305664,4.3523865,127.21689197435246,-0.3463136918918934,False,False,False
14,9,1019.63464,343.81747,1021.0678,344.91925,-1.4091797,-2.2545776,-122.00663800673526,-11.871844684379042,False,False,False
14,10,889.3976,340.91455,889.8871,339.55762,-0.58288574,1.8239746,0,0,False,False,False
14,11,1294.9646,505.1663,1294.894,505.66342,0.06298828,-0.7893982,0,0,False,False,False
14,8,1476.0017,418.23074,1480.2533,418.81964,-8.606323,-1.3846741,-170.85999190360081,1.3522695376314005,False,False,False
14,16,895.2754,310.1236,895.5221,309.05835,-0.31420898,1.6234436,0,0,False,False,False
14,7,838.96893,337.2672,839.96606,335.33173,-2.1777344,4.080475,118.08867598438383,-9.589175356739617,False,False,False
14,12,445.59482,370.60086,447.21426,367.21725,-2.0888367,3.8397522,118.5463228524673,-6.709032732946767,False,False,False
15,3,544.81323,543.7295,552.3677,536.52356,-13.074097,11.342529,139.05648518815343,-0.9444109334604889,False,False,False
15,4,1047.5925,396.09595,1048.5784,397.6565,-1.7573242,-2.272705,-127.71227871385229,2.0144879930777364,False,False,False
15,5,1087.073,318.87613,1086.7976,319.33838,0.37219238,-0.818573,0,0,False,False,False
15,6,771.3508,426.346,773.33704,423.3917,-3.3509521,4.618286,125.9640189436746,-1.2528730306778613,False,False,False
15,9,1019.15546,343.7142,1020.39844,344.4975,-1.8223877,-1.8113708,-135.17370907299505,-13.167071066259794,False,False,False
15,10,888.93286,340.90906,889.5531,340.0306,-0.75756836,1.7744141,0,0,False,False,False
15,11,1294.9893,505.05438,1294.9274,505.45026,0.17199707,-0.7620239,0,0,False,False,False
15,8,1473.1998,418.64008,1477.7845,418.75677,-7.8966064,-0.8605652,-173.7805009831699,-2.9205090795690865,False,False,False
15,16,894.94495,310.69684,895.32007,309.6318,-0.37145996,1.6974792,0,0,False,False,False
15,7,838.86584,337.57742,839.58093,336.1177,-1.7259521,3.160797,118.63673148470353,0.5480555003197054,False,False,False
15,12,445.17224,370.84784,446.49957,368.48795,-2.6922607,5.022827,118.1915333665084,-0.3547894859589036,False,False,False
16,3,539.349,548.05585,547.8111,540.5598,-13.065796,11.798401,137.9179946211872,-1.138490566966226,False,False,False
16,4,1047.0509,395.47504,1048.0437,396.89297,-1.6922607,-2.4246216,-124.9130526630018,2.7992260508504785,False,False,False
16,5,1086.9976,318.49692,1086.8676,319.04388,0.34277344,-0.8713379,0,0,False,False,False
16,6,770.1127,428.35657,772.2085,425.1294,-3.4649658,4.9093018,125.21429274239414,-0.7497262012804669,False,False,False
16,9,1018.5674,343.66644,1019.75757,344.20663,-2.0819702,-1.3058777,-147.90276033264644,-12.729051259651385,False,False,False
16,10,888.2533,340.72528,889.09814,340.27374,-1.0524902,1.4467773,0,0,False,False,False
16,11,1294.3628,505.18564,1294.7297,505.35764,-0.12646484,-0.57351685,0,0,False,False,False
16,8,1477.8481,417.6436,1477.8068,418.36713,-4.735962,-0.7696533,-170.76941233496288,3.0110886482070214,False,False,False
16,16,894.39215,310.20047,894.99524,309.8308,-0.65979004,1.3460693,0,0,False,False,False
16,7,838.2856,336.79364,839.12756,336.35428,-1.3754883,2.0647278,123.67091126927828,5.0341797845747465,False,False,False
17,3,534.1368,552.04834,543.0251,544.5808,-13.4104,11.937317,138.32600527132007,0.40801065013286575,False,False,False
17,4,1046.3098,395.82898,1047.4368,396.52057,-1.6724854,-1.9762573,-130.2408794748399,-5.327826811838079,False,False,False
17,5,1087.0994,318.00018,1086.9486,318.6786,0.29919434,-0.9086914,0,0,False,False,False
17,6,768.8712,429.01733,771.0404,426.49017,-3.366211,4.6892395,125.67300118949208,0.45870844709794767,False,False,False
17,9,1017.6942,344.11743,1019.0354,344.1754,-2.0324097,-0.74383545,-159.89803276112082,-11.99527242847438,True,True,False
17,10,888.17145,341.59317,888.7738,340.73553,-1.1132812,1.1779175,0,0,False,False,False
17,11,1294.1833,505.1502,1294.5385,505.28503,-0.35559082,-0.37838745,0,0,False,False,False
17,8,1470.1179,418.68732,1475.1156,418.4792,-5.1376953,-0.3404541,-176.20878532295015,-5.439372987987269,False,False,False
17,16,894.4071,310.56412,894.78937,310.08746,-0.73272705,1.0291138,0,0,False,False,False
17,7,837.51416,337.50092,838.56287,336.7556,-1.4031982,1.4238892,0,0,False,False,False
18,3,529.39343,557.1482,538.25397,548.9794,-14.1137085,12.455811,138.57054104834796,0.24453577702789175,False,False,False
18,4,1045.7261,396.549,1046.838,396.53052,-1.7403564,-1.1259766,-147.09792320652744,-16.857043731687554,False,False,False
18,5,1087.1554,317.91904,1087.021,318.41275,0.22338867,-0.92562866,0,0,False,False,False
18,6,767.7036,430.83252,769.8725,428.00998,-3.4645386,4.618286,126.87643946306531,1.2034382735732265,False,False,False
18,9,1017.6747,343.63223,1018.5591,343.9853,-1.8393555,-0.51220703,0,0,False,False,False
18,10,885.5879,345.5945,887.6587,342.43616,-1.8944092,2.405548,128.2210208951831,0,False,False,False
18,11,1294.1978,505.12735,1294.4192,505.22986,-0.5081787,-0.22039795,0,0,False,False,False
18,8,1465.2823,418.34998,1471.674,418.43396,-6.1105957,-0.32281494,-176.9759485399119,-0.7671632169617624,False,False,False
18,16,894.79285,311.11865,894.7906,310.44836,-0.52948,0.81655884,0,0,False,False,False
18,7,837.1508,338.62308,838.0686,337.4092,-1.5123291,1.2915039,0,0,False,False,False
18,12,447.38104,367.33047,446.80804,368.08282,-1.2782288,2.6875,115.43669520607128,-2.7548381604371173,False,False,False
19,3,522.3815,561.5757,532.69855,553.38806,-15.112549,12.828247,139.6738259130218,1.1032848646738387,False,False,False
19,4,1045.5874,393.34744,1046.4003,395.4164,-1.6434326,-1.4765625,-138.06149598776832,9.036427218759115,False,False,False
19,5,1087.1033,317.53494,1087.0498,318.1055,0.18225098,-0.938385,0,0,False,False,False
19,6,767.62305,431.75882,769.0852,429.32208,-3.123291,4.192688,126.68381223351204,-0.19262722955326694,False,False,False
19,9,1017.4522,342.91046,1018.17163,343.60907,-1.5859375,-0.5975647,0,0,False,False,False
19,10,885.2092,346.5709,886.8014,343.8833,-2.296753,3.609558,122.46849657645483,-5.752524318728277,False,False,False
19,11,1294.0554,505.24246,1294.2919,505.23425,-0.4378662,-0.12338257,0,0,False,False,False
19,8,1462.3181,417.71222,1468.3994,418.18134,-9.407349,-0.18579102,-178.86858053312548,-1.8926319932135698,False,False,False
19,16,895.11694,311.161,894.9048,310.69778,-0.0904541,0.8669739,0,0,False,False,False
19,7,836.37994,339.40204,837.47754,338.1067,-1.6500244,1.7524109,133.2763689545824,9.605457685304131,False,False,False
20,3,517.47266,565.459,527.36945,557.6129,-15.65564,13.0321045,140.22524629954646,0.5514203865246543,False,False,False
20,4,1044.9272,391.56155,1045.8846,394.0672,-1.552124,-2.4533691,-122.31949185883141,15.742004128936912,False,False,False
20,5,1087.1885,317.3446,1087.0983,317.83917,0.1496582,-0.8394165,0,0,False,False,False
20,6,765.6977,433.17078,767.89954,430.66913,-3.1408691,4.178955,126.92823000911773,0.24441777560568312,False,False,False
20,9,1016.40967,342.6165,1017.55493,343.26166,-1.4804688,-0.9137573,0,0,False,False,False
20,11,1293.9812,505.36096,1294.1831,505.27856,-0.35534668,-0.0064697266,0,0,False,False,False
20,8,1459.8354,417.57703,1465.402,417.96985,-9.713623,-0.5093384,-176.99841785121814,1.8701626819073454,False,False,False
20,16,894.2757,312.08658,894.6846,311.18384,-0.10479736,1.0963745,0,0,False,False,False
20,7,835.8801,340.1595,836.9184,338.82513,-1.6444702,2.069519,128.4711694614036,-4.8051994931788045,False,False,False
21,3,512.028,570.4066,521.99994,562.0907,-16.254028,13.111328,141.10858226570946,0.8833359661630027,False,False,False
21,4,1044.2446,390.6241,1045.3107,392.86212,-1.5273438,-3.668396,-112.60449772474716,9.71499413408425,True,False,False
21,5,1087.3665,317.29675,1087.1921,317.64932,0.17114258,-0.76342773,0,0,False,False,False
21,6,765.07776,434.484,766.91187,432.00433,-2.9606323,3.9943542,126.54599942216474,-0.3822305869529856,False,False,False
21,9,1016.0951,342.34515,1017.04395,342.94086,-1.5151367,-1.0444336,0,0,False,False,False
21,11,1293.9854,505.36072,1294.1139,505.3073,-0.30529785,0.07745361,0,0,False,False,False
21,8,1455.6652,419.6607,1461.994,418.56165,-9.679932,0.12768555,179.24426959323083,-3.7573125555510387,False,False,False
21,16,893.6997,313.41248,894.33984,311.96387,-0.45074463,1.5155029,0,0,False,False,False
21,7,835.543,340.28992,836.437,339.3378,-1.6315918,1.9285889,130.2313182875938,1.7601488261902034,False,False,False
21,10,884.4498,348.8676,885.97833,345.6278,-2.7954712,4.892273,119.74388054974108,-2.724616026713747,False,False,False
22,3,507.10046,574.84216,516.7851,566.5537,-15.913452,13.165649,140.39808290039733,-0.7104993653121312,False,False,False
22,4,1043.8396,389.61493,1044.7958,391.7256,-1.6044922,-3.6908264,-113.49575926975555,-0.8912615450083905,True,True,False
22,5,1087.6353,317.17877,1087.3472,317.48462,0.29736328,-0.6208801,0,0,False,False,False
22,6,764.6545,436.3126,766.12177,433.5122,-2.96344,4.1901245,125.26962635249694,-1.2763730696677982,False,False,False
22,9,1015.6312,341.95847,1016.54944,342.59702,-1.6221924,-1.0120544,0,0,False,False,False
22,11,1294.0338,505.19714,1294.0858,505.26874,-0.20605469,0.034484863,0,0,False,False,False
22,8,1452.6575,420.00842,1458.7262,419.068,-9.673218,0.8866577,174.76284061457122,-4.481428978659608,False,False,False
22,16,893.3612,314.0639,893.9973,312.69885,-0.9074707,2.001068,114.39396692393035,0,False,False,False
22,7,835.2136,341.242,836.0088,340.00427,-1.46875,1.897583,127.74026293152522,-2.4910553560685855,False,False,False
22,10,884.2008,351.31882,885.3562,347.61966,-2.3024902,5.183502,113.95059453883403,-5.793286010907053,True,False,False
23,3,502.213,580.13074,511.68488,571.30566,-15.68457,13.692749,138.87879362631435,-1.519289274082979,False,False,False
23,4,1043.1659,390.32745,1044.2253,391.23624,-1.6593018,-2.8309631,-120.37568621245254,-6.879926942696983,False,False,False
23,5,1087.5051,317.07562,1087.4025,317.34146,0.30419922,-0.49771118,0,0,False,False,False
23,6,763.49963,437.87982,765.204,435.04086,-2.6955566,4.3717346,121.65746209836617,-3.612164254130775,False,False,False
23,9,1014.80884,342.50864,1015.9402,342.56607,-1.6147461,-0.69558716,0,0,False,False,False
23,11,1294.0333,505.17517,1294.0674,505.236,-0.115722656,-0.04257202,0,0,False,False,False
23,8,1448.2959,419.1457,1455.0756,419.09518,-10.326416,1.1253357,173.7806544614593,-0.9821861531119112,False,False,False
23,16,893.58765,313.95953,893.8539,313.14008,-0.8306885,1.9562378,113.0078119825051,-1.3861549414252465,False,False,False
23,7,834.4573,342.36737,835.4657,340.83133,-1.4526978,2.006195,125.90852041064534,-1.8317425208798852,False,False,False
23,10,884.38184,350.74866,885.01514,348.7148,-1.7862549,4.8315125,110.28981993935722,-3.6607745994768095,True,True,False
24,3,495.04742,586.20984,505.86176,576.5221,-16.138184,14.4313965,138.19566940918713,-0.6831242171272152,False,False,False
24,4,1042.7694,390.338,1043.7158,390.92184,-1.5948486,-1.9402771,-129.4191624345771,-9.043476222124553,True,False,False
24,5,1087.4108,317.2155,1087.4053,317.29736,0.21313477,-0.35195923,0,0,False,False,False
24,6,762.3898,439.04285,764.219,436.44153,-2.692871,4.437195,121.25297438419452,-0.4044877141716512,False,False,False
24,9,1014.2945,342.09033,1015.36414,342.39954,-1.6798096,-0.5413208,0,0,False,False,False
24,11,1294.1384,505.38947,1294.0922,505.28967,-0.021728516,-0.01763916,0,0,False,False,False
24,8,1445.5687,417.86942,1451.748,418.66614,-10.245972,0.10449219,179.41569682460812,5.635042363148813,False,False,False
24,16,893.511,313.81085,893.7339,313.37485,-0.60595703,1.4109802,0,0,False,False,False
24,7,834.5453,342.39062,835.14355,341.37708,-1.293457,2.0392761,122.38583797424519,-3.522682436400146,False,False,False
24,10,883.9447,352.05292,884.6405,349.88315,-1.3378296,4.2553406,107.45254128876746,-2.8372786505897523,True,True,False
25,3,489.61578,590.9143,500.17566,581.5593,-16.609436,15.005615,137.9041058823831,-0.2915635268040262,False,False,False
25,4,1041.9694,389.6234,1043.1045,390.46738,-1.6912842,-1.2582092,-143.3530684712099,-13.933906036632806,True,True,False
25,5,1087.5273,317.13617,1087.448,317.24094,0.10083008,-0.24368286,0,0,False,False,False
25,6,761.50977,440.70724,763.27075,437.9345,-2.8510132,4.4223022,122.80946316634692,1.5564887821523996,False,False,False
25,9,1013.8007,341.00122,1014.81696,341.91013,-1.7324829,-0.68688965,0,0,False,False,False
25,11,1294.1494,505.44852,1294.1122,505.34525,0.026367188,0.07650757,0,0,False,False,False
25,8,1444.1738,414.2412,1449.097,417.11737,-9.62915,-1.9506226,-168.54829064001694,12.036012535374937,False,False,False
25,16,893.4109,313.92606,893.62085,313.56775,-0.37646484,0.8688965,0,0,False,False,False
25,7,834.21533,342.49988,834.8186,341.77005,-1.1901855,1.7657776,123.98111809929297,1.595280125047779,False,False,False
25,10,883.78314,352.71478,884.3404,350.8742,-1.0158081,3.254547,107.33416883094006,-0.11837245782740524,True,True,False
26,3,484.2871,596.89087,494.61465,586.92535,-17.07022,15.61969,137.54068676775015,-0.3634191146329613,False,False,False
26,4,1041.3921,391.00653,1042.5051,390.65607,-1.7202148,-0.5801697,0,0,False,False,False
26,5,1087.4331,317.057,1087.4427,317.17654,0.040283203,-0.16491699,0,0,False,False,False
26,6,759.8093,442.13965,762.0592,439.40628,-3.1447754,4.3654175,125.76836149586195,2.958898329515037,False,False,False
26,9,1013.8672,339.26892,1014.4845,340.9857,-1.4556885,-1.5803833,-132.6481208128714,0,True,True,False
26,11,1294.0105,505.43594,1294.0765,505.37695,0.009155273,0.1409607,0,0,False,False,False
26,8,1441.7938,415.5484,1446.5409,416.56824,-8.534668,-2.526947,-163.5070163620891,5.04127427792784,False,False,False
26,16,893.43286,314.5058,893.55505,313.89606,-0.29882812,0.75598145,0,0,False,False,False
26,7,833.4069,342.99884,834.32446,342.20013,-1.1412354,1.3688049,0,0,False,False,False
26,10,883.4893,352.579,884.0425,351.4709,-0.97265625,2.756073,109.43864102785365,2.1044721969135907,False,False,False
27,4,1041.1663,387.17496,1042.0365,389.43768,-1.6793213,-1.4841614,-138.53018725068526,4.822881220524636,False,False,False
27,5,1087.4055,317.0374,1087.4297,317.12784,0.024414062,-0.16952515,0,0,False,False,False
27,6,757.6826,445.0075,760.52734,441.3667,-3.6916504,4.925171,126.85330756442227,1.0849460685603134,False,False,False
27,9,1013.8358,338.28622,1014.25745,340.04086,-1.1066895,-2.358673,-115.13597038615171,17.5121504267197,True,True,False
27,11,1294.0604,505.35522,1294.0708,505.36932,-0.021362305,0.07965088,0,0,False,False,False
27,8,1440.6514,416.43298,1444.4795,416.52087,-7.2685547,-2.1452637,-163.55639910020244,-0.049382738113337155,False,False,False
27,16,892.3436,315.61713,893.13104,314.4984,-0.60284424,1.1235657,0,0,False,False,False
27,7,832.935,343.8756,833.83813,342.78656,-1.3054199,1.4094849,0,0,False,False,False
27,10,882.83673,352.12567,883.6204,351.70004,-1.0200806,1.8168945,119.31167593586423,9.873034908010581,False,False,False
28,4,1040.9261,385.2552,1041.6478,387.97382,-1.456665,-2.4935608,-120.29221890995328,18.23796834073198,True,False,False
28,5,1087.3394,316.89117,1087.3981,317.04498,-0.049926758,-0.19595337,0,0,False,False,False
28,6,756.6648,447.08508,759.1754,443.3681,-4.095337,5.4335938,127.00558412671425,0.15227656229198772,False,False,False
28,9,1014.1216,337.36066,1014.20984,339.10278,-0.6071167,-2.8073425,-102.20288096525252,12.933089420899194,True,True,False
28,11,1294.0605,505.30066,1294.0671,505.34528,-0.045043945,3.0517578e-05,0,0,False,False,False
28,8,1439.6758,416.80185,1442.7981,416.6192,-6.29895,-0.49816895,-175.47802588947658,-11.921626789274143,False,False,False
28,16,892.16455,316.43008,892.7927,315.1745,-0.828125,1.6067505,0,0,False,False,False
28,7,832.10345,344.42664,833.23096,343.36057,-1.5876465,1.5905151,134.94828405627314,10.967165956980168,False,False,False
28,10,882.85144,352.24017,883.35126,351.8891,-0.98913574,1.0148926,0,0,False,False,False
29,4,1040.6575,384.00507,1041.3011,386.58472,-1.2039795,-4.07135,-106.47400008502632,13.818218824926959,True,False,False
29,5,1087.344,316.61298,1087.3792,316.89377,-0.06359863,-0.28277588,0,0,False,False,False
29,6,754.7531,449.36176,757.62756,445.46588,-4.4316406,6.059601,126.17957274632387,-0.8260113803903835,False,False,False
29,9,1013.73425,337.35388,1014.04333,338.49066,-0.4411621,-2.4950256,-100.02720849070288,2.1756724745496427,True,True,False
29,11,1294.0449,505.11505,1294.0593,505.2647,-0.017211914,-0.11224365,0,0,False,False,False
29,8,1439.7278,416.89148,1441.7234,416.71448,-4.817505,0.14624023,178.26126259298834,-6.260711517535071,True,False,False
29,16,892.1871,316.93118,892.5807,315.78934,-0.97436523,1.89328,117.23234425767609,4.224532275170986,False,False,False
29,7,831.84753,345.37952,832.7467,344.0672,-1.5777588,1.8670654,130.19939437934772,-4.748889676925415,False,False,False
29,10,882.24475,353.23474,882.9639,352.36005,-1.0785522,0.88916016,0,0,False,False,False
30,4,1040.6016,382.45117,1041.0563,385.13797,-0.9802246,-4.299713,-102.84248965392193,3.631510431104388,True,True,False
30,5,1087.2773,316.35095,1087.3435,316.70377,-0.08618164,-0.42407227,0,0,False,False,False
30,6,752.7696,450.38153,755.92725,447.18634,-4.6000977,5.819641,128.32437920380653,2.144806457482659,False,False,False
30,9,1012.81165,335.88116,1013.61224,337.57733,-0.64520264,-2.4635315,-104.67621917899373,-4.649010688290858,True,True,False
30,11,1294.0767,504.9911,1294.0654,505.16895,-0.0053710938,-0.20037842,0,0,False,False,False
30,8,1436.0938,416.44357,1439.7529,416.61966,-4.7265625,0.0987854,178.80268956163414,0.5414269686457942,True,False,False
30,16,892.3591,316.57013,892.5031,316.06262,-0.6279297,1.564209,0,0,False,False,False
30,10,882.2796,354.20358,882.72437,353.00528,-0.8960571,1.3052368,0,0,False,False,False
30,12,447.84518,368.65283,447.17105,368.28232,-0.04321289,1.0650635,0,0,False,False,False
31,4,1040.4364,381.426,1040.8392,383.83878,-0.80859375,-4.1350403,-101.06438563609302,1.778104017828909,True,False,False
31,5,1087.173,316.42264,1087.2838,316.60535,-0.11425781,-0.43963623,0,0,False,False,False
31,6,751.7319,451.90283,754.45886,448.8371,-4.7165527,5.468994,130.77503801064174,2.4506588068352073,False,False,False
31,9,1011.8712,334.6093,1013.00287,336.5385,-1.2069702,-2.56427,-115.2057865322424,-10.529567353248666,True,True,False
31,11,1294.5737,504.74014,1294.2433,505.01886,0.17614746,-0.32641602,0,0,False,False,False
31,8,1436.3287,415.8237,1438.5544,416.34106,-4.2436523,-0.2781372,-176.2500868812178,4.94722355714805,True,False,True
31,16,892.27185,316.877,892.4221,316.34766,-0.37060547,1.1731567,0,0,False,False,False
31,10,882.55396,354.78174,882.6647,353.62704,-0.6865845,1.7379456,0,0,False,False,False
31,12,448.0163,368.89594,447.46686,368.49707,0.96728516,0.009124756,0,0,False,False,False
31,7,830.7189,348.60623,832.0369,345.65585,-1.8012085,2.8692932,122.11868588864952,-8.0807084906982,False,False,False
32,4,1040.1338,381.58527,1040.5923,383.05005,-0.7088623,-3.534668,-101.33999062091395,-0.2756049848209301,True,True,False
32,5,1087.1387,316.5022,1087.2329,316.56924,-0.14624023,-0.32452393,0,0,False,False,False
32,6,750.0359,453.52124,752.91077,450.47656,-4.716797,5.010681,133.26951976165358,2.494481751011847,False,False,False
32,9,1011.26697,334.52747,1012.39526,335.83466,-1.6480713,-2.6560059,-121.81990765835965,-6.614121126117254,True,True,False
32,11,1294.6909,504.65692,1294.3999,504.89215,0.34057617,-0.3725586,0,0,False,False,False
32,8,1427.9922,414.72974,1434.8577,415.7771,-6.8657227,-0.9373779,-172.22546958642027,4.024617294797537,True,False,True
32,16,891.8558,317.7694,892.2239,316.84528,-0.35681152,1.0559387,0,0,False,False,False
32,10,882.03784,355.01587,882.4452,354.11313,-0.5187378,1.7530823,0,0,False,False,False
32,12,447.97357,368.984,447.6442,368.66748,0.8361511,0.58465576,0,0,False,False,False
32,7,828.9782,349.02582,830.9663,346.83533,-2.2646484,3.474762,123.09397784952479,0.9752919608752677,False,False,False
33,4,1039.7037,383.7989,1040.2812,383.31213,-0.7750244,-1.8258362,0,0,False,False,False
33,5,1087.1146,316.69598,1087.1914,316.6136,-0.15209961,-0.09017944,0,0,False,False,False
33,6,748.38,455.31705,751.32495,452.17072,-4.602295,4.984375,132.71766464170537,-0.5518551199482147,False,False,False
33,9,1011.12134,334.3062,1011.94934,335.29968,-1.6629028,-2.277649,-126.13303978683643,-4.313132128476781,True,False,False
33,11,1294.6752,504.67487,1294.4962,504.8161,0.43078613,-0.35284424,0,0,False,False,False
33,8,1423.5537,413.86813,1430.9012,415.10895,-8.851685,-1.5107117,-170.31468246294543,1.9107871234748472,True,False,True
33,16,891.43555,318.7235,891.94794,317.50266,-0.5551758,1.440033,0,0,False,False,False
33,10,881.7273,356.49652,882.1939,354.9473,-0.53045654,1.9420166,105.27751468455985,-14.034161251304383,True,True,False
33,28,872.64124,282.21045,872.44293,283.0954,0.061828613,-1.8013,0,0,False,False,False
33,12,447.9325,369.0379,447.7451,368.79712,0.57403564,0.514801,0,0,False,False,False
33,7,827.88245,349.58066,829.8869,347.79617,-2.8598022,3.7289734,127.48510701986514,4.391129170340349,False,False,False
34,4,1038.7834,383.12057,1039.757,383.24506,-1.0822754,-0.5937195,0,0,False,False,False
34,5,1087.1913,316.8496,1087.1913,316.6962,-0.0925293,0.09085083,0,0,False,False,False
34,6,747.55023,457.1497,750.0038,453.91333,-4.455078,5.076233,131.27131135008068,-1.446353291624689,False,False,False
34,9,1010.9741,334.03998,1011.608,334.85876,-1.3948975,-1.6797485,-129.706932447764,-3.573892660927555,True,False,False
34,11,1294.589,504.87537,1294.5286,504.83685,0.28527832,-0.18200684,0,0,False,False,False
34,8,1424.4067,411.7331,1428.6282,413.92737,-9.92627,-2.4136963,-166.33306199486984,3.9816204680755902,True,False,True
34,16,891.4929,319.17697,891.78864,318.08865,-0.6334839,1.7409973,0,0,False,False,False
34,10,881.28436,357.04218,881.87555,355.68048,-0.78912354,2.0534363,111.02147539108469,5.743960706524845,True,False,False
34,28,872.7772,282.35754,872.55994,282.83716,0.15753174,-1.3867493,0,0,False,False,False
34,12,447.93573,368.87048,447.8118,368.82278,0.3449402,0.3257141,0,0,False,False,False
34,7,827.71814,349.97888,829.1278,348.56012,-2.9091187,2.9042664,135.04782342042478,7.562716400559637,True,False,False
35,4,1037.956,382.59,1039.1266,383.01578,-1.4656982,-0.03427124,0,0,False,False,False
35,5,1087.2422,316.57092,1087.2091,316.65234,-0.023803711,0.083099365,0,0,False,False,False
35,6,746.7107,458.78552,748.8512,455.6186,-4.0595703,5.142029,128.2906703568914,-2.980640993189269,False,False,False
35,9,1010.56213,333.07666,1011.24194,334.23502,-1.1533203,-1.5996399,0,0,False,False,False
35,11,1294.4867,504.8103,1294.5139,504.82758,0.11401367,-0.064575195,0,0,False,False,False
35,8,1427.104,410.83478,1428.0947,412.84494,-6.7629395,-2.9321594,-156.56023588385233,9.772826111017508,True,False,True
35,16,891.5748,319.53665,891.71375,318.59546,-0.51013184,1.7501831,0,0,False,False,False
35,10,881.1177,357.5491,881.6103,356.33447,-0.8348999,2.221344,110.59890584143034,-0.4225695496543551,False,False,False
35,28,872.65155,282.33997,872.592,282.66315,0.25579834,-0.90878296,0,0,False,False,False
35,12,448.02246,368.55048,447.88553,368.72748,0.24133301,0.05999756,0,0,False,False,False
35,7,827.4618,351.03848,828.5447,349.42755,-2.4216309,2.5922241,133.05129888863507,-1.996524531789703,True,False,False
36,4,1037.7753,380.13385,1038.6536,382.00708,-1.6276855,-1.3050537,-141.27788757102255,0,True,True,False
36,5,1087.396,316.346,1087.2745,316.5451,0.08312988,-0.068481445,0,0,False,False,False
36,6,745.29614,460.17093,747.60693,457.2119,-3.7180176,5.0411987,126.40975742518376,-1.8809129317076554,False,False,False
36,9,1009.93726,332.21375,1010.7853,333.52756,-1.1640625,-1.7721252,-123.29985978280175,6.407072664962243,True,False,False
36,11,1294.7251,504.52722,1294.5878,504.7224,0.091552734,-0.093688965,0,0,False,False,False
36,8,1425.7183,412.31265,1427.263,412.65863,-3.6383057,-2.4503174,-146.04061630060608,10.519619583246254,True,True,True
36,16,891.7526,319.7578,891.7273,319.00226,-0.22064209,1.4996033,0,0,False,False,False
36,10,880.4621,358.96375,881.20844,357.2547,-0.98547363,2.3074036,113.12694097261442,2.528035131184083,False,False,False
36,28,872.5055,282.5146,872.56165,282.61115,0.11871338,-0.48425293,0,0,False,False,False
36,7,826.2274,351.42258,827.73364,350.1258,-2.1532593,2.3296204,132.7470870647731,-0.3042118238619764,False,False,False
37,4,1037.6742,379.4032,1038.3108,381.0957,-1.446167,-2.149353,-123.93417580465749,17.34371176636506,True,True,False
37,5,1087.4241,316.257,1087.3268,316.44427,0.13549805,-0.2519226,0,0,False,False,False
37,6,743.0665,461.98706,746.01776,458.8832,-3.986023,4.969879,128.73087495665297,2.3211175314692127,False,False,False
37,9,1009.89636,332.03967,1010.4741,333.00677,-1.1338501,-1.8519897,-121.47636284640356,1.823496936398186,True,True,False
37,11,1294.8325,504.7433,1294.6733,504.72968,0.14477539,-0.107177734,0,0,False,False,False
37,8,1424.408,411.9826,1426.2637,412.422,-2.364502,-1.5053711,-147.51694261406269,-1.4763263134566103,True,True,True
37,16,891.2612,320.456,891.5642,319.51105,-0.22442627,1.4223938,0,0,False,False,False
37,10,880.0129,359.4179,880.79,358.0118,-1.0855713,2.3313293,114.96879440996051,1.8418534373460886,True,False,False
37,28,872.37537,284.01456,872.4964,283.10233,-0.0635376,0.26516724,0,0,False,False,False
37,7,825.51624,351.33588,826.9575,350.54932,-2.170288,1.9891968,137.49290953932524,4.745822474552142,True,False,False
37,12,448.44263,367.76154,448.0805,368.3894,0.3354187,-0.40771484,0,0,False,False,False
38,4,1037.6672,379.2414,1038.0854,380.4467,-1.0411377,-2.5690918,-112.06050563720552,11.873670167451962,True,True,False
38,5,1087.4963,316.08124,1087.3861,316.3172,0.17700195,-0.33514404,0,0,False,False,False
38,6,742.41943,464.09192,744.7583,460.70624,-4.0928955,5.0876465,128.81588385586758,0.08500889921461408,False,False,False
38,9,1010.0,331.48438,1010.30817,332.47394,-0.93377686,-1.7610779,0,0,False,False,False
38,11,1294.8369,504.62805,1294.7306,504.6941,0.2166748,-0.13348389,0,0,False,False,False
38,8,1416.0604,412.72876,1422.6925,412.52936,-5.4022217,-0.31558228,-176.65674467995353,0,True,True,True
38,16,891.58795,320.9193,891.5725,320.00394,-0.14123535,1.4084778,0,0,False,False,False
38,10,880.4972,359.9922,880.6875,358.70493,-0.9227905,2.370453,111.27040115946897,-3.6983932504915344,True,False,False
38,28,872.3823,285.03015,872.4564,283.77707,-0.13555908,1.1139221,0,0,False,False,False
38,7,825.05914,351.64658,826.293,350.93335,-2.251648,1.5057983,146.22721950415306,8.734309964827816,True,True,False
39,4,1037.0258,378.71112,1037.7145,379.83923,-0.9390869,-2.1678467,-113.42172074582813,-1.361215108622602,True,True,False
39,5,1087.4485,315.86206,1087.408,316.1579,0.13342285,-0.38720703,0,0,False,False,False
39,6,740.5427,466.54636,743.28284,462.75027,-4.3240967,5.5383606,127.98107740792676,-0.8348064479408208,False,False,False
39,9,1009.9338,330.85303,1010.17706,331.90662,-0.60821533,-1.6209412,0,0,False,False,False
39,11,1294.9824,504.7083,1294.8186,504.69904,0.23083496,-0.023376465,0,0,False,False,False
39,8,1409.3838,413.92752,1418.0344,413.0187,-9.228516,0.3600769,177.7655748912884,-5.577680428758072,True,True,True
39,16,891.1273,321.4641,891.4166,320.51498,-0.31066895,1.5127258,0,0,False,False,False
39,10,880.2283,360.90717,880.52673,359.4757,-0.68170166,2.2210083,107.06299964612232,-4.207401513346653,True,False,False
39,28,872.5681,286.5045,872.4955,284.73166,-0.06616211,2.120514,91.78710462647238,0,False,False,False
39,7,825.12805,352.56284,825.88525,351.50366,-1.8483887,1.3778687,143.29756509252573,-2.9296544116273253,True,True,False
39,12,448.49084,365.9951,448.22412,367.5514,0.412323,-1.2713928,0,0,False,False,False
40,4,1036.4031,377.42764,1037.2555,378.99518,-1.0552979,-2.100525,-116.67482581771935,-3.253105071891227,True,True,False
40,5,1087.4285,315.35522,1087.415,315.87695,0.088256836,-0.5673218,0,0,False,False,False
40,6,739.2031,468.13248,741.8549,464.63403,-4.162842,5.750824,125.8996044705134,-2.0814729374133663,False,False,False
40,9,1009.8351,329.79193,1010.0573,331.16647,-0.41680908,-1.8403015,0,0,False,False,False
40,11,1295.0065,504.48685,1294.8843,504.62476,0.2109375,-0.10491943,0,0,False,False,False
40,8,1405.4312,412.96848,1413.6233,413.00113,-12.640381,0.5791321,177.37676925106635,-0.38880564022204567,True,True,True
40,16,890.83984,321.48962,891.2147,320.8561,-0.3494873,1.3450623,0,0,False,False,False
40,10,879.192,361.3707,880.0596,360.13895,-0.7304077,2.1271362,108.9512459405067,1.8882462943843734,True,True,False
40,28,872.25366,287.02557,872.4109,285.53452,-0.085510254,2.43219,92.01355963878707,0.22645501231468756,False,False,False
40,7,824.2821,352.79752,825.3241,351.95648,-1.6334229,1.4071655,139.25567028825157,-4.041894804274165,True,False,False
40,12,448.5609,363.547,448.34198,366.14984,0.45645142,-2.5776367,-79.95808598457944,0,False,False,False
41,4,1036.3048,375.8341,1036.9227,377.8888,-1.1627197,-2.5578918,-114.4447273168081,2.2300985009112537,True,True,False
41,5,1087.552,314.5304,1087.4629,315.40564,0.07678223,-0.91156006,0,0,False,False,False
41,6,737.359,470.4632,740.2814,466.67422,-4.4769287,5.967987,126.87566314801064,0.9760586774972495,False,False,False
41,11,1294.8766,504.56494,1294.8816,504.60382,0.15100098,-0.090270996,0,0,False,False,False
41,8,1402.5359,412.36633,1409.7427,412.77893,-12.949829,0.24957275,178.8959162789395,1.5191470278731458,True,True,True
41,16,890.413,321.48547,890.9341,321.07635,-0.63842773,1.0724182,0,0,False,False,False
41,10,878.9694,361.64474,879.678,360.66595,-1.0095215,1.961029,117.23903385612826,8.287787915621564,True,False,False
41,28,871.9929,287.20505,872.2646,286.1192,-0.1918335,2.3421326,94.68238647417306,2.6688268353859854,False,False,False
41,7,823.5925,353.34995,824.718,352.44418,-1.5750122,1.5108337,136.19144808471765,-3.064222203533916,True,False,False
41,12,448.52942,361.11676,448.40756,364.38824,0.32705688,-4.0011597,-85.32700209074596,-5.368916106166523,False,False,False
41,29,986.678,267.57153,987.9408,268.44025,-1.7536621,-0.95928955,0,0,False,False,False
42,4,1035.5967,375.2512,1036.4586,376.96564,-1.2558594,-2.8735962,-113.60696583937137,0.8377614774367288,True,True,False
42,5,1087.7402,314.0598,1087.5599,314.9346,0.15197754,-1.2232971,0,0,False,False,False
42,6,735.1288,473.64,738.4779,469.11224,-4.8049316,6.361969,127.06223970872517,0.18657656071452777,False,False,True
42,11,1294.8352,504.62115,1294.8652,504.60986,0.04663086,-0.08917236,0,0,False,False,False
42,8,1399.9988,411.249,1406.3323,412.24347,-11.702148,-0.77523804,-176.20983624516165,4.894247475898851,True,True,True
42,16,890.33813,321.5376,890.72546,321.23776,-0.6911621,0.7227783,0,0,False,False,False
42,10,878.33746,362.86456,879.20874,361.43546,-1.3179932,1.9597473,123.92210197748938,6.683068121361117,True,False,False
42,28,871.60425,285.88422,872.03345,286.03696,-0.46203613,1.3052979,0,0,False,False,False
42,7,823.2994,353.40048,824.2215,352.77887,-1.6637573,1.2752075,142.5311903291084,6.339742244390749,True,False,False
42,29,986.06287,266.2673,987.2835,267.67972,-2.1709595,-1.530426,-144.81793347664643,0,False,False,False
43,4,1035.3237,375.37103,1036.0614,376.4075,-1.1940918,-2.587677,-114.77111252611984,-1.1641466867484667,True,True,False
43,5,1087.7771,313.55045,1087.636,314.45013,0.22094727,-1.4268188,0,0,False,False,False
43,6,733.3567,475.85986,736.6854,471.47388,-5.1694946,6.8398438,127.08167211953484,0.01943241080967084,False,False,True
43,11,1295.1,504.51517,1294.9473,504.57672,0.06298828,-0.048034668,0,0,False,False,False
43,8,1398.3784,410.7312,1403.5483,411.71417,-10.074951,-1.2869568,-172.7205587245088,3.4892775206528484,True,True,True
43,10,877.626,363.58762,878.6548,362.18872,-1.4047852,2.0497742,124.4242658281686,0.5021638506792243,True,True,False
43,28,871.6885,284.79492,871.9127,285.60223,-0.49816895,0.067718506,0,0,False,False,False
43,7,822.8668,354.19556,823.7473,353.27472,-1.5767822,1.3182373,140.1033636527494,-2.4278266763589897,True,False,False
44,4,1034.9983,375.411,1035.6892,376.05872,-1.2335205,-1.8300781,-123.98100024198393,-9.209887715864099,True,True,False
44,5,1087.8284,313.32028,1087.7034,314.0547,0.24047852,-1.3509521,0,0,False,False,False
44,6,731.43933,477.1355,734.84924,473.45544,-5.432129,6.7812195,128.69664278789674,1.6149706683618916,False,False,True
44,11,1295.238,504.4538,1295.0491,504.5337,0.16748047,-0.070129395,0,0,False,False,False
44,8,1396.4928,409.96442,1401.0789,411.10175,-8.663818,-1.677185,-169.04391674518925,3.6766419793195553,True,True,True
44,10,876.48364,364.9266,877.8949,363.14697,-1.783081,2.481018,125.7043968857125,1.2801310575438976,True,False,False
44,28,871.677,286.73926,871.8302,286.00018,-0.4343872,-0.119018555,0,0,False,False,False
44,7,822.8752,355.51282,823.442,354.05804,-1.276001,1.6138611,128.33169669790013,-11.77166695484928,True,False,False
44,16,890.06976,322.36948,890.496,321.63385,-0.71875,0.7777405,0,0,False,False,False
45,4,1034.7205,375.12927,1035.3501,375.7334,-1.1085205,-1.2322388,0,0,False,False,False
45,5,1087.8473,313.2057,1087.7537,313.75754,0.19372559,-1.177063,0,0,False,False,False
45,6,729.67773,479.8157,733.0392,475.68152,-5.4387207,6.569275,129.62145048386267,0.9248076959659386,False,False,True
45,8,1396.153,409.13623,1399.3547,410.41382,-6.977539,-1.8296509,-165.30670126007138,3.737215485117872,True,True,True
45,10,875.7035,366.15555,877.12787,364.19995,-2.0808716,2.7644958,126.96924691153286,1.2648500258203654,True,False,False
45,28,871.71484,287.7608,871.7898,286.6164,-0.24365234,0.57943726,0,0,False,False,False
45,7,821.71063,356.25803,822.83606,354.82803,-1.385437,2.0491638,124.06257493343458,-4.269121764465552,True,True,False
46,4,1034.649,374.44763,1035.1047,375.2834,-0.95666504,-1.124115,0,0,False,False,False
46,5,1087.8694,313.25397,1087.7942,313.5813,0.15820312,-0.86883545,0,0,False,False,False
46,6,727.6345,481.9328,731.1475,477.86945,-5.537903,6.395569,130.88918502718963,1.2677345433269522,False,False,True
46,8,1395.2788,408.92596,1397.9281,409.89307,-5.6202393,-1.821106,-162.0463062120376,3.2603950480337858,True,True,True
46,10,875.0447,366.34772,876.39874,364.95166,-2.2560425,2.7629395,129.2329123033919,2.2636653918590497,True,True,False
46,28,871.6971,287.39743,871.7573,286.88974,-0.15539551,1.2875061,0,0,False,False,False
46,7,820.8944,356.74866,822.1565,355.50024,-1.5908203,2.225525,125.55744207926743,1.4948671458328562,True,True,False
46,11,1294.894,504.75992,1294.9948,504.61285,0.1295166,0.0029907227,0,0,False,False,False
46,16,890.6363,324.5241,890.54504,322.64545,-0.3890381,1.5690918,0,0,False,False,False
47,4,1034.6471,373.5434,1034.9446,374.67438,-0.7446289,-1.3843384,0,0,False,False,False
47,5,1087.9897,313.28293,1087.8627,313.47687,0.15930176,-0.5778198,0,0,False,False,False
47,6,726.10425,483.67834,729.3824,479.90256,-5.466858,6.447113,130.2964249689219,-0.5927600582677144,False,False,True
47,8,1389.1106,409.86484,1394.8419,409.88318,-6.2369385,-1.2185669,-168.94487204218643,-6.89856583014884,True,True,True
47,10,873.45105,368.28784,875.36707,366.11932,-2.527832,2.972351,130.37945759764318,1.1465452942512684,True,True,False
47,28,871.48254,286.30164,871.66113,286.6839,-0.16906738,0.6837158,0,0,False,False,False
47,7,820.6875,358.5987,821.64233,356.5847,-1.7996826,2.5266418,125.46160331335435,-0.09583876591308638,True,True,False
47,11,1295.2654,504.7591,1295.0895,504.66403,0.14221191,0.08731079,0,0,False,False,False
47,16,890.3642,324.92462,890.4817,323.44315,-0.24377441,2.2053833,96.30764435057871,0,False,False,False
48,4,1034.2855,372.47113,1034.7139,373.90323,-0.63623047,-1.8301697,0,0,False,False,False
48,5,1087.9492,313.2411,1087.893,313.39435,0.13928223,-0.3631897,0,0,False,False,False
48,6,724.1343,486.79507,727.54553,482.31494,-5.4936523,6.633423,129.6307936488728,-0.6656313200491013,False,False,True
48,8,1384.0068,409.28256,1391.0496,409.67294,-8.305176,-0.74087524,-174.90234039691416,-5.957468354727723,True,False,True
48,10,872.8731,369.65097,874.49414,367.3554,-2.633728,3.1554565,129.85034456000926,-0.5291130376339197,True,True,False
48,28,871.3104,285.89972,871.5383,286.40942,-0.25146484,-0.20697021,0,0,False,False,False
48,7,820.42834,359.07617,821.2174,357.4567,-1.6186523,2.628662,121.62353227569271,-3.838071037661635,True,True,False
48,11,1295.362,504.75006,1295.1848,504.69415,0.13574219,0.16046143,0,0,False,False,False
48,16,889.7668,325.35504,890.23145,324.1123,-0.26452637,2.4784546,96.09213681338511,-0.21550753719360216,False,False,False
49,4,1033.9774,372.75497,1034.456,373.50134,-0.64868164,-1.7820435,0,0,False,False,False
49,5,1087.9742,313.21204,1087.9214,313.33054,0.12719727,-0.25076294,0,0,False,False,False
49,6,721.8801,489.47485,725.5626,484.8209,-5.5849,6.9514465,128.7789351042304,-0.851858544642397,False,False,True
49,8,1380.7351,408.34277,1387.4395,409.2074,-10.488647,-0.68566895,-176.25975453059897,-1.357414133684813,True,True,True
49,10,871.9396,370.69464,873.6,368.5241,-2.798767,3.5724487,128.07624972228726,-1.7740948377220036,True,False,False
49,28,871.00745,284.82834,871.3525,285.85605,-0.4048462,-1.0336914,0,0,False,False,False
49,7,819.61914,359.2974,820.658,358.10095,-1.4984741,2.600708,119.94965581907209,-1.6738764566206186,True,True,False
49,11,1295.408,504.62762,1295.263,504.67084,0.26818848,0.0579834,0,0,False,False,False
49,16,889.66736,325.8426,890.03394,324.7179,-0.5111084,2.0724487,103.85385949931452,7.7617226859294135,False,False,False
49,29,987.00116,265.68616,987.1847,266.98196,-1.4361572,-1.9260864,-126.7094961986375,18.108437278008935,False,False,False
50,4,1033.8591,372.59726,1034.2471,373.1849,-0.69750977,-1.4894714,0,0,False,False,False
50,5,1088.0698,313.3022,1087.9733,313.32062,0.1105957,-0.15625,0,0,False,False,False
50,6,719.27014,491.26172,723.3602,487.0752,-6.022156,7.172638,130.01686145093146,1.2379263467010446,False,False,True
50,8,1377.9956,408.22412,1384.134,408.86322,-10.707886,-1.0199585,-174.55882031165646,1.700934218942507,True,True,True
50,10,872.2437,372.0123,873.12524,369.74496,-2.2418213,3.6256409,121.72950260075628,-6.346747121530981,True,False,False
50,28,871.2272,285.89545,871.3086,285.86984,-0.35253906,-0.8140564,0,0,False,False,False
50,7,818.7439,360.74454,819.98804,359.02618,-1.6542969,2.4414978,124.12056914895636,4.1709133298842715,True,True,False
50,11,1295.5381,504.66803,1295.3593,504.66986,0.2697754,0.0058288574,0,0,False,False,False
50,16,889.68274,326.13858,889.911,325.21512,-0.5706787,1.7719727,0,0,False,False,False
50,29,986.6487,265.64597,986.9971,266.51434,-0.9437256,-1.9259033,-116.10564469196349,10.603851506674005,False,False,False
50,9,1005.7815,324.5506,1008.5608,328.8509,-1.7473755,-3.6230469,-115.74775645602554,5.728606390378019,True,True,False
51,4,1032.8275,372.14682,1033.7502,372.82156,-0.96362305,-1.081665,0,0,False,False,False
51,5,1088.0396,313.2991,1087.9965,313.31308,0.103515625,-0.08126831,0,0,False,False,False
51,6,717.91345,492.96704,721.45386,489.13733,-6.091675,6.8223877,131.76150165613083,1.7446402051993743,False,False,True
51,8,1376.12,407.75385,1381.3291,408.4749,-9.720459,-1.1980286,-172.9738343991517,1.5849859125047487,True,True,True
51,10,872.56506,373.22217,872.92914,370.96198,-1.5650024,3.6065674,113.45753068600345,-8.271971914752825,True,False,False
51,28,870.91705,287.22397,871.1715,286.34378,-0.3668213,-0.06564331,0,0,False,False,False
51,7,817.9473,361.72913,819.27374,359.9722,-1.9436646,2.515503,127.69234125482926,3.5717721058728955,True,False,False
51,11,1295.5713,504.65417,1295.4333,504.66437,0.24853516,-0.029785156,0,0,False,False,False
51,16,889.673,326.46906,889.82764,325.654,-0.4038086,1.541687,0,0,False,False,False
51,29,987.28235,265.12692,987.0969,266.02875,-0.18658447,-1.6509705,0,0,False,False,False
52,4,1031.515,371.2478,1032.9679,372.27075,-1.4881592,-1.2305908,0,0,False,False,False
52,5,1087.9678,313.20865,1087.9865,313.27652,0.06506348,-0.054016113,0,0,False,False,False
52,6,715.2026,495.8048,719.26587,491.47092,-6.296753,6.6500244,133.436989892297,1.67548823616616,False,False,True
52,8,1373.5692,407.146,1378.613,408.0098,-8.826416,-1.1976013,-172.27308033612772,0.700754063023993,True,True,True
52,10,872.4057,373.74176,872.7459,371.93488,-0.85406494,3.4107666,104.05795363211992,-9.399577053883533,True,True,False
52,28,870.744,288.12317,871.02185,286.96655,-0.33062744,1.1105042,0,0,False,False,False
52,7,817.41974,362.04926,818.62476,360.69916,-2.0332642,2.5982056,128.04548195302942,0.35314069820016414,True,False,False
52,11,1295.616,504.7204,1295.4972,504.68396,0.23425293,0.013122559,0,0,False,False,False
52,16,890.1948,326.99243,889.9561,326.12244,-0.077819824,1.404541,0,0,False,False,False
52,29,987.2608,265.11322,987.1543,265.7083,-0.030395508,-1.2736511,0,0,False,False,False
53,4,1031.0538,371.23114,1032.2979,371.90686,-1.9492188,-1.2780457,-146.74831754907729,0,True,True,False
53,5,1088.2863,313.18182,1088.0913,313.24338,0.11804199,-0.07723999,0,0,False,False,False
53,6,714.1288,498.3275,717.4679,493.87073,-5.892334,6.795532,130.9282121345374,-2.5087777577595887,False,False,True
53,8,1371.2537,407.2268,1376.0372,407.73572,-8.096802,-1.1275024,-172.07238146787068,0.2006988682570352,True,True,True
53,10,871.7599,374.54657,872.4008,372.84894,-0.72442627,3.1039734,103.13692494001349,-0.9210286921064323,True,True,False
53,28,870.1109,289.49213,870.703,287.8505,-0.6055908,1.9806519,107.00118461410322,12.318798139930166,False,False,False
53,7,816.05896,362.20288,817.7267,361.22543,-2.2613525,2.1992493,135.79765592647774,7.752173973448322,True,False,False
53,11,1295.7139,504.54584,1295.573,504.6356,0.21374512,-0.03427124,0,0,False,False,False
53,16,889.8302,327.5597,889.912,326.62546,0.0009765625,1.4103394,0,0,False,False,False
53,29,986.1865,265.50497,986.81555,265.63715,-0.18151855,-0.87719727,0,0,False,False,False
54,4,1030.6975,371.10956,1031.7377,371.6278,-2.0125732,-1.1937561,-149.325737249961,-2.5774197008837234,True,True,False
54,5,1088.31,312.95148,1088.1678,313.1412,0.17138672,-0.171875,0,0,False,False,False
54,6,711.9949,500.73444,715.5523,496.273,-5.9015503,7.135681,129.5923788827995,-1.3358332517379097,False,False,True
54,8,1369.5205,406.94977,1373.7563,407.46063,-7.572754,-1.0142822,-172.371299462418,-0.2989179945473097,True,True,True
54,10,871.69055,375.94485,872.15216,373.9325,-0.77697754,2.97052,104.65805641519185,1.5211314751783647,True,True,False
54,28,869.8728,289.2401,870.41235,288.33685,-0.7591553,1.9930725,110.85168536364226,3.8505007495390373,False,False,False
54,7,814.93005,363.34128,816.74786,361.96597,-2.525879,1.9937744,141.7145954219033,5.9169394954255665,True,True,False
54,11,1295.704,504.49768,1295.6189,504.5873,0.18554688,-0.077056885,0,0,False,False,False
54,16,889.2612,327.7901,889.6842,327.03308,-0.14343262,1.3790894,0,0,False,False,False
54,29,985.777,265.19366,986.452,265.48193,-0.64489746,-0.54681396,0,0,False,False,False
55,5,1088.3354,312.96277,1088.2264,313.07874,0.23999023,-0.19778442,0,0,False,False,False
55,6,709.91614,503.40942,713.5796,498.77075,-5.6862793,7.299835,127.91716279593743,-1.675216086862065,False,False,True
55,8,1367.0334,406.48682,1371.4033,407.11978,-7.209717,-0.89001465,-172.9626372752141,-0.5913378127960982,True,True,True
55,10,871.14557,376.61224,871.7998,374.8704,-0.94610596,2.9355164,107.86393727301254,3.205880857820688,True,True,False
55,28,869.46277,289.34708,870.07996,288.69043,-0.94189453,1.723877,0,0,False,False,False
55,7,814.8926,364.23474,816.0985,362.76004,-2.526245,2.0608826,140.79281836740284,-0.9217770545004669,True,True,False
55,11,1295.6511,504.3742,1295.6301,504.51273,0.13293457,-0.17123413,0,0,False,False,False
55,16,889.07874,328.55408,889.4723,327.56543,-0.48382568,1.4429932,0,0,False,False,False
56,5,1088.4172,312.94913,1088.2932,313.0334,0.2019043,-0.20999146,0,0,False,False,False
56,6,708.24426,506.3644,711.7122,501.42853,-5.7556763,7.5578003,127.29124588573629,-0.6259169102011413,False,False,True
56,8,1364.52,406.383,1368.9941,406.86188,-7.043091,-0.87384033,-172.92742246784422,0.035214807369868595,True,False,True
56,10,870.78326,377.69482,871.444,375.85895,-0.95684814,3.0100098,107.63487336639992,-0.2290639066126232,True,True,False
56,28,869.37115,289.3384,869.83185,288.9172,-0.8711548,1.0667114,0,0,False,False,False
56,7,815.0605,365.51465,815.73517,363.72415,-1.9915161,2.4987183,128.55537348759012,-12.237444879812728,True,False,False
56,11,1295.5325,504.36108,1295.596,504.45966,0.022949219,-0.17593384,0,0,False,False,False
56,16,889.3022,329.9977,889.4127,328.41672,-0.49926758,1.7912598,0,0,False,False,False
56,9,1004.3112,324.89215,1007.0734,327.46533,-3.1036377,-4.441284,-124.94644203711455,-9.19868558108901,True,True,False
56,4,1030.3373,367.60413,1031.2476,370.21948,-1.7203369,-2.0512695,-129.98553027244228,19.340206977518733,True,True,False
57,5,1088.5652,313.1405,1088.3884,313.07086,0.22058105,-0.07034302,0,0,False,False,False
57,6,706.31696,509.7911,709.82385,504.3554,-5.7284546,8.082397,125.32736877300734,-1.9638771127289516,False,False,True
57,10,870.6482,378.13892,871.1654,376.65692,-0.9867554,2.7244263,109.90979518523315,2.274921818833235,True,True,False
57,28,869.18243,289.71326,869.6045,289.1958,-0.8078613,0.85894775,0,0,False,False,False
57,7,813.52124,367.41083,814.96027,365.01447,-1.7875977,3.0484924,120.38682395294677,-8.168549534643347,True,False,False
57,11,1295.4668,504.7033,1295.5507,504.54492,-0.068237305,-0.042388916,0,0,False,False,False
57,16,889.49927,330.7389,889.443,329.22946,-0.24121094,2.1963806,96.26722223349591,-7.586637265818609,False,False,False
57,4,1030.1544,367.1668,1030.865,369.15103,-1.4328613,-2.7558289,-117.47165469133435,12.513875581107925,True,True,False
58,5,1088.5472,313.01007,1088.444,313.04956,0.2175293,-0.029174805,0,0,False,False,False
58,6,704.0998,512.0879,707.82043,507.06177,-5.7591553,8.291016,124.78484989559999,-0.5425188774073462,False,False,True
58,10,870.197,379.35016,870.8264,377.59955,-0.9733887,2.7291565,109.62942795252597,-0.280367232707178,True,False,False
58,28,869.2041,288.61588,869.46436,288.99283,-0.6156006,0.30239868,0,0,False,False,False
58,7,812.7636,367.63086,814.1914,365.93018,-1.9071045,3.1701355,121.03046517513906,0.6436412221922865,True,True,False
58,11,1295.4166,504.63055,1295.5037,504.5749,-0.12646484,0.062164307,0,0,False,False,False
58,16,889.223,331.51514,889.36597,330.02945,-0.10632324,2.4640198,92.47079848926194,-3.7964237442339765,False,False,False
58,4,1030.2872,366.99933,1030.6627,368.39795,-1.0749512,-3.2298584,-108.40830959777924,9.063345093555114,True,True,False
58,8,1356.8799,405.8601,1364.7542,406.51123,-9.002197,-0.94940186,-173.979649977449,-1.0522275096047622,False,False,True
58,9,1004.0015,321.84167,1005.9983,325.49704,-4.059021,-5.6694336,-125.60070288497818,-0.6542608478636254,True,False,False
59,5,1088.4377,312.958,1088.4418,313.01752,0.14855957,-0.01586914,0,0,False,False,False
59,6,701.55835,515.5494,705.62866,510.0324,-6.083557,8.603882,125.26303088955338,0.4781809939533872,False,False,True
59,10,870.35535,380.39185,870.6615,378.57684,-0.7824707,2.7178955,106.06088745954597,-3.5685404929800058,True,False,False
59,28,869.0427,288.194,869.3168,288.71323,-0.5150757,-0.20397949,0,0,False,False,False
59,7,812.86847,368.23468,813.72833,366.73676,-2.006836,3.0126038,123.66943589637748,2.6389707212384224,True,False,False
59,11,1295.3086,504.0182,1295.4353,504.38,-0.16064453,-0.07965088,0,0,False,False,False
59,16,889.43896,332.76865,889.3915,330.98816,-0.021240234,2.5714417,90.47325519094034,-1.9975432983216024,False,False,False
59,4,1029.5942,366.89783,1030.2887,367.8729,-0.9588623,-2.3465881,-112.22589555122526,-3.8175859534460272,True,True,False
59,8,1353.6827,405.23376,1360.8792,406.06412,-10.52417,-1.0556641,-174.2719046956395,-0.2922547181905202,False,False,True
60,5,1088.5208,313.05356,1088.4694,313.03012,0.08093262,-0.040740967,0,0,False,False,False
60,6,699.38196,518.9358,703.44226,513.14856,-6.381592,8.793152,125.97010566692086,0.707074777367481,False,False,True
60,10,870.3635,381.67444,870.5571,379.66098,-0.60827637,3.0040588,101.44676176329055,-4.614125696255414,True,False,False
60,28,868.782,288.72498,869.12964,288.71735,-0.47485352,-0.4784546,0,0,False,False,False
60,7,812.2002,369.5136,813.1935,367.70862,-1.7667847,2.6941528,123.25625635523441,-0.4131795411430659,True,False,False
60,11,1295.2334,503.92474,1295.3646,504.22064,-0.18603516,-0.3242798,0,0,False,False,False
60,16,889.8845,333.9597,889.56396,332.02817,0.12097168,2.798706,87.52497946471573,-2.948275726224608,False,False,False
60,4,1029.4415,365.94128,1029.9922,367.19684,-0.87280273,-1.9541931,-114.06700762859361,-1.8411120773683507,True,True,False
60,8,1350.5168,405.75104,1357.2523,405.95453,-11.741821,-0.90734863,-175.58125303408653,-1.3093483384470233,False,False,True
61,5,1088.1409,313.30493,1088.3544,313.12628,-0.08959961,0.07672119,0,0,False,False,False
61,6,696.812,521.3512,701.12164,516.0195,-6.6987915,8.957703,126.79004848647575,0.8199428195548961,False,False,True
61,10,870.3112,383.33063,870.47107,380.94534,-0.35534668,3.3457947,96.06248392145027,-5.384277841840287,True,False,False
61,28,868.424,289.34122,868.8827,288.9357,-0.58166504,-0.057128906,0,0,False,False,False
61,7,810.4904,370.368,812.2474,368.6394,-1.9440308,2.7092285,125.66166356303472,2.405407207800309,True,False,False
61,11,1295.308,503.84845,1295.3447,504.09036,-0.15893555,-0.4845276,0,0,False,False,False
61,16,889.64484,335.15704,889.5923,333.12326,0.22631836,3.093811,85.81615335141868,-1.7088261132970501,False,False,False
61,4,1029.6223,364.6799,1029.8627,366.3159,-0.8000488,-2.0820618,-111.0196695005584,3.0473381280352214,True,True,False
61,8,1347.6196,405.61285,1353.8809,405.8349,-10.873291,-0.67633057,-176.44072551413666,-0.8594724800501297,False,False,True
61,9,1003.2615,320.24423,1005.0404,323.65857,-3.5203857,-5.192322,-124.13720700731419,1.4634958776639877,True,True,False
62,5,1088.1091,313.31805,1088.2686,313.1934,-0.17321777,0.1758728,0,0,False,False,False
62,6,694.7345,524.6703,698.8861,519.04724,-6.7425537,9.014832,126.79428664007132,0.004238153595565564,False,False,True
62,10,869.5742,384.85934,870.1571,382.31525,-0.50439453,3.7384033,97.68408390941559,1.6215999879653253,True,True,False
62,7,810.23645,371.15552,811.5435,369.52002,-2.1848145,2.7832642,128.13130340881628,2.4696398457815576,True,False,False
62,11,1295.3699,503.72882,1295.3535,503.9638,-0.08178711,-0.41619873,0,0,False,False,False
62,16,888.8311,335.94086,889.32587,334.1094,-0.06561279,3.1212463,91.20425692582732,5.388103574408646,False,False,False
62,4,1029.9128,364.32764,1029.8801,365.62,-0.40856934,-2.2528992,-100.27902737668653,10.740642123871865,True,True,False
62,8,1345.6539,405.59235,1351.0015,405.75,-9.877686,-0.31411743,-178.17856725707392,-1.7378417429372632,False,False,True
62,9,1002.8678,320.17325,1004.27997,322.43872,-2.793457,-5.0266113,-119.06240069680783,5.074806310506361,True,True,False
63,5,1088.2161,313.3701,1088.2501,313.25522,-0.21923828,0.22509766,0,0,False,False,False
63,6,692.2774,527.3295,696.573,521.94604,-6.8692627,8.797485,127.98347119257818,1.189184552506859,False,False,True
63,10,869.0894,386.03113,869.78345,383.61578,-0.77368164,3.9548035,101.0690269198663,3.384943010450712,True,True,False
63,7,809.53937,371.67224,810.84204,370.2733,-2.3514404,2.5646667,132.51646670956265,4.38516330074637,True,False,False
63,11,1295.37,503.571,1295.3593,503.82632,-0.0053710938,-0.39431763,0,0,False,False,False
63,16,887.9551,338.19955,888.84607,335.54095,-0.7178955,3.5127869,101.55028183751783,10.346024911690506,False,False,False
63,4,1029.1687,363.90674,1029.6311,365.02032,-0.36108398,-2.1765137,-99.419586729403,0.8594406472835345,True,True,False
63,8,1345.4973,404.7198,1349.075,405.3894,-8.177368,-0.5651245,-176.04666824461032,2.131899012463606,False,False,True
63,9,1003.0035,319.72424,1003.8332,321.48865,-2.1651,-4.0083923,-118.37533452263627,0.6870661741715622,True,False,False
63,28,868.64,289.50354,868.7977,289.13443,-0.51904297,0.4212036,0,0,False,False,False
64,5,1088.1865,313.38043,1088.2278,313.29904,-0.12658691,0.17276001,0,0,False,False,False
64,6,689.0103,530.70215,693.926,525.0107,-7.1956177,8.991211,128.67009950042794,0.6866283078497588,True,False,True
64,10,867.8425,387.60535,869.10406,385.01212,-1.3670044,4.0667725,108.57954956009294,7.51052264022664,True,False,False
64,7,808.3036,372.13766,809.95355,370.9258,-2.2938232,2.2864075,135.0927665140138,2.576299804451139,True,False,False
64,11,1295.3057,503.4967,1295.3405,503.71094,-0.004272461,-0.37942505,0,0,False,False,False
64,16,887.9324,338.37933,888.52625,336.53436,-1.06604,3.4111023,107.35510455426778,5.804822716749953,False,False,False
64,4,1028.6436,363.43854,1029.2854,364.46667,-0.5772705,-1.8492126,0,0,False,False,False
64,8,1344.6965,404.89825,1347.5425,405.2175,-6.338379,-0.6174011,-174.4365533980328,1.6101148465775168,False,False,True
64,9,1003.3169,319.34692,1003.65247,320.739,-1.3879395,-2.9195557,-115.4261374181829,2.9491971044533614,True,True,False
64,28,868.0084,290.24908,868.5215,289.52457,-0.6081543,0.80722046,0,0,False,False,False
65,5,1088.1833,313.44888,1088.2122,313.35147,-0.056396484,0.15808105,0,0,False,False,False
65,6,686.6612,533.8286,691.3833,528.0969,-7.5028076,9.049683,129.66106072063485,0.9909612202069127,True,False,True
65,10,866.6177,390.57983,868.23376,386.96082,-1.9233398,4.645569,112.49033765934944,3.910788099256493,True,False,False
65,7,807.43054,372.88678,809.07043,371.61215,-2.4730835,2.0921326,139.77007621696362,4.677309702949827,True,False,False
65,11,1295.2983,503.40094,1295.3257,503.60242,-0.027832031,-0.36138916,0,0,False,False,False
65,16,886.19116,337.64044,887.709,336.92148,-1.6168823,2.8120728,119.89799060643335,12.54288605216557,False,False,False
65,4,1028.427,363.5472,1028.9849,364.14487,-0.8952637,-1.4751282,0,0,False,False,False
65,8,1342.8795,404.61237,1345.9104,405.00568,-5.0910645,-0.74432373,-171.6821737753743,2.7543796226584902,False,False,True
65,9,1003.2258,319.06552,1003.5031,320.15326,-0.77685547,-2.2854614,-108.77350689575997,6.652630522422939,True,True,False
65,28,867.6129,290.9093,868.2035,290.00922,-0.6791992,1.0735168,0,0,False,False,False
66,5,1088.3125,313.57056,1088.2473,313.42816,-0.0028076172,0.17294312,0,0,False,False,False
66,10,865.9282,392.51874,867.42676,388.90607,-2.3566895,5.290283,114.0117818777246,1.5214442183751657,True,False,False
66,7,806.667,374.56073,808.2292,372.64417,-2.612854,2.3708801,137.7796834015031,-1.990392815460524,True,False,False
66,11,1295.2727,503.36096,1295.3071,503.51788,-0.052124023,-0.30844116,0,0,False,False,False
66,16,885.1465,338.07452,886.8121,337.325,-2.0339966,1.7840576,138.74537489177828,18.84738428534493,True,True,False
66,4,1027.832,363.03354,1028.5813,363.7559,-1.0498047,-1.2644348,0,0,False,False,False
66,8,1339.5837,404.2339,1343.696,404.73553,-5.3789062,-0.6538696,-173.06902760655407,-1.3868538311797636,False,False,True
66,9,1003.151,318.95386,1003.3798,319.73346,-0.45336914,-1.755188,0,0,False,False,False
66,28,867.5751,291.36502,867.9835,290.48373,-0.814209,1.3493042,0,0,False,False,False
67,5,1088.2693,313.66345,1088.255,313.5105,0.02722168,0.2114563,0,0,False,False,False
67,10,864.818,394.54163,866.5137,390.8785,-2.590393,5.866394,113.82456507719843,-0.18721680052617273,True,False,False
67,7,804.8026,375.15674,807.02985,373.52356,-2.923706,2.5977478,138.37852707526122,0.5988436737581253,True,False,False
67,11,1295.2891,503.42444,1295.3008,503.48517,-0.03967285,-0.22576904,0,0,False,False,False
67,16,884.5534,338.56815,886.02155,337.7601,-2.5046997,1.2257385,153.92400929726298,15.1786344054847,True,True,False
67,4,1027.3093,362.62762,1028.1361,363.361,-1.149292,-1.1056824,0,0,False,False,False
67,8,1333.44,405.39905,1340.1064,404.96777,-7.436035,-0.24972534,-178.07655122665153,-5.007523620097459,False,False,True
67,9,1002.6527,318.89954,1003.12524,319.4416,-0.5272217,-1.2974243,0,0,False,False,False
67,28,867.73267,292.55695,867.8957,291.20935,-0.62579346,1.6847839,0,0,False,False,False
67,6,680.3993,540.5856,687.5389,532.46796,-9.034119,10.521912,130.64940518228366,0.9883444616488077,True,False,True
68,5,1088.2888,313.47754,1088.2668,313.49896,0.0546875,0.14749146,0,0,False,False,False
68,10,864.354,395.461,865.7578,392.48236,-2.4759521,5.5215454,114.15225195598273,0.3276868787843057,True,False,False
68,7,805.0075,376.30896,806.322,374.4984,-2.748413,2.886261,133.59858304045014,-4.779944034811081,True,False,False
68,11,1295.3904,503.31647,1295.3322,503.42612,0.0064697266,-0.17630005,0,0,False,False,False
68,16,884.04584,339.75934,885.3301,338.4598,-2.3789062,1.5383301,147.11109531952815,-6.812913977734837,True,True,False
68,4,1027.141,362.13937,1027.7878,362.9334,-1.1970215,-1.2114563,0,0,False,False,False
68,8,1328.7615,404.43723,1336.1356,404.78204,-9.77478,-0.22363281,-178.68938420494862,-0.6128329782970923,False,False,True
68,9,1002.54175,318.3584,1002.921,319.06247,-0.5820923,-1.0907898,0,0,False,False,False
68,28,867.8026,292.52786,867.8631,291.67084,-0.34039307,1.6616211,0,0,False,False,False
68,6,677.6631,543.84564,684.08234,536.45013,-9.843689,11.439453,130.71210887675227,0.06270369446860968,True,False,True
69,5,1088.3547,313.45456,1088.2976,313.4834,0.05029297,0.055236816,0,0,False,False,False
69,10,863.4854,397.3753,864.9624,394.1949,-2.4643555,5.2888184,114.98343740328947,0.831185447306737,True,False,False
69,7,804.7003,377.21576,805.7544,375.44946,-2.4747925,2.8052979,131.41826409322604,-2.1803189472240945,True,False,False
69,11,1295.4497,503.47046,1295.3733,503.44162,0.06616211,-0.07626343,0,0,False,False,False
69,16,883.9217,341.09656,884.83716,339.38266,-1.9749146,2.0576477,133.82466894545652,-13.286426374071624,True,True,False
69,4,1026.8124,361.00024,1027.4464,362.25677,-1.1348877,-1.499115,0,0,False,False,False
69,8,1329.5912,403.1236,1333.845,404.20157,-9.851074,-0.53396606,-176.8973848308923,1.7919993740563314,False,False,True
69,9,1002.35486,317.73547,1002.7228,318.59802,-0.65704346,-1.135437,0,0,False,False,False
69,28,868.0095,291.4547,867.9143,291.59518,-0.06921387,1.1114502,0,0,False,False,False
69,6,675.0503,547.44714,680.9211,540.2991,-10.462219,12.202148,130.61004977348654,-0.10205910326573076,True,False,True
70,5,1088.3768,313.42636,1088.3253,313.46344,0.0703125,-0.047058105,0,0,False,False,False
70,10,862.56665,398.3308,864.12384,395.64246,-2.3898315,4.7639465,116.6406101992631,1.6571727959736222,False,False,False
70,7,803.7145,378.38568,805.0404,376.4771,-1.9894409,2.9535522,123.96324879540606,-7.455015297819983,True,False,False
70,11,1295.5182,503.5254,1295.424,503.47092,0.123168945,-0.014251709,0,0,False,False,False
70,16,883.4215,342.14893,884.3416,340.35083,-1.6799316,2.5907288,122.96098068396228,-10.863688261494246,True,True,False
70,4,1026.3163,359.84137,1027.0508,361.41138,-1.0853271,-1.9496155,-119.10415283233398,-19.684566102930987,True,False,False
70,8,1323.4641,402.83667,1330.2117,403.72385,-9.894775,-1.243927,-172.83462068783453,4.062764143057763,False,False,True
70,9,1001.9811,317.38525,1002.46313,318.17355,-0.6621094,-1.2680359,0,0,False,False,False
70,28,867.9182,291.7146,867.91565,291.63696,0.019958496,0.4276123,0,0,False,False,False
70,6,672.06433,551.3415,677.8212,544.16394,-9.717651,11.695984,129.72162234925932,-0.888427424227217,True,False,True
71,5,1088.3501,313.43524,1088.334,313.45355,0.06713867,-0.045410156,0,0,False,False,False
71,10,861.475,400.19006,863.1967,397.23407,-2.5610962,4.751709,118.32396712767758,1.683356928414483,False,False,False
71,7,802.9672,379.22186,804.31476,377.43774,-2.0072632,2.939331,124.3290892144167,0.36584041901063813,True,False,False
71,11,1295.5875,503.48047,1295.4812,503.47424,0.14904785,0.04812622,0,0,False,False,False
71,16,883.525,342.79803,884.0558,341.20734,-1.274292,2.747528,114.88167242912483,-8.079308254837443,False,False,False
71,4,1025.8308,359.23193,1026.6238,360.64856,-1.1640625,-2.284851,-116.99746624601626,2.1066865863177213,True,False,False
71,8,1320.2935,402.4096,1326.7402,403.26385,-9.395386,-1.5181885,-170.82098959872295,2.013631089111584,True,True,True
71,9,1001.90216,317.59094,1002.2667,317.96964,-0.6542969,-1.0928345,0,0,False,False,False
71,6,669.55457,554.85706,674.92786,547.9065,-9.15448,11.45636,128.62744455685558,-1.094177792403741,True,False,True
72,5,1088.4241,313.51654,1088.3655,313.4756,0.067871094,-0.0078125,0,0,False,False,False
72,7,802.28265,379.7721,803.6035,378.25476,-2.150879,2.8052979,127.47811613138684,3.1490269169701435,True,False,False
72,11,1295.689,503.4942,1295.5538,503.4812,0.18054199,0.0395813,0,0,False,False,False
72,16,883.6712,344.15405,883.92114,342.23868,-0.9160156,2.856018,107.7826944162145,-7.098978012910337,True,False,False
72,4,1025.5543,358.34277,1026.2494,359.84152,-1.1970215,-2.4152527,-116.36343909460206,0.6340271514142017,True,True,False
72,8,1317.7532,402.63358,1323.5947,403.04324,-10.250244,-1.1583252,-173.55266224110892,-2.7316726423859734,True,True,True
72,9,1001.70386,318.11365,1002.0697,318.02002,-0.6530762,-0.5780029,0,0,False,False,False
72,6,666.12744,559.0245,671.8477,551.7978,-9.073364,11.498718,128.2761286545146,-0.35131590234098553,True,False,True
73,5,1088.3213,313.5043,1088.35,313.48563,0.024658203,0.02218628,0,0,False,False,False
73,7,801.2686,380.85724,802.78625,379.16562,-2.2541504,2.688507,129.97779572608837,2.499679594701533,True,False,False
73,11,1295.7244,503.4646,1295.6135,503.47534,0.1895752,0.004425049,0,0,False,False,False
73,16,883.15674,344.96124,883.65356,343.1916,-0.6880493,2.8407593,103.6151911267545,-4.167503289460001,True,True,False
73,4,1024.8064,357.61896,1025.7443,359.06363,-1.3065186,-2.3477478,-119.09588005647713,-2.7324409618750707,True,True,False
73,8,1317.1511,401.79523,1321.3395,402.6064,-8.872192,-1.1174316,-172.82152977631904,0.73113246478988,True,True,True
73,9,1001.6461,317.32745,1001.9214,317.77762,-0.54174805,-0.39593506,0,0,False,False,False
73,6,662.9918,562.4107,668.7481,555.5123,-9.07312,11.348389,128.64259256203218,0.3664639075175842,True,False,True
73,10,860.52185,403.66455,862.2605,399.48474,-2.7019043,5.289856,117.05662124264931,-1.2673458850282628,False,False,False
74,5,1088.4905,313.44977,1088.399,313.47308,0.06506348,0.01953125,0,0,False,False,False
74,7,800.3456,381.70728,801.932,380.05518,-2.3827515,2.6174316,132.3128337234774,2.335037997389037,False,False,False
74,11,1295.6177,503.5428,1295.615,503.49896,0.13378906,0.024719238,0,0,False,False,False
74,16,883.0808,345.73398,883.4531,344.08142,-0.60266113,2.8740845,101.84265887093653,-1.7725322558179641,True,True,False
74,4,1024.4608,356.58075,1025.295,358.1946,-1.3287354,-2.453949,-118.4341364355512,0.6617436209259324,True,False,False
74,8,1314.8225,401.69153,1319.0585,402.2862,-7.6817627,-0.97766113,-172.74693571017633,0.07459406614270847,True,True,True
74,9,1001.33484,316.36877,1001.71606,317.28452,-0.5506592,-0.6851196,0,0,False,False,False
74,6,659.8774,566.9547,665.6433,559.51715,-9.284546,11.610657,128.6478319651363,0.005239403104127405,True,False,True
74,10,859.09564,404.93854,861.1528,401.39355,-2.9710693,5.7510986,117.32128352184196,0.26466227919264895,False,False,False
75,5,1088.604,313.42004,1088.4707,313.4545,0.10522461,-0.021087646,0,0,False,False,False
75,7,799.6569,382.497,801.13574,380.9098,-2.4677734,2.6550293,132.90657647656766,0.5937427530902539,False,False,False
75,11,1295.6013,503.49542,1295.6101,503.4977,0.056274414,0.01651001,0,0,False,False,False
75,4,1024.1731,355.99164,1024.9023,357.42355,-1.3470459,-2.4179688,-119.12209835720795,-0.6879619216567505,True,False,False
75,8,1311.602,401.2716,1316.4487,401.9311,-7.145996,-1.1121521,-171.15385864608618,1.5930770640901528,True,True,True
75,9,1000.74677,315.78528,1001.3768,316.75977,-0.6929321,-1.2602539,0,0,False,False,False
75,6,656.62744,570.69763,662.48773,563.4303,-9.359985,11.632507,128.821560801195,0.17372883605870015,True,False,True
75,10,857.6472,406.5573,859.9258,403.20087,-3.270935,5.966797,118.73108813958889,1.4098046177469286,False,False,False
76,5,1088.613,313.3625,1088.5205,313.4223,0.17053223,-0.063323975,0,0,False,False,False
76,7,798.6216,384.31848,800.25574,382.1028,-2.5305176,2.9371948,130.74628972539708,-2.160286751170588,False,False,False
76,11,1295.5586,503.48315,1295.592,503.4926,-0.021484375,0.01727295,0,0,False,False,False
76,4,1023.7832,355.9251,1024.5106,356.89908,-1.2336426,-2.1645508,-119.68011593698348,-0.5580175797755373,True,False,False
76,8,1309.0038,400.89374,1313.843,401.568,-7.49646,-1.0384216,-172.1134841513028,-0.9596255052166214,True,True,True
76,9,1000.72656,314.575,1001.1492,315.9951,-0.7722168,-1.7825317,0,0,False,False,False
76,6,652.6465,575.10846,659.0433,567.51764,-9.704834,12.00531,128.95132771866568,0.12976691747067548,True,False,True
76,10,857.7758,408.18713,859.1732,404.94604,-3.0872803,5.4613037,119.47951804258315,0.7484299029942605,False,False,False
76,28,868.29944,293.0701,868.0499,292.13855,0.18682861,0.4677124,0,0,False,False,False
76,16,882.6095,347.3062,883.15784,345.21008,-0.76330566,2.971405,104.40684721866664,2.5641883477301093,True,True,False
77,5,1088.6306,313.31982,1088.5591,313.3864,0.16003418,-0.08666992,0,0,False,False,False
77,7,797.7069,385.6654,799.36365,383.34973,-2.5683594,3.2945557,127.93915449790526,-2.8071352274918127,True,True,False
77,11,1295.4097,503.60608,1295.5281,503.53235,-0.08691406,0.03338623,0,0,False,False,False
77,4,1023.525,355.7126,1024.1656,356.4838,-1.1293945,-1.7108154,-123.43079096606435,-3.750675029080867,True,True,False
77,8,1311.2104,400.55475,1312.9216,401.21335,-6.136841,-1.0728455,-170.0837348854077,2.0297492658951057,True,True,True
77,9,1000.4799,313.95258,1000.9149,315.2802,-0.80114746,-2.004303,-111.78726940048719,-3.013762504727225,True,False,False
77,6,649.25635,578.8165,655.6178,571.4722,-10.025513,11.955078,129.9831524804746,1.031824761808906,True,False,True
77,10,858.4088,409.59183,858.90564,406.57202,-2.2471313,5.178467,113.45783388699154,-6.021684155591615,False,False,False
77,16,881.7157,349.026,882.6531,346.54565,-1.0004883,3.354065,106.60938261101106,2.2025353923444158,True,True,False
78,5,1088.5193,313.45325,1088.5452,313.4098,0.07446289,-0.044708252,0,0,False,False,False
78,7,796.70276,387.31653,798.4323,384.7381,-2.7034302,3.828308,125.22852996655313,-2.7106245313521384,True,False,False
78,11,1295.4159,503.61407,1295.4888,503.56094,-0.12133789,0.06323242,0,0,False,False,False
78,4,1023.3119,354.8684,1023.8668,355.9184,-1.0355225,-1.5051575,0,0,False,False,False
78,9,1000.4457,313.35345,1000.7506,314.60583,-0.62615967,-2.1539307,-106.20944271125623,5.57782668923096,True,True,False
78,6,645.9254,583.2795,652.22546,575.60474,-10.262268,12.174438,130.12873293571602,0.14558045524142926,True,False,True
78,10,856.9346,410.8946,858.2157,408.0849,-1.710083,4.884033,109.29706257822271,-4.16077130876883,False,False,False
78,16,881.4994,351.20184,882.24927,348.17532,-1.2038574,4.0939026,106.3865573507064,-0.22282526030465988,True,True,False
79,5,1088.4978,313.47757,1088.5286,313.4335,0.008056641,0.011199951,0,0,False,False,False
79,7,795.833,388.9119,797.52246,386.1989,-2.7332764,4.0961,123.71468795495969,-1.5138420115934395,True,False,False
79,11,1295.486,503.99188,1295.4878,503.71176,-0.10424805,0.21914673,0,0,False,False,False
79,4,1022.8432,354.67496,1023.50854,355.4832,-1.0020752,-1.4158936,0,0,False,False,False
79,9,1000.7047,313.22015,1000.7345,314.12085,-0.41467285,-1.8742371,0,0,False,False,False
79,6,642.6329,587.97864,648.86804,579.9356,-10.175232,12.417969,129.33104820128375,-0.7976847344322664,True,False,True
79,10,856.702,413.60895,857.6859,410.0183,-1.4873047,5.0722656,106.34234792468527,-2.9547146535374367,True,True,False
79,16,881.25464,349.53827,881.9011,348.65234,-1.2567139,3.4422607,110.05632240320605,3.669765052499656,True,True,False
79,8,1302.6888,399.68243,1309.3401,400.67752,-7.1086426,-1.2535706,-169.99902230302442,0.0847125823832755,True,True,True
80,5,1088.5327,313.4267,1088.53,313.4311,-0.029052734,0.044677734,0,0,False,False,False
80,7,795.4289,390.2063,796.7897,387.6015,-2.5739746,4.25177,121.1902495009241,-2.5244384540355895,True,False,False
80,11,1295.4192,504.41052,1295.4637,503.9563,-0.064331055,0.4239502,0,0,False,False,False
80,4,1022.4588,354.32797,1023.1411,355.07886,-1.0245361,-1.4049377,0,0,False,False,False
80,9,1001.2649,312.88614,1000.92017,313.6887,0.0052490234,-1.5915222,0,0,False,False,False
80,6,639.3385,592.6701,645.5327,584.3927,-10.085083,12.920471,127.97384361819086,-1.3572045830928943,True,False,True
80,10,856.593,415.13196,857.3034,411.8081,-1.6022339,5.236084,107.01403253927485,0.6716846145895801,True,True,False
80,16,880.7019,350.35986,881.4814,349.24997,-1.1716919,2.7043152,113.42551734310139,3.369194939895337,True,True,False
80,8,1299.2822,399.46353,1305.8198,400.25262,-8.023193,-1.3153687,-170.68942661345068,-0.6904043104262598,True,True,True
81,5,1088.601,313.3904,1088.5548,313.41687,0.009643555,0.007080078,0,0,False,False,False
81,7,793.84607,391.6394,795.7594,389.01477,-2.6729126,4.2766724,122.00530970644144,0.8150602055173408,True,False,False
81,11,1295.4192,504.4428,1295.4481,504.1266,-0.040649414,0.5656433,0,0,False,False,False
81,4,1022.1753,353.88318,1022.80304,354.66037,-1.0637817,-1.2580261,0,0,False,False,False
81,6,635.61365,596.9721,642.06104,588.7955,-10.164429,13.190735,127.61688841817606,-0.3569552000147951,True,False,True
81,10,856.2435,416.8367,856.93243,413.5681,-1.2832642,5.4832153,103.17214174307252,-3.8418907962023354,True,True,False
81,16,881.3866,351.68573,881.4482,350.10248,-0.8010864,1.9271545,112.57185198825043,-0.8536653548509605,True,True,False
81,8,1298.6136,398.92868,1303.2976,399.7892,-9.624023,-1.4241333,-171.58263143354444,-0.8932048200937572,True,True,True
81,28,867.5821,291.57773,867.8861,291.94226,-0.028198242,0.34707642,0,0,False,False,False
82,5,1088.6761,313.40234,1088.5973,313.41177,0.068725586,-0.021728516,0,0,False,False,False
82,7,793.1603,392.9656,794.8497,390.39755,-2.6727905,4.198639,122.48021857906772,0.4749088726262869,True,False,False
82,11,1295.4768,504.49615,1295.4581,504.25592,-0.029663086,0.54415894,0,0,False,False,False
82,4,1022.05695,353.35144,1022.5419,354.20224,-0.9666748,-1.2809448,0,0,False,False,False
82,10,855.82806,419.25317,856.5459,415.55786,-1.1400146,5.539551,101.62886022050766,-1.543281522564854,True,True,False
82,16,880.8686,353.30725,881.2453,351.22415,-0.65582275,2.5718079,104.30579761988191,-8.266054368368515,True,False,False
83,5,1088.6699,313.3977,1088.6227,313.40686,0.09265137,-0.024230957,0,0,False,False,False
83,7,792.0917,393.66745,793.8844,391.542,-2.9052734,3.9404907,126.40087718284595,3.9206586037782216,True,False,False
83,11,1295.532,504.55884,1295.4839,504.36194,0.020141602,0.40563965,0,0,False,False,False
83,4,1021.8495,353.25684,1022.29956,353.87134,-0.84155273,-1.2075195,0,0,False,False,False
83,10,855.0603,421.79956,856.0259,417.74243,-1.2775269,5.934326,102.14907596321467,0.5202157427070091,True,True,False
83,16,880.7397,354.45813,881.06836,352.35602,-0.4130249,3.1060486,97.57443546819077,-6.731362151691144,True,False,False
84,5,1088.7131,313.36044,1088.6543,313.3906,0.099487305,-0.026275635,0,0,False,False,False
84,7,790.60126,395.0539,792.7353,392.77115,-3.024109,3.7563782,128.83614230338722,2.435265120541274,True,False,False
84,11,1295.6128,504.56873,1295.529,504.43427,0.08093262,0.30767822,0,0,False,False,False
84,4,1021.4435,352.88843,1021.9999,353.5273,-0.8031616,-1.1330566,0,0,False,False,False
84,10,855.10205,424.1692,855.7025,419.99176,-1.2299194,6.423645,100.83909872729583,-1.3099772359188364,True,True,False
84,16,880.71814,354.37756,880.94574,353.06354,-0.5024414,2.9610596,99.63039057098297,2.055955102792197,True,False,False
84,38,449.12567,364.02393,449.19202,364.29437,-0.0635376,-0.75897217,0,0,False,False,False
84,9,1001.0221,313.39563,1000.9558,313.58612,0.2052002,-1.0197144,0,0,False,False,False
85,5,1088.6909,313.35916,1088.667,313.37958,0.06970215,-0.032196045,0,0,False,False,False
85,7,790.81226,396.238,792.06213,393.98456,-2.7875366,3.5870056,127.85152176755405,-0.984620535833173,True,False,False
85,11,1295.4369,505.03,1295.4968,504.64276,0.03869629,0.38684082,0,0,False,False,False
85,4,1021.17413,352.47476,1021.7109,353.1589,-0.83099365,-1.043335,0,0,False,False,False
85,10,855.0238,425.9507,855.46497,422.0774,-1.0809326,6.5195312,99.41395270358534,-1.4251460237104965,True,True,False
85,16,880.4584,356.46985,880.77515,354.25574,-0.4701538,3.0315857,98.81549510565831,-0.8148954653246534,True,False,False
85,38,448.96576,362.6226,449.1128,363.70923,-0.13201904,-1.1685791,0,0,False,False,False
85,9,1001.1505,313.12268,1001.0239,313.42392,0.2894287,-0.69692993,0,0,False,False,False
86,5,1088.5166,313.54767,1088.6144,313.43842,-0.008300781,0.031555176,0,0,False,False,False
86,7,789.6948,398.30847,791.2336,395.49792,-2.6508179,3.9559326,123.82551395546517,-4.026007812088878,True,False,False
86,11,1295.4646,504.90533,1295.4855,504.73465,0.0015869141,0.37271118,0,0,False,False,False
86,4,1021.2943,352.1657,1021.56506,352.81128,-0.7344971,-1.0600586,0,0,False,False,False
86,10,854.3795,427.7402,855.085,424.05936,-0.94085693,6.316925,98.47148456538449,-0.9424681382008515,True,True,False
86,16,880.40826,357.9068,880.6467,355.5336,-0.42163086,3.1775818,97.55838015339941,-1.2571149522589025,True,True,False
86,38,448.93256,361.39914,449.04968,362.9007,-0.17807007,-1.5393066,0,0,False,False,False
86,40,461.55023,335.94073,461.22934,334.4505,0.5368042,1.1158447,0,0,False,False,False
86,9,1001.1781,312.3174,1001.0779,313.03662,0.15771484,-0.6520691,0,0,False,False,False
86,8,1277.1003,397.5354,1294.1285,399.00037,-15.211548,-1.6771545,-173.7082463149131,-2.1256148813686764,True,True,True
87,5,1088.5012,313.53687,1088.5747,313.47287,-0.079589844,0.08227539,0,0,False,False,False
87,7,788.1228,399.52332,790.1448,396.9068,-2.5905151,4.1356506,122.06246757039474,-1.7630463850704245,True,False,False
87,11,1295.4519,504.8376,1295.4738,504.77066,-0.05529785,0.33639526,0,0,False,False,False
87,4,1021.2733,350.79803,1021.4629,352.10663,-0.5369873,-1.4206848,0,0,False,False,False
87,10,853.433,429.5975,854.5068,425.9977,-1.1957397,6.005951,101.2599273253398,2.7884427599553163,True,True,False
87,16,879.74915,359.22034,880.3325,356.82394,-0.6132202,3.7604065,99.26186098103837,1.7034808276389555,True,True,False
87,38,449.00104,360.88458,449.03265,362.19504,-0.1593628,-2.0993347,-94.34105957985999,0,False,False,False
87,40,462.43546,336.19788,461.6515,335.06207,0.85491943,1.7596741,0,0,False,False,False
87,9,1001.03754,311.2231,1001.0637,312.4019,0.107910156,-1.1842346,0,0,False,False,False
88,5,1088.5739,313.4702,1088.5745,313.47192,-0.0925293,0.09234619,0,0,False,False,False
88,7,786.1389,400.48352,788.7427,398.15863,-3.319458,4.1740723,128.49370253165847,6.431234961263726,True,False,False
88,11,1295.4127,504.95172,1295.4524,504.834,-0.044433594,0.19125366,0,0,False,False,False
88,4,1021.3087,350.15955,1021.40894,351.42514,-0.30194092,-1.7337646,0,0,False,False,False
88,10,853.7377,432.05975,854.23755,428.11942,-1.227417,6.0420227,101.48318556869272,0.223258243352916,True,False,False
88,16,879.3522,360.82343,879.9894,358.22375,-0.7857666,3.9680176,101.20108327212134,1.9392222910829702,True,True,False
88,38,448.94208,360.2708,449.00095,361.52155,-0.111846924,-2.187683,-92.92674105072973,1.4143185291302558,False,False,False
88,40,462.62827,336.24908,461.99335,335.47754,0.9367676,1.8294373,62.88517884822222,0,False,False,False
88,9,1000.75525,310.53473,1000.95575,311.74838,-0.06817627,-1.6755371,0,0,False,False,False
89,5,1088.4778,313.5235,1088.5405,313.48996,-0.07385254,0.05154419,0,0,False,False,False
89,7,784.3918,402.2474,787.21985,399.5897,-4.013733,4.0917664,134.44841780617406,5.954715274515593,True,False,False
89,11,1295.3337,504.86984,1295.4108,504.84653,-0.07470703,0.11187744,0,0,False,False,False
89,4,1020.3137,349.46088,1021.0256,350.73764,-0.53948975,-2.073639,-104.58310927105654,18.847681695007807,True,True,False
89,10,852.73694,434.21234,853.7123,430.25195,-1.3727417,6.1925964,102.49890752764357,1.0157219589508486,True,False,False
89,16,878.9065,361.9096,879.61035,359.5138,-1.036377,3.980194,104.59479703292429,3.393713760802953,True,True,False
89,38,448.90222,360.16492,448.96637,361.04672,-0.08331299,-1.8539734,0,0,False,False,False
89,40,462.98633,336.68176,462.34088,335.89902,1.1115417,1.4485168,0,0,False,False,False
89,9,1000.5365,310.00336,1000.80896,311.13763,-0.2689209,-1.8989868,0,0,False,False,False
89,28,867.5419,287.60504,867.7656,290.42422,-0.15002441,-1.212738,0,0,False,False,False
89,8,1270.5132,395.54138,1285.8632,397.7897,-19.956665,-2.4629211,-172.96450444191265,0.7437418730004595,True,True,True
90,5,1088.4736,313.62515,1088.5171,313.53726,-0.057617188,0.06439209,0,0,False,False,False
90,7,784.00806,403.6297,786.0957,401.00366,-4.0490723,4.096863,134.66386128997058,0.21544348379651979,True,False,False
90,11,1295.4537,504.80896,1295.4258,504.83337,-0.047973633,0.06271362,0,0,False,False,False
90,4,1019.7248,349.30817,1020.5703,350.2373,-0.8925781,-1.8693237,-115.52387741379569,-10.940768142739145,True,True,False
90,10,851.5348,436.56842,852.95013,432.4627,-1.5566406,6.4649963,103.5379725201982,1.0390649925546285,True,False,False
90,16,877.82355,363.98444,878.985,361.07852,-1.3475342,4.2545776,107.57433404101297,2.979537008088684,True,True,False
90,38,449.16113,359.50537,449.03452,360.50723,0.0018615723,-1.6878052,0,0,False,False,False
90,9,1000.5353,309.98492,1000.71313,310.7342,-0.35058594,-1.6676941,0,0,False,False,False
90,28,867.29114,287.60623,867.5995,289.43793,-0.45043945,-2.7006226,-99.469251574206,0,False,False,False
91,5,1088.6058,313.63037,1088.5481,313.56982,-0.026367188,0.09790039,0,0,False,False,False
91,7,782.50146,405.01868,784.8377,402.4089,-3.9049683,4.2502747,132.5754507034136,-2.0884105865569893,True,False,False
91,11,1295.3701,504.84662,1295.4062,504.838,-0.046142578,0.0039978027,0,0,False,False,False
91,4,1019.52515,348.7921,1020.20447,349.73148,-1.2044678,-1.6936646,-125.4189446241719,-9.895067210376212,True,False,False
91,10,850.6817,438.97406,852.1561,434.74164,-2.081421,6.622223,107.44837620096385,3.910403680765654,True,False,False
91,16,876.5934,365.30054,878.1479,362.5562,-1.8414917,4.3324585,113.02769685788745,5.453362816874474,True,False,False
91,38,449.45276,359.36157,449.1809,360.10626,0.17996216,-1.4152832,0,0,False,False,False
91,9,1000.4288,309.63974,1000.6135,310.35114,-0.34222412,-1.3972473,0,0,False,False,False
91,28,867.10846,287.80322,867.4276,288.86578,-0.4584961,-3.076477,-98.4765627989069,0.9926887752991007,False,False,False
91,43,859.59186,310.2685,861.15845,309.00488,-0.9501343,1.4502563,0,0,False,False,False
92,5,1088.7148,313.57153,1088.6064,313.5704,0.06591797,0.080444336,0,0,False,False,False
92,7,781.7822,406.6449,783.7683,403.89148,-3.451538,4.3017883,128.74180042151553,-3.833650281898059,True,False,False
92,11,1295.3508,504.85284,1295.3868,504.84317,-0.023925781,-0.0033569336,0,0,False,False,False
92,4,1019.4896,348.78598,1019.9542,349.40054,-1.0713501,-1.3370972,0,0,False,False,False
92,10,849.9667,440.7927,851.38983,436.8595,-2.3224487,6.607544,109.36578022726202,1.917404026298172,True,False,False
92,16,876.0619,366.69006,877.4177,364.00305,-2.192627,4.489258,116.03163996338999,3.003943105502543,True,False,False
92,38,449.53662,359.18155,449.30542,359.7826,0.3390503,-1.2641296,0,0,False,False,False
92,9,1000.3841,309.6665,1000.5332,310.1115,-0.27575684,-1.026123,0,0,False,False,False
92,28,867.1268,287.80405,867.32227,288.49417,-0.44335938,-1.9300537,0,0,False,False,False
92,43,858.9041,311.00974,860.3694,309.70657,-1.6743164,1.7767029,133.30062016962094,0,False,False,False
93,5,1088.7778,313.46497,1088.6664,313.5335,0.14929199,-0.003753662,0,0,False,False,False
93,7,780.7505,407.26538,782.71204,405.07233,-3.383667,4.0686646,129.7482885313685,1.0064881098529668,True,False,False
93,11,1295.2921,504.80426,1295.3536,504.82953,-0.072143555,-0.0038452148,0,0,False,False,False
93,4,1019.60205,348.74,1019.83093,349.16934,-0.7393799,-1.0679626,0,0,False,False,False
93,10,847.6008,442.94916,850.06366,438.99084,-2.8864746,6.528137,113.85304927932923,4.487269052067205,True,False,False
93,16,874.5696,367.15622,876.4208,365.10663,-2.564209,4.0281067,122.47998286874275,6.44834290535276,True,True,False
93,38,449.4776,359.3785,449.36566,359.64114,0.33114624,-0.86608887,0,0,False,False,False
93,9,1000.0422,309.56467,1000.3613,309.9201,-0.35180664,-0.8140869,0,0,False,False,False
93,28,867.29346,287.6369,867.31213,288.19412,-0.28735352,-1.2438049,0,0,False,False,False
93,43,858.8525,311.18854,859.8384,310.22525,-2.1636353,1.9007568,138.7006453631176,5.400025193496646,False,False,False
94,5,1088.6924,313.37183,1088.6754,313.4769,0.12731934,-0.092926025,0,0,False,False,False
94,7,780.4165,408.67365,781.90857,406.33276,-2.9291382,3.9238586,126.74113030216421,-3.0071582292042933,True,False,False
94,11,1295.1282,504.60455,1295.2747,504.7508,-0.1315918,-0.08721924,0,0,False,False,False
94,4,1019.7383,348.0617,1019.79846,348.78168,-0.40600586,-0.9497986,0,0,False,False,False
94,10,846.1437,444.29126,848.69165,440.84595,-3.4644775,6.104309,119.57691351369691,5.7238642343676815,True,False,False
94,16,874.4079,368.2902,875.7162,366.2209,-2.4317017,3.6646729,123.56634969453773,1.0863668257949826,True,True,False
94,38,449.4605,359.73395,449.39886,359.6736,0.21795654,-0.4326477,0,0,False,False,False
94,9,999.97754,309.2619,1000.227,309.68973,-0.38653564,-0.6614075,0,0,False,False,False
94,28,867.5862,287.92484,867.408,288.09985,-0.019592285,-0.7659302,0,0,False,False,False
94,43,858.6621,311.06384,859.42664,310.51874,-1.7318115,1.513855,138.8418207645439,0.1411754014263238,False,False,False
94,8,1252.8667,396.16455,1274.3143,397.2209,-28.983276,-2.5683289,-174.9360095973201,-1.971505155407442,True,True,True
95,5,1088.6455,313.27832,1088.6649,313.40738,0.05847168,-0.1630249,0,0,False,False,False
95,7,779.3573,409.5247,781.0156,407.4499,-2.7526855,3.5584106,127.72451941916036,0.9833891169961504,True,False,False
95,11,1295.1414,504.69727,1295.2279,504.73206,-0.15893555,-0.1111145,0,0,False,False,False
95,4,1018.9103,348.03238,1019.48755,348.5194,-0.4666748,-0.88113403,0,0,False,False,False
95,10,845.65546,445.77588,847.6289,442.5714,-3.7609253,5.711914,123.36231411085927,3.785400597162365,True,False,False
95,16,874.5349,369.18542,875.30273,367.25845,-2.1149902,3.2554016,123.0112354953272,-0.5551141992105357,True,True,False
95,38,449.8202,360.23846,449.54633,359.8713,0.24090576,0.0887146,0,0,False,False,False
95,9,999.34235,309.031,999.91736,309.45917,-0.6158447,-0.65234375,0,0,False,False,False
95,28,867.91016,286.8145,867.58374,287.64996,0.2614746,-0.84420776,0,0,False,False,False
95,43,858.6551,311.25354,859.1566,310.7759,-1.2127686,1.0693359,0,0,False,False,False
95,8,1250.4395,396.24304,1265.958,396.87863,-28.170532,-2.1217346,-175.6927563155942,-0.7567467182741154,True,True,True
96,5,1088.7167,313.2728,1088.683,313.36026,0.016601562,-0.17324829,0,0,False,False,False
96,7,779.01807,410.799,780.3164,408.62207,-2.39563,3.5497437,124.01439218770088,-3.710127231459481,True,False,False
96,11,1295.1162,504.70508,1295.1888,504.7226,-0.16479492,-0.106933594,0,0,False,False,False
96,4,1018.2224,346.85663,1019.0447,347.93744,-0.7862549,-1.2319031,0,0,False,False,False
96,10,844.1478,447.0058,846.41046,444.12344,-3.6531982,5.132599,125.44188566552371,2.07957155466444,True,True,False
96,16,873.5956,369.60657,874.7052,368.08026,-1.7155762,2.9736328,119.9819108581442,-3.029324637182995,True,True,False
96,38,449.95526,359.43713,449.68945,359.71933,0.3237915,0.078186035,0,0,False,False,False
96,9,998.93823,308.149,999.5747,309.0006,-0.7866211,-0.9194946,0,0,False,False,False
96,28,868.34607,286.07666,867.85046,287.0993,0.5383301,-1.0948181,0,0,False,False,False
96,43,858.4872,311.71786,858.9223,311.1056,-0.91607666,0.8803406,0,0,False,False,False
97,5,1088.5703,313.5047,1088.6436,313.4108,-0.03186035,-0.066101074,0,0,False,False,False
97,7,778.0152,411.98575,779.511,409.79935,-2.397583,3.4665833,124.66878543439958,0.654393246698703,True,False,False
97,11,1295.1787,504.61755,1295.1853,504.6858,-0.08935547,-0.06500244,0,0,False,False,False
97,4,1017.9334,345.9767,1018.65576,347.2512,-1.1427002,-1.5304871,0,0,False,False,False
97,10,843.1886,450.30243,845.28284,446.28607,-3.4088135,5.4401245,122.07149604759982,-3.370389617923891,True,True,False
97,16,872.5026,370.32617,873.93427,368.86633,-1.7819214,2.6454468,123.96343971731267,3.9815288591684634,True,True,False
97,38,449.97598,359.30176,449.78973,359.57318,0.39086914,-0.10043335,0,0,False,False,False
97,9,998.77466,307.71973,999.2947,308.5523,-0.932312,-1.1374207,0,0,False,False,False
97,28,868.5217,287.13715,868.0854,287.11255,0.67736816,-0.9873047,0,0,False,False,False
97,43,854.9129,312.41467,857.51904,311.56375,-1.9075928,1.0450134,151.28528418267035,12.443463418126441,False,False,False
98,5,1088.6208,313.49292,1088.6356,313.4395,-0.029296875,0.03213501,0,0,False,False,False
98,7,776.60254,413.36023,778.49304,411.04565,-2.522583,3.5957642,125.05130921657681,0.3825237821772305,True,True,False
98,11,1295.2146,504.59033,1295.1956,504.65234,-0.032348633,-0.079711914,0,0,False,False,False
98,4,1017.4239,345.57956,1018.2246,346.6661,-1.2629395,-1.853302,-124.27261743481021,1.1463271893616849,True,False,False
98,10,842.8307,453.23553,844.42456,448.71838,-3.2043457,6.1469727,117.5325097580401,-4.538986289559716,True,False,False
98,16,871.9978,370.97473,873.2565,369.60425,-2.0462646,2.3457947,131.09857862862137,7.135138911308701,True,True,False
98,38,450.00085,359.13422,449.8636,359.41956,0.31726074,-0.4517517,0,0,False,False,False
98,9,999.10345,307.17532,999.2277,308.07034,-0.68963623,-1.3888245,0,0,False,False,False
98,28,868.6137,288.3487,868.27026,287.5452,0.68652344,-0.104766846,0,0,False,False,False
98,43,854.0134,312.28656,856.292,311.8167,-2.864624,1.040802,160.0324309108274,8.747146728157048,False,False,False
99,5,1088.6383,313.4167,1088.6365,313.43152,-0.04650879,0.071258545,0,0,False,False,False
99,7,775.38574,414.67834,777.40546,412.31708,-2.9109497,3.6950073,128.2312592761577,3.179950059580875,True,False,False
99,11,1295.2764,504.56882,1295.2238,504.6231,0.03491211,-0.099487305,0,0,False,False,False
99,4,1017.25464,345.77228,1017.8851,346.35327,-1.1596069,-1.5841675,0,0,False,False,False
99,10,841.9418,455.49133,843.55554,451.0889,-2.8549194,6.965454,112.28717316405535,-5.24533659398476,True,False,False
99,16,871.23706,371.6939,872.5497,370.33563,-2.1555176,2.255371,133.70316201219114,2.604583383569775,True,True,False
99,38,450.07825,358.9227,449.93872,359.24564,0.24926758,-0.47369385,0,0,False,False,False
99,9,999.1383,306.86798,999.1964,307.6495,-0.3782959,-1.3511047,0,0,False,False,False
99,28,868.43066,289.23468,868.3264,288.1365,0.47595215,1.0372009,0,0,False,False,False
99,43,854.61084,312.15424,855.7036,311.93484,-3.218689,0.82925415,165.55266066208392,5.520229751256522,False,False,False
99,8,1235.6508,392.36264,1255.3505,395.29803,-30.512695,-2.4916687,-175.3315814058265,0.3611749097676977,True,True,True
100,5,1088.6521,313.3495,1088.642,313.4028,-0.0015869141,-0.0079956055,0,0,False,False,False
100,7,774.61633,416.9151,776.42926,413.9264,-3.081726,4.1270447,126.74924811532789,-1.4820111608297992,True,False,False
100,11,1295.3066,504.66052,1295.2527,504.63617,0.06738281,-0.049621582,0,0,False,False,False
100,4,1017.0327,345.7186,1017.5867,346.13113,-1.0690918,-1.1200562,0,0,False,False,False
100,10,841.11316,459.14536,842.7007,453.90863,-2.5821533,7.6225586,108.71388858717373,-3.573284576881619,True,False,False
100,16,871.0374,372.41342,872.0204,371.06287,-1.9138794,2.1965332,131.0662304892241,-2.6369315229670462,True,False,False
100,38,450.14307,359.04456,450.0102,359.17526,0.22045898,-0.3979187,0,0,False,False,False
100,9,998.7897,306.77655,999.0541,307.34396,-0.24060059,-1.2083435,0,0,False,False,False
100,28,867.77966,289.7683,868.135,288.70764,0.049621582,1.5950928,0,0,False,False,False
100,43,854.9404,312.2268,855.4365,312.03702,-2.0825195,0.4732666,167.19660490081972,1.6439442387357985,False,False,False
101,5,1088.7672,313.22803,1088.6858,313.3416,0.0501709,-0.09790039,0,0,False,False,False
101,7,773.84827,418.42578,775.5259,415.50116,-2.967163,4.4555054,123.66180239552214,-3.087445719805743,True,False,False
101,11,1295.2334,504.7239,1295.2458,504.66687,0.05029297,0.014526367,0,0,False,False,False
101,4,1016.2584,345.06262,1017.12177,345.75714,-1.1028442,-0.90896606,0,0,False,False,False
101,10,839.6205,463.09137,841.62256,457.12256,-2.802002,8.404175,108.43869372669539,-0.2751948604783365,True,False,False
101,16,871.3175,374.05292,871.77435,372.10938,-1.4821167,2.505127,120.609975264931,-10.456255224293102,True,False,False
101,38,450.15414,359.54443,450.06058,359.30447,0.19699097,-0.11508179,0,0,False,False,False
101,9,998.3103,306.72333,998.7937,307.12674,-0.434021,-0.9436035,0,0,False,False,False
101,28,867.38416,290.1019,867.8722,289.19562,-0.3980713,1.6504211,0,0,False,False,False
101,43,855.0505,312.64972,855.3014,312.25146,-0.9906006,0.43475342,0,0,False,False,False
102,5,1088.9578,313.11505,1088.781,313.2623,0.14453125,-0.16921997,0,0,False,False,False
102,7,772.27893,419.45697,774.3894,416.88568,-3.0160522,4.5686035,123.4315715640909,-0.23023083143124268,True,True,False
102,11,1295.531,504.61578,1295.3457,504.649,0.12194824,0.025878906,0,0,False,False,False
102,4,1015.7217,344.50012,1016.6317,345.31717,-1.2533569,-1.0361023,0,0,False,False,False
102,10,839.59845,466.87497,840.91406,460.5359,-2.6414795,9.446991,105.62155922802087,-2.8171344986745197,True,False,False
102,16,870.5159,375.0843,871.33386,373.15057,-1.2158203,2.8149414,113.36032411929375,-7.2496511456372446,True,False,False
102,38,450.0377,361.44373,450.05255,360.0532,0.11383057,0.80755615,0,0,False,False,False
102,9,997.99896,306.62433,998.5155,306.95087,-0.6809082,-0.6986389,0,0,False,False,False
102,28,867.1499,290.242,867.6194,289.56183,-0.70703125,1.4253235,0,0,False,False,False
102,43,855.2201,313.33154,855.2729,312.6295,-0.4307251,0.6946411,0,0,False,False,False
103,5,1089.0494,313.02716,1088.875,313.18,0.23303223,-0.22280884,0,0,False,False,False
103,7,771.63904,421.31003,773.42676,418.4342,-3.0025024,4.5078125,123.6662505453003,0.23467898120939878,True,False,False
103,11,1295.7334,504.67203,1295.4813,504.65704,0.2286377,0.020874023,0,0,False,False,False
103,4,1015.57825,343.74426,1016.263,344.76663,-1.3236694,-1.364502,0,0,False,False,False
103,10,839.01904,468.03833,840.25073,463.16174,-2.4499512,9.253113,104.82993905625435,-0.7916201717665245,True,True,False
103,16,870.51514,376.3238,871.0473,374.26117,-0.9730835,3.1983032,106.92237881540579,-6.4379453038879575,True,True,False
103,38,450.03235,362.4829,450.04547,360.90356,0.03527832,1.728302,0,0,False,False,False
103,9,997.90924,306.45526,998.3032,306.7774,-0.7508545,-0.56655884,0,0,False,False,False
103,28,866.89844,290.48804,867.36707,289.886,-0.76794434,1.1783447,0,0,False,False,False
103,43,855.0979,313.63562,855.2117,312.98163,-0.22485352,0.9446106,0,0,False,False,False
104,5,1089.0269,313.09167,1088.9281,313.14908,0.24230957,-0.1925354,0,0,False,False,False
104,7,770.34644,422.84796,772.34863,419.979,-3.177246,4.477844,125.35753580793187,1.6912852626315669,True,False,False
104,11,1295.717,504.65472,1295.5637,504.65622,0.3178711,-0.010650635,0,0,False,False,False
104,4,1015.22974,342.9615,1015.90137,344.13483,-1.220398,-1.6223145,-126.95258293815084,-2.6799655033406253,True,False,False
104,10,838.87524,469.7149,839.7693,465.45532,-1.8532715,8.332764,102.53893877152633,-2.291000284728014,True,True,False
104,16,869.99475,377.4429,870.6789,375.37476,-1.095459,3.2653809,108.54539961944394,1.6230208040381484,True,False,False
104,9,997.5748,306.54126,998.0483,306.69473,-0.74542236,-0.43200684,0,0,False,False,False
104,28,866.72876,291.19458,867.1437,290.344,-0.7285156,1.1483765,0,0,False,False,False
104,43,855.7089,313.543,855.3857,313.1781,0.08428955,0.92663574,0,0,False,False,False
105,5,1089.0835,313.20038,1088.9824,313.16702,0.20141602,-0.09527588,0,0,False,False,False
105,7,768.6164,424.56662,771.04236,421.58466,-3.347046,4.6989746,125.46199807566369,0.10446226773181877,True,False,False
105,11,1295.6877,504.59897,1295.607,504.63617,0.26135254,-0.012817383,0,0,False,False,False
105,4,1015.2841,342.7106,1015.6853,343.63632,-0.94641113,-1.6808472,0,0,False,False,False
105,10,837.92523,472.65887,839.1239,467.97656,-1.7901611,7.440674,103.52776095845886,0.9888221869325236,True,True,False
105,16,870.1975,379.92715,870.5104,376.96808,-0.8234863,3.817505,102.17293425898173,-6.372465360462215,True,True,False
105,9,997.305,306.56836,997.7881,306.65048,-0.727417,-0.30038452,0,0,False,False,False
105,28,866.98584,291.70306,867.0884,290.81964,-0.53100586,1.2578125,0,0,False,False,False
105,43,854.26196,314.11963,854.9923,313.50763,-0.2805786,0.8781433,0,0,False,False,False
105,8,1203.4348,387.90265,1237.1799,392.70966,-37.1344,-4.5112305,-173.0734288946051,2.258152511221425,True,True,True
105,38,449.64774,364.3805,449.90625,362.12048,-0.1543274,2.8160095,93.13687566936989,0,False,False,False
106,5,1089.1284,312.99872,1089.0334,313.10812,0.15844727,-0.0718689,0,0,False,False,False
106,7,767.73175,425.5287,769.88367,422.9651,-3.5430908,4.530884,128.0249342904384,2.562936214774723,True,False,False
106,11,1295.676,504.54642,1295.6311,504.60474,0.14978027,-0.05230713,0,0,False,False,False
106,4,1014.7468,342.63348,1015.3568,343.2853,-0.90618896,-1.4813232,0,0,False,False,False
106,10,836.6299,475.66745,838.251,470.66837,-1.9997559,7.5066223,104.91709238900413,1.389331430545269,True,True,False
106,16,869.8722,380.82178,870.287,378.31683,-0.76031494,4.055664,100.61798930616779,-1.5549449528139405,True,True,False
106,9,996.99304,306.5202,997.5098,306.60486,-0.793396,-0.17254639,0,0,False,False,False
106,28,867.26337,291.85077,867.1496,291.18054,-0.21746826,1.2945557,0,0,False,False,False
106,8,1212.2952,388.29068,1228.4702,391.163,-37.487793,-5.715637,-171.33106743940115,1.742361455203934,True,True,True
107,5,1089.0061,313.00336,1089.0238,313.07144,0.095703125,-0.07763672,0,0,False,False,False
107,7,766.334,427.2454,768.64124,424.4632,-3.7073975,4.484192,129.58293776425666,1.5580034738182462,True,False,False
107,11,1295.6548,504.71576,1295.6393,504.6436,0.07556152,-0.012634277,0,0,False,False,False
107,4,1014.07104,342.5823,1014.9068,343.03925,-0.9945679,-1.095581,0,0,False,False,False
107,10,835.54333,478.9579,837.3032,473.56967,-2.4660645,8.114349,106.90476163395759,1.9876692449534659,True,True,False
107,16,869.92316,382.141,870.15967,379.65527,-0.5192261,4.2805176,96.91617990494564,-3.7018094012221496,True,True,False
107,9,996.7848,306.5045,997.256,306.5697,-0.79229736,-0.12503052,0,0,False,False,False
107,28,867.17267,292.29083,867.15765,291.56915,0.013977051,1.2251587,0,0,False,False,False
107,8,1211.2499,387.53662,1222.4431,389.89374,-32.90735,-5.404297,-170.67369921630706,0.657368223094096,True,True,True
108,5,1088.9868,312.97446,1089.0107,313.03748,0.028320312,-0.12954712,0,0,False,False,False
108,7,765.09985,429.92896,767.40173,426.3762,-3.640625,4.7915344,127.22769959477417,-2.35523816948249,True,False,False
108,11,1295.6843,504.72998,1295.655,504.6738,0.047973633,0.037628174,0,0,False,False,False
108,4,1013.74713,342.04468,1014.50085,342.69113,-1.1844482,-0.9451904,0,0,False,False,False
108,10,834.8273,481.72113,836.43665,476.42267,-2.6872559,8.446106,107.6492526265608,0.744490992603204,True,True,False
108,16,869.4988,384.44122,869.92834,381.33035,-0.58203125,4.362274,97.59973681918221,0.6835569142365756,True,True,False
108,9,997.16345,306.2954,997.2236,306.4737,-0.56451416,-0.17678833,0,0,False,False,False
108,28,866.89014,292.2766,867.06396,291.81677,-0.024414062,0.99713135,0,0,False,False,False
108,8,1209.3607,387.45508,1217.8643,389.0402,-19.315674,-3.669464,-169.24350422560727,1.430194990699789,True,True,True
109,5,1089.001,312.9225,1089.0073,312.99722,-0.026123047,-0.11090088,0,0,False,False,False
109,7,764.3192,431.08856,766.3228,428.0255,-3.560852,5.060425,125.13277223824863,-2.094927356525531,True,False,False
109,11,1295.6074,504.68695,1295.6383,504.6784,0.0072021484,0.07366943,0,0,False,False,False
109,4,1013.4397,341.67014,1014.1294,342.33377,-1.227417,-0.9515381,0,0,False,False,False
109,10,833.2433,484.0595,835.3189,479.09552,-2.9320679,8.427155,109.18436753449879,1.535114907937995,True,True,False
109,16,869.2619,386.23215,869.69507,383.04596,-0.59191895,4.729126,97.13429938015757,-0.4654374390246403,True,True,False
109,9,997.3246,305.61176,997.2589,306.172,-0.25091553,-0.43286133,0,0,False,False,False
110,5,1088.9327,312.8711,1088.9812,312.95306,-0.04260254,-0.118377686,0,0,False,False,False
110,7,762.19714,432.69348,764.8788,429.6593,-3.7624512,5.196106,125.9079418069119,0.7751695686632587,True,False,False
110,11,1295.6497,504.54907,1295.6422,504.63312,0.0029296875,-0.010467529,0,0,False,False,False
110,4,1013.22504,340.45514,1013.81287,341.67624,-1.0939331,-1.3630066,0,0,False,False,False
110,10,832.4706,487.15503,834.32196,481.91632,-2.9812622,8.346649,109.65574829740946,0.47138076291066966,True,False,False
110,16,869.2509,388.0008,869.53955,384.78015,-0.6201172,5.124878,96.89932581348285,-0.23497356667472502,True,False,False
110,9,997.93896,304.6818,997.4969,305.65042,0.24090576,-0.919281,0,0,False,False,False
110,48,1276.2452,419.47256,1276.0675,419.62857,0.15246582,-0.14691162,0,0,False,False,False
111,5,1088.8055,313.00446,1088.9197,312.97104,-0.09106445,-0.06643677,0,0,False,False,False
111,7,760.95386,433.7765,763.505,431.10028,-3.8967285,4.7240906,129.5179675106326,3.6100257037206944,True,False,False
111,11,1295.6293,504.35645,1295.6377,504.53625,-0.017333984,-0.13754272,0,0,False,False,False
111,4,1012.86255,340.03717,1013.4802,341.10257,-1.0206299,-1.588562,0,0,False,False,False
111,10,831.50415,489.89795,833.3357,484.7099,-3.1009521,8.287231,110.51506158428712,0.859313286877665,True,False,False
111,16,868.5305,389.6164,869.1864,386.47284,-0.74194336,5.1424866,98.20982023911668,1.3104944256338342,True,False,False
111,9,997.9087,304.42377,997.641,305.22107,0.41741943,-1.2526245,0,0,False,False,False
111,48,1276.2827,419.62445,1276.1428,419.62714,0.20825195,-0.12994385,0,0,False,False,False
111,8,1200.2263,385.84375,1211.6909,387.92142,-16.779297,-3.2415771,-169.0657813809482,0.1777228446590584,True,True,True
112,5,1088.8239,313.03467,1088.8861,312.9933,-0.12121582,-0.0039367676,0,0,False,False,False
112,7,758.59705,435.96786,761.78723,432.80392,-4.5355835,4.778412,133.50656038116344,3.9885928705308515,True,False,False
112,11,1295.6487,504.44647,1295.6415,504.50482,0.0031738281,-0.17358398,0,0,False,False,False
112,4,1013.05005,339.46136,1013.32965,340.52814,-0.79974365,-1.8056335,0,0,False,False,False
112,16,867.6915,391.09924,868.66315,388.09207,-1.0319214,5.046112,101.55753804373067,3.3477178046139926,True,False,False
112,9,997.61475,304.58063,997.6318,304.99692,0.37286377,-1.1750793,0,0,False,False,False
112,48,1276.3799,419.7115,1276.2257,419.65665,0.25378418,-0.05593872,0,0,False,False,False
112,8,1197.6796,386.02368,1206.7869,387.2572,-15.65625,-2.6365356,-170.44099411423215,-1.375212733283945,True,True,True
113,5,1088.8066,312.8756,1088.8583,312.9521,-0.122924805,-0.0009765625,0,0,False,False,False
113,7,757.5184,437.9229,760.2931,434.59555,-4.5856934,4.936249,132.89157729840574,-0.6149830827577034,True,False,False
113,11,1295.5043,504.07373,1295.5934,504.35394,-0.048828125,-0.2791748,0,0,False,False,False
113,4,1013.0563,338.15637,1013.23395,339.698,-0.57891846,-1.978241,-106.31174755746996,0,True,False,False
113,16,866.9402,392.41016,868.06006,389.6034,-1.4794922,4.823242,107.05298952276449,5.495451479033818,True,False,False
113,9,996.56775,304.30368,997.25934,304.75427,-0.23754883,-0.8961487,0,0,False,False,False
113,8,1194.7327,385.82837,1202.5679,386.7571,-15.296387,-2.283081,-171.5109159286304,-1.069921814398242,True,True,True
114,5,1088.7373,312.98676,1088.8159,312.96423,-0.103759766,-0.00680542,0,0,False,False,False
114,7,756.44556,439.3178,758.9464,436.24832,-4.5585938,5.148041,131.52491254762546,-1.3666647507802736,True,False,False
114,11,1295.5642,503.8017,1295.5831,504.16064,-0.05456543,-0.37561035,0,0,False,False,False
114,4,1013.1312,336.92108,1013.198,338.72607,-0.28222656,-2.3764954,-96.77258167898917,9.539165878480787,True,False,False
114,16,867.01984,393.4467,867.6959,390.94855,-1.4904785,4.475708,108.41853908331949,1.3655495605549959,True,False,False
114,9,996.0786,303.76724,996.84607,304.4088,-0.7949219,-0.81225586,0,0,False,False,False
115,5,1088.5634,313.0141,1088.7275,312.9817,-0.15856934,-0.01159668,0,0,False,False,False
115,7,755.09204,441.2257,757.59735,437.99042,-4.1898804,5.186493,128.9328244182628,-2.5920881293626508,True,False,False
115,11,1295.5659,503.64026,1295.5771,503.97852,-0.064331055,-0.52630615,0,0,False,False,False
115,4,1012.8507,336.708,1013.0764,338.01974,-0.25323486,-2.5083923,-95.76476631649555,1.0078153624936164,True,False,False
115,16,866.82544,394.94672,867.39124,392.3479,-1.2719116,4.255829,106.6394819716938,-1.77905711162569,True,False,False
115,9,996.1504,303.86346,996.60254,304.21793,-1.0292358,-0.7789917,0,0,False,False,False
115,52,1380.1235,493.52823,1380.1873,493.7611,-0.063964844,-0.18743896,0,0,False,False,False
115,10,828.2258,502.8676,831.5472,491.0651,-3.7717285,11.969574,107.49014360572973,-3.024917978557397,True,False,False
116,5,1088.4143,313.15677,1088.6179,313.04297,-0.24035645,0.09088135,0,0,False,False,False
116,7,754.0935,443.07248,756.371,439.7691,-3.9221191,5.1735535,127.16610537664047,-1.7667190416223377,True,False,False
116,11,1295.5566,503.7009,1295.57,503.88135,-0.0234375,-0.4725952,0,0,False,False,False
116,4,1012.25433,335.9417,1012.78864,337.29242,-0.4453125,-2.4055786,-100.48767683597974,-4.722910519484188,True,False,False
116,16,866.1759,395.74377,866.9658,393.53644,-1.0942383,3.9330444,105.54745038843464,-1.092031583259157,True,False,False
116,9,996.37354,303.92657,996.52234,304.11594,-0.7369995,-0.6383362,0,0,False,False,False
116,52,1380.02,493.53284,1380.1287,493.6812,-0.10437012,-0.24749756,0,0,False,False,False
116,10,826.428,505.77985,829.7555,496.21524,-4.5664673,14.29892,107.71127247411906,0.22112886838932866,True,False,False
117,5,1088.5632,313.00793,1088.5988,313.0307,-0.21716309,0.066467285,0,0,False,False,False
117,7,753.0709,444.57953,755.21594,441.45276,-3.7304688,5.2044373,125.63243142315335,-1.5336739534871242,True,False,False
117,11,1295.562,503.68225,1295.5671,503.81165,-0.015991211,-0.34899902,0,0,False,False,False
117,4,1011.9049,335.76904,1012.47925,336.75922,-0.71875,-1.9668579,-110.07384853107698,-9.586171695097235,True,True,False
117,16,864.69855,397.48285,866.17224,394.91766,-1.5236816,3.9691162,111.00101502254596,5.453564634111316,True,False,False
117,9,996.428,303.3261,996.48926,303.83948,-0.35681152,-0.56933594,0,0,False,False,False
117,10,824.68243,510.16064,827.9799,501.09613,-5.355774,16.38623,108.0997733145025,0.38850084038344335,True,False,False
118,5,1088.5546,312.93488,1088.5833,312.99716,-0.14428711,0.015472412,0,0,False,False,False
118,7,751.057,446.44617,753.76025,443.20044,-3.8370972,5.210022,126.37104690487928,0.7386154817259296,True,False,False
118,11,1295.5203,503.63086,1295.5507,503.74835,-0.026489258,-0.23016357,0,0,False,False,False
118,4,1011.92786,336.08246,1012.28625,336.52234,-0.79016113,-1.497406,0,0,False,False,False
118,16,864.3893,398.73947,865.5482,396.25528,-1.8430176,3.9073792,115.25213430620617,4.251119283660216,True,False,False
118,10,824.48096,514.072,826.75525,505.63766,-4.791931,14.572571,108.20253216027584,0.10275884577333727,True,False,False
118,8,1175.885,383.61252,1193.2288,385.6565,-18.462158,-2.264923,-173.00594624415567,-1.4950303155252698,True,True,True
119,5,1088.5745,312.8739,1088.5802,312.954,-0.037719727,-0.08895874,0,0,False,False,False
119,7,748.8611,448.36243,752.04553,445.0071,-4.3254395,5.2380066,129.54920220806179,3.178155303182507,True,False,False
119,11,1295.4866,503.6403,1295.5282,503.7105,-0.041748047,-0.1708374,0,0,False,False,False
119,4,1011.65955,335.55377,1012.0669,336.18335,-0.7217407,-1.1090698,0,0,False,False,False
119,16,862.02356,400.49646,864.3146,397.7397,-2.651245,4.203247,122.2421381977119,6.990003891505722,True,True,False
119,10,823.06134,518.6925,825.46234,510.20685,-4.293152,13.991608,107.05798444440414,-1.1445477158716955,True,False,False
119,8,1172.8823,382.5982,1186.1075,384.58606,-20.679321,-2.6711426,-172.63987257689973,0.3660736672559324,True,True,True
120,5,1088.5044,312.89938,1088.5536,312.93488,-0.045166016,-0.095825195,0,0,False,False,False
120,7,747.4829,449.78336,750.4486,446.67877,-4.767334,5.226013,132.37205658584452,2.8228543777827326,True,False,False
120,11,1295.5776,503.64246,1295.5455,503.6867,-0.021606445,-0.124938965,0,0,False,False,False
120,4,1011.34216,335.0561,1011.81323,335.7888,-0.6660156,-0.97042847,0,0,False,False,False
120,16,861.32965,402.1358,863.2698,399.27832,-2.9024658,4.3606567,123.64785155933974,1.4057133616278463,True,True,False
120,10,821.66724,522.89325,824.13403,514.6471,-3.8458862,13.550964,105.84442151016677,-1.2135629342373733,True,False,False
121,5,1088.7311,312.71027,1088.6157,312.85626,0.032470703,-0.14089966,0,0,False,False,False
121,7,745.694,451.91345,748.7844,448.5109,-4.97583,5.3104553,133.1367564259874,0.7646998401428675,True,False,False
121,11,1295.6292,503.22784,1295.5747,503.52612,0.024047852,-0.222229,0,0,False,False,False
121,4,1011.2184,334.2671,1011.605,335.2562,-0.6812744,-1.2661438,0,0,False,False,False
121,16,861.1876,403.6176,862.54095,400.79706,-3.0072632,4.5417786,123.50987227520854,-0.1379792841312053,True,False,False
121,10,819.59314,526.7429,822.5447,518.8806,-4.2105713,13.24295,107.63796481548869,1.7935433053219185,True,False,False
122,5,1088.8345,312.44086,1088.6923,312.71088,0.11206055,-0.24313354,0,0,False,False,False
122,7,744.4983,453.37134,747.2843,450.21204,-4.7612305,5.2049255,132.45086480962183,-0.6858916163655522,True,False,False
122,11,1295.3914,503.19644,1295.5105,503.4107,-0.017700195,-0.2998047,0,0,False,False,False
122,4,1010.798,333.31915,1011.3225,334.57822,-0.74438477,-1.605133,0,0,False,False,False
122,16,861.2597,405.23083,862.0925,402.34888,-2.222046,4.609192,115.73825686550916,-7.771615409699379,True,False,False
123,5,1088.9358,312.1137,1088.7775,312.50186,0.22387695,-0.43301392,0,0,False,False,False
123,7,743.17633,454.8678,745.8465,451.84155,-4.602112,5.162781,131.7138672789277,-0.7369975306941399,True,False,False
123,11,1295.4102,503.18817,1295.4753,503.33282,-0.07019043,-0.35388184,0,0,False,False,False
123,4,1010.5425,332.86584,1011.04944,333.97888,-0.76379395,-1.809906,0,0,False,False,False
123,16,860.2111,406.66187,861.43396,403.8584,-1.8358154,4.580078,111.84220756573316,-3.8960492997759957,True,False,False
123,8,1142.1282,380.48846,1170.7147,383.1519,-31.85315,-3.6052246,-173.5425907491317,-0.902718172231971,True,True,True
123,10,816.87085,534.34143,820.5588,524.2919,-4.9035645,14.085022,109.19506900411433,1.5571041886256438,True,False,False
124,5,1088.8911,311.9234,1088.8171,312.29938,0.20141602,-0.55688477,0,0,False,False,False
124,7,742.0408,456.32687,744.51447,453.41138,-4.2699585,4.900482,131.06675620596042,-0.6471110729672773,True,False,True
124,11,1295.4111,503.21338,1295.4529,503.29102,-0.12182617,-0.23510742,0,0,False,False,False
124,4,1010.20337,332.64597,1010.7533,333.51233,-0.8516846,-1.743866,0,0,False,False,False
124,16,860.2181,409.28986,861.0084,405.7594,-1.5325317,4.9623413,107.1623823997611,-4.679825165972062,True,False,False
124,8,1138.0334,379.99344,1159.2762,382.04642,-33.952515,-3.610077,-173.93070191581964,-0.3881111666879349,True,True,True
124,10,813.5956,538.7774,818.1216,529.3618,-6.012451,14.714722,112.22497789482108,3.02990889070675,True,False,False
124,55,974.8363,253.82872,974.627,253.82263,0.46575928,0.086868286,0,0,False,False,False
125,5,1088.9961,311.67462,1088.8798,312.0807,0.1875,-0.630188,0,0,False,False,False
125,7,740.2129,458.60822,743.0089,455.23026,-4.2753906,5.018219,130.43012428804306,-0.6366319179173558,True,False,True
125,11,1295.4741,503.09576,1295.4602,503.22266,-0.05029297,-0.18804932,0,0,False,False,False
125,4,1010.02344,332.1978,1010.4978,333.05225,-0.82470703,-1.5259705,0,0,False,False,False
125,16,859.8352,411.28613,860.5978,407.69373,-1.494751,5.3448486,105.62428600706261,-1.5380963926984919,True,False,False
125,8,1136.267,378.5827,1151.2229,380.8341,-34.884644,-3.7519531,-173.86125648166353,0.06944543415610838,True,False,True
125,10,812.04736,543.1614,815.9956,534.19165,-6.5490723,15.311035,113.15811189862322,0.9331340038021381,True,False,False
126,5,1089.2766,311.40308,1089.0186,311.8435,0.24108887,-0.6583557,0,0,False,False,False
126,7,738.3838,460.69495,741.39014,457.14288,-4.45636,5.3013306,130.05079773195698,-0.37932655608608457,True,False,True
126,11,1295.4834,502.72678,1295.4683,503.0491,-0.007080078,-0.28372192,0,0,False,False,False
126,4,1010.0453,331.6726,1010.33936,332.56937,-0.710083,-1.4095154,0,0,False,False,False
126,16,857.83655,413.33612,859.63135,409.66855,-1.8026123,5.81015,107.23662230305655,1.6123362959939413,True,False,False
126,8,1139.7012,377.5854,1147.1903,379.69702,-23.524414,-3.4548645,-171.64510016465942,2.2161563170041063,True,False,True
126,10,810.88916,547.1028,814.20825,538.7105,-6.350525,14.41864,113.77054240938878,0.612430510765563,True,False,False
126,9,994.44995,297.2977,995.7755,301.54984,-0.82702637,-2.6680908,-107.2218338297476,-1.0123911184913652,True,True,False
127,5,1089.3804,311.51678,1089.1451,311.72916,0.32800293,-0.57022095,0,0,False,False,False
127,7,737.53467,462.72516,740.04065,459.09665,-4.473816,5.685272,128.1996753589394,-1.8511223730175743,True,False,True
127,11,1295.5515,502.64825,1295.4973,502.90878,0.044433594,-0.38223267,0,0,False,False,False
127,4,1009.4275,330.86594,1010.0202,331.97314,-0.73309326,-1.5391846,0,0,False,False,False
127,16,857.74316,415.71228,858.97046,411.78384,-2.0379639,6.0244446,108.6897758922204,1.453153589163847,True,False,False
127,8,1144.0559,377.2636,1146.0933,378.84534,-13.182983,-3.2010803,-166.3516385317548,5.293461632904638,True,False,True
127,10,809.8264,551.697,812.67456,543.25574,-5.4470215,13.893921,111.40734017126212,-2.363202238126661,True,False,False
127,9,993.79443,297.07336,995.08215,299.98306,-1.4401855,-4.1328735,-109.21195158521368,-1.9901177554660876,True,True,False
128,5,1089.3132,311.28864,1089.204,311.57495,0.32421875,-0.5057373,0,0,False,False,False
128,7,735.0227,464.52948,738.2843,460.9981,-4.7246094,5.767853,129.32186344779976,1.122188088860355,True,False,True
128,11,1295.4272,502.0411,1295.4728,502.60507,0.012573242,-0.6175842,0,0,False,False,False
128,4,1008.8705,329.9989,1009.6178,331.28214,-0.8800049,-1.7701111,0,0,False,False,False
128,16,857.97876,417.206,858.6233,413.68158,-1.9744873,5.987854,108.24990654038201,-0.43986935183838227,True,False,False
128,8,1144.6814,376.86224,1145.5991,378.15125,-5.6237793,-2.6828613,-154.4962137039667,11.855424827788084,True,True,True
128,10,807.89233,555.9397,811.00073,547.69507,-4.994873,13.503418,110.29927989912586,-1.1080602721362567,True,False,False
128,9,994.114,296.67578,994.7433,298.8255,-1.7459717,-5.013977,-109.19918607150815,0.012765513705531362,True,False,False
129,5,1089.4004,311.11646,1089.2727,311.41446,0.2541504,-0.42904663,0,0,False,False,False
129,7,733.40735,466.51254,736.57733,462.92816,-4.812805,5.7852783,129.75725844441624,0.4353949966164805,True,False,True
129,11,1295.409,502.04883,1295.4504,502.4104,-0.017822266,-0.6387024,0,0,False,False,False
129,4,1008.7228,330.2038,1009.3045,330.9047,-1.0348511,-1.6646729,0,0,False,False,False
129,16,856.9438,419.11505,858.0354,415.58325,-1.5959473,5.9147034,105.10034146393342,-3.149565076448596,True,False,False
129,10,805.8509,561.6648,809.19824,552.5845,-5.01001,13.873962,109.85509668435701,-0.4441832147688558,True,False,False
129,9,994.09753,295.71216,994.5173,297.73584,-1.2582397,-3.8139954,-108.25775914595695,0.9414269255511982,True,False,False
130,5,1089.2896,311.05768,1089.2786,311.28958,0.13342285,-0.4395752,0,0,False,False,False
130,7,730.79407,468.4835,734.55316,464.8725,-5.487488,5.7758484,133.53345078832254,3.7761923439063025,True,False,True
130,11,1295.2512,501.84998,1295.3806,502.21423,-0.11669922,-0.69454956,0,0,False,False,False
130,4,1009.0791,329.70917,1009.2256,330.48627,-0.7946167,-1.4868774,0,0,False,False,False
130,16,856.6481,420.46124,857.5498,417.29053,-1.4206543,5.5066833,104.46614539766064,-0.6341960662727786,True,False,False
130,10,804.57336,565.927,807.57947,557.25433,-5.095093,13.998596,110.0000738674922,0.1449771831351967,True,False,False
130,9,994.5753,294.91196,994.5376,296.74747,-0.54455566,-3.2355957,-99.55343635761832,8.70432278833863,True,True,False
130,58,845.6404,324.78864,846.2343,324.82626,-0.9640503,0.11663818,0,0,False,False,False
130,8,1141.9753,375.54242,1144.3308,377.23816,-2.859497,-2.4588623,-139.30798421325434,15.18822949071236,True,True,True
131,5,1089.1107,311.2326,1089.2198,311.26965,0.01586914,-0.30529785,0,0,False,False,False
131,7,729.1697,471.49402,732.66895,467.19,-5.6153564,6.1918945,132.20451584567,-1.3289349426525519,True,False,True
131,11,1295.1721,501.972,1295.3076,502.12943,-0.16516113,-0.47564697,0,0,False,False,False
131,4,1008.7526,329.32135,1009.06,330.07855,-0.5578003,-1.2035828,0,0,False,False,False
131,16,856.15906,422.201,857.063,419.00916,-1.5603027,5.3275757,106.32387965022615,1.857734252565507,True,False,False
131,10,802.34735,570.2683,805.74817,561.8092,-5.2525635,14.114136,110.41270700482094,0.41263313732873996,True,False,False
131,9,994.9058,294.67654,994.66644,296.02264,-0.07684326,-2.8028564,-91.57043075809524,7.983005599523082,True,True,False
131,58,845.1381,325.0094,845.85065,324.89035,-0.9569702,0.13131714,0,0,False,False,False
131,8,1138.5757,375.30322,1142.3165,376.5609,-3.7767334,-2.2844238,-148.8316136423487,-9.52362942909437,True,True,True
132,5,1088.9198,311.31958,1089.1147,311.2871,-0.15795898,-0.12734985,0,0,False,False,False
132,7,727.1592,474.7078,730.7405,469.82123,-5.836853,6.8930664,130.25697934978223,-1.9475364958877606,True,False,True
132,11,1295.1056,502.10104,1295.2368,502.1195,-0.21362305,-0.29089355,0,0,False,False,False
132,4,1008.7909,328.1651,1008.9658,329.40884,-0.33868408,-1.4958496,0,0,False,False,False
132,16,854.8265,423.95758,856.2802,420.7411,-1.755188,5.157837,108.79320135306664,2.469321702840489,True,False,False
132,10,800.7082,574.317,803.98413,566.1869,-5.2141113,13.602417,110.97294798077698,0.5602409759560345,True,False,True
132,9,995.1686,294.6879,994.84216,295.55548,0.32489014,-2.180359,-81.5248492340911,10.045581524004135,True,True,False
132,58,845.0109,325.30527,845.55676,325.03558,-0.9973755,0.18902588,0,0,False,False,False
133,5,1088.9584,311.30707,1089.06,311.29407,-0.21850586,0.004486084,0,0,False,False,False
133,7,725.5186,477.0188,728.91284,472.34036,-5.64032,7.467865,127.06297618923644,-3.1940031605457904,True,False,True
133,11,1295.1462,502.03308,1295.2051,502.08923,-0.17553711,-0.125,0,0,False,False,False
133,4,1008.8729,327.49036,1008.9333,328.73737,-0.29229736,-1.7489014,0,0,False,False,False
133,16,854.3936,425.63422,855.6199,422.45367,-1.9299316,5.163147,110.4952300529969,1.702028699930267,True,False,False
133,10,800.21246,580.3391,802.66406,571.14014,-4.9154053,13.885803,109.49334314732113,-1.479604833455852,True,False,True
133,9,995.0792,294.5636,994.9251,295.2083,0.3875122,-1.539154,0,0,False,False,False
133,58,845.0531,325.35983,845.3805,325.14905,-0.8538208,0.32278442,0,0,False,False,False
133,8,1134.4518,374.2202,1139.5638,375.74164,-6.0352783,-2.409607,-158.23546410917754,-9.403850466828828,True,True,True
134,5,1088.9995,311.35425,1089.0388,311.31512,-0.18103027,0.04547119,0,0,False,False,False
134,7,722.8599,479.07153,726.7943,474.69623,-5.874634,7.5062256,128.04797211037024,0.9849959211338017,True,False,True
134,11,1294.9531,501.96826,1295.1168,502.04688,-0.1907959,-0.08255005,0,0,False,False,False
134,4,1008.83356,326.9265,1008.8984,328.10355,-0.1616211,-1.9750061,0,0,False,False,False
134,16,853.29083,428.1317,854.8047,424.44098,-2.2583008,5.4318237,112.57527911492052,2.080049061923617,True,False,False
134,10,796.9785,585.76666,800.6741,576.2594,-5.0740967,14.450195,109.34840904004605,-0.14493410727507694,True,False,True
134,9,994.7528,294.40717,994.86475,294.9279,0.19830322,-1.0947571,0,0,False,False,False
134,58,844.27924,325.39584,844.99506,325.2354,-0.8555908,0.34506226,0,0,False,False,False
134,8,1133.2837,373.9333,1137.3657,375.1087,-6.965088,-2.1294556,-162.99989092328974,-4.764426814112198,True,False,True
135,5,1088.634,311.34308,1088.8971,311.3249,-0.21765137,0.03778076,0,0,False,False,False
135,7,720.86804,480.93634,724.7201,476.88025,-6.0203857,7.059021,130.45967174295575,2.41169963258551,True,False,True
135,11,1294.8563,502.04364,1295.0256,502.04572,-0.21118164,-0.073791504,0,0,False,False,False
135,4,1008.9482,326.86523,1008.9158,327.67014,-0.050048828,-1.7387085,0,0,False,False,False
135,16,852.7186,430.25415,854.0746,426.4756,-2.2056274,5.734497,111.03796053645405,-1.5373185784664685,True,False,False
135,10,794.4817,592.0859,798.5067,581.79865,-5.477417,15.611755,109.33352787017624,-0.014881169869809696,True,False,True
135,9,993.97595,294.11548,994.5536,294.64355,-0.28857422,-0.91192627,0,0,False,False,False
135,58,844.2012,325.64685,844.71716,325.3794,-0.8395996,0.34381104,0,0,False,False,False
135,8,1129.4956,374.09296,1134.6112,374.75317,-7.7053223,-1.8077393,-166.79667165958244,-3.7967807362927033,True,False,True
136,5,1088.4486,311.38965,1088.7401,311.34753,-0.3199463,0.053466797,0,0,False,False,False
136,7,718.08203,483.60626,722.3967,479.2343,-6.5161133,6.8939514,133.3860775496003,2.9264058066445386,True,False,True
136,11,1294.8663,502.12018,1294.9698,502.07178,-0.23522949,-0.017456055,0,0,False,False,False
136,16,851.8544,431.8635,853.2975,428.36133,-2.3223877,5.907654,111.46053709893226,0.42257656247821274,True,False,False
136,10,792.56335,598.9032,796.4265,587.7852,-6.237549,16.64508,110.54289728938568,1.2093694192094375,True,False,True
136,9,993.87866,294.02582,994.3174,294.42734,-0.60772705,-0.78097534,0,0,False,False,False
136,8,1138.4832,374.1032,1135.9663,374.5257,-3.5975342,-1.2159424,-161.32509221288103,5.471579446701412,True,False,True
137,5,1088.2665,311.00867,1088.5742,311.2289,-0.4645996,-0.08621216,0,0,False,False,False
137,7,715.7301,485.98352,720.0634,481.5965,-6.730896,6.9002686,134.28811413255337,0.9020365829530874,True,False,True
137,11,1294.8129,501.69513,1294.9148,501.93994,-0.20202637,-0.106933594,0,0,False,False,False
137,16,851.0476,433.73126,852.51,430.24078,-2.2946777,5.7998047,111.58610050836543,0.12556340943316968,True,False,False
137,9,994.46765,292.75586,994.36993,293.84232,-0.494812,-1.0855713,0,0,False,False,False
138,5,1087.9088,310.99133,1088.3413,311.14575,-0.55578613,-0.17913818,0,0,False,False,False
138,7,714.28625,488.24435,718.0414,483.92325,-6.678711,7.0429993,133.47925062280586,-0.8088635097475105,True,False,True
138,11,1294.8812,501.2985,1294.9031,501.71542,-0.122558594,-0.33029175,0,0,False,False,False
138,16,850.1474,435.47992,851.68304,432.07446,-2.3915405,5.598877,113.12957975125103,1.5434792428855957,True,False,False
138,9,994.791,291.9395,994.51733,293.17633,-0.036254883,-1.4672241,0,0,False,False,False
138,65,1596.2207,461.0406,1596.0192,461.40744,0.30859375,-0.24087524,0,0,False,False,False
138,58,842.6588,327.1853,843.9967,326.01144,-1.3837891,0.86239624,0,0,False,False,False
139,5,1087.7366,311.153,1088.1296,311.1483,-0.61047363,-0.19924927,0,0,False,False,False
139,7,711.19745,490.28137,715.646,486.1486,-6.7507324,6.914276,134.31431316240446,0.8350625395985958,True,False,True
139,11,1294.8289,501.15634,1294.8771,501.51974,-0.09277344,-0.5520325,0,0,False,False,False
139,16,849.6732,437.8992,850.97955,434.1131,-2.3179321,5.75177,111.9491674887487,-1.1804122625023297,True,False,False
139,9,995.0197,291.44482,994.6931,292.57028,0.37573242,-1.8570557,0,0,False,False,False
139,65,1596.2539,460.93787,1596.1013,461.24307,0.32373047,-0.4562683,0,0,False,False,False
139,58,843.18945,327.21844,843.7141,326.43387,-1.2809448,1.1984558,0,0,False,False,False
140,5,1087.5477,311.29434,1087.9259,311.1994,-0.6483154,-0.029510498,0,0,False,False,False
140,7,709.63525,492.53897,713.54224,488.38522,-6.521179,6.788727,133.84843029478176,-0.46588286762269604,True,False,True
140,11,1294.9243,500.91217,1294.8936,501.30707,-0.021240234,-0.63287354,0,0,False,False,False
140,9,995.10156,291.00024,994.83606,292.02075,0.4661255,-1.8215637,0,0,False,False,False
140,65,1596.4004,460.57217,1596.2059,461.00824,0.2952881,-0.59677124,0,0,False,False,False
140,58,843.15967,327.47803,843.52,326.79932,-1.1971436,1.4199219,0,0,False,False,False
140,8,1132.3997,373.0399,1134.7179,374.00568,-2.6478271,-1.1030273,-157.38444904121656,3.940643171664476,True,False,True
141,5,1087.6636,311.21237,1087.834,311.20392,-0.5073242,0.058166504,0,0,False,False,False
141,7,708.00824,495.4432,711.60535,490.8555,-6.436035,6.932251,132.87422073539793,-0.9742095593838371,True,False,True
141,11,1294.9255,501.25745,1294.9048,501.28967,0.0017089844,-0.42575073,0,0,False,False,False
141,9,994.79974,290.9414,994.82336,291.64297,0.30603027,-1.5333557,0,0,False,False,False
141,65,1596.4045,460.4325,1596.2754,460.8067,0.2562256,-0.6007385,0,0,False,False,False
141,66,368.12714,508.0192,368.211,508.0108,-0.04663086,-0.0078125,0,0,False,False,False
141,58,842.76685,327.8869,843.25635,327.17996,-0.74035645,1.1685181,0,0,False,False,False
141,16,848.0981,442.31104,849.97107,436.98236,-2.5389404,6.741577,110.63683899569138,-1.312328493057322,True,False,False
142,5,1087.6588,311.09018,1087.7726,311.16412,-0.35705566,0.015838623,0,0,False,False,False
142,7,705.48944,498.50284,709.4647,493.53204,-6.1812744,7.3834534,129.9353729129913,-2.938847822406615,True,False,True
142,11,1294.8779,501.27374,1294.8953,501.2841,0.018188477,-0.23565674,0,0,False,False,False
142,9,994.7757,290.70816,994.80664,291.3158,0.11352539,-1.2544861,0,0,False,False,False
142,65,1596.4354,460.4443,1596.3313,460.67987,0.22998047,-0.5632019,0,0,False,False,False
142,66,368.14374,508.06458,368.18744,508.0296,-0.08416748,0.03656006,0,0,False,False,False
142,16,847.73035,445.40057,849.1868,439.9287,-2.4962158,7.854248,107.63115633188944,-3.0056826638019345,True,False,False
143,5,1087.8391,311.03418,1087.7958,311.11862,-0.13012695,-0.08078003,0,0,False,False,False
143,7,703.87695,501.29385,707.509,496.24866,-6.033264,7.863434,127.49742783352706,-2.4379450794642565,True,False,True
143,11,1294.8892,501.17285,1294.8931,501.24515,-0.00048828125,-0.061920166,0,0,False,False,False
143,9,994.7502,290.56165,994.78687,291.05182,-0.049194336,-0.9689331,0,0,False,False,False
143,65,1596.46,460.6405,1596.3763,460.66608,0.17041016,-0.3421631,0,0,False,False,False
143,16,846.3297,448.57806,848.1868,442.95596,-2.7927246,8.842865,107.52698785823536,-0.10416847365408444,True,False,False
143,58,839.5242,330.21924,841.9501,328.24368,-1.7640381,1.8098145,134.2661562857609,0,False,False,False
144,5,1087.8403,310.9489,1087.8113,311.0592,-0.022705078,-0.14471436,0,0,False,False,False
144,7,702.2432,503.48105,705.66595,498.77997,-5.939392,7.924469,126.85157053409401,-0.6458572994330467,True,False,True
144,11,1294.9094,501.1504,1294.8988,501.21198,-0.0059814453,-0.077697754,0,0,False,False,False
144,9,994.70593,291.46967,994.75854,291.19806,-0.064819336,-0.44491577,0,0,False,False,False
144,65,1596.6106,460.6042,1596.4583,460.6444,0.18286133,-0.16229248,0,0,False,False,False
144,16,845.0198,451.57968,847.07837,445.97424,-2.8927002,8.991882,107.83305050434954,0.3060626461141851,True,False,False
144,58,839.17004,329.86227,840.97705,328.81018,-2.5429688,2.0108643,141.66465276880982,7.398496483048916,False,False,False
145,5,1088.0208,310.63498,1087.8845,310.9107,0.11193848,-0.25341797,0,0,False,False,False
145,7,699.9364,506.53943,703.6606,501.4958,-5.804138,7.963745,126.08532094423566,-0.7662495898583472,True,False,True
145,11,1294.9377,500.99896,1294.9124,501.13742,0.017089844,-0.14666748,0,0,False,False,False
145,65,1596.864,460.4989,1596.6003,460.59344,0.26904297,-0.08642578,0,0,False,False,False
145,16,844.15173,453.6355,846.05396,448.65564,-3.1328735,8.726929,109.74759206566813,1.914541561318586,True,False,False
145,58,839.1342,329.9441,840.33203,329.20703,-2.9243164,2.027069,145.27118729732575,3.6065345285159367,False,False,False
146,5,1088.1113,310.49622,1087.9639,310.76562,0.16809082,-0.35299683,0,0,False,False,False
146,7,697.28735,510.36053,701.42993,504.59845,-6.0790405,8.3497925,126.0563744506257,-0.02894649360996482,True,False,True
146,11,1294.8667,500.78156,1294.8964,501.01288,0.0032958984,-0.23226929,0,0,False,False,False
146,65,1597.0801,460.54767,1596.7682,460.57742,0.3918457,-0.088653564,0,0,False,False,False
146,16,844.06726,456.70502,845.3586,451.4729,-2.828247,8.516937,108.36994678356109,-1.3776452821070393,True,False,False
146,58,838.9784,330.2163,839.8583,329.56027,-2.0917969,1.3165894,147.8134454446284,2.542258147302647,False,False,False
147,5,1088.1877,309.9861,1088.0422,310.4928,0.23095703,-0.56640625,0,0,False,False,False
147,7,695.35394,513.2919,699.30334,507.6411,-6.36261,8.861145,125.67965997666737,-0.37671447395833013,True,False,True
147,11,1294.8564,500.34253,1294.8823,500.77826,-0.016479492,-0.43371582,0,0,False,False,False
147,16,842.17737,458.90643,844.2451,454.07462,-2.833252,8.100372,109.27820924174509,0.908262458183998,True,False,False
147,58,838.8093,330.92682,839.4911,330.03857,-1.4859619,1.2283936,0,0,False,False,False
148,5,1088.1569,309.7742,1088.0823,310.24127,0.1977539,-0.6694336,0,0,False,False,False
148,7,693.2114,516.101,697.17114,510.60205,-6.489441,9.106262,125.47500123071852,-0.2046587459488478,True,False,True
148,11,1294.8226,500.39734,1294.8613,500.64493,-0.05102539,-0.49249268,0,0,False,False,False
148,16,840.58057,461.0265,842.96246,456.50775,-3.0914917,7.852112,111.49028801276665,2.2120787710215666,True,False,False
148,58,838.9727,331.1556,839.30963,330.42953,-1.0223999,1.2225037,0,0,False,False,False
148,67,912.546,278.57703,912.75745,278.55548,-0.28979492,-0.07501221,0,0,False,False,False
148,9,995.3845,289.726,994.9776,290.68283,0.17095947,-0.6329651,0,0,False,False,False
149,5,1088.1289,309.6482,1088.0986,310.0337,0.13476562,-0.7319336,0,0,False,False,False
149,7,690.12866,519.4807,694.70624,513.7096,-6.723694,9.111145,126.42597728915611,0.9509760584375897,True,False,True
149,11,1294.9177,500.07153,1294.8811,500.4442,-0.015258789,-0.56866455,0,0,False,False,False
149,16,838.54785,463.39777,841.41736,458.91925,-3.9412231,7.44635,117.89148788119648,6.401199868429828,True,False,False
149,58,838.58307,332.85907,839.0553,331.27985,-0.8029785,1.719574,0,0,False,False,False
149,9,995.907,289.29688,995.30286,290.19775,0.5159912,-0.85406494,0,0,False,False,False
150,5,1088.1289,309.3199,1088.1093,309.78384,0.0670166,-0.70895386,0,0,False,False,False
150,7,687.5613,522.4405,692.2055,516.7654,-7.0978394,9.124268,127.8796268203058,1.4536495311496935,True,False,True
150,11,1294.8896,500.03378,1294.884,500.30054,0.0017089844,-0.47772217,0,0,False,False,False
150,16,838.02136,466.38492,840.22876,461.53223,-4.0163574,7.457611,118.30504797322777,0.41356009203128963,True,False,False
150,58,838.07275,334.0006,838.7114,332.23212,-0.7796631,2.1935425,109.56702397313578,0,False,False,False
151,5,1088.4338,309.36688,1088.2229,309.6379,0.140625,-0.60336304,0,0,False,False,False
151,7,684.68567,525.9708,689.57355,519.9873,-7.597595,9.385254,128.99102619940427,1.1113993790984722,True,False,True
151,11,1295.0127,500.19922,1294.929,500.26508,0.06762695,-0.3798523,0,0,False,False,False
151,16,837.7209,470.34064,839.35095,464.61517,-3.6115112,8.107422,114.0109364881826,-4.294111485045178,True,False,False
151,58,837.81024,333.63162,838.396,332.72192,-0.91363525,2.292389,111.72983272553792,2.1628087524021424,False,False,False
152,5,1088.6348,309.16058,1088.367,309.47083,0.26831055,-0.5628662,0,0,False,False,False
152,7,681.05963,529.25134,686.5936,523.2297,-8.11261,9.520081,130.43623176587215,1.4452055664678767,True,False,True
152,11,1295.2428,500.02335,1295.0388,500.18048,0.15771484,-0.2637329,0,0,False,False,False
152,16,836.5125,473.38757,838.35754,467.6855,-3.0598145,8.766235,109.24130797849602,-4.769628509686569,True,False,False
152,58,837.2313,333.0511,837.98834,332.83713,-1.0669556,1.5572815,0,0,False,False,False
152,4,1003.1953,318.01935,1006.9136,324.29236,-2.0197144,-4.4450073,-114.43601145775457,-4.362162926677598,True,True,False
152,9,995.4269,288.2458,995.34625,289.51456,0.5877075,-1.6835022,0,0,False,False,False
153,5,1088.7356,308.79578,1088.496,309.23456,0.38671875,-0.5492859,0,0,False,False,False
153,7,678.6718,532.75055,683.8209,526.56195,-8.3845825,9.79657,130.55920059379062,0.12296882791846997,True,False,True
153,11,1295.2506,499.89154,1295.1129,500.07935,0.22888184,-0.2211914,0,0,False,False,False
153,16,835.8425,475.76218,837.4773,470.5123,-2.7514648,8.980072,107.03489397723558,-2.206414001260441,True,False,False
153,58,836.65955,332.4035,837.5232,332.68536,-1.1882324,0.45324707,0,0,False,False,False
153,4,1003.1024,317.52362,1005.5796,321.92328,-3.3187866,-6.1802673,-118.23567659264445,-3.799665134889878,True,True,False
153,9,995.0056,288.1306,995.227,289.03015,0.24938965,-1.6526794,0,0,False,False,False
154,5,1088.73,308.81415,1088.5779,309.0874,0.35498047,-0.5505066,0,0,False,False,False
154,7,676.48975,535.80273,681.255,529.7962,-8.3185425,9.808899,130.29997026635098,-0.2592303274396386,True,False,True
154,11,1295.3564,499.76404,1295.1981,499.969,0.26916504,-0.29608154,0,0,False,False,False
154,16,834.77747,478.3185,836.53235,473.24445,-2.8186035,8.629272,108.08873657110625,1.0538425938706695,True,False,False
154,58,836.52,332.54538,837.1721,332.63635,-1.223877,-0.08557129,0,0,False,False,False
154,69,852.34546,307.11737,853.0447,306.7593,-0.4390869,0.6336365,0,0,False,False,False
154,4,1003.218,317.03717,1004.75305,320.21313,-4.1627197,-7.4570007,-119.17155483742123,-0.9358782447767737,True,True,False
155,5,1088.7294,308.72174,1088.6309,308.9594,0.26391602,-0.5114136,0,0,False,False,False
155,7,673.03156,539.4463,678.3768,533.1737,-8.216858,9.944031,129.5672830476592,-0.7326872186917797,True,False,True
155,11,1295.5786,499.62006,1295.3313,499.84686,0.29248047,-0.33361816,0,0,False,False,False
155,16,833.56445,481.5487,835.4936,476.15094,-2.8639526,8.465454,108.69122184976337,0.6024852786571131,True,False,False
155,58,836.20337,333.12604,836.833,332.80774,-1.1553345,-0.029388428,0,0,False,False,False
155,69,851.69275,307.2932,852.5715,306.94617,-0.97991943,0.5699463,0,0,False,False,False
155,9,994.6465,287.1588,995.0238,288.37518,-0.27905273,-1.8225708,0,0,False,False,False
156,5,1088.8486,308.3199,1088.707,308.73557,0.21105957,-0.49899292,0,0,False,False,False
156,7,670.363,543.01483,675.5719,536.6181,-8.249023,10.056152,129.3618984530097,-0.20538459464950165,True,False,True
156,11,1295.6056,499.21936,1295.4272,499.62723,0.31433105,-0.45211792,0,0,False,False,False
156,16,832.90344,484.88696,834.58704,479.20856,-2.8902588,8.696259,108.3845668523111,-0.3066549974522701,True,False,False
156,58,835.82477,333.62213,836.4801,333.09277,-1.0430908,0.40740967,0,0,False,False,False
156,69,851.832,307.3698,852.3126,307.09442,-1.1086426,0.52789307,0,0,False,False,False
156,9,994.27466,286.74152,994.7616,287.8034,-0.58465576,-1.7111511,0,0,False,False,False
156,4,1002.8036,315.68658,1004.07074,318.62885,-2.8428345,-5.663513,-116.65463784403485,2.516916993386374,True,False,False
157,5,1088.6545,308.15738,1088.6886,308.5332,0.11071777,-0.5541992,0,0,False,False,False
157,7,667.7025,546.39276,672.81757,540.0392,-8.437439,10.242981,129.47926837704168,0.11736992403197632,True,False,True
157,11,1295.572,499.16647,1295.4778,499.46594,0.2796631,-0.50305176,0,0,False,False,False
157,16,831.6814,488.25903,833.57007,482.37622,-2.9622803,9.131775,107.97267965967671,-0.41188719263438145,True,False,False
157,58,835.25244,333.76642,836.0504,333.32855,-1.1217041,0.6921997,0,0,False,False,False
157,69,852.0098,307.4652,852.2066,307.22418,-0.83807373,0.46487427,0,0,False,False,False
157,9,994.1892,285.6964,994.5613,287.06595,-0.66571045,-1.9642029,-108.72262105927148,0,True,True,False
157,4,1002.6077,314.7207,1003.5586,317.261,-2.020996,-4.6622925,-113.4356178103317,3.2190200337031456,True,True,False
158,5,1088.7139,307.93066,1088.6974,308.3223,0.06652832,-0.6371155,0,0,False,False,False
158,7,664.4204,549.6716,669.87854,543.4105,-8.49823,10.236816,129.69821493394954,0.21894655690786635,True,False,True
158,11,1295.6487,499.12964,1295.5376,499.34824,0.20629883,-0.4986267,0,0,False,False,False
158,16,831.0482,491.3592,832.6874,485.52023,-2.8062134,9.369293,106.67357580210728,-1.2991038575694347,True,False,False
158,58,834.386,334.17712,835.46783,333.62555,-1.3651733,0.81781006,0,0,False,False,False
158,69,852.72845,307.85834,852.3892,307.44614,-0.18225098,0.49996948,0,0,False,False,False
158,4,1002.2577,314.28796,1003.1033,316.22043,-1.6497803,-3.9927063,-112.450340801338,0.9852770089937053,True,True,False
159,5,1088.8215,308.0111,1088.7407,308.21338,0.033691406,-0.5221863,0,0,False,False,False
159,7,661.0,554.20526,666.771,547.18866,-8.800903,10.570557,129.78031027041246,0.08209533646291334,True,False,True
159,11,1295.7186,499.1258,1295.601,499.2704,0.17370605,-0.35684204,0,0,False,False,False
159,16,829.9834,494.52036,831.74097,488.67026,-2.8460693,9.4617,106.74123051892145,0.06765471681417523,True,True,False
159,58,834.1012,333.71954,834.9895,333.65845,-1.4906006,0.5656738,0,0,False,False,False
159,69,853.14453,308.4681,852.65356,307.80383,0.34094238,0.7094116,0,0,False,False,False
159,4,1002.1117,314.3069,1002.75616,315.5507,-1.3145752,-3.0781555,-113.12567465071038,-0.6753338493723788,True,False,False
160,5,1088.7161,307.95782,1088.732,308.12393,0.04345703,-0.40927124,0,0,False,False,False
160,7,658.1166,557.7541,663.74194,550.88654,-9.075623,10.847351,129.91811655093903,0.13780628052657562,True,False,True
160,11,1295.7996,499.20563,1295.6704,499.24768,0.19262695,-0.21826172,0,0,False,False,False
160,16,829.1205,498.4114,830.8237,492.07965,-2.746338,9.70343,105.80297353230011,-0.9382569866213402,True,True,False
160,58,833.97614,333.95248,834.63477,333.76135,-1.4156494,0.4328003,0,0,False,False,False
160,69,852.91833,308.91852,852.7462,308.19397,0.5396118,0.9697876,0,0,False,False,False
160,4,1002.1266,313.90353,1002.53577,314.97418,-1.0228271,-2.2868042,-114.0977075285783,-0.9720328778679175,True,False,False
161,5,1088.6428,308.00024,1088.7008,308.08063,0.0034179688,-0.2416687,0,0,False,False,False
161,7,653.9988,561.1691,660.3318,554.4854,-9.546753,11.07489,130.7619248865245,0.8438083355854644,True,False,True
161,11,1295.8301,499.13712,1295.7263,499.20898,0.1887207,-0.13925171,0,0,False,False,False
161,16,828.0857,501.82648,829.86536,495.49103,-2.8220215,9.970795,105.80303779338827,6.426108815560383e-05,True,True,False
161,58,833.51196,334.83002,834.24176,334.13538,-1.2260742,0.50982666,0,0,False,False,False
161,69,851.9795,308.76566,852.47784,308.39404,0.08862305,0.9479065,0,0,False,False,False
161,4,1001.911,313.23706,1002.31714,314.36618,-0.7861328,-1.854248,-112.97515406603071,1.122553462547586,True,False,False
161,70,1082.0205,362.8937,1084.4037,363.42554,-3.4307861,0.5749512,170.48644412716808,0,False,False,False
162,5,1088.447,307.72827,1088.6119,307.95728,-0.12878418,-0.25610352,0,0,False,False,False
162,7,650.5925,565.01807,656.92303,558.1718,-9.847961,10.983154,131.88074845791172,1.1188235713872245,True,False,True
162,11,1295.8022,499.33386,1295.7528,499.2527,0.15185547,-0.017700195,0,0,False,False,False
162,16,826.46,504.8379,828.67346,498.7624,-3.067505,10.092133,106.90665551756847,1.1036177241801965,True,False,False
162,58,832.5689,336.05157,833.65625,334.80603,-1.333252,1.147583,0,0,False,False,False
162,69,851.63696,308.83017,852.18353,308.5467,-0.47003174,0.7428589,0,0,False,False,False
163,5,1088.6179,307.69598,1088.614,307.8658,-0.11804199,-0.25811768,0,0,False,False,False
163,7,647.2641,569.70306,653.5424,562.20776,-10.199524,11.321228,132.01633075298517,0.13558229507344777,True,False,True
163,11,1295.8108,499.5963,1295.7731,499.37292,0.10266113,0.12524414,0,0,False,False,False
163,16,825.78046,509.97192,827.6609,502.68573,-3.1628418,10.606079,106.60512133154724,-0.30153418602122883,True,False,False
163,58,831.99744,337.50046,833.0756,335.74908,-1.5591431,1.9877319,128.11003297506073,16.380200249522815,False,False,False
163,69,851.1471,308.94308,851.82074,308.68542,-0.9254761,0.49145508,0,0,False,False,False
164,5,1088.7645,307.76453,1088.6666,307.83035,-0.034179688,-0.25027466,0,0,False,False,False
164,7,644.12024,573.9806,650.2446,566.32825,-10.087158,11.842834,130.42276397125627,-1.5935667817288959,True,False,True
164,11,1295.6594,499.33557,1295.7333,499.3598,0.006958008,0.15081787,0,0,False,False,False
164,16,822.7945,514.1255,825.95764,506.68964,-3.9077148,11.198608,109.23625310354001,2.63113177199277,True,False,False
164,58,831.39233,337.67084,832.48645,336.4217,-1.75531,2.286316,127.51511005583295,-0.5949229192277841,False,False,False
164,69,850.9529,309.1767,851.51697,308.85736,-0.96087646,0.46331787,0,0,False,False,False
164,65,1596.2605,457.6751,1596.5905,459.56158,0.13220215,-1.0828247,0,0,False,False,False
165,5,1088.8444,307.599,1088.7288,307.74936,0.11682129,-0.20791626,0,0,False,False,False
165,7,641.1233,578.04865,647.0521,570.43036,-9.870911,12.258545,128.84195402999987,-1.5808099412564047,True,False,True
165,11,1295.44,498.51965,1295.6306,499.06573,-0.12219238,-0.18695068,0,0,False,False,False
165,57,1030.3652,597.54114,1033.3369,609.2876,-3.894043,-19.184631,-101.4738589759282,0,False,False,True
165,16,820.8982,518.15436,824.18677,510.70227,-4.4866943,11.93988,110.59490527800428,1.3586521744642681,True,False,False
165,58,830.91956,337.7527,831.938,336.8875,-1.7182617,2.081482,129.5396465832596,2.024536527426662,False,False,False
165,69,850.7871,309.02393,851.2615,308.91565,-0.9220581,0.36895752,0,0,False,False,False
165,65,1596.075,457.6009,1596.41,458.87534,-0.19030762,-1.7181091,0,0,False,False,False
165,4,999.407,310.06342,1001.2986,312.8602,-1.4575806,-2.6904907,-118.44673886066758,-5.471584794636868,True,False,False
166,5,1088.8917,307.56985,1088.7858,307.68652,0.17175293,-0.17929077,0,0,False,False,False
166,7,637.9016,582.21,643.8494,574.5532,-9.692993,12.345459,128.13710463696756,-0.7048493930323048,True,False,True
166,11,1295.3412,498.11206,1295.5293,498.73193,-0.24377441,-0.6409912,0,0,False,False,False
166,57,1030.08,592.41797,1032.1969,603.3832,-3.8935547,-18.60144,-101.8221668895872,-0.34830791365899927,False,False,True
166,16,819.73816,522.09985,822.62976,514.6914,-5.031128,12.005676,112.73672696369503,2.1418216856907577,True,False,False
166,58,830.5717,338.36945,831.4597,337.4062,-1.6159058,1.6571045,134.2788324701139,4.739185886854301,True,True,False
166,69,850.71277,309.24237,851.0694,309.03,-0.7513428,0.34457397,0,0,False,False,False
166,65,1596.2117,457.46466,1596.3406,458.3816,-0.4276123,-2.1958313,-101.01975950105545,0,False,False,False
166,4,998.7999,309.5608,1000.424,311.70538,-2.1117554,-3.2687988,-122.8638368383015,-4.417097977633915,True,False,False
167,5,1089.1,307.50726,1088.8958,307.62378,0.22912598,-0.20657349,0,0,False,False,False
167,7,633.5165,586.7136,640.23285,578.8093,-10.01178,12.481079,128.7350724480101,0.5979678110425368,True,False,True
167,11,1295.3428,497.885,1295.464,498.4355,-0.2692871,-0.9243164,0,0,False,False,False
167,57,1030.2981,587.4671,1031.5323,597.81256,-3.404663,-17.80011,-100.82829303959666,0.9938738499905355,False,False,True
167,16,817.9134,526.8589,820.979,518.95,-4.9786377,12.260376,112.10086359226976,-0.6358633714252733,True,False,False
167,58,829.57336,339.18158,830.79944,338.02756,-1.6870117,1.6058655,136.41165188080328,2.1328194106893648,True,True,False
167,69,850.6141,309.2767,850.91003,309.11633,-0.6069336,0.25897217,0,0,False,False,False
167,65,1596.3868,457.9016,1596.3567,458.2136,-0.23376465,-1.347992,0,0,False,False,False
167,4,998.35,309.20398,999.69806,310.8299,-2.6190796,-3.5362854,-126.52476375650505,-3.6609269182035575,True,True,False
168,5,1089.1147,307.31592,1088.9724,307.51602,0.24365234,-0.2333374,0,0,False,False,False
168,7,629.21027,591.17505,636.37494,583.1373,-10.677185,12.70697,130.0390616861329,1.3039892381227958,True,False,True
168,11,1295.3938,497.86548,1295.4395,498.23596,-0.19116211,-0.82977295,0,0,False,False,False
168,57,1028.1951,581.06696,1030.3643,591.9516,-2.9726562,-17.335999,-99.73005327011661,1.0982397694800454,False,False,True
168,16,815.7339,531.5958,819.1432,523.37604,-5.043579,12.673767,111.70029124290964,-0.4005723493601181,True,False,False
168,58,828.41833,339.20447,829.966,338.43948,-1.9719849,1.5519714,141.79690727542084,5.385255394617559,True,True,False
168,69,850.1725,309.30634,850.65186,309.18283,-0.60961914,0.2671814,0,0,False,False,False
168,65,1596.4575,457.78705,1596.392,458.0643,-0.018066406,-0.81103516,0,0,False,False,False
168,4,998.0835,309.4256,999.13293,310.33838,-2.1656494,-2.52182,-130.65481174673505,-4.130047990229997,True,True,False
169,5,1088.7958,307.22528,1088.9105,307.41425,0.12475586,-0.27227783,0,0,False,False,False
169,7,625.0521,595.69727,632.4119,587.53326,-11.4375,12.9800415,131.38522881242608,1.3461671262931816,True,False,True
169,11,1295.4778,497.8062,1295.4528,498.08554,-0.076538086,-0.6463928,0,0,False,False,False
169,57,1028.0334,575.52325,1029.5485,586.20166,-2.6484375,-17.181519,-98.76286322682573,0.9671900432908842,False,False,True
169,16,813.80005,535.57306,817.2731,527.64496,-5.3566895,12.953552,112.4665887136101,0.7662974707004508,True,False,False
169,58,828.022,339.9994,829.2856,338.98544,-2.1741333,1.5792542,144.00597109820467,2.2090638227838326,True,True,False
169,69,850.05554,309.11703,850.4431,309.1598,-0.62628174,0.12979126,0,0,False,False,False
169,4,997.8845,308.89026,998.696,309.83154,-1.7280273,-1.8738403,-132.68178340301034,-2.0269716562752933,True,True,False
170,5,1088.5894,306.746,1088.7981,307.18036,-0.09765625,-0.4434204,0,0,False,False,False
170,11,1295.4595,498.22162,1295.4551,498.13315,-0.008911133,-0.30233765,0,0,False,False,False
170,57,1028.207,570.3231,1029.079,580.64417,-2.4533691,-17.168396,-98.13252626871707,0.6303369581086571,False,False,True
170,16,812.1089,540.1377,815.4656,532.0174,-5.5134277,13.067383,112.87599378116337,0.4094050675532799,True,False,False
170,58,827.6697,340.97226,828.72,339.68082,-2.0794678,1.6532593,141.51390948099885,-2.4920616172058203,True,True,False
170,69,849.94696,309.42148,850.2695,309.25137,-0.64056396,0.13504028,0,0,False,False,False
170,4,997.818,308.44244,998.3887,309.34537,-1.3093872,-1.4845276,0,0,False,False,False
171,5,1088.4304,306.6215,1088.6694,306.98474,-0.30297852,-0.5312805,0,0,False,False,False
171,11,1295.3599,498.1164,1295.4218,498.12726,-0.017700195,-0.10870361,0,0,False,False,False
171,57,1028.0211,565.04395,1028.7087,575.1841,-1.6555176,-16.767517,-95.63874405609025,2.493782212626826,False,False,True
171,16,809.60474,544.4857,813.4143,536.3813,-5.728882,13.005249,113.77374826729763,0.8977544861342608,True,False,False
171,58,826.859,341.05365,828.0686,340.16132,-1.8973999,1.7218323,137.77722020065042,-3.736689280348429,False,False,False
171,69,849.52673,309.4505,850.00946,309.32104,-0.642395,0.13821411,0,0,False,False,False
171,4,998.08575,308.20743,998.28265,308.94708,-0.85028076,-1.3912964,0,0,False,False,False
172,5,1088.1671,306.2672,1088.4937,306.73358,-0.41687012,-0.68066406,0,0,False,False,False
172,11,1295.3788,497.9174,1295.4067,498.0538,-0.046020508,-0.03173828,0,0,False,False,False
172,57,1025.3145,560.0138,1027.5208,569.87445,-2.02771,-16.32721,-97.07943308196143,-1.4406890258711798,False,False,False
172,16,807.96936,548.81165,811.50854,540.73193,-5.7645264,13.086975,113.7724420595796,-0.0013062077180308052,True,False,False
172,58,826.0979,341.4448,827.3788,340.61053,-1.9067993,1.6250916,139.56032432341468,1.7831041227642572,False,False,False
172,69,848.9606,309.46796,849.64233,309.37244,-0.80078125,0.21264648,0,0,False,False,False
172,4,997.9785,307.43726,998.1762,308.41864,-0.5197754,-1.4129028,0,0,False,False,False
173,5,1087.9978,305.9936,1088.3201,306.47458,-0.47802734,-0.70578,0,0,False,False,False
173,11,1295.6697,497.41754,1295.4988,497.8311,0.043701172,-0.302063,0,0,False,False,False
173,57,1024.2484,554.41425,1026.3755,564.4634,-2.7034912,-16.180786,-99.4853816790024,-2.4059485970409753,False,False,False
173,16,806.4753,553.51605,809.7469,545.20636,-5.718689,13.188965,113.44138605943449,-0.33105600014511083,True,False,False
173,58,825.92456,341.4892,826.86975,340.91806,-1.8502197,1.2372437,146.22931648868968,6.668992165275,True,True,False
173,69,848.4894,309.73657,849.2388,309.49988,-1.0307007,0.24850464,0,0,False,False,False
173,4,998.14514,307.06348,998.1653,307.94434,-0.22338867,-1.4010315,0,0,False,False,False
173,77,870.3397,280.99872,870.53735,280.98077,-0.4781494,-0.02734375,0,0,False,False,False
174,5,1087.8972,305.5672,1088.172,306.15698,-0.49743652,-0.8277588,0,0,False,False,False
174,11,1295.792,496.83075,1295.6013,497.48096,0.17956543,-0.64630127,0,0,False,False,False
174,16,804.4872,558.5492,807.90594,549.87634,-5.508362,13.495056,112.20411771930742,-1.2372683401270734,True,False,False
174,58,824.93756,342.06015,826.1935,341.31778,-1.8751221,1.1564636,148.33618637588611,2.1068698871964386,False,False,False
174,69,848.4053,309.59833,848.947,309.53433,-1.062439,0.21328735,0,0,False,False,False
174,4,998.098,307.1911,998.1417,307.6807,-0.14093018,-1.2663879,0,0,False,False,False
174,77,870.24316,281.1228,870.4343,281.0305,-0.43151855,0.058746338,0,0,False,False,False
174,72,1047.6721,347.9649,1055.5488,351.88956,-7.177246,-3.04776,-156.99188483688962,0,False,False,False
175,5,1087.9294,305.12274,1088.087,305.79498,-0.4066162,-0.93859863,0,0,False,False,False
175,11,1295.7162,496.22394,1295.6415,497.041,0.23474121,-1.0128174,0,0,False,False,False
175,16,802.6969,564.0616,806.08276,554.8412,-5.4257812,14.109253,111.03448814827885,-1.1696295710285654,True,False,True
175,58,824.24243,342.9295,825.5106,341.88187,-1.8681641,1.2713318,145.76374553694583,-2.572440838940281,False,False,False
175,69,847.97327,309.401,848.6062,309.48767,-1.0361328,0.115234375,0,0,False,False,False
175,4,997.53687,307.13367,997.93005,307.48923,-0.24615479,-0.92941284,0,0,False,False,False
175,77,870.2091,280.88586,870.35547,280.97986,-0.28833008,0.008758545,0,0,False,False,False
175,72,1045.9528,347.09927,1052.1902,350.21295,-9.60144,-4.5218506,-154.78165407808694,2.2102307588026804,False,False,False
175,57,1024.3245,543.82416,1025.6576,557.2396,-3.0511475,-17.944458,-99.64987499107669,-0.16449331207428486,False,False,False
176,5,1087.9568,305.3056,1088.0414,305.6237,-0.27868652,-0.8508911,0,0,False,False,False
176,11,1295.6533,496.18576,1295.6456,496.74164,0.14685059,-1.089447,0,0,False,False,False
176,16,801.1108,570.20544,804.3425,560.2186,-5.404358,15.012268,109.79867838266108,-1.2358097656177733,True,False,True
176,58,823.8595,343.5974,824.93274,342.4823,-1.9370117,1.5642395,141.0772894211367,-4.686456115809136,False,False,False
176,69,847.3927,309.73956,848.1814,309.5758,-1.057373,0.075927734,0,0,False,False,False
176,4,997.0872,307.11658,997.6351,307.3588,-0.5302124,-0.5855408,0,0,False,False,False
176,77,869.7792,281.27948,870.1537,281.08472,-0.383667,0.10394287,0,0,False,False,False
176,57,1023.4492,540.2406,1024.8846,551.29,-2.6361084,-18.584473,-98.07324412254917,1.5766308685275163,False,False,False
177,5,1087.9172,304.88983,1087.9979,305.36682,-0.17407227,-0.79016113,0,0,False,False,False
177,11,1295.7053,496.3684,1295.6665,496.611,0.06518555,-0.8699646,0,0,False,False,False
177,16,798.94226,575.9822,802.4524,565.73584,-5.4535522,15.859497,108.97638523067663,-0.8222931519844536,True,False,True
177,69,847.0499,310.48514,847.78534,309.89407,-1.1616821,0.3597412,0,0,False,False,False
177,4,996.6212,306.35147,997.28015,307.00623,-0.86157227,-0.674469,0,0,False,False,False
177,57,1024.4121,536.4438,1024.7192,546.0938,-1.65625,-18.369568,-95.15201204915508,2.921232073394094,False,False,False
178,5,1087.9766,304.53235,1087.9904,305.07477,-0.09667969,-0.72021484,0,0,False,False,False
178,11,1295.582,496.37732,1295.6368,496.52917,-0.004638672,-0.5118103,0,0,False,False,False
178,16,797.7189,581.6827,800.79565,571.3172,-5.2871094,16.476013,107.7912993264713,-1.185085904205323,True,False,True
178,69,846.817,310.8325,847.4464,310.2225,-1.15979,0.73483276,0,0,False,False,False
178,4,996.5547,305.05087,997.0262,306.32184,-0.9038696,-1.1673889,0,0,False,False,False
178,57,1024.543,532.9293,1024.6575,541.4862,-1.0001221,-15.753418,-93.63260681241636,1.51940523673872,False,False,False
178,76,448.5963,357.41534,448.79565,357.05243,0.30389404,0.21203613,0,0,False,False,False
178,72,1041.2433,345.53766,1048.3588,348.5766,-11.431519,-5.4262695,-154.6074219114006,0.17423216668635177,False,False,False
178,58,823.50867,345.65707,824.43427,343.59344,-1.7592163,2.2756653,127.706025402664,-13.3712640184727,True,True,False
179,5,1088.0902,304.15552,1088.0253,304.75302,-0.016113281,-0.8706665,0,0,False,False,False
179,16,795.2505,587.87195,798.85486,577.1113,-5.487671,16.8927,107.99662492347413,0.20532559700282604,True,False,True
179,69,846.41327,311.06146,847.0848,310.51614,-1.0966187,0.94033813,0,0,False,False,False
179,4,996.64624,304.49463,996.8932,305.6823,-0.7418823,-1.6764832,0,0,False,False,False
179,78,368.09384,501.73965,368.09814,502.20703,0.035064697,-0.37713623,0,0,False,False,False
179,57,1024.4976,528.2484,1024.6014,536.85297,-0.28320312,-14.437012,-91.1237964804758,2.508810331940552,False,False,False
179,58,823.2364,346.55933,824.015,344.63147,-1.4956055,2.7496033,118.5433170932679,-9.162708309396095,True,True,False
180,5,1087.8132,304.69385,1087.9509,304.7323,-0.04699707,-0.6345215,0,0,False,False,False
180,16,793.25916,594.541,796.8963,583.2117,-5.5560913,17.47583,107.6370235012196,-0.35960142225452785,True,False,True
180,69,846.03345,311.39413,846.7168,310.82343,-1.0685425,0.9293518,0,0,False,False,False
180,4,996.5569,304.27304,996.7754,305.18906,-0.50476074,-1.8171692,0,0,False,False,False
180,78,368.01093,501.60675,368.0676,501.99695,-0.013305664,-0.5800171,0,0,False,False,False
180,57,1024.0334,524.0342,1024.4026,532.36633,-0.3166504,-13.727478,-91.32140180068555,-0.19760532020974608,False,False,False
180,58,822.8471,347.31555,823.6062,345.5709,-1.3265381,3.0885925,113.24332865960949,-5.299988433658413,True,True,False
180,77,866.93274,282.2626,869.0263,281.49698,-1.40802,0.4664917,0,0,False,False,False
180,11,1295.4729,496.35962,1295.5795,496.46982,-0.06616211,-0.27182007,0,0,False,False,False
181,5,1087.6235,304.57883,1087.8363,304.6786,-0.15405273,-0.3961792,0,0,False,False,False
181,69,845.9469,311.68097,846.4473,311.12357,-0.9990845,0.901062,0,0,False,False,False
181,4,996.4829,303.7664,996.673,304.6911,-0.35321045,-1.6307373,0,0,False,False,False
181,78,368.05896,501.70013,368.06458,501.89307,-0.035888672,-0.5656433,0,0,False,False,False
181,57,1022.9585,519.8262,1023.8971,527.9773,-0.760376,-13.508911,-93.22160770856085,-1.9002059078753035,False,False,False
181,58,822.51013,347.01086,823.22253,346.0749,-1.211731,2.4814453,116.0270252723394,2.783696612729912,True,True,False
181,77,866.0241,282.3514,867.97546,281.79602,-2.380005,0.8161621,161.07189962729578,0,False,False,False
181,11,1295.7134,496.1681,1295.6263,496.3642,-0.040161133,-0.24679565,0,0,False,False,False
181,76,448.22812,358.82098,448.597,357.67142,-0.09637451,1.074707,0,0,False,False,False
182,5,1087.5715,304.28638,1087.7437,304.54132,-0.2816162,-0.21170044,0,0,False,False,False
182,69,845.20856,312.14368,846.01373,311.4806,-1.0710449,0.964447,0,0,False,False,False
182,4,996.4657,303.54852,996.6004,304.2912,-0.29278564,-1.3911133,0,0,False,False,False
182,78,368.12427,501.61646,368.08545,501.7962,-0.0126953125,-0.41082764,0,0,False,False,False
182,57,1023.14417,515.96136,1023.63354,523.7717,-0.9678955,-13.081238,-94.2316681045696,-1.0100603960087398,False,False,False
182,58,821.7722,347.1933,822.71484,346.4663,-1.3001709,1.8348389,125.32147105816327,9.294445785823868,True,True,False
182,77,864.96045,281.90796,866.92017,281.8352,-3.2335205,0.7504883,166.9332109776082,5.861311350312434,False,False,False
182,11,1295.8276,496.1488,1295.6968,496.28882,0.059936523,-0.24035645,0,0,False,False,False
182,76,448.20383,358.851,448.45938,358.0843,-0.44366455,1.2272339,0,0,False,False,False
183,5,1087.6724,304.02277,1087.7186,304.35983,-0.2322998,-0.37246704,0,0,False,False,False
183,69,844.4993,313.6316,845.4837,312.23343,-1.2330933,1.4100037,0,0,False,False,False
183,4,996.39197,302.73468,996.5274,303.7464,-0.24798584,-1.4426575,0,0,False,False,False
183,57,1022.08044,511.8242,1023.0899,519.5901,-1.3126831,-12.776245,-95.86621602560407,-1.634547921034482,False,False,False
183,58,820.967,347.59283,822.1031,346.8606,-1.5031128,1.2897034,0,0,False,False,False
183,77,864.5077,282.3711,866.0758,282.02277,-2.9505005,0.52578735,169.89579961275302,2.9625886351448116,False,False,False
183,11,1295.9525,495.70306,1295.7863,496.08377,0.20678711,-0.38604736,0,0,False,False,False
183,65,1596.7346,454.5749,1596.512,456.84302,0.17138672,-1.5385742,0,0,False,False,False
184,5,1087.6847,303.95923,1087.7068,304.2196,-0.1295166,-0.45898438,0,0,False,False,False
184,69,843.8568,314.61066,844.9143,313.06546,-1.53302,1.9418945,128.28917056109103,0,False,False,False
184,4,996.3384,301.7896,996.4612,303.06152,-0.21179199,-1.6295776,0,0,False,False,False
184,57,1021.6632,507.53458,1022.5906,515.37067,-1.3065186,-12.606628,-95.91686381758475,-0.05064779198067981,False,False,False
184,58,820.3659,348.17572,821.49506,347.3209,-1.727478,1.2460022,144.19769278260765,18.876221724444378,True,False,False
184,77,864.36426,282.48828,865.4768,282.18567,-2.4986572,0.38964844,171.13650478477567,1.2407051720226434,False,False,False
184,11,1296.0165,495.5576,1295.8668,495.8996,0.24047852,-0.4645996,0,0,False,False,False
185,5,1087.7823,303.75305,1087.7332,304.0563,-0.010498047,-0.48501587,0,0,False,False,False
185,69,843.4314,314.92206,844.39526,313.71527,-1.6184692,2.2346802,125.9139707926997,-2.375199768391326,False,False,False
185,57,1021.41125,504.20236,1022.17773,511.46173,-1.4558105,-12.309998,-96.74461263076815,-0.8277488131833906,False,False,False
185,58,820.4934,348.7055,821.1444,347.8055,-1.5704346,1.3392029,139.54380115408213,-4.653891628525514,True,False,False
185,77,864.2577,282.2641,865.05005,282.21313,-1.8701172,0.3779297,0,0,False,False,False
185,11,1295.9999,495.0628,1295.9133,495.6067,0.21655273,-0.6821289,0,0,False,False,False
185,78,368.41638,501.7895,368.20126,501.79382,0.13366699,-0.203125,0,0,False,False,False
185,65,1597.1848,454.31924,1596.7474,455.95966,0.39074707,-2.2539368,-80.16483938931117,0,False,False,False
186,5,1087.741,303.87866,1087.7358,303.99414,0.017211914,-0.36569214,0,0,False,False,False
186,69,842.8855,314.99667,843.8668,314.16376,-1.6168823,1.9303284,129.95022656223256,4.036255769532858,False,False,False
186,57,1020.673,501.05615,1021.65106,507.81976,-1.4388428,-11.770325,-96.96944394134327,-0.2248313105751265,False,False,False
186,58,820.0482,348.94696,820.76074,348.20502,-1.3423462,1.3444214,0,0,False,False,False
186,77,864.33215,282.01184,864.79877,282.14267,-1.2770386,0.119903564,0,0,False,False,False
186,11,1295.8269,494.6305,1295.883,495.265,0.09680176,-0.8187561,0,0,False,False,False
186,78,368.5405,501.5522,368.31998,501.70923,0.2554016,-0.18383789,0,0,False,False,False
186,76,448.708,358.22607,448.5464,358.1339,-0.24926758,1.0814819,0,0,False,False,False
187,5,1088.1329,303.86237,1087.8748,303.94803,0.16796875,-0.27157593,0,0,False,False,False
187,69,842.79517,314.1211,843.4917,314.1488,-1.4226074,1.0833435,0,0,False,False,False
187,57,1020.05304,498.0147,1021.09174,504.38797,-1.4988403,-10.982697,-97.77131140530885,-0.8018674639655785,False,False,False
187,58,819.0266,349.3952,820.15375,348.62158,-1.3413086,1.3006897,0,0,False,False,False
187,77,864.4053,281.53146,864.661,281.92874,-0.8157959,-0.2569275,0,0,False,False,False
187,11,1295.7749,493.88943,1295.8452,494.78354,-0.021606445,-1.1160583,0,0,False,False,False
187,76,448.80542,357.0376,448.63702,357.75018,0.040039062,0.07876587,0,0,False,False,False
187,72,1029.523,339.0387,1041.7662,345.23834,-13.782593,-6.6512146,-154.2389358129752,0.36848609842539304,False,False,False
187,4,994.1573,297.12344,995.6548,300.9832,-0.9456177,-3.308014,-105.95293526932045,0,True,True,False
188,5,1088.4514,303.5147,1088.0765,303.79636,0.3433838,-0.25994873,0,0,False,False,False
188,69,842.6847,314.0332,843.2092,314.10834,-1.1860352,0.3930664,0,0,False,False,False
188,57,1020.60114,495.69446,1020.92,501.3452,-1.2577515,-10.116516,-97.08702053603926,0.6842908692695886,False,False,False
188,58,817.9761,350.02948,819.39154,349.11432,-1.7528687,1.3088074,143.252554665554,3.708753511471855,True,False,False
188,77,864.12085,280.88226,864.4719,281.56247,-0.578125,-0.6506653,0,0,False,False,False
188,11,1295.5537,493.0509,1295.7432,494.1771,-0.17016602,-1.429596,0,0,False,False,False
188,76,449.1449,355.42627,448.81476,356.9368,0.3553772,-1.1474915,0,0,False,False,False
188,72,1028.1628,337.99298,1037.005,342.70245,-15.185181,-7.510498,-153.68328067679366,0.5556551361815423,False,False,False
188,4,993.6601,297.80167,994.95667,299.86966,-1.5707397,-3.8767395,-112.05632999001487,-6.103394720694425,True,True,False
189,5,1088.7119,302.792,1088.2988,303.44482,0.5629883,-0.5493164,0,0,False,False,False
189,69,843.0416,313.91455,843.1506,314.0405,-0.71624756,-0.1232605,0,0,False,False,False
189,57,1019.3494,491.12933,1020.37024,497.76965,-1.2808228,-10.05011,-97.26283184586035,-0.17581130982108562,False,False,False
189,58,817.45166,350.35394,818.7125,349.5482,-2.0482178,1.3431702,146.74413609664845,3.4915814310944597,True,True,False
189,77,863.9397,280.33612,864.28564,281.13324,-0.51312256,-1.0094299,0,0,False,False,False
189,11,1295.4459,492.52515,1295.6392,493.59888,-0.24389648,-1.6661377,0,0,False,False,False
189,76,449.27643,355.3006,448.97632,356.36414,0.42993164,-1.7697754,0,0,False,False,False
189,72,1026.1422,337.64752,1033.203,340.93323,-15.155762,-7.6433716,-153.23722322743316,0.4460574493604952,False,False,False
189,4,993.8802,298.78488,994.57983,299.49,-1.8813477,-3.5715332,-117.77855315382797,-5.722223163813098,True,True,False
190,5,1088.5908,302.39368,1088.401,303.0769,0.5262451,-0.87112427,0,0,False,False,False
190,69,843.21826,314.95068,843.1742,314.35904,-0.31750488,0.2102356,0,0,False,False,False
190,57,1018.3384,487.08084,1019.65906,494.02856,-1.4326782,-10.3594055,-97.87390817937211,-0.611076333511761,False,False,False
190,58,816.625,351.44208,817.98193,350.21103,-2.171814,1.589447,143.80138320482524,-2.942752891823204,True,True,False
190,11,1295.427,492.5003,1295.5648,493.21436,-0.2803955,-1.5691833,0,0,False,False,False
190,76,449.7422,354.73886,449.24435,355.7953,0.6073303,-1.954895,-72.74146543864286,0,False,False,False
190,72,1025.3918,337.2425,1030.469,339.64145,-11.297241,-5.5968933,-153.6452076204145,-0.4079843929813478,False,False,False
191,5,1088.699,302.29156,1088.5052,302.80203,0.42871094,-0.99432373,0,0,False,False,False
191,69,843.0856,316.32233,843.1432,315.0462,-0.06604004,0.9378662,0,0,False,False,False
191,57,1017.17175,483.93896,1018.78845,490.4972,-2.1315308,-10.848022,-101.11644372197527,-3.2425355426031643,False,False,False
191,58,815.8504,352.943,817.23584,351.1672,-2.1557007,2.052887,136.399429288391,-7.401953916434252,True,True,False
191,11,1295.4619,492.367,1295.5288,492.9178,-0.21435547,-1.2593079,0,0,False,False,False
191,76,450.12213,353.55115,449.55157,355.00983,0.7368164,-1.9269714,-69.07463674634127,3.6668286923015927,False,False,False
191,72,1025.2681,336.86877,1028.6487,338.67102,-8.356323,-4.031433,-154.24543201638963,-0.6002243959751183,False,False,False
191,80,902.74896,287.51062,903.2345,287.23788,-1.1875,-0.1305542,0,0,False,False,False
191,4,993.06335,296.80402,994.0491,298.5499,-1.6057129,-2.4332886,-123.42058635286146,-5.6420331990334915,True,True,False
192,5,1088.7354,302.3131,1088.5857,302.63092,0.28686523,-0.8139038,0,0,False,False,False
192,69,842.91235,317.4134,843.0624,315.87473,-0.0881958,1.8342285,0,0,False,False,False
192,57,1016.3856,480.6751,1017.9474,487.05945,-2.4228516,-10.710205,-102.74684258429475,-1.6303988623194812,False,False,False
192,58,815.25464,355.41837,816.54236,352.6551,-2.170166,3.106903,124.9342275502132,-11.465201738177797,True,False,False
192,11,1295.5819,492.11786,1295.5474,492.6378,-0.091796875,-0.9610901,0,0,False,False,False
192,76,450.3278,352.9631,449.82324,354.29346,0.8469238,-2.0706787,-67.75505360403326,1.319583142308005,False,False,False
192,72,1025.0732,336.6038,1027.3972,337.94748,-5.805786,-2.9857483,-152.78454853184783,1.460883484541796,False,False,False
192,80,902.34326,287.93903,902.92255,287.48328,-1.012085,0.38290405,0,0,False,False,False
192,4,992.9066,296.35645,993.6492,297.78217,-1.3074951,-2.087494,-122.06083965178087,1.3597467010805957,True,True,False
193,5,1089.2697,301.96918,1088.8251,302.3993,0.42407227,-0.6776123,0,0,False,False,False
193,69,842.81726,318.37292,842.97656,316.74908,-0.19763184,2.3900452,94.72700988842422,0,False,False,False
193,57,1015.7016,477.03723,1017.1613,483.55164,-2.4977417,-10.476929,-103.40923819963396,-0.6623956153392072,False,False,False
193,58,815.5338,355.70508,816.18933,353.72256,-1.7926025,3.5115356,117.04384037186601,-7.890387178347183,True,False,False
193,11,1295.6675,492.3723,1295.5894,492.54486,0.024536133,-0.6694946,0,0,False,False,False
193,76,450.54343,352.72906,450.07532,353.7459,0.83096313,-2.0493774,-67.9288723758136,-0.17381877178033278,False,False,False
193,72,1023.4232,336.84763,1026.0063,337.5625,-4.4626465,-2.078949,-155.02127736849746,-2.2367288366496325,False,False,False
193,80,902.43176,288.35822,902.75073,287.7895,-0.7453003,0.6984558,0,0,False,False,False
193,4,992.8513,296.62097,993.3699,297.37573,-1.2099609,-2.1142578,-119.7819179947656,2.2789216570152604,True,True,False
194,5,1089.4199,301.6531,1089.0332,302.13812,0.5279541,-0.6639099,0,0,False,False,False
194,69,842.61707,317.92065,842.8507,317.15912,-0.29248047,2.112915,97.88109062793392,3.154080739509695,False,False,False
194,57,1015.64087,473.8742,1016.62915,480.16455,-2.1593018,-10.332642,-101.80372167486108,1.6055165247728809,False,False,False
194,58,813.7489,356.6291,815.3352,354.73984,-1.9006348,3.5726318,118.01291028596503,0.9690699140990233,True,True,False
194,11,1295.7427,492.63348,1295.643,492.57587,0.11413574,-0.34191895,0,0,False,False,False
194,76,450.2002,352.3609,450.11902,353.26114,0.56744385,-1.7486877,0,0,False,False,False
194,72,1023.48145,336.9605,1025.1226,337.3518,-3.526123,-1.3192139,-159.48787641191518,-4.466599043417716,False,False,False
194,80,902.4197,288.36078,902.6349,287.98944,-0.5996094,0.7515564,0,0,False,False,False
194,83,892.333,244.8977,892.3165,245.16757,0.030029297,-0.41952515,0,0,False,False,False
195,5,1089.9131,301.53146,1089.3412,301.92578,0.75549316,-0.70513916,0,0,False,False,False
195,69,842.40393,318.01556,842.69434,317.45886,-0.368042,1.584137,0,0,False,False,False
195,57,1016.275,470.71832,1016.5051,476.85834,-1.4422607,-10.201111,-98.04729637141727,3.7564253034438053,False,False,False
195,58,812.8396,357.23398,814.4617,355.6128,-2.0806885,2.9577026,125.12566944046225,7.112759154497212,True,False,False
195,11,1295.8568,492.456,1295.7178,492.5339,0.17041016,-0.103881836,0,0,False,False,False
195,76,450.02625,352.16736,450.08655,352.8783,0.26330566,-1.4151611,0,0,False,False,False
195,72,1022.0725,336.31757,1024.055,336.9898,-3.342163,-0.9576721,-164.01073629892716,-4.522859887011975,False,False,False
195,80,901.64966,288.58392,902.29004,288.1975,-0.6325073,0.7142334,0,0,False,False,False
195,83,892.2279,245.00244,892.2855,245.10977,-0.009460449,-0.32626343,0,0,False,False,False
196,5,1089.5559,301.24353,1089.4163,301.68698,0.5911865,-0.7123108,0,0,False,False,False
196,69,842.3535,318.27298,842.575,317.74377,-0.4015503,0.99468994,0,0,False,False,False
196,57,1016.0205,467.4726,1016.3355,473.5733,-0.82580566,-9.9783325,-94.73101064054104,3.3162857308762312,False,False,False
196,58,812.7981,357.72943,813.8794,356.3536,-2.3099365,2.6310425,131.28167205224264,6.156002611780394,True,False,False
196,11,1295.9674,492.297,1295.805,492.451,0.21569824,-0.09387207,0,0,False,False,False
196,76,449.9806,352.6962,450.04944,352.81454,-0.025878906,-0.93136597,0,0,False,False,False
196,72,1020.8172,334.31543,1022.92175,336.05377,-3.0845947,-1.508728,-153.9359524489951,10.07478384993206,False,False,False
196,80,901.027,288.9933,901.84796,288.476,-0.902771,0.68652344,0,0,False,False,False
196,83,892.3393,244.66422,892.3043,244.95383,-0.0033569336,-0.35905457,0,0,False,False,False
196,78,368.6566,499.66122,368.43777,500.99243,0.35232544,-0.803772,0,0,False,False,False
196,4,992.7727,295.9259,993.16077,296.8683,-0.88830566,-1.6816101,0,0,False,False,False
197,5,1089.0813,301.30872,1089.299,301.55457,0.26574707,-0.5835571,0,0,False,False,False
197,69,841.918,319.21368,842.3451,318.25824,-0.50561523,1.0991211,0,0,False,False,False
197,57,1015.5664,464.5761,1016.0663,470.42426,-0.5628662,-9.740295,-93.30729516073872,1.4237154798023255,False,False,False
197,58,812.6266,358.00458,813.4409,356.93143,-1.8942871,2.1915894,130.83829890592241,-0.4433731463202264,True,True,False
197,11,1295.8086,492.33063,1295.8063,492.40887,0.16333008,-0.16699219,0,0,False,False,False
197,76,449.57098,353.75488,449.88196,353.14368,-0.23706055,-0.11746216,0,0,False,False,False
197,72,1020.57837,333.80743,1022.10156,335.26755,-3.020996,-2.084259,-145.39725752689236,8.538694922102735,False,False,False
197,80,900.5596,288.98224,901.397,288.6532,-1.237915,0.6637573,0,0,False,False,False
197,83,892.2147,244.91455,892.27295,244.94008,-0.0435791,-0.22749329,0,0,False,False,False
197,78,368.5948,499.52173,368.49274,500.47766,0.2914734,-1.3161621,0,0,False,False,False
197,4,992.8424,295.76978,993.0493,296.4838,-0.5998535,-1.2983704,0,0,False,False,False
198,5,1089.0488,301.13995,1089.2114,301.40945,-0.12976074,-0.5163269,0,0,False,False,False
198,69,841.8739,320.4137,842.1802,319.01263,-0.51416016,1.553772,0,0,False,False,False
198,57,1015.33606,463.06238,1015.81067,467.8476,-0.694458,-9.010742,-94.40707449408318,-1.0997793333444577,False,False,False
198,58,811.57227,358.49512,812.78687,357.4787,-1.6748047,1.8659058,131.91059976882727,1.0723008629048536,True,False,False
198,11,1295.8145,492.35248,1295.8091,492.38913,0.091308594,-0.14477539,0,0,False,False,False
198,76,449.37027,354.50275,449.70282,353.61932,-0.38372803,0.74102783,0,0,False,False,False
198,72,1018.9863,333.58835,1021.01117,334.6798,-3.0438843,-2.3099976,-142.80521163096495,2.592045895927413,False,False,False
198,80,901.2827,289.16373,901.35693,288.83188,-0.93310547,0.6343689,0,0,False,False,False
198,83,892.2356,244.95795,892.2599,244.94632,-0.025634766,-0.16345215,0,0,False,False,False
198,78,368.55188,499.458,368.51343,500.12076,0.19345093,-1.5884705,0,0,False,False,False
198,4,992.7866,295.8068,992.9574,296.24683,-0.4124756,-1.1289062,0,0,False,False,False
199,5,1089.6416,301.25412,1089.3619,301.35507,-0.05432129,-0.33190918,0,0,False,False,False
199,69,841.8279,321.19504,842.0569,319.77646,-0.51812744,2.0326843,104.30007155839738,6.418980930463462,False,False,False
199,57,1015.21716,460.29858,1015.6029,465.20544,-0.732605,-8.367859,-95.0034803701497,-0.5964058760665267,False,False,False
199,58,810.1107,360.16577,811.8502,358.41916,-2.0291748,2.0655518,134.4910060476954,2.5804062788681392,True,False,False
199,11,1295.7557,492.16718,1295.7904,492.31143,-0.0146484375,-0.13955688,0,0,False,False,False
199,76,449.06128,354.47586,449.47827,353.9191,-0.571167,1.1045532,0,0,False,False,False
199,72,1017.426,333.1372,1019.75635,334.1399,-3.1654053,-1.9138794,-148.84184315771867,-6.036631526753723,False,False,False
199,80,901.66547,289.62128,901.46484,289.10815,-0.38311768,0.6321411,0,0,False,False,False
199,83,892.1231,245.98593,892.21204,245.31018,-0.092285156,0.35635376,0,0,False,False,False
199,78,368.60654,499.54767,368.54602,499.92017,0.10824585,-1.0722656,0,0,False,False,False
199,4,992.22156,295.31885,992.6998,295.92203,-0.4609375,-0.94625854,0,0,False,False,False
200,5,1089.3325,301.17307,1089.3516,301.29135,0.052612305,-0.2632141,0,0,False,False,False
200,57,1015.7258,457.59167,1015.6459,462.5406,-0.42041016,-7.883667,-93.05250506454705,1.950975305602654,False,False,False
200,58,809.6711,360.93756,811.0875,359.3006,-2.3533936,2.3691711,134.80858158824975,0.3175755405543441,True,False,False
200,11,1295.8141,492.2016,1295.7986,492.27295,-0.0076904297,-0.1359253,0,0,False,False,False
200,72,1017.3606,332.85748,1018.91785,333.69104,-3.1837158,-1.5765076,-153.65637685686363,-4.81453369914496,True,False,False
200,80,901.78973,290.14172,901.57855,289.46988,0.18157959,0.8166809,0,0,False,False,False
200,83,892.1144,246.40826,892.17786,245.6945,-0.09509277,0.75442505,0,0,False,False,False
200,78,368.45898,499.48352,368.51556,499.76733,0.022827148,-0.71032715,0,0,False,False,False
200,4,991.7517,294.98145,992.368,295.5928,-0.68133545,-0.8909912,0,0,False,False,False
201,5,1089.2903,301.0351,1089.3301,301.20166,0.118652344,-0.20779419,0,0,False,False,False
201,57,1015.1363,455.0958,1015.4675,459.93488,-0.34313965,-7.9127197,-92.48310870322503,0.5693963613220205,False,False,False
201,58,808.94965,360.992,810.33923,359.89258,-2.4476318,2.4138794,135.39778605410808,0.5892044658583302,True,False,False
201,11,1295.7886,492.26334,1295.795,492.2696,-0.014038086,-0.11953735,0,0,False,False,False
201,72,1016.3383,332.373,1018.015,333.2297,-2.9961548,-1.4501038,-154.17356257676468,-0.5171857199010503,False,False,False
201,80,901.62805,290.28076,901.5959,289.75366,0.23895264,0.92178345,0,0,False,False,False
201,83,892.16016,246.35857,892.17163,245.92691,-0.088256836,0.9805908,0,0,False,False,False
201,78,368.3907,499.336,368.47186,499.61633,-0.04156494,-0.50442505,0,0,False,False,False
201,4,991.1152,294.53497,991.9295,295.22256,-1.0278931,-1.0242615,0,0,False,False,False
201,85,1295.76,492.22424,1295.7639,492.22174,-0.0075683594,-0.1303711,0,0,False,False,False
201,77,861.2779,283.00134,863.2329,281.78708,-1.4281006,-0.1416626,0,0,False,False,False
202,5,1089.6302,301.12308,1089.435,301.17413,0.07312012,-0.18093872,0,0,False,False,False
202,57,1014.84753,453.03613,1015.2505,457.52032,-0.352417,-7.6851196,-92.62557661631077,-0.14246791308573847,False,False,False
202,58,807.95654,361.52286,809.50525,360.46317,-2.3449707,2.0440063,138.92278992991749,3.5250038758094036,True,True,False
202,11,1295.7483,492.1175,1295.7786,492.21634,-0.01184082,-0.09509277,0,0,False,False,False
202,72,1015.49567,331.1552,1017.1332,332.50363,-2.623169,-1.636261,-148.0452142133077,6.128348363456979,False,False,False
202,80,901.71826,290.68658,901.6387,290.08017,0.17382812,0.9720154,0,0,False,False,False
202,83,892.1406,246.73425,892.16077,246.20947,-0.05126953,0.899292,0,0,False,False,False
202,4,990.86395,294.12402,991.5565,294.83807,-1.1433105,-1.0839539,0,0,False,False,False
202,85,1295.7241,492.08643,1295.75,492.17438,-0.0029296875,-0.09057617,0,0,False,False,False
202,77,860.94666,283.1084,862.43274,282.2495,-2.0391846,0.68704224,161.380295521974,-9.756209262801661,False,False,False
202,76,448.49347,355.76898,449.13358,354.56656,-0.74838257,1.4228821,0,0,False,False,False
203,5,1089.9272,301.22824,1089.6073,301.19305,0.2557373,-0.09829712,0,0,False,False,False
203,57,1014.813,450.48883,1015.0973,455.0593,-0.548584,-7.4812927,-94.19384648176052,-1.56826986544975,False,False,False
203,58,807.4778,362.378,808.79565,361.13336,-2.29187,1.8327637,141.35135826443852,2.4285683345210316,True,True,False
203,11,1295.7776,492.12512,1295.7782,492.1844,-0.020385742,-0.08856201,0,0,False,False,False
203,72,1015.2438,330.636,1016.47186,331.84995,-2.445984,-1.841095,-143.03118014174487,5.014034071562833,True,True,False
203,80,901.043,291.9287,901.4302,290.72717,-0.14837646,1.2572937,0,0,False,False,False
203,83,892.10864,247.08586,892.14246,246.5162,-0.03540039,0.82170105,0,0,False,False,False
203,4,991.01086,293.83817,991.3655,294.4881,-1.0025024,-1.1047058,0,0,False,False,False
203,85,1295.7562,492.09964,1295.7522,492.1482,-0.013793945,-0.07223511,0,0,False,False,False
203,77,860.69385,283.30325,861.8241,282.61832,-2.4615479,1.4850769,148.8969912436072,-12.483304278366802,False,False,False
203,76,448.5354,355.6991,448.9242,354.96295,-0.7786255,1.3436279,0,0,False,False,False
203,78,368.67236,499.3152,368.54202,499.51093,-0.0039978027,-0.40924072,0,0,False,False,False
204,5,1090.0452,301.10535,1089.7605,301.16235,0.43041992,-0.03930664,0,0,False,False,False
204,57,1014.64954,447.23596,1014.94055,452.3211,-0.52697754,-7.6137695,-93.95934133692003,0.23450514484048313,False,False,False
204,58,806.6372,363.07233,808.04016,361.81198,-2.2990723,1.9194031,140.14285090201142,-1.208507362427099,True,True,False
204,72,1014.2879,332.0967,1015.7074,331.9363,-2.3076172,-1.293396,-150.72981244268067,-7.698632300935799,True,False,False
204,80,900.80725,291.84332,901.2121,291.11783,-0.38378906,1.3641663,0,0,False,False,False
204,83,892.02563,247.22617,892.10156,246.7647,-0.07006836,0.8377838,0,0,False,False,False
204,4,991.2805,293.60437,991.3357,294.17877,-0.59381104,-1.0437927,0,0,False,False,False
204,77,860.6906,283.20483,861.42737,282.8236,-1.805542,1.0365295,150.14063313578842,1.2436418921812162,False,False,False
204,78,368.67545,499.40662,368.5887,499.47443,0.073150635,-0.2929077,0,0,False,False,False
204,69,840.53625,323.27563,841.52466,321.00116,-0.8204346,2.74292,106.65244601068366,2.352374452286284,False,False,False
205,5,1090.4009,300.79163,1089.9846,301.0326,0.54956055,-0.14154053,0,0,False,False,False
205,57,1014.83276,444.40656,1014.90283,449.551,-0.34765625,-7.96933,-92.49790317627496,1.4614381606450735,False,False,False
205,58,805.36914,363.90692,807.1052,362.5452,-2.4000244,2.0820312,139.0582244482071,-1.0846264538043044,True,False,False
205,72,1013.2731,330.95987,1014.85535,331.59454,-2.277832,-0.90908813,-158.24294138708282,-7.513128944402155,True,True,False
205,80,900.88513,291.80927,901.09766,291.3598,-0.5410156,1.2796326,0,0,False,False,False
205,83,891.96814,247.77412,892.0548,247.11798,-0.10595703,0.9085083,0,0,False,False,False
205,4,991.6758,293.47125,991.4547,293.93115,-0.10180664,-0.9069214,0,0,False,False,False
205,77,860.147,282.946,860.97925,282.86646,-1.4534912,0.61694336,0,0,False,False,False
205,69,840.3741,323.45795,841.12195,321.86102,-1.0582275,2.8483887,110.38093559085463,3.7284895801709723,False,False,False
205,11,1295.611,491.92194,1295.7196,492.0925,-0.07543945,-0.1770935,0,0,False,False,False
206,5,1090.2471,300.95242,1090.0764,301.00452,0.4691162,-0.1885376,0,0,False,False,False
206,57,1014.6607,442.76855,1014.8181,447.17712,-0.2791748,-7.8821716,-92.02848341635465,0.4694197599203136,False,False,False
206,58,804.9623,364.89746,806.3551,363.36847,-2.4405518,2.2351074,137.51590768564523,-1.5423167625618817,True,False,False
206,80,901.00635,291.94305,901.0657,291.56393,-0.36450195,0.8367615,0,0,False,False,False
206,83,891.83826,248.24802,891.979,247.51349,-0.16345215,0.99728394,0,0,False,False,False
206,4,992.0517,293.50818,991.66364,293.78308,0.29815674,-0.7050171,0,0,False,False,False
206,77,859.83936,283.54077,860.5802,283.10245,-1.2438965,0.48413086,0,0,False,False,False
206,69,840.2433,324.12183,840.8144,322.65228,-1.2424927,2.875824,113.36663992568734,2.985704334832704,False,False,False
206,11,1295.524,491.90137,1295.6511,492.02557,-0.1274414,-0.19076538,0,0,False,False,False
207,5,1090.1653,301.0351,1090.1074,301.0152,0.34692383,-0.14715576,0,0,False,False,False
207,57,1013.9232,440.56586,1014.5049,444.86316,-0.43566895,-7.457947,-93.34323322174494,-1.3147498053902922,False,False,False
207,58,804.44696,365.82898,805.68726,364.22964,-2.3529053,2.4176636,134.22228363843445,-3.293624047210784,True,False,False
207,80,900.7058,292.4458,900.9397,291.8726,-0.2723999,0.75476074,0,0,False,False,False
207,83,891.64087,248.57495,891.8606,247.88498,-0.2409668,1.120285,0,0,False,False,False
207,4,991.8711,293.2693,991.7362,293.60324,0.4005127,-0.575531,0,0,False,False,False
207,77,859.7305,283.50552,860.28284,283.24353,-1.1445312,0.41992188,0,0,False,False,False
207,69,840.2114,324.4646,840.6034,323.28656,-0.92126465,2.2854004,111.95478960125472,-1.4118503244326206,True,True,False
207,11,1295.5186,491.95065,1295.6047,491.99933,-0.17346191,-0.1850586,0,0,False,False,False
207,72,1011.0509,329.97815,1013.52374,331.02878,-2.94812,-0.821167,-164.4353962555504,-6.192454868467564,True,True,False
208,5,1090.3022,301.01398,1090.1755,301.01477,0.19091797,-0.017822266,0,0,False,False,False
208,57,1013.5431,438.61057,1014.1682,442.67474,-0.73461914,-6.876251,-96.09802177456551,-2.754788552820571,False,False,False
208,58,804.0675,367.31635,805.12036,365.31,-1.9848633,2.764801,125.67473891501274,-8.547544723421709,True,False,False
208,83,891.58093,248.67444,891.7627,248.16129,-0.29211426,1.0433044,0,0,False,False,False
208,4,991.3237,292.328,991.5918,293.1569,0.13708496,-0.7742615,0,0,False,False,False
208,77,859.66815,283.53638,860.0677,283.346,-0.91156006,0.47955322,0,0,False,False,False
208,11,1295.504,491.7373,1295.5695,491.9076,-0.15014648,-0.184906,0,0,False,False,False
208,72,1010.3835,328.6622,1012.4246,330.20047,-3.2827759,-1.7358398,-152.13136939033012,12.304026865220266,True,False,False
209,5,1089.8243,300.95825,1090.0526,300.995,-0.023803711,-0.009521484,0,0,False,False,False
209,57,1014.1485,436.72217,1014.16125,440.59134,-0.65686035,-6.585785,-95.69579308063093,0.4022286939345747,False,False,False
209,58,803.13635,367.90054,804.4259,366.21667,-1.9291992,2.8482056,124.11129645737857,-1.5634424576341672,True,True,False
209,83,891.6074,248.50818,891.7084,248.28268,-0.27062988,0.76919556,0,0,False,False,False
209,4,990.98303,291.5794,991.3787,292.60477,-0.2849121,-1.1783142,0,0,False,False,False
209,77,859.3299,283.6278,859.80945,283.44464,-0.77075195,0.3421936,0,0,False,False,False
209,11,1295.5183,491.53467,1295.5515,491.77704,-0.099609375,-0.24853516,0,0,False,False,False
209,72,1009.7311,328.4972,1011.4819,329.6043,-3.3734741,-1.9902344,-149.460848504636,2.670520885694117,True,False,False
210,5,1089.3378,301.12463,1089.8024,301.04037,-0.3050537,0.025177002,0,0,False,False,False
210,73,1167.5298,598.4227,1174.0338,609.1377,-10.290161,-18.00116,-119.75396028180968,0,False,False,True
210,57,1014.27527,434.70447,1014.2011,438.53094,-0.30377197,-6.3322144,-92.74651453639108,2.94927854423986,False,False,False
210,58,801.9615,368.31198,803.56335,366.95,-2.1239014,2.7203674,127.98060454699907,3.869308089620503,True,False,False
210,83,891.5132,248.02975,891.64,248.19415,-0.22058105,0.30917358,0,0,False,False,False
210,4,990.8252,291.4543,991.18494,292.2021,-0.55126953,-1.4011536,0,0,False,False,False
210,77,859.084,284.1406,859.5555,283.68823,-0.72735596,0.44470215,0,0,False,False,False
210,11,1295.5251,491.4614,1295.5422,491.66656,-0.0625,-0.33276367,0,0,False,False,False
210,72,1009.79956,328.7381,1010.89307,329.30115,-2.6306763,-1.7276306,-146.70609710282474,2.754751401811262,True,False,False
210,69,839.23596,325.61786,840.12476,324.1025,-0.9971924,2.2414856,113.9833305129169,2.0285409116621764,True,True,False
211,5,1089.5553,300.85852,1089.7158,300.9767,-0.4597168,-0.03805542,0,0,False,False,False
211,73,1164.7327,593.9859,1170.7783,603.83453,-10.173462,-17.057129,-120.81331274973152,-1.0593524679218405,False,False,True
211,57,1014.6933,432.11084,1014.37335,436.28387,0.20513916,-6.390869,-88.16150610852021,4.585008427870861,False,False,False
211,58,801.5938,369.90808,802.874,367.98532,-2.246338,2.6753235,130.01853150584654,2.037926958847464,True,False,False
211,83,891.22766,248.14362,891.49567,248.17645,-0.2670288,0.015167236,0,0,False,False,False
211,4,990.87244,291.10202,991.07556,291.81705,-0.51623535,-1.3398438,0,0,False,False,False
211,77,858.88,284.41504,859.3191,283.9426,-0.7485962,0.59658813,0,0,False,False,False
211,11,1295.5997,491.36322,1295.5623,491.56036,-0.0072021484,-0.347229,0,0,False,False,False
211,72,1010.225,329.80377,1010.6592,329.47705,-1.7654419,-0.7234192,0,0,False,False,False
211,69,838.9769,327.28625,839.72296,325.2168,-1.0914307,2.5645142,113.05410129790178,-0.9292292150151127,False,False,False
211,76,449.44397,354.97705,449.1061,354.96786,-0.37216187,1.0487671,0,0,False,False,False
212,5,1089.8652,300.77148,1089.7681,300.90488,-0.2845459,-0.09011841,0,0,False,False,False
212,73,1162.1968,588.7704,1167.7747,598.5621,-9.761475,-16.345215,-120.8459390784663,-0.032626328734778554,False,False,True
212,57,1014.8458,430.34708,1014.5387,434.206,0.3774414,-6.3853455,-86.61715014071443,1.5443559678057852,False,False,False
212,58,801.53436,370.9292,802.40515,369.01566,-2.020752,2.7989807,125.82777560666491,-4.1907558991816245,True,False,False
212,83,891.09784,248.09273,891.35645,248.14713,-0.3519287,-0.13555908,0,0,False,False,False
212,4,990.7329,291.11285,990.95557,291.57056,-0.42315674,-1.0342102,0,0,False,False,False
212,11,1295.5491,491.38007,1295.5576,491.49725,0.0061035156,-0.27978516,0,0,False,False,False
212,72,1009.3524,330.1289,1010.2018,329.7052,-1.2800903,0.10089111,0,0,False,False,False
212,69,838.6183,328.01694,839.3363,326.19684,-1.2670898,2.9102783,113.5275587121811,0.47345741427932353,False,False,False
212,76,449.5,354.7931,449.24396,354.90668,0.11038208,0.3401184,0,0,False,False,False
213,5,1089.8743,300.7315,1089.8052,300.84418,0.0028076172,-0.19619751,0,0,False,False,False
213,73,1159.2522,583.38855,1164.7917,593.25134,-9.242065,-15.886353,-120.18918891626167,0.6567501622046308,False,False,True
213,57,1014.6964,428.30847,1014.5939,432.14185,0.39276123,-6.389099,-86.48224616936963,0.13490397134479792,False,False,False
213,58,801.51514,372.1958,802.0936,370.1287,-1.4697266,3.1786804,114.81440653197896,-11.013369074685954,True,True,False
213,83,891.02386,248.27893,891.24,248.19324,-0.4000244,-0.00091552734,0,0,False,False,False
213,4,990.4652,290.10623,990.78394,291.05804,-0.40100098,-1.144043,0,0,False,False,False
213,11,1295.5486,491.4535,1295.5544,491.48193,0.012207031,-0.18463135,0,0,False,False,False
213,69,838.6815,328.3786,839.1071,326.96045,-1.0176392,2.8579407,109.59950649548121,-3.9280522166998963,False,False,False
213,76,449.43164,354.80402,449.30963,354.87073,0.385437,-0.09222412,0,0,False,False,False
213,77,858.5398,285.60144,859.04626,284.5232,-0.7631836,1.0785522,0,0,False,False,False
214,5,1089.8237,300.6374,1089.8116,300.7718,0.095825195,-0.20492554,0,0,False,False,False
214,73,1157.5074,577.7053,1162.2422,587.81024,-8.536133,-16.024292,-118.04420715016842,2.1449817660932524,False,False,True
214,57,1015.0791,426.56897,1014.7637,430.1913,0.39031982,-6.09256,-86.33435559645562,0.1478905729140081,False,False,False
214,58,801.1964,373.0299,801.77954,371.1441,-1.0944824,3.158783,109.11062014089218,-5.70378639108678,True,True,False
214,83,890.8908,248.14996,891.11774,248.17807,-0.3779297,0.0016174316,0,0,False,False,False
214,4,990.5543,289.40027,990.7035,290.4778,-0.3720703,-1.3392334,0,0,False,False,False
214,11,1295.6418,491.46817,1295.585,491.4771,0.022705078,-0.08325195,0,0,False,False,False
214,69,838.35846,328.3754,838.8451,327.45566,-0.87786865,2.238861,111.41039458230168,1.8108880868204693,False,False,False
214,81,1380.4792,481.0656,1380.4884,481.2663,-0.07019043,-0.12231445,0,0,False,False,False
214,77,858.2311,286.39343,858.7609,285.17776,-0.79455566,1.4895325,0,0,False,False,False
214,72,1006.17737,325.95633,1008.7932,328.39307,-2.0998535,-0.90808105,-156.61394472009528,-9.907847617270534,True,False,True
215,5,1089.95,300.7921,1089.8601,300.7789,0.092041016,-0.12597656,0,0,False,False,False
215,73,1154.0364,572.93945,1159.3701,582.60547,-8.404541,-15.956604,-117.77633200133825,0.2678751488301714,False,False,True
215,57,1014.1006,424.88837,1014.5316,428.33527,-0.007080078,-5.8707275,-90.06909848835929,-3.7347428919036645,False,False,False
215,58,799.98413,373.56412,801.1511,371.9911,-1.2540283,2.9754333,112.85351263655666,3.742892495664478,True,True,False
215,83,890.85345,248.44766,891.0252,248.27242,-0.3312378,0.12528992,0,0,False,False,False
215,4,990.86163,289.67603,990.75885,290.19717,-0.19671631,-1.3733826,0,0,False,False,False
215,11,1295.6182,491.04547,1295.5966,491.32602,0.03894043,-0.17123413,0,0,False,False,False
215,69,837.6448,328.66058,838.4249,327.87738,-0.91137695,1.680542,0,0,False,False,False
215,77,857.696,286.97455,858.3882,285.80664,-0.9309082,1.8640442,116.5376541693246,0,False,False,False
215,72,1005.0661,324.84088,1007.4887,327.14978,-3.1704712,-2.3272705,-143.71963212513953,12.89431259495575,True,False,True
215,76,449.5047,354.12872,449.37787,354.61102,0.27175903,-0.35684204,0,0,False,False,False
216,5,1090.1693,300.8327,1089.9683,300.79773,0.16308594,-0.046447754,0,0,False,False,False
216,73,1151.4822,568.221,1156.6094,577.5709,-8.182373,-15.68042,-117.55650040593068,0.21983159540756958,False,False,True
216,57,1014.23505,422.4379,1014.42786,426.27118,-0.16601562,-5.8706665,-91.61982635155204,-1.5507278631927477,False,False,False
216,58,799.1069,374.78995,800.43567,372.9707,-1.657959,2.8420105,120.25823504420667,7.404722407650013,True,False,False
216,83,890.7318,248.87918,890.9225,248.48477,-0.31750488,0.29153442,0,0,False,False,False
216,4,990.8651,289.71606,990.796,290.02878,0.012084961,-1.0292664,0,0,False,False,False
216,11,1295.645,490.8228,1295.6135,491.1499,0.05908203,-0.33203125,0,0,False,False,False
216,69,837.2771,328.65002,838.0232,328.1478,-1.0839233,1.1873474,0,0,False,False,False
216,77,857.504,287.2633,858.0787,286.31647,-0.96759033,1.7932739,118.34980757327762,1.812153403953019,False,False,False
216,72,1004.2239,324.04553,1006.34595,326.0633,-3.855835,-3.6419067,-136.63434007471372,7.085292050425807,True,True,True
217,5,1090.3544,300.51685,1090.1034,300.6994,0.29174805,-0.072387695,0,0,False,False,False
217,73,1149.1754,563.3743,1154.0074,572.6021,-8.234741,-15.20813,-118.43420166476069,-0.8777012588300153,False,False,True
217,57,1014.1716,420.49854,1014.33813,424.25073,-0.4255371,-5.9405823,-94.09722570973994,-2.4773993581879097,False,False,False
217,58,798.3124,376.12112,799.6925,374.07336,-2.0870361,2.9292603,125.46907041224003,5.210835368033358,True,False,False
217,83,890.64813,248.98888,890.8264,248.6612,-0.2913208,0.48312378,0,0,False,False,False
217,4,991.1505,289.58698,990.92004,289.87415,0.21655273,-0.6036682,0,0,False,False,False
217,11,1295.6184,490.66748,1295.6152,490.98105,0.030273438,-0.49606323,0,0,False,False,False
217,69,837.7313,329.57227,837.921,328.64636,-0.92407227,1.1907043,0,0,False,False,False
217,77,857.6685,286.9251,857.93506,286.52948,-0.8258667,1.3517151,0,0,False,False,False
217,65,1597.3872,451.62958,1597.1836,451.77795,0.2602539,-0.17886353,0,0,False,False,False
218,5,1090.3306,300.4549,1090.1829,300.61383,0.3227539,-0.16506958,0,0,False,False,False
218,73,1146.5292,558.2571,1151.39,567.5813,-7.9801025,-15.02417,-117.97504942308709,0.4591522416736069,False,False,True
218,57,1014.13,418.27264,1014.26526,422.1584,-0.26635742,-6.17688,-92.4691604301197,1.6280652796202446,False,False,False
218,58,797.07635,376.99945,798.77686,375.09747,-2.3742676,3.1063843,127.39135570082217,1.9222852885821453,True,False,False
218,83,890.5839,249.173,890.7416,248.84033,-0.28363037,0.56791687,0,0,False,False,False
218,4,991.1776,289.27826,991.0102,289.6656,0.25134277,-0.5315857,0,0,False,False,False
218,11,1295.645,490.6184,1295.6256,490.85413,0.029052734,-0.4718933,0,0,False,False,False
218,69,838.28577,329.99338,838.04865,329.1178,-0.37628174,1.2404175,0,0,False,False,False
218,77,857.65076,286.6112,857.8356,286.55807,-0.5526123,0.7514343,0,0,False,False,False
219,5,1090.3094,300.27875,1090.2272,300.49655,0.25891113,-0.30117798,0,0,False,False,False
219,73,1144.4834,554.2616,1148.9727,562.9194,-7.6367188,-14.65155,-117.52954280849895,0.44550661458814034,False,False,True
219,57,1013.6677,417.12006,1014.0561,420.39496,-0.37176514,-5.8762207,-93.62005160790038,-1.1508911777806787,False,False,False
219,58,796.05194,378.0399,797.8231,376.12732,-2.6125488,3.1566162,129.61259271994297,2.2212370191207924,True,False,False
219,83,890.5414,249.43973,890.6715,249.05011,-0.25097656,0.56533813,0,0,False,False,False
219,4,991.0973,289.01022,991.04065,289.43622,0.2446289,-0.5925598,0,0,False,False,False
219,11,1295.6548,490.55145,1295.6357,490.74817,0.022216797,-0.4017334,0,0,False,False,False
219,69,838.66833,330.34375,838.2655,329.54688,0.24230957,1.3990784,0,0,False,False,False
219,77,856.873,287.29553,857.49866,286.81616,-0.5800171,0.49969482,0,0,False,False,False
219,81,1380.5945,480.4278,1380.5255,480.9728,-0.0013427734,-0.41921997,0,0,False,False,False
219,76,448.86136,353.33093,449.19708,354.163,-0.046875,-0.74368286,0,0,False,False,False
219,72,1001.8012,323.43146,1004.75525,325.14215,-4.037964,-3.2509155,-141.1628819958461,-4.528541921132387,True,True,True
219,65,1597.4531,451.52707,1597.2778,451.69012,0.3383789,-0.21160889,0,0,False,False,False
220,5,1090.4275,300.11545,1090.2972,300.36316,0.19384766,-0.33624268,0,0,False,False,False
220,73,1142.0912,550.4507,1146.5641,558.5553,-7.4433594,-14.046814,-117.9189656637294,-0.3894228552304497,False,False,True
220,57,1013.55054,414.779,1013.8791,418.42935,-0.4590454,-5.8213806,-94.50873320116634,-0.8886815932659573,False,False,False
220,58,793.70276,379.77975,796.381,377.40564,-3.3115234,3.3322754,134.82103680518418,5.2084440852412115,True,False,False
220,83,890.58124,249.21074,890.6399,249.10632,-0.18652344,0.4451294,0,0,False,False,False
220,4,990.74646,288.85358,990.9376,289.23227,0.017578125,-0.6418762,0,0,False,False,False
220,11,1295.5939,490.53204,1295.6211,490.67252,0.005859375,-0.3085327,0,0,False,False,False
220,69,838.38574,330.99762,838.30756,330.05463,0.38653564,1.4082642,0,0,False,False,False
220,77,856.2655,287.67715,857.067,287.1175,-0.868042,0.5880127,0,0,False,False,False
220,81,1380.618,480.1792,1380.5579,480.69504,0.064453125,-0.6793518,0,0,False,False,False
220,72,1000.7557,323.20737,1003.35535,324.46497,-4.133362,-2.6848145,-146.9943658284414,-5.831483832595296,True,True,True
220,65,1597.446,451.4511,1597.3367,451.60645,0.26245117,-0.25143433,0,0,False,False,False
221,5,1090.4519,299.98492,1090.3513,300.23077,0.16845703,-0.38305664,0,0,False,False,False
221,73,1140.1414,546.4244,1144.316,554.30945,-7.0739746,-13.271851,-118.05787879594143,-0.13891313221203916,False,False,True
221,57,1014.0532,411.4134,1013.93994,415.97375,-0.32531738,-6.1846313,-93.01103650228794,1.4976966988784,False,False,False
221,58,793.9264,380.76877,795.52185,378.58273,-3.255005,3.48526,133.04347174490573,-1.777565060278448,True,True,False
221,4,990.35004,288.3064,990.73193,288.9082,-0.27825928,-0.75738525,0,0,False,False,False
221,11,1295.6399,490.42517,1295.6277,490.58594,0.0020751953,-0.26818848,0,0,False,False,False
221,69,838.26416,332.34198,838.29236,330.8552,0.24371338,1.7373962,0,0,False,False,False
221,77,855.69446,287.73218,856.5866,287.3326,-1.2489624,0.77453613,0,0,False,False,False
221,81,1380.6018,480.00732,1380.5732,480.4543,0.08483887,-0.8119812,0,0,False,False,False
221,78,369.36484,499.49976,368.86035,499.48328,0.38848877,-0.13305664,0,0,False,False,False
222,5,1090.2991,300.01453,1090.333,300.1551,0.10583496,-0.34146118,0,0,False,False,False
222,73,1137.3323,542.0625,1141.8717,550.023,-7.100952,-12.896362,-118.83791370287241,-0.7800349069309789,False,False,True
222,57,1014.2186,409.3308,1014.0374,413.6487,-0.018676758,-6.7462463,-90.15862104793801,2.8524154543499236,False,False,False
222,58,793.54285,381.26544,794.82916,379.52167,-2.9939575,3.3943481,131.41364611590618,-1.629825628999555,True,True,False
222,4,990.3989,287.8329,990.61536,288.53183,-0.42529297,-0.9043884,0,0,False,False,False
222,11,1295.7017,490.51996,1295.6536,490.56284,0.017822266,-0.18533325,0,0,False,False,False
222,69,838.77,334.0962,838.4595,331.98953,0.19396973,2.4426575,85.45970954869372,0,False,False,False
222,77,855.23303,288.01935,856.1128,287.57297,-1.3858643,0.7568054,0,0,False,False,False
222,81,1380.596,480.03247,1380.5812,480.30664,0.055664062,-0.6661682,0,0,False,False,False
222,78,369.39948,499.49863,369.049,499.48865,0.5069885,-0.022277832,0,0,False,False,False
222,76,449.01715,352.88605,449.1341,353.71606,-0.17553711,-1.1546631,0,0,False,False,False
222,83,890.356,249.09097,890.5405,249.10094,-0.2010498,0.26060486,0,0,False,False,False
223,5,1090.0852,299.81635,1090.2462,300.03653,-0.05102539,-0.32662964,0,0,False,False,False
223,73,1134.8887,537.55225,1139.4276,545.6582,-7.1364746,-12.897095,-118.95749715390816,-0.11958345103575141,False,False,True
223,57,1014.6615,408.05353,1014.2558,411.69037,0.37670898,-6.738983,-86.80049724136123,3.358123806576785,False,False,False
223,58,791.9385,382.86115,793.8174,380.6905,-2.5635986,3.284851,127.96957053264202,-3.4440755832641514,True,True,False
223,4,990.3364,287.63837,990.5177,288.21912,-0.41992188,-1.0131531,0,0,False,False,False
223,11,1295.7937,490.59943,1295.7026,490.57562,0.08154297,-0.09689331,0,0,False,False,False
223,69,839.20483,334.7143,838.72034,332.94318,0.41278076,2.8885498,81.86735527221883,-3.592354276474893,False,False,False
223,77,855.046,288.31808,855.7394,287.83374,-1.3276367,0.71624756,0,0,False,False,False
223,81,1380.5775,480.0275,1380.5798,480.20892,0.021972656,-0.4861145,0,0,False,False,False
223,78,369.2271,499.50446,369.11133,499.49414,0.5226135,0.019714355,0,0,False,False,False
223,76,449.0333,352.90253,449.09882,353.43134,-0.27905273,-1.1796875,0,0,False,False,False
223,83,890.0115,249.55429,890.35535,249.25961,-0.3161621,0.20950317,0,0,False,False,False
224,5,1090.0022,299.5907,1090.1608,299.8805,-0.19055176,-0.35028076,0,0,False,False,False
224,73,1132.3827,534.27423,1136.9619,541.6738,-7.354126,-12.63562,-120.2000658981429,-1.242568744234731,False,False,True
224,57,1014.63184,406.45468,1014.3873,409.85785,0.4473877,-6.115906,-85.81617976436526,0.9843174769959688,False,False,False
224,58,790.5977,383.92236,792.6904,381.82162,-2.831421,3.2388916,131.1597724182814,3.190201885639368,True,False,False
224,4,990.222,287.40372,990.4142,287.93372,-0.31774902,-0.9744873,0,0,False,False,False
224,11,1295.8948,490.5725,1295.7698,490.57452,0.14208984,-0.011413574,0,0,False,False,False
224,69,838.40283,335.4047,838.6092,333.8047,0.3168335,2.9494934,83.86881884792285,2.0014635757040224,False,False,False
224,77,855.00684,288.7708,855.483,288.1617,-1.1036377,0.82910156,0,0,False,False,False
224,81,1380.5596,479.75696,1380.5726,480.05072,-0.00061035156,-0.40359497,0,0,False,False,False
224,78,369.07004,499.5533,369.09686,499.51483,0.23651123,0.031555176,0,0,False,False,False
224,76,449.02875,352.66904,449.07428,353.16452,-0.122802734,-0.9984741,0,0,False,False,False
224,83,889.7545,249.60522,890.145,249.38055,-0.49487305,0.27423096,0,0,False,False,False
225,5,1090.0305,299.543,1090.1152,299.76236,-0.21777344,-0.3927307,0,0,False,False,False
225,73,1130.8647,530.62524,1134.8279,537.8068,-7.0438232,-12.216187,-119.96764381174474,0.23242208639815942,False,False,True
225,57,1014.5082,404.06934,1014.42957,407.83185,0.39215088,-5.816864,-86.14317211675582,-0.3269923523905618,False,False,False
225,58,790.42725,385.12134,791.8983,382.9765,-2.9308472,3.454834,130.3090170538482,-0.8507553644331836,True,False,False
225,4,990.0938,287.185,990.30206,287.67166,-0.31329346,-0.86016846,0,0,False,False,False
225,11,1295.8723,490.6808,1295.8057,490.6117,0.15209961,0.048858643,0,0,False,False,False
225,69,837.6769,336.4992,838.28284,334.74774,-0.17663574,2.7582092,93.66421853165662,9.795399683733763,False,False,False
225,77,854.8863,289.09796,855.2741,288.48938,-0.8386841,0.91641235,0,0,False,False,False
225,81,1380.5848,479.61548,1380.5769,479.89838,-0.004272461,-0.40826416,0,0,False,False,False
225,76,448.90228,352.74658,449.0141,353.01825,-0.11999512,-0.69781494,0,0,False,False,False
225,83,889.4166,249.80438,889.89,249.52888,-0.6505127,0.427948,0,0,False,False,False
226,5,1089.8135,299.68582,1090.0096,299.73557,-0.23657227,-0.30096436,0,0,False,False,False
226,73,1128.9949,527.075,1132.7864,534.05066,-6.6412354,-11.607544,-119.77595391874188,0.19168989300285944,False,False,True
226,57,1014.8854,402.8038,1014.5891,406.07202,0.333313,-5.618347,-86.60486094649093,-0.4616888297351096,True,False,False
226,58,789.5934,386.7088,791.09155,384.2828,-2.72583,3.5923157,127.19103392740448,-3.1179831264437325,True,False,False
226,4,990.0138,287.11194,990.2011,287.47574,-0.31658936,-0.7433777,0,0,False,False,False
226,11,1295.8958,490.86533,1295.8372,490.70044,0.13452148,0.124816895,0,0,False,False,False
226,69,837.6389,337.39587,838.0575,335.6746,-0.6628418,2.7314148,103.64047898273867,9.976260451082055,True,True,False
226,77,854.5333,289.29663,855.01483,288.7719,-0.72454834,0.9381714,0,0,False,False,False
226,81,1380.6125,479.59827,1380.5894,479.79333,0.009521484,-0.41558838,0,0,False,False,False
226,76,448.75598,352.9442,448.92377,352.9923,-0.17504883,-0.43902588,0,0,False,False,False
227,5,1089.6992,299.87784,1089.9009,299.78534,-0.2598877,-0.09515381,0,0,False,False,False
227,73,1127.4364,523.7894,1130.9138,530.4592,-6.0480957,-11.2146,-118.33823090604203,1.4377230126998484,False,False,True
227,57,1015.2013,400.68582,1014.80334,404.18683,0.41601562,-5.6710205,-85.80440240771375,0.8004585387771783,True,False,False
227,58,788.74023,387.75598,790.26855,385.4984,-2.421875,3.6767883,123.37261944353622,-3.8184144838682528,True,False,False
227,4,989.819,286.73602,990.0673,287.21683,-0.3468628,-0.7168884,0,0,False,False,False
227,11,1295.8076,490.9226,1295.8268,490.77817,0.057006836,0.2036438,0,0,False,False,False
227,69,837.8329,338.49313,837.9789,336.66107,-0.63031006,2.8563843,102.44387134438462,-1.1966076383540525,True,True,False
227,77,854.36426,289.49963,854.7871,289.0266,-0.6958618,0.8648987,0,0,False,False,False
227,81,1380.7076,479.54584,1380.6307,479.7067,0.05810547,-0.34402466,0,0,False,False,False
227,76,448.5517,353.02332,448.79352,353.00314,-0.28076172,-0.16137695,0,0,False,False,False
227,80,898.2053,304.97394,899.98267,296.45807,-1.1149902,5.0982666,102.33634608446519,0,False,False,False
227,78,369.07764,499.73395,369.09012,499.5915,0.041107178,0.10284424,0,0,False,False,False
228,5,1089.719,300.09598,1089.8372,299.89404,-0.27807617,0.13168335,0,0,False,False,False
228,73,1125.4315,520.00574,1128.995,526.8005,-5.8328857,-11.006348,-117.92164494572268,0.41658596031935247,False,False,True
228,57,1014.7163,399.85593,1014.7728,402.67102,0.34326172,-5.1608276,-86.19469527889142,-0.39029287117766387,True,False,False
228,58,787.0804,389.16217,789.1527,386.7807,-2.7456055,3.8041992,125.81912166974466,2.4465022262084375,True,False,False
228,4,989.73016,286.236,989.94934,286.87354,-0.35272217,-0.7981262,0,0,False,False,False
228,11,1295.8231,490.95,1295.8254,490.83832,0.01977539,0.22662354,0,0,False,False,False
228,69,837.057,340.07794,837.65625,337.85696,-0.6265869,3.1092224,101.39393858931298,-1.0499327550716373,False,False,False
228,77,853.81104,289.555,854.44543,289.21155,-0.8286743,0.72216797,0,0,False,False,False
228,81,1380.8438,479.8285,1380.7053,479.7493,0.12841797,-0.14907837,0,0,False,False,False
228,80,897.6461,304.73962,899.16486,299.3566,-1.9008179,7.7926636,103.70812838606845,1.371782301603261,False,False,False
228,78,368.98438,499.669,369.0531,499.61862,-0.05822754,0.1244812,0,0,False,False,False
228,72,994.2665,319.13617,1000.1742,322.59988,-6.171753,-3.4634094,-150.70011855604838,-3.7057527276069777,True,False,True
229,5,1089.7906,299.83075,1089.8208,299.8719,-0.18884277,0.13632202,0,0,False,False,False
229,73,1123.7717,515.7908,1127.1669,522.947,-5.619507,-11.103638,-116.84379022960039,1.077854716122289,False,False,True
229,57,1014.46484,398.21118,1014.665,401.11005,0.0758667,-4.961975,-89.12403772511429,-2.9293424462228757,True,False,False
229,58,787.00745,390.61853,788.40186,388.1239,-2.6896973,3.841095,125.00133732052669,-0.8177843492179733,True,False,False
229,4,989.63745,285.59686,989.84015,286.4267,-0.3609619,-1.0490417,0,0,False,False,False
229,11,1295.8467,491.00854,1295.8328,490.8979,-0.0043945312,0.19744873,0,0,False,False,False
229,69,837.1824,340.99176,837.49036,338.95413,-0.5671387,3.279541,99.81125686799605,-1.5826817213169306,True,True,False
229,77,853.52673,289.48486,854.1239,289.3072,-0.8909302,0.5352783,0,0,False,False,False
229,81,1380.7231,479.64636,1380.7115,479.71326,0.12219238,-0.080078125,0,0,False,False,False
229,80,897.0382,306.06183,898.42053,301.70343,-2.519165,9.830841,104.37284440212946,0.664716016061007,False,False,False
229,72,994.59106,318.23538,998.2201,321.0723,-6.5351562,-4.0698547,-148.0868693987337,2.6132491573146694,True,False,True
230,5,1089.8245,299.7426,1089.822,299.82663,-0.07885742,0.041290283,0,0,False,False,False
230,73,1122.5815,512.2012,1125.562,519.186,-5.3518066,-11.273254,-115.39532115908935,1.4484690705110381,False,False,True
230,57,1014.29736,396.43658,1014.53625,399.47433,-0.26708984,-4.712494,-93.24388034926935,-4.119842624155055,True,False,False
230,4,989.71094,285.59717,989.7949,286.13635,-0.2723999,-1.0804749,0,0,False,False,False
230,11,1295.9529,491.05963,1295.8748,490.95447,0.047973633,0.17630005,0,0,False,False,False
230,69,837.563,341.69662,837.51575,339.914,-0.46313477,3.2529297,98.1030093064397,-1.7082475615563482,True,True,False
230,77,853.417,289.56076,853.87646,289.39594,-0.91064453,0.36932373,0,0,False,False,False
230,81,1380.8577,479.61032,1380.7627,479.67722,0.13195801,-0.02947998,0,0,False,False,False
230,80,896.3865,307.94147,897.7086,303.88672,-2.2740479,7.42865,107.02032357844912,2.6474791763196635,False,False,False
230,72,993.9485,318.2627,996.725,320.08893,-6.630371,-4.3760376,-146.5752329046324,1.5116364941013103,True,False,True
231,5,1089.8533,299.48883,1089.8329,299.70837,-0.004272461,-0.18566895,0,0,False,False,False
231,73,1121.1261,508.07568,1124.0094,515.29736,-4.9855957,-11.503113,-113.4325233895018,1.962797769587553,False,False,True
231,57,1014.3623,395.0891,1014.47534,397.93948,-0.29748535,-4.731537,-93.59761522446006,-0.35373487519071034,True,False,False
231,4,989.77136,284.94177,989.7867,285.71823,-0.16265869,-1.155304,0,0,False,False,False
231,11,1295.9614,491.11115,1295.905,491.00928,0.079589844,0.17095947,0,0,False,False,False
231,69,836.89575,342.45767,837.2987,340.80426,-0.35754395,2.9472961,96.91689662675121,-1.1861126796884918,True,True,False
231,77,853.3717,289.55338,853.6997,289.45102,-0.74572754,0.23947144,0,0,False,False,False
231,81,1380.8,479.21497,1380.7758,479.51544,0.07043457,-0.2338562,0,0,False,False,False
231,80,896.40967,308.2217,897.2539,305.40396,-1.9109497,6.0473633,107.53638895470161,0.5160653762524845,False,False,False
231,78,368.92596,499.1446,369.0086,499.4527,-0.088256836,-0.06213379,0,0,False,False,False
231,58,785.18506,392.73032,787.27594,389.73615,-2.9926147,4.237732,125.2290929472474,0.22775562672070748,True,False,False
232,5,1089.8643,299.44867,1089.8439,299.61746,0.023071289,-0.25442505,0,0,False,False,False
232,73,1120.3596,504.39368,1122.7319,511.48105,-4.4349365,-11.465973,-111.14602785367501,2.2864955358267878,False,False,True
232,57,1014.71136,392.925,1014.5579,396.1844,-0.107055664,-4.925659,-91.24508658468493,2.35252863977513,True,False,False
232,4,989.90125,284.1289,989.8268,285.16196,-0.013366699,-1.26474,0,0,False,False,False
232,11,1295.8386,491.1369,1295.8818,491.05392,0.049072266,0.15603638,0,0,False,False,False
232,69,836.79486,342.38873,837.1223,341.35883,-0.368042,2.4046936,98.70168004956962,1.784783422818407,True,True,False
232,77,852.87634,289.33884,853.4115,289.41174,-0.71240234,0.10455322,0,0,False,False,False
232,81,1380.8301,479.20987,1380.7947,479.40848,0.08312988,-0.30477905,0,0,False,False,False
232,80,896.688,308.06006,897.0558,306.3336,-1.3647461,4.6301575,106.4229628699966,-1.1134260847050115,False,False,False
232,78,368.72052,498.69794,368.90778,499.18854,-0.18234253,-0.4029541,0,0,False,False,False
232,58,784.179,394.07544,786.192,391.25488,-2.9606934,4.474182,123.49373781062248,-1.7353551366249178,True,False,False
232,72,991.5688,318.01868,994.9203,319.36432,-5.2539062,-3.2355652,-148.37358025440489,-1.7983473497724844,True,False,True
233,5,1089.6294,299.48297,1089.7688,299.57037,-0.053222656,-0.2562561,0,0,False,False,False
233,73,1117.3667,501.24796,1120.8541,507.89948,-4.7078857,-11.286499,-112.6422580889313,-1.4962302352562915,False,False,True
233,57,1014.23145,390.9299,1014.4436,394.3453,-0.09265137,-5.1290283,-91.03488510383146,0.21020148085347046,True,False,False
233,4,989.66296,283.5078,989.7694,284.583,-0.025512695,-1.5533447,0,0,False,False,False
233,11,1295.345,491.01907,1295.6938,491.0417,-0.1809082,0.08721924,0,0,False,False,False
233,69,837.1365,343.93347,837.1272,342.25995,-0.3885498,2.3459473,99.40429677832213,0.7026167287525169,True,True,False
233,77,852.61475,289.41876,853.1326,289.41418,-0.74383545,0.018249512,0,0,False,False,False
233,81,1380.8906,479.2306,1380.8281,479.3462,0.06542969,-0.33102417,0,0,False,False,False
233,80,897.0222,307.57495,897.044,306.76807,-0.6646118,2.8813477,102.9886777612149,-3.434285108781694,False,False,False
233,78,368.63345,498.6424,368.81177,498.99738,-0.24133301,-0.62124634,0,0,False,False,False
233,58,783.5469,395.22736,785.2662,392.64523,-3.1356812,4.521332,124.74248522292356,1.2487474123010855,True,False,False
233,72,990.98254,317.8258,993.54205,318.82584,-4.6780396,-2.24646,-154.34903094757814,-5.975450693173258,True,False,True
234,5,1089.8176,299.48453,1089.7859,299.5403,-0.04699707,-0.1680603,0,0,False,False,False
234,73,1115.4036,498.50244,1118.9464,504.61047,-5.0629883,-10.68689,-115.34957991288216,-2.7073218239508634,False,False,True
234,57,1013.59607,389.67123,1014.1469,392.70935,-0.32843018,-5.230133,-93.59321387835016,-2.5583287745186993,True,False,False
234,4,989.5272,282.92194,989.68463,284.00162,-0.10205078,-1.7166138,0,0,False,False,False
234,11,1295.227,491.1065,1295.5305,491.06436,-0.37451172,0.05508423,0,0,False,False,False
234,69,837.34265,346.27148,837.2025,343.66397,-0.096191406,2.8597107,91.92651810892154,-7.4777786694005925,True,False,False
234,77,852.15765,289.59222,852.7914,289.4765,-0.9083252,0.025482178,0,0,False,False,False
234,81,1380.9385,479.23352,1380.8667,479.30676,0.09094238,-0.2086792,0,0,False,False,False
234,80,896.28204,307.66125,896.7772,307.08066,-0.47668457,1.6766968,0,0,False,False,False
234,78,368.64172,498.6103,368.75226,498.86188,-0.25634766,-0.5908203,0,0,False,False,False
234,58,782.39,396.70013,784.2595,394.06445,-3.0164185,4.328308,124.87282352318469,0.1303383002611298,True,False,False
234,72,989.93616,317.3708,992.27997,318.31656,-4.4450073,-1.7723694,-158.2612177997382,-3.912186852160062,True,True,True
234,76,449.5061,352.67917,449.0429,352.88974,0.028808594,-0.12850952,0,0,False,False,False
235,5,1090.269,299.7741,1089.955,299.62213,0.111083984,0.0046691895,0,0,False,False,False
235,73,1113.9867,495.40717,1117.2104,501.38928,-5.5214844,-10.091766,-118.68428831143305,-3.3347083985508874,False,False,True
235,57,1013.7075,388.19226,1013.99316,391.12836,-0.5647583,-5.0560303,-96.37351581982408,-2.7803019414739225,True,False,False
235,4,989.2538,282.3927,989.5338,283.43848,-0.29296875,-1.7234802,0,0,False,False,False
235,11,1295.6981,491.08255,1295.5891,491.07074,-0.2927246,0.016815186,0,0,False,False,False
235,77,852.2646,289.93225,852.607,289.636,-0.8045044,0.22424316,0,0,False,False,False
235,81,1381.0159,479.27423,1380.9188,479.29535,0.12414551,-0.11312866,0,0,False,False,False
235,80,895.78864,308.2799,896.43115,307.50037,-0.6246338,1.1667786,0,0,False,False,False
235,78,368.69006,498.5842,368.73047,498.7647,-0.17730713,-0.42382812,0,0,False,False,False
235,58,781.23663,397.34302,783.20154,395.2119,-2.9904785,3.9570312,127.07972383723316,2.206900314048468,True,False,False
235,72,989.0636,316.57416,991.1542,317.70673,-3.7661133,-1.6575928,-156.244095532142,2.017122267596193,True,True,True
236,5,1090.3065,299.5044,1090.078,299.58093,0.3092041,0.010559082,0,0,False,False,False
236,73,1111.8052,492.24512,1115.3186,498.18878,-5.5355225,-9.710693,-119.68504283029105,-1.0007545188580025,False,False,True
236,57,1013.7937,387.44955,1013.92334,389.84076,-0.5202637,-4.504547,-96.58832415536924,-0.21480833554515755,True,False,False
236,4,989.12537,281.88727,989.39087,282.89554,-0.37854004,-1.6874695,0,0,False,False,False
236,11,1295.404,490.98645,1295.5243,491.04126,-0.16955566,-0.0004272461,0,0,False,False,False
236,77,852.04565,290.4167,852.4105,289.9092,-0.72210693,0.49502563,0,0,False,False,False
236,81,1380.9858,479.2731,1380.9423,479.28754,0.11413574,-0.058654785,0,0,False,False,False
236,80,895.63934,308.98633,896.154,308.02045,-0.89001465,1.2523804,0,0,False,False,False
236,58,779.91815,398.62518,782.05237,396.40656,-3.2138062,3.761322,130.51174472555394,3.4320208883207783,True,False,False
236,72,988.32806,315.5124,990.16504,316.93872,-3.3770142,-1.8871155,-150.80302456237814,5.441070969763871,True,False,True
236,69,837.536,348.00195,837.3192,345.18225,0.19689941,3.8234253,87.0519763543714,-4.874541754550137,False,False,False
237,5,1090.4017,299.36267,1090.1913,299.50452,0.4053955,-0.03579712,0,0,False,False,False
237,73,1109.8281,489.00333,1113.397,494.97388,-5.5494385,-9.636597,-119.93640089993701,-0.25135806964595986,False,False,True
237,57,1013.79596,384.63647,1013.8788,388.01923,-0.26812744,-4.6901245,-93.27195307604718,3.316371079322053,True,False,False
237,4,989.0525,281.77393,989.27246,282.50296,-0.4121704,-1.4986572,0,0,False,False,False
237,11,1295.3284,490.87875,1295.4557,490.98438,-0.0748291,-0.07998657,0,0,False,False,False
237,77,851.9263,290.87158,852.241,290.24603,-0.550354,0.76953125,0,0,False,False,False
237,81,1380.9463,479.16293,1380.9436,479.24393,0.0769043,-0.06283569,0,0,False,False,False
237,80,895.4572,308.7049,895.9101,308.26,-0.86712646,1.1793518,0,0,False,False,False
237,58,778.3658,400.30145,780.762,397.76974,-3.4974976,3.7052917,133.34752506720423,2.835780341650292,True,False,False
237,72,988.7876,315.7088,989.68286,316.50824,-2.597107,-1.8083191,-145.15119575399996,5.651828808378184,True,False,True
237,69,837.4437,348.49963,837.36273,346.34332,0.23553467,4.083374,86.69875809049064,-0.3532182638807626,False,False,False
237,76,450.1415,352.1665,449.4274,352.6366,0.5036316,-0.3557129,0,0,False,False,False
238,5,1090.324,299.5824,1090.2377,299.53177,0.28271484,-0.09036255,0,0,False,False,False
238,73,1108.7385,486.12274,1111.7665,491.87598,-5.4439697,-9.513306,-119.7802598547469,0.15614104519011107,False,False,True
238,57,1013.9066,382.90137,1013.8885,386.22797,-0.10467529,-4.9003906,-91.22368624294587,2.0482668331013087,True,False,False
238,4,989.0051,281.87726,989.1789,282.28397,-0.35491943,-1.1545105,0,0,False,False,False
238,11,1295.2642,490.81323,1295.3885,490.92444,-0.20056152,-0.14630127,0,0,False,False,False
238,77,851.6603,291.5274,852.0377,290.69452,-0.5692749,1.0585327,0,0,False,False,False
238,81,1380.8838,479.10098,1380.9226,479.1939,0.0037841797,-0.10144043,0,0,False,False,False
238,80,895.4546,308.74377,895.7506,308.42932,-0.680542,0.9289551,0,0,False,False,False
238,58,777.7606,401.81778,779.71155,399.18652,-3.4899902,3.9746094,131.28543793686262,-2.0620871303416095,True,False,False
238,72,988.16785,315.86157,989.1526,316.2819,-2.001587,-1.4248352,-144.55473187334368,0.5964638806562732,True,False,True
238,69,837.63,349.27643,837.4563,347.3699,0.25378418,3.7059326,86.08247164270765,-0.616286447782997,False,False,False
239,5,1090.4285,299.34717,1090.3044,299.46716,0.22644043,-0.11376953,0,0,False,False,False
239,73,1107.0852,483.72345,1110.128,489.02258,-5.1905518,-9.166199,-119.5216159127522,0.25864394199470553,False,False,True
239,57,1013.41077,381.22418,1013.7212,384.47662,-0.20214844,-5.3641357,-92.1581806638615,-0.9344944209156267,True,False,False
239,4,989.0287,281.68665,989.1263,282.0749,-0.2645874,-0.8206482,0,0,False,False,False
239,11,1295.2864,490.45068,1295.3528,490.7586,-0.17150879,-0.2826538,0,0,False,False,False
239,77,850.8876,291.9159,851.63513,291.122,-0.7753906,1.2127991,0,0,False,False,False
239,81,1380.8821,478.90198,1380.9084,479.09174,-0.033813477,-0.19580078,0,0,False,False,False
239,80,894.64014,309.66418,895.36194,308.8615,-0.7920532,0.84106445,0,0,False,False,False
239,58,776.5338,403.03134,778.59937,400.5322,-3.453003,4.125641,129.92803779750793,-1.357400139354695,True,True,False
239,72,987.5852,316.59216,988.604,316.39047,-1.5610352,-0.5482483,0,0,False,False,False
239,69,837.477,350.02905,837.4635,348.3006,0.14428711,3.1183472,87.35079201965739,1.2683203769497453,False,False,False
240,5,1090.2162,299.17273,1090.2736,299.3641,0.08227539,-0.14041138,0,0,False,False,False
240,73,1106.3662,481.05615,1108.8114,486.2343,-4.5855713,-8.739563,-117.68559844687599,1.8360174658762105,False,False,True
240,57,1013.27344,379.6396,1013.56445,382.78363,-0.31433105,-5.2355957,-93.43576009440649,-1.2775794305449892,True,False,False
240,4,989.6301,281.77734,989.3026,281.97076,0.030151367,-0.53219604,0,0,False,False,False
240,11,1295.4039,490.17487,1295.3706,490.55426,-0.08508301,-0.43011475,0,0,False,False,False
240,77,850.1846,291.9369,851.12744,291.4072,-1.1135864,1.1611633,0,0,False,False,False
240,80,894.2583,310.07928,894.9756,309.28772,-0.9345093,1.02771,0,0,False,False,False
240,58,775.7639,404.6391,777.60693,401.9696,-3.1550903,4.1998596,126.91523405483309,-3.0128037426748335,True,True,False
240,72,986.6726,316.34668,987.928,316.37512,-1.7548828,-0.13311768,0,0,False,False,False
240,69,837.498,350.57703,837.4756,349.09735,0.112854004,2.7540283,87.65345821060511,0.3026661909477184,False,False,False
241,5,1089.7134,299.44473,1090.0775,299.3923,-0.16015625,-0.13946533,0,0,False,False,False
241,73,1105.4993,478.76135,1107.6521,483.61877,-4.11438,-8.257202,-116.48605343064705,1.1995450162289387,False,False,True
241,57,1014.2423,378.08853,1013.8017,381.14032,-0.08679199,-5.0876465,-90.97733451965564,2.458425574750848,True,False,False
241,11,1295.8894,490.57898,1295.5521,490.5629,0.16357422,-0.36154175,0,0,False,False,False
241,77,849.75995,291.44843,850.6488,291.42163,-1.388916,0.7271118,0,0,False,False,False
241,80,894.11597,311.2577,894.6747,309.9772,-1.0759277,1.5478821,0,0,False,False,False
241,58,774.6058,406.54318,776.5565,403.57037,-3.1550293,4.38385,125.74232755452152,-1.1729065003115693,True,False,False
241,72,985.55505,314.93338,987.0974,315.8705,-2.0551758,-0.41137695,-168.68090543681535,0,True,False,False
241,69,837.662,352.0008,837.54083,350.11356,0.08453369,2.7436523,88.23523850831181,0.5817802977067004,False,False,False
242,5,1089.5702,299.24408,1089.8999,299.34042,-0.40454102,-0.1267395,0,0,False,False,False
242,73,1104.0093,475.76288,1106.3771,480.8692,-3.7509766,-8.153381,-114.70487279342956,1.7811806372174885,False,False,True
242,57,1014.5653,376.63745,1014.0689,379.5643,0.3477173,-4.912323,-85.95108903048654,5.026245489169099,True,False,False
242,77,849.3728,291.1717,850.20215,291.33414,-1.4329834,0.21212769,0,0,False,False,False
242,80,893.5585,311.71448,894.28394,310.58524,-1.0780029,1.7237244,122.02151942269788,19.032841661482976,False,False,False
242,58,774.089,407.71014,775.6929,405.0193,-2.9064941,4.487091,122.93297657713966,-2.809350977381868,True,False,False
242,72,985.1057,314.80203,986.40027,315.49652,-2.2037354,-0.8939514,-157.91992763129352,10.760977805521833,True,True,False
242,69,837.5949,353.32858,837.55975,351.2388,0.09625244,2.938202,88.12372078119176,-0.11151772712004515,False,False,False
243,5,1089.3999,299.18402,1089.7249,299.28568,-0.54870605,-0.078430176,0,0,False,False,False
243,73,1103.0472,473.45016,1105.2117,478.27252,-3.5997314,-7.961792,-114.32895238746224,0.3759204059673209,False,False,True
243,57,1014.9347,375.53513,1014.37195,378.15405,0.8074951,-4.6295776,-80.10595146902773,5.845137561458813,True,False,False
243,77,848.9767,291.17548,849.7732,291.2786,-1.354248,-0.12860107,0,0,False,False,False
243,80,893.41046,312.3132,893.9782,311.19,-0.9973755,1.9022827,117.6682272709771,-4.35329215172078,True,True,False
243,58,773.3252,409.00757,774.86414,406.41516,-2.7427979,4.4455566,121.6735534213523,-1.2594231557873599,True,False,False
243,72,984.6954,315.17786,985.8035,315.38498,-2.1244507,-0.9901428,-155.0111837388031,2.9087438924904063,True,True,False
243,69,837.761,354.07977,837.6301,352.23312,0.15454102,3.1357727,87.17856156464485,-0.9451592165469123,False,False,False
244,5,1089.4021,299.24335,1089.6118,299.27084,-0.46569824,-0.12145996,0,0,False,False,False
244,73,1101.2178,470.14728,1103.8137,475.42868,-3.838379,-8.190094,-115.11066128716631,-0.7817088997040713,False,False,True
244,57,1015.1306,374.69568,1014.63745,376.9436,0.8357544,-4.1967163,-78.7371878639468,1.3687636050809289,True,False,False
244,77,848.4242,291.93658,849.301,291.50888,-1.3477783,0.087249756,0,0,False,False,False
244,80,892.947,312.74792,893.6173,311.73526,-1.057373,1.7580566,121.02456267551065,3.356335404533553,True,True,False
244,58,771.9861,410.48944,773.8568,407.84113,-2.699707,4.270752,122.29855952052009,0.6250060991677913,True,False,False
244,72,984.8274,314.4888,985.46185,315.0713,-1.6355591,-0.79922485,0,0,False,False,False
244,69,837.6787,354.8736,837.6471,353.1573,0.10626221,3.0437317,88.00051225351214,0.8219506888672896,False,False,False
244,11,1295.995,490.23486,1295.707,490.44806,0.35424805,-0.31054688,0,0,False,False,False
245,5,1089.3313,299.29013,1089.5137,299.2776,-0.38623047,-0.06283569,0,0,False,False,False
245,73,1098.7925,467.36954,1102.0563,472.60797,-4.320801,-8.26123,-117.61053243535585,-2.4998711481895413,False,False,True
245,57,1015.30457,373.10736,1014.871,375.6009,0.802063,-3.9634094,-78.55972807179268,0.17745979215412433,True,True,False
245,77,847.75085,292.77515,848.7584,291.95206,-1.4437256,0.6179199,0,0,False,False,False
245,80,892.442,313.373,893.20593,312.30847,-1.0780029,1.7232361,122.0288173990736,1.0042547235629513,True,True,False
245,58,770.51324,411.5894,772.6865,409.153,-3.0063477,4.133728,126.02737338510362,3.728813864583529,True,False,False
245,72,984.68585,313.97003,985.1902,314.68585,-1.210083,-0.81066895,0,0,False,False,False
245,69,837.50146,355.4781,837.59607,353.96954,0.036315918,2.7307434,89.23807335112782,1.2375610976156821,False,False,False
246,5,1089.1743,299.2357,1089.3948,299.2629,-0.33007812,-0.022766113,0,0,False,False,False
246,73,1097.6611,464.39117,1100.518,469.73206,-4.6937256,-8.540466,-118.79260416803181,-1.1820717326759649,False,False,True
246,57,1015.8407,371.96844,1015.2104,374.32953,0.83843994,-3.824524,-77.63481850848832,0.9249095633043538,True,True,False
246,77,846.82495,293.4486,848.08167,292.47583,-1.6915283,1.1972351,144.7097862247596,0,False,False,False
246,80,892.4193,313.80768,892.9306,312.8332,-1.0476074,1.6431885,0,0,False,False,False
246,58,769.3601,412.65088,771.5222,410.37726,-3.341919,3.9620972,130.1467018098749,4.119328424771297,True,False,False
246,72,982.98254,312.84106,984.4175,314.04016,-1.3860474,-1.3448181,0,0,False,False,False
246,69,837.49225,356.07785,837.5597,354.70746,-0.07043457,2.4743347,91.63054500018289,2.392471649055068,False,False,False
247,5,1088.8567,299.01547,1089.2064,299.1763,-0.4053955,-0.09454346,0,0,False,False,False
247,73,1095.6538,461.83734,1098.8154,466.9689,-4.998291,-8.459778,-120.57587038285439,-1.783266214822575,False,False,True
247,57,1016.2039,370.60852,1015.5581,373.02716,0.9206543,-3.9164429,-76.77142525985909,0.8633932486292366,True,True,False
247,77,846.4126,293.72272,847.49744,292.91223,-1.8035889,1.4033508,142.11394366341878,-2.5958425613408167,False,False,False
247,80,892.56714,314.4978,892.80334,313.4158,-0.81396484,1.680542,0,0,False,False,False
247,58,768.56335,414.269,770.4866,411.73938,-3.3702393,3.8982544,130.84508276250824,0.6983809526333289,True,False,False
247,69,837.25574,356.5814,837.45325,355.36334,-0.19384766,2.2060547,95.0217243163769,3.3911793161940125,False,False,False
247,11,1295.449,489.7487,1295.6167,490.20325,0.24609375,-0.35101318,0,0,False,False,False
248,5,1088.5707,298.95978,1088.9839,299.1005,-0.52978516,-0.1770935,0,0,False,False,False
248,73,1095.1267,458.6736,1097.5243,464.06555,-4.5319824,-8.542419,-117.94714867601333,2.6287217068410627,False,False,True
248,57,1015.70386,369.2559,1015.6091,371.7072,0.73809814,-3.8936768,-79.26618512811001,-2.4947598682509238,True,True,False
248,77,845.9862,293.9148,846.96844,293.26312,-1.789978,1.3110657,143.77916583721665,1.665222173797872,False,False,False
248,80,892.2998,315.2951,892.6271,314.07355,-0.5788574,1.7650757,0,0,False,False,False
248,58,768.2084,416.14777,769.6892,413.2823,-2.9973145,4.1292725,125.97476676608962,-4.870315996418626,True,False,False
248,69,836.7781,357.6333,837.2169,356.1578,-0.3791504,2.188263,99.82978864403324,4.808064327656339,False,False,False
249,5,1088.5398,299.00986,1088.8284,299.06876,-0.56640625,-0.19415283,0,0,False,False,False
249,73,1094.3286,456.38382,1096.4058,461.37695,-4.1121826,-8.355103,-116.20531350131968,1.741835174693648,False,False,True
249,57,1015.8313,368.40155,1015.6868,370.55023,0.47644043,-3.7792969,-82.81486003289092,-3.54867490478091,True,False,False
249,77,845.3669,294.25394,846.4079,293.6099,-1.6737671,1.1340637,145.88033012086186,2.101164283645204,False,False,False
249,80,892.1531,315.77045,892.4612,314.66745,-0.4694214,1.834259,0,0,False,False,False
249,58,767.2891,417.24542,768.8491,414.66937,-2.6730957,4.2921143,121.91433240909699,-4.06043435699263,True,True,False
249,69,836.5818,358.76334,836.9946,357.06973,-0.5650635,2.3622742,103.45255714465077,3.622768500617525,False,False,False
249,11,1295.232,489.14563,1295.482,489.83307,-0.07006836,-0.7298279,0,0,False,False,False
250,5,1088.4717,298.9897,1088.7035,299.04108,-0.5029297,-0.13522339,0,0,False,False,False
250,73,1092.6256,454.14413,1095.0826,458.84546,-3.732788,-8.123444,-114.67916396163345,1.5261495396862301,False,False,True
250,57,1016.52075,367.1554,1015.97864,369.362,0.42053223,-3.6651611,-83.45463551350127,-0.6397754806103535,True,False,False
250,77,845.1923,294.54874,845.9824,293.93848,-1.5150146,1.0262451,0,0,False,False,False
250,80,891.7838,316.3117,892.22406,315.24292,-0.57928467,1.8271179,0,0,False,False,False
250,58,765.56915,419.49173,767.7011,416.35718,-2.7854614,4.617798,121.09843224350577,-0.8159001655912164,True,True,False
250,69,836.34534,359.59793,836.76733,357.9546,-0.6859131,2.5912476,104.82636868846835,1.373811543817581,False,False,False
250,11,1295.19,489.1709,1295.3798,489.6013,-0.3272705,-0.84677124,0,0,False,False,False
250,72,981.53125,309.6995,983.4072,312.52094,-2.0546265,-2.550354,-128.85575349625557,0,True,True,False
251,5,1088.366,299.128,1088.5853,299.07147,-0.39855957,-0.029022217,0,0,False,False,False
251,73,1091.9941,451.95944,1094.0017,456.43536,-3.522583,-7.630188,-114.78106936296446,-0.10190540133100967,False,False,True
251,57,1015.97,365.1317,1015.9756,367.8814,0.3665161,-3.8258057,-84.52770595331224,-1.0730704398109623,True,False,False
251,77,844.7605,294.33768,845.5547,294.0782,-1.4137573,0.8150635,0,0,False,False,False
251,80,891.6101,317.44662,892.00916,316.01422,-0.6179199,1.9406738,107.6617264700948,-14.367090928978797,False,False,False
251,58,763.6267,422.31342,766.275,418.44183,-3.4141846,5.159546,123.49347942611666,2.395047182610895,True,True,False
251,69,836.2077,361.37134,836.5714,359.15045,-0.6455078,2.9926453,102.17210408655215,-2.6542646019161964,False,False,False
251,97,1277.0562,403.72382,1277.0217,403.78613,0.036621094,-0.040649414,0,0,False,False,False
251,11,1295.1917,489.021,1295.314,489.39816,-0.30273438,-0.8050842,0,0,False,False,False
251,72,981.32666,309.24927,982.67896,311.37585,-2.5112305,-3.3099976,-127.18688001754133,1.6688734787142465,True,True,False
252,5,1088.3206,299.11987,1088.4927,299.0884,-0.33569336,0.01965332,0,0,False,False,False
252,73,1090.7529,449.4473,1092.8646,453.98953,-3.5411377,-7.3874207,-115.61058849451268,-0.8295191315482242,False,False,True
252,57,1016.7035,364.47314,1016.23035,366.6885,0.54351807,-3.8617249,-81.98853488154123,2.5391710717710083,True,True,False
252,77,845.1217,294.1294,845.40314,294.0961,-1.0047607,0.48620605,0,0,False,False,False
252,80,890.9376,318.0323,891.63403,316.72055,-0.82714844,2.0531006,111.94340617088494,4.281679700790136,False,False,False
252,58,762.4976,424.91904,764.9529,420.70886,-3.8962402,6.0394897,122.82717013271898,-0.6663092933976884,True,False,False
252,69,836.6747,363.40192,836.60754,360.63846,-0.38708496,3.5687256,96.19043632605404,-5.981667760498112,False,False,False
252,97,1277.0693,403.634,1277.0383,403.73285,0.044921875,-0.09277344,0,0,False,False,False
252,11,1295.2422,488.948,1295.2888,489.2406,-0.1932373,-0.59246826,0,0,False,False,False
252,72,980.61804,309.17346,981.9576,310.605,-2.4599,-3.4351501,-125.60632853010212,1.5805514874392088,True,True,False
252,4,990.44666,279.1322,989.703,280.97726,0.5241089,-1.3067017,0,0,False,False,False
253,5,1088.1829,299.14337,1088.3842,299.10764,-0.31933594,0.06655884,0,0,False,False,False
253,73,1089.2815,446.96088,1091.6105,451.52948,-3.472168,-7.315979,-115.38904362392287,0.22154487058980976,False,False,True
253,57,1015.73303,363.41724,1016.0563,365.54355,0.07763672,-3.818451,-88.83522307842667,-6.846688196885438,True,False,False
253,77,845.3771,294.09576,845.394,294.09598,-0.58843994,0.15750122,0,0,False,False,False
253,80,891.5627,318.364,891.609,317.29575,-0.61505127,2.052826,106.67884654596317,-5.264559624921773,False,False,False
253,58,760.21844,427.073,763.2958,422.93628,-4.4053345,6.5791016,123.80607254823121,0.9789024155122377,True,False,False
253,69,836.6021,364.7485,836.6056,362.07697,-0.16174316,4.1223755,92.24687190969358,-3.9435644163604593,False,False,False
253,97,1277.0875,403.53256,1277.0555,403.66272,0.052246094,-0.15701294,0,0,False,False,False
253,100,1295.2947,488.9118,1295.2418,488.98633,0.059448242,-0.1560669,0,0,False,False,False
253,11,1295.2771,488.93488,1295.2847,489.13358,-0.09509277,-0.4677124,0,0,False,False,False
253,72,979.545,308.3742,981.11316,309.82422,-2.2940674,-2.6967163,-130.38745304735215,-4.781124517250035,True,True,False
253,4,989.90234,278.16626,989.77277,279.9934,0.6464844,-2.081482,-72.74580603348946,0,True,True,False
254,5,1087.9727,299.2107,1088.2401,299.14368,-0.34521484,0.07220459,0,0,False,False,False
254,73,1088.0984,445.20618,1090.3812,449.31628,-3.6204834,-7.1190796,-116.95609512538852,-1.5670515014656416,False,False,True
254,57,1014.87787,362.33215,1015.6438,364.41956,-0.3317871,-3.461853,-95.47455778586753,-6.639334707440867,True,False,False
254,77,845.4431,294.44812,845.41113,294.21924,-0.14355469,0.14105225,0,0,False,False,False
254,80,891.17224,319.21735,891.4561,317.9683,-0.55303955,1.954071,105.80252958514589,-0.8763169608172774,False,False,False
254,58,758.5627,428.81842,761.63916,424.995,-4.6358643,6.5531616,125.2765073660493,1.470434817818088,True,False,False
254,69,836.37354,366.40903,836.5244,363.5932,-0.04699707,4.442749,90.6060737012425,-1.6407982084510877,False,False,False
254,97,1277.0872,403.58807,1277.0665,403.6366,0.044799805,-0.14953613,0,0,False,False,False
254,100,1295.2673,488.86682,1295.2507,488.94446,0.064697266,-0.14260864,0,0,False,False,False
254,11,1295.2533,488.88495,1295.2737,489.0465,-0.040283203,-0.35165405,0,0,False,False,False
254,72,978.08826,307.8302,980.0544,309.1263,-2.6245728,-2.2495422,-139.39985753405045,-9.012404486698301,True,False,False
254,4,989.029,277.3418,989.51245,279.06534,0.20983887,-2.905426,-85.86909387572602,-13.123287842236564,True,True,False
255,5,1087.9849,298.97565,1088.1508,299.08487,-0.34191895,-0.003540039,0,0,False,False,False
255,73,1087.6224,443.18903,1089.4155,447.17172,-3.4490967,-6.81781,-116.83462485211251,0.12147027327600313,False,False,True
255,57,1013.8669,360.88757,1015.02185,363.18335,-1.2084961,-3.5051575,-109.02299249673129,-13.54843471086376,True,True,False
255,77,845.3839,294.53577,845.4016,294.33002,-0.0015258789,0.23391724,0,0,False,False,False
255,80,890.3985,319.7484,891.08594,318.5913,-0.5480957,1.870758,0,0,False,False,False
255,58,756.66907,430.8628,759.8996,427.0487,-5.0532837,6.3398438,128.55721202145762,3.2807046554083144,True,False,False
255,69,836.5809,367.58273,836.5442,364.98953,-0.06335449,4.351074,90.83420514894046,0.22813144769796168,False,False,False
255,97,1277.1145,403.3203,1277.0833,403.52588,0.044921875,-0.20697021,0,0,False,False,False
255,100,1295.1211,488.6314,1295.2053,488.83487,-0.008056641,-0.19158936,0,0,False,False,False
255,11,1295.1178,488.64545,1295.2191,488.90613,-0.06970215,-0.33447266,0,0,False,False,False
255,72,977.1911,307.04776,979.05225,308.3988,-2.9053345,-2.2062073,-142.78826067877787,-3.3884031447274197,True,False,False
256,5,1087.801,299.13687,1088.0283,299.10306,-0.35583496,-0.0045776367,0,0,False,False,False
256,73,1086.7378,441.51028,1088.4783,445.19022,-3.1322021,-6.339264,-116.29377286244399,0.5408519896685249,False,False,True
256,57,1013.14954,359.812,1014.36646,362.00336,-1.6898193,-3.5401917,-115.51627488150912,-6.493282384777828,True,True,False
256,77,844.8667,294.8191,845.21436,294.5012,-0.17962646,0.4052124,0,0,False,False,False
256,80,889.42993,320.32587,890.5063,319.1984,-1.1027222,1.9026489,120.09538281386493,14.29285322871904,False,False,False
256,58,754.786,432.25146,758.10986,428.86963,-5.185913,5.9333496,131.1543645606267,2.5971525391690875,True,False,False
256,69,836.0807,368.2571,836.38196,366.13318,-0.22363281,4.0562134,93.15571593694271,2.321510788002257,False,False,False
256,97,1277.1147,403.00882,1277.0942,403.3449,0.03869629,-0.31781006,0,0,False,False,False
256,72,976.4271,306.40833,978.1334,307.70212,-2.9797363,-2.1221008,-144.5423900580143,-1.7541293792364172,True,False,False
256,81,1380.6545,477.83554,1380.8196,478.65204,-0.12402344,-0.5918884,0,0,False,False,False
257,5,1088.4653,299.6999,1088.1813,299.31195,-0.05883789,0.16827393,0,0,False,False,False
257,73,1085.1614,439.4942,1087.3174,443.1966,-3.0638428,-6.11969,-116.59498698972449,-0.30121412728050245,False,False,True
257,57,1012.74786,358.49945,1013.7999,360.77698,-1.8438721,-3.6425781,-116.84852066226468,-1.3322457807555566,True,True,False
257,77,843.70825,294.91272,844.68713,294.6452,-0.723999,0.42596436,0,0,False,False,False
257,80,889.5705,320.41452,890.1787,319.62402,-1.2774048,1.6557312,127.65036334015298,7.554980526288048,True,False,False
257,58,753.5708,433.74048,756.5212,430.5744,-5.117981,5.5794067,132.53010993482866,1.375745374201955,True,False,False
257,69,836.1367,369.49347,836.29614,367.30927,-0.22827148,3.7160645,93.51516477708452,0.359448840141809,False,False,False
257,97,1277.2261,402.74075,1277.1404,403.13345,0.07385254,-0.5031433,0,0,False,False,False
257,72,976.0155,305.6618,977.3921,306.98798,-2.6622925,-2.1383362,-141.22879368892873,3.313596369085559,True,False,False
257,11,1294.9906,488.8069,1295.1392,488.8714,-0.14550781,-0.2621765,0,0,False,False,False
258,5,1088.3578,299.2405,1088.243,299.28693,0.092285156,0.20205688,0,0,False,False,False
258,73,1084.0858,436.8993,1086.1863,440.99255,-3.229248,-6.1791687,-117.59167380398398,-0.9966868142594905,False,False,True
258,57,1012.19727,357.48264,1013.23895,359.62393,-1.782898,-3.5594177,-116.60610412288729,0.2424165393773876,True,True,False
258,77,842.6988,294.70972,843.9912,294.6678,-1.4104004,0.33776855,0,0,False,False,False
258,58,752.09106,435.62793,754.9706,432.34314,-4.929016,5.2944336,132.95294438472325,0.4228344498945944,True,False,False
258,69,836.3444,370.55988,836.313,368.44696,-0.23120117,3.457428,93.82572215297192,0.31055737588739873,False,False,False
258,97,1277.1665,402.68207,1277.1495,402.97546,0.06628418,-0.55041504,0,0,False,False,False
258,72,975.5732,304.82568,976.75543,306.23117,-2.296814,-2.167633,-136.6574183016978,4.571375387230944,True,False,False
258,11,1294.9016,488.5711,1295.0559,488.76627,-0.21777344,-0.28024292,0,0,False,False,False
259,5,1088.3428,299.06445,1088.278,299.20905,0.24963379,0.10598755,0,0,False,False,False
259,73,1083.5139,435.18015,1085.251,438.9582,-3.227295,-6.232025,-117.37767511630484,0.21399868767913688,False,False,True
259,57,1011.6361,356.1187,1012.6779,358.3971,-1.6885376,-3.6062622,-115.09010945755291,1.5159946653343752,True,True,False
259,77,842.14496,295.0894,843.345,294.81534,-1.8693848,0.31414795,0,0,False,False,False
259,58,750.91943,437.28223,753.5527,434.07184,-4.55719,5.2022095,131.2186990678058,-1.7342453169174519,True,False,False
259,69,835.6289,371.45248,836.0735,369.49887,-0.30847168,3.3656921,95.23663030155042,1.4109081485784998,False,False,False
259,72,975.86487,304.8707,976.4437,305.755,-1.6896973,-1.947113,-130.95132003890967,5.706098262788117,True,False,False
259,11,1294.8633,488.33832,1294.9885,488.61646,-0.23059082,-0.28967285,0,0,False,False,False
259,81,1380.3962,477.3872,1380.6714,478.20935,-0.2512207,-0.9845581,0,0,False,False,False
259,80,888.7471,322.83203,889.6776,320.74683,-1.4083252,2.1555176,123.15892446558203,-4.491438874570946,False,False,False
260,5,1088.3589,298.9306,1088.3062,299.11157,0.12487793,-0.20037842,0,0,False,False,False
260,73,1082.9609,433.0779,1084.4495,436.9001,-2.86792,-6.296509,-114.48821114971564,2.8894639665892043,False,False,True
260,57,1011.8446,355.0426,1012.3862,357.22302,-1.4136963,-3.553955,-111.69172955499748,3.3983799025554333,True,True,False
260,77,841.1406,295.2356,842.57336,294.9624,-2.1137695,0.3171997,171.46567479679015,0,False,False,False
260,58,749.16797,438.2948,752.018,435.54987,-4.503174,4.975464,132.14749461936822,0.9287955515624162,True,False,False
260,69,835.3922,373.9235,835.835,371.0475,-0.4611206,3.7382202,97.03208213270628,1.7954518311558587,False,False,False
260,72,975.7582,304.55273,976.20374,305.3342,-1.1883545,-1.6537781,-125.69987185438947,5.2514481845202,True,False,False
260,101,986.7075,271.38013,986.32007,271.53784,0.22741699,-0.29437256,0,0,False,False,False
260,11,1294.8988,488.34003,1294.957,488.51968,-0.1821289,-0.3517151,0,0,False,False,False
260,81,1380.3604,477.42227,1380.5625,477.93384,-0.34594727,-1.157898,0,0,False,False,False
260,80,887.9841,323.82446,889.08484,321.82397,-1.4214478,2.6255798,118.43041963157609,-4.728504834005946,True,False,False
260,97,1277.0833,402.347,1277.1262,402.7555,0.031982422,-0.5894165,0,0,False,False,False
261,5,1088.3958,298.81503,1088.3375,299.00778,0.09448242,-0.2791443,0,0,False,False,False
261,73,1082.4958,430.8543,1083.7656,434.78406,-2.4206543,-6.208496,-111.30050323429786,3.187707915417775,False,False,True
261,57,1012.2594,354.3587,1012.3418,356.22052,-0.89715576,-3.4034119,-104.76750848875336,6.924221066244115,True,False,False
261,77,840.7333,295.76385,841.9293,295.24292,-2.0618896,0.5751343,164.41432495054366,-7.051349846246495,False,False,False
261,58,747.7693,439.22522,750.5309,436.8362,-4.4396973,4.4930725,134.65764931798012,2.510154698611899,True,False,False
261,69,835.1638,374.78528,835.6001,372.3557,-0.7128906,3.9087524,100.33617839143983,3.3040962587335514,False,False,False
261,72,974.7103,304.12036,975.681,304.90936,-1.0744019,-1.3218079,0,0,False,False,False
261,101,986.9385,271.52646,986.5365,271.53384,0.49395752,-0.1836853,0,0,False,False,False
261,11,1294.8494,488.17786,1294.9193,488.40002,-0.13659668,-0.36624146,0,0,False,False,False
261,97,1277.0437,402.29153,1277.0973,402.59308,-0.04309082,-0.54037476,0,0,False,False,False
262,5,1088.4646,298.51044,1088.382,298.8337,0.104003906,-0.3753357,0,0,False,False,False
262,73,1081.7539,428.55847,1083.0615,432.6051,-2.1894531,-6.3530884,-109.01539313119713,2.2851101031007346,False,False,True
262,57,1010.5879,352.4014,1011.7279,354.88382,-0.9500122,-3.5132751,-105.13127762885684,-0.3637691401034715,True,False,False
262,77,840.6278,295.99377,841.47375,295.5057,-1.8712158,0.69036865,0,0,False,False,False
262,58,746.1663,441.77744,749.0033,438.56564,-4.5493774,4.493805,135.35209178086376,0.694442462883643,True,False,True
262,69,834.8749,376.80972,835.3462,373.9146,-0.7272949,4.415741,99.35293389504233,-0.9832444963975036,False,False,False
262,72,974.2658,303.5871,975.18567,304.44656,-1.2580566,-1.3084412,0,0,False,False,False
262,101,987.11163,271.1856,986.7378,271.41196,0.6262207,-0.21081543,0,0,False,False,False
262,11,1294.7532,487.6942,1294.8611,488.15295,-0.1274414,-0.46350098,0,0,False,False,False
262,81,1380.4331,477.01248,1380.5172,477.61133,-0.30236816,-1.0407104,0,0,False,False,False
262,80,887.2603,325.3484,888.4463,323.0575,-1.7324219,3.4334717,116.77407582019586,-1.656343811380225,False,False,False
263,5,1088.7384,298.246,1088.5067,298.628,0.20056152,-0.48358154,0,0,False,False,False
263,73,1081.0239,425.8808,1082.3484,430.2516,-2.1010742,-6.6484985,-107.53770115026994,1.4776919809271902,False,False,True
263,57,1010.2086,351.71118,1011.1961,353.77338,-1.1901245,-3.449646,-109.03438452938931,-3.903106900532478,True,True,False
263,77,840.31494,296.36462,841.0682,295.80634,-1.505188,0.8439331,0,0,False,False,False
263,58,744.70026,443.23422,747.4972,440.19965,-4.520813,4.6497803,134.19429486715933,-1.1577969137044306,True,False,True
263,69,834.6434,378.17328,835.10016,375.40515,-0.7348633,4.357666,99.57212198530843,0.2191880902661012,False,False,False
263,72,974.23364,303.6672,974.8524,304.17377,-1.3513184,-1.1604309,0,0,False,False,False
263,101,988.0848,271.73117,987.2092,271.52368,0.88916016,-0.014160156,0,0,False,False,False
263,81,1380.4364,476.82288,1380.4889,477.33536,-0.18249512,-0.8739929,0,0,False,False,False
263,80,886.9979,326.22977,887.93933,324.1678,-1.7382812,3.4209595,116.9363448680109,0.1622690478150446,True,False,False
264,5,1088.7976,297.96033,1088.6085,298.3943,0.2709961,-0.6134949,0,0,False,False,False
264,57,1010.0311,349.97064,1010.7883,352.4424,-1.5534668,-3.7781067,-112.35128862718427,-3.3169040977949606,True,True,False
264,77,840.3002,296.69794,840.7993,296.11838,-1.1300049,0.87545776,0,0,False,False,False
264,58,743.47546,446.39563,746.0896,442.36823,-4.441284,5.532013,128.75865683168504,-5.435638035474284,True,False,True
264,69,834.3797,379.38327,834.84796,376.7975,-0.75213623,4.4417725,99.61086795398468,0.03874596867625257,False,False,False
264,72,973.9928,303.58502,974.5515,303.96768,-1.1295166,-0.9416809,0,0,False,False,False
264,101,987.42676,270.6631,987.28534,271.22247,0.74884033,-0.31137085,0,0,False,False,False
264,81,1380.3801,476.63525,1380.4508,477.09033,-0.111694336,-0.84350586,0,0,False,False,False
264,80,885.65,327.03406,887.13806,325.17096,-1.9467773,3.3469849,120.18446933976972,3.248124471758814,True,False,False
264,11,1294.5684,487.46118,1294.7585,487.91083,-0.19848633,-0.6088562,0,0,False,False,False
265,5,1088.781,297.78387,1088.6688,298.18063,0.28686523,-0.6530762,0,0,False,False,False
265,57,1009.11926,348.7978,1010.2041,351.16678,-1.5238037,-3.717041,-112.29121284174735,0.06007578543692205,True,True,False
265,77,840.1565,296.95142,840.57434,296.40994,-0.89941406,0.90423584,0,0,False,False,False
265,58,742.50183,449.19946,744.83386,444.75916,-4.1694336,6.193512,123.94819379053202,-4.810463041153028,True,False,True
265,69,834.59595,381.12476,834.75977,378.312,-0.5864258,4.3974,97.59599772973834,-2.014870224246337,False,False,False
265,72,974.08386,303.1889,974.3878,303.6951,-0.79785156,-0.75146484,0,0,False,False,False
265,101,987.2293,270.26105,987.26575,270.88596,0.5279541,-0.526001,0,0,False,False,False
265,81,1380.4712,476.56784,1380.4579,476.90744,-0.059326172,-0.70388794,0,0,False,False,False
265,80,886.1687,327.548,886.7987,326.00293,-1.647583,2.9454346,119.22126996344718,-0.9631993763225353,True,False,False
265,11,1294.5498,487.4225,1294.6854,487.7399,-0.23388672,-0.66012573,0,0,False,False,False
265,73,1078.0245,421.0855,1080.835,427.04346,-2.930664,-7.7406006,-110.7371362775214,-3.199435127251462,False,False,True
266,5,1088.6614,297.7807,1088.6661,298.04065,0.15942383,-0.5873413,0,0,False,False,False
266,57,1008.7727,348.62268,1009.70306,350.27634,-1.493042,-3.4970398,-113.11979376377518,-0.8285809220278253,True,True,False
266,77,839.90466,297.36444,840.3399,296.74402,-0.7282715,0.9376831,0,0,False,False,False
266,58,740.1666,451.16193,743.2003,447.00012,-4.296875,6.800476,122.28670975350873,-1.6614840370232855,True,False,True
266,69,834.30505,382.42896,834.6006,379.75293,-0.49957275,4.3477783,96.55471095094572,-1.0412867787926245,False,False,False
266,72,974.0353,302.76593,974.2644,303.36987,-0.5880127,-0.80389404,0,0,False,False,False
266,101,987.27136,269.70593,987.2677,270.47293,0.05847168,-1.0507507,0,0,False,False,False
266,81,1380.4635,476.51257,1380.4598,476.76923,-0.029052734,-0.5661316,0,0,False,False,False
266,80,884.67053,327.74664,886.05383,326.61322,-1.885498,2.4454346,127.63322235992601,8.411952396478824,True,False,False
266,73,1075.9241,419.33313,1079.1162,424.34485,-3.9453125,-8.260254,-115.53035656318445,-4.793220285663054,False,False,True
267,5,1088.7317,297.62888,1088.689,297.8965,0.080444336,-0.49777222,0,0,False,False,False
267,58,738.79614,453.7256,741.6588,449.35403,-4.430786,6.9858093,122.38512719160856,0.09841743809982972,True,False,True
267,69,834.18933,384.27112,834.4566,381.3343,-0.39135742,4.536804,94.9302891930101,-1.6244217579356217,False,False,False
267,72,973.9463,302.4654,974.1531,303.05328,-0.3984375,-0.9143982,0,0,False,False,False
267,101,987.3147,269.6314,987.2842,270.1784,-0.001159668,-1.0440674,0,0,False,False,False
267,81,1380.4297,476.5802,1380.4492,476.70306,-0.0015869141,-0.38726807,0,0,False,False,False
267,80,883.9447,328.79962,885.3157,327.37845,-1.8223877,2.207489,129.5413017655256,1.9080794055995796,True,True,False
267,73,1075.7166,418.08984,1077.9263,422.15558,-4.422119,-8.096008,-118.64379988590153,-3.1134433227170746,False,False,True
267,76,446.5618,349.95004,446.3183,350.30103,0.37750244,-0.40527344,0,0,False,False,False
267,11,1294.5455,487.4334,1294.6365,487.6326,-0.22460938,-0.5203552,0,0,False,False,False
268,5,1088.5911,297.7563,1088.6547,297.8474,-0.014160156,-0.33322144,0,0,False,False,False
268,58,737.9049,456.3006,740.345,451.7853,-4.4888916,7.0261536,122.57382641009715,0.18869921848859406,True,False,True
268,69,833.6904,385.66547,834.1885,382.8502,-0.57128906,4.5381775,97.17494488154045,2.244655688530358,False,False,False
268,72,973.68994,301.8507,973.99097,302.6324,-0.3968506,-1.0627136,0,0,False,False,False
268,101,987.2541,269.41495,987.2736,269.9112,0.007873535,-0.97476196,0,0,False,False,False
268,81,1380.321,476.62744,1380.4043,476.67657,-0.053588867,-0.23086548,0,0,False,False,False
268,80,883.0752,330.0271,884.5315,328.30548,-2.267212,2.3025513,134.55692330749383,5.015621541968244,True,True,False
268,73,1073.9072,416.6511,1076.5195,420.229,-4.3154297,-6.814453,-122.34509932279835,-3.701299436896818,False,False,False
268,76,446.39667,350.24115,446.3457,350.28006,0.3256836,-0.40045166,0,0,False,False,False
268,11,1294.4658,487.41034,1294.5767,487.5548,-0.18188477,-0.35601807,0,0,False,False,False
268,57,1009.2339,346.8388,1009.5388,349.07318,-1.2495117,-3.3692322,-110.34777675059676,2.772017013178413,True,True,False
269,5,1088.499,297.96066,1088.6001,297.88705,-0.06604004,-0.15359497,0,0,False,False,False
269,58,736.6482,459.07172,739.0511,454.3355,-4.149231,7.335388,119.49448519491698,-3.079341215180179,True,False,True
269,69,833.6411,387.48148,833.9968,384.47113,-0.60375977,4.7182007,97.29216610460824,0.11722122306778715,False,False,False
269,72,972.9379,301.50476,973.6224,302.2377,-0.6420288,-1.1321716,0,0,False,False,False
269,101,987.24243,268.32755,987.2627,269.35693,-0.005004883,-1.1159973,0,0,False,False,False
269,81,1380.1736,476.6618,1380.3235,476.6714,-0.13635254,-0.097839355,0,0,False,False,False
269,80,882.6838,330.88037,883.88477,329.2067,-2.1690674,2.5934753,129.90761078688746,-4.649312520606372,True,True,False
269,105,883.4276,254.57016,883.7855,254.39108,-0.5710449,0.19335938,0,0,False,False,False
269,73,1072.6829,414.99146,1075.1766,418.39584,-3.9395752,-5.949005,-123.51349000902093,-1.1683906862225797,False,False,False
269,76,446.10623,350.2129,446.26187,350.25653,0.07467651,-0.23352051,0,0,False,False,False
269,11,1294.4412,487.37402,1294.5292,487.49152,-0.15625,-0.24838257,0,0,False,False,False
269,57,1009.1381,346.01816,1009.39856,348.0039,-0.805542,-3.1628723,-104.28870396122115,6.0590727893756195,True,True,False
270,5,1088.3784,298.0527,1088.5225,297.945,-0.1665039,0.04849243,0,0,False,False,False
270,58,734.4846,461.2452,737.45276,456.7539,-4.2060547,7.399872,119.61371002138124,0.11922482646426147,True,False,True
270,69,833.20386,388.84467,833.71924,386.00183,-0.7373657,4.6675415,98.97724342595089,1.6850773213426464,True,True,False
270,72,972.28784,301.1226,973.1553,301.8474,-0.99780273,-1.2058716,0,0,False,False,False
270,101,987.9022,267.8338,987.48645,268.82382,0.20227051,-1.3545837,0,0,False,False,False
270,81,1380.1151,476.64056,1380.2505,476.66058,-0.19873047,-0.04248047,0,0,False,False,False
270,80,882.4313,331.71387,883.37604,330.0842,-1.9396362,2.7057495,125.63512199197021,-4.272488794917251,True,False,False
270,105,883.1331,254.81729,883.5571,254.54025,-0.6397705,0.33564758,0,0,False,False,False
270,73,1072.3218,413.81158,1074.1775,416.79132,-3.7487793,-5.364258,-124.94754311210492,-1.434053103083997,False,False,False
270,11,1294.4097,487.5515,1294.4873,487.5125,-0.14916992,-0.12008667,0,0,False,False,False
270,57,1009.05383,345.19016,1009.2779,347.01907,-0.4251709,-3.2572632,-97.43677799180264,6.851925969418502,True,False,False
270,77,838.76117,299.45386,839.78735,297.69244,-1.0119629,1.5740662,0,0,False,False,False
271,5,1088.6221,297.9737,1088.5573,297.95505,-0.09741211,0.1076355,0,0,False,False,False
271,58,731.8419,464.16687,735.4889,459.34842,-4.856079,7.5631104,122.7034791094386,3.0897690880573663,True,False,True
271,69,832.82947,391.32587,833.4078,387.86523,-0.7807007,5.015045,98.84831267096567,-0.12893075498521966,True,True,False
271,72,971.7295,300.76233,972.65625,301.46762,-1.3347168,-1.1647644,0,0,False,False,False
271,101,987.6071,268.50198,987.5286,268.71118,0.25500488,-1.2000122,0,0,False,False,False
271,81,1380.4673,476.72998,1380.3263,476.68488,-0.07800293,0.008300781,0,0,False,False,False
271,80,882.3585,333.50867,883.0199,331.28275,-1.5115967,2.9772644,116.91751003856812,-8.717611953402084,True,False,False
271,105,882.99133,254.83163,883.35913,254.64223,-0.6191406,0.34754944,0,0,False,False,False
271,73,1071.9519,411.72528,1073.3984,415.0182,-3.1210938,-5.2108154,-120.92011412335384,4.027428988751083,True,False,False
271,11,1294.4326,487.2232,1294.4681,487.41125,-0.10852051,-0.14355469,0,0,False,False,False
271,57,1009.07513,345.08762,1009.2069,346.34305,-0.33190918,-2.730133,-96.93157707425692,0.5052009175457215,True,False,False
271,77,838.36255,299.9575,839.28864,298.4852,-1.2857056,2.0752563,121.77989592414227,0,False,False,False
272,5,1088.4539,297.604,1088.521,297.83218,-0.07910156,-0.054870605,0,0,False,False,False
272,58,728.797,467.02563,733.1467,462.0354,-5.904358,7.69989,127.4813756134369,4.777896503998292,True,False,True
272,69,832.43896,392.77692,833.06866,389.58432,-0.9281616,5.1131897,100.28847510290547,1.4401624319397968,True,True,False
272,72,971.5108,300.57513,972.2554,301.15524,-1.3670044,-1.0824585,0,0,False,False,False
272,101,988.4064,268.95514,987.8358,268.79657,0.5731201,-0.56036377,0,0,False,False,False
272,81,1380.5955,476.53143,1380.4204,476.63116,0.09692383,-0.040222168,0,0,False,False,False
272,80,882.7443,334.11032,882.9234,332.2724,-0.96136475,3.0657043,107.41074179760372,-9.506768240964405,True,True,False
272,105,882.81433,254.98207,883.16846,254.76117,-0.6170654,0.37008667,0,0,False,False,False
272,73,1070.3132,409.88016,1072.3186,413.21985,-2.8580322,-5.175995,-118.90618919104026,2.0139249323135857,True,False,False
272,11,1294.3303,487.1047,1294.4198,487.30396,-0.109375,-0.18756104,0,0,False,False,False
272,57,1009.3933,344.26108,1009.27216,345.61435,-0.12640381,-2.389557,-93.02803451709525,3.9035425571616713,True,False,False
272,77,838.2166,299.92786,838.91345,298.9901,-1.4264526,2.2460938,122.41887586183302,0.638979937690749,False,False,False
273,5,1088.4965,297.56146,1088.5125,297.73743,-0.010009766,-0.20758057,0,0,False,False,False
273,58,727.33545,470.15894,731.11273,464.8786,-6.340027,8.124695,127.96635158623275,0.48497597279585136,True,False,True
273,69,832.0721,394.36688,832.71985,391.2582,-0.99938965,5.256378,100.76509763310095,0.47662253019548473,True,True,False
273,72,971.5454,300.59235,972.00684,300.95822,-1.1484375,-0.8891907,0,0,False,False,False
273,101,988.01685,268.57166,987.8992,268.71783,0.41271973,-0.10598755,0,0,False,False,False
273,81,1380.6382,476.50626,1380.4966,476.58743,0.24609375,-0.073150635,0,0,False,False,False
273,80,882.14294,335.05292,882.65027,333.24557,-0.72576904,3.161377,102.92956500545384,-4.481176792149881,True,True,False
273,105,882.73804,255.52188,883.01776,255.0274,-0.5393677,0.4871521,0,0,False,False,False
273,73,1070.2615,409.06244,1071.5986,411.76474,-2.5788574,-5.026581,-117.15982203243016,1.7463671586100986,True,False,False
273,11,1294.3279,487.14575,1294.3876,487.24857,-0.099731445,-0.26394653,0,0,False,False,False
273,57,1008.8902,342.76025,1009.1384,344.61542,-0.13946533,-2.403656,-93.3207022099499,-0.2926676928546499,True,False,False
273,77,837.2888,298.6395,838.3448,298.86737,-1.4425659,1.1749268,0,0,False,False,False
274,5,1088.4775,297.36346,1088.5002,297.60654,-0.057006836,-0.34851074,0,0,False,False,False
274,58,725.2494,472.49664,729.06055,467.54492,-6.4283447,8.196503,128.10634412502662,0.13999253879387652,True,False,True
274,69,831.6189,395.94678,832.3345,392.8992,-1.0733032,5.033966,102.0359393161229,1.2708416830219562,True,True,False
274,101,987.90564,267.96268,987.9014,268.45352,0.37280273,-0.2576599,0,0,False,False,False
274,80,881.8821,336.01385,882.38135,334.21448,-0.6385498,2.9317322,102.28747751862414,-0.6420874868296949,True,True,False
274,105,882.5305,255.71265,882.8472,255.26724,-0.51190186,0.62501526,0,0,False,False,False
274,73,1069.3335,406.92883,1070.8058,410.07214,-2.5926514,-4.946045,-117.662934170539,-0.5031121381088468,True,False,False
274,11,1294.7213,486.71017,1294.5044,487.06012,0.036254883,-0.35113525,0,0,False,False,False
274,57,1008.67865,341.68018,1008.9775,343.58807,-0.22943115,-2.7549744,-94.76054268522024,-1.4398404752703442,True,False,False
274,77,836.7998,298.24097,837.80396,298.64813,-1.4846802,0.16293335,0,0,False,False,False
275,5,1088.5428,297.0982,1088.5151,297.42862,-0.005859375,-0.40356445,0,0,False,False,False
275,58,723.7399,474.20605,727.1983,469.87628,-5.9484253,7.8408813,127.18549713259489,-0.9208469924317342,True,False,True
275,69,831.48267,397.36456,832.0363,394.46207,-1.0323486,4.8777466,101.94999684837939,-0.08594246774352143,True,True,False
275,101,988.48535,267.75568,988.10583,268.20926,0.27001953,-0.5873108,0,0,False,False,False
275,80,881.7011,336.5547,882.14325,335.03354,-0.78015137,2.761139,105.77747691485881,3.4899993962346656,True,True,False
275,105,882.2676,255.95801,882.64435,255.509,-0.5241089,0.74783325,0,0,False,False,False
275,73,1068.9058,404.5689,1070.1407,408.146,-2.1778564,-5.0738525,-113.23052517573795,4.432408994801051,True,False,False
275,57,1008.7699,340.22226,1008.9048,342.41003,-0.3673706,-3.2043152,-96.54033093905552,-1.779788253835278,True,False,False
275,77,836.57434,298.05072,837.3736,298.43903,-1.539856,-0.5510864,0,0,False,False,False
276,5,1088.636,296.9223,1088.5574,297.2514,0.044921875,-0.48602295,0,0,False,False,False
276,58,720.2323,476.922,724.7602,472.3423,-6.352539,7.463684,130.40198558926332,3.2164884566684293,True,False,True
276,69,831.22546,399.6743,831.7525,396.28632,-0.9673462,5.0281067,100.88995101488408,-1.060045833495309,True,False,False
276,101,988.8103,268.01465,988.3524,268.14114,0.45324707,-0.5766907,0,0,False,False,False
276,80,881.714,337.45612,881.9929,335.88144,-0.65734863,2.6358643,104.00314870702019,-1.7743282078386216,True,True,False
276,105,882.05054,256.4312,882.4365,255.83176,-0.5812378,0.8043518,0,0,False,False,False
276,73,1067.7659,403.25006,1069.3094,406.4324,-2.2891846,-5.3323364,-113.23396154694012,-0.0034363712021701076,True,False,False
276,57,1008.42554,339.466,1008.73706,341.3796,-0.4013672,-3.2358093,-97.07080686855639,-0.5304759295008665,True,False,False
276,77,835.99524,297.89362,836.8912,298.24814,-1.4536133,-0.6192322,0,0,False,False,False
276,11,1294.802,486.53442,1294.6085,486.87613,0.1887207,-0.42782593,0,0,False,False,False
277,5,1088.7566,297.0039,1088.6271,297.16476,0.12683105,-0.44177246,0,0,False,False,False
277,58,718.51587,479.06952,722.57465,474.69678,-6.485901,7.1518555,132.20437135698987,1.8023857677265482,True,False,True
277,69,830.7394,402.4762,831.3979,398.45276,-0.9365845,5.5535583,99.57261972921839,-1.3173312856656878,True,False,False
277,101,988.9997,267.81934,988.579,268.0285,0.67755127,-0.4250183,0,0,False,False,False
277,80,881.3794,339.24506,881.77814,337.0587,-0.60321045,2.8442078,101.97408230101686,-2.0290664060033237,True,True,False
277,73,1067.1528,401.0647,1068.5546,404.5537,-2.2512207,-5.5184326,-112.19279093643273,1.0411706105073932,True,False,False
277,57,1008.45825,338.8714,1008.63947,340.50174,-0.3380127,-3.0863342,-96.25007566082367,0.8207312077327202,True,False,False
277,77,835.385,298.00635,836.364,298.1635,-1.4399414,-0.48461914,0,0,False,False,False
277,11,1294.8604,486.61884,1294.6965,486.78607,0.30895996,-0.4624939,0,0,False,False,False
277,97,1276.8726,401.3634,1277.0186,402.16266,-0.13098145,-0.8128052,0,0,False,False,False
278,5,1088.7554,296.9662,1088.6719,297.09525,0.15673828,-0.33337402,0,0,False,False,False
278,58,716.93335,481.50714,720.60016,477.08038,-6.5981445,7.2041016,132.4861700267479,0.28179866975804657,True,False,True
278,69,830.5077,403.93713,831.0863,400.37228,-0.9500122,5.9102173,99.13164937275691,-0.4409703564614773,True,False,False
278,101,989.22723,268.30658,988.8058,268.12582,0.6999512,-0.08343506,0,0,False,False,False
278,80,881.7206,339.88934,881.75793,338.0494,-0.38531494,3.0158691,97.28080677450671,-4.693275526510149,True,True,False
278,73,1066.5676,399.6001,1067.8591,402.81995,-2.2816162,-5.32605,-113.18971457343666,-0.9969236370039312,True,False,False
278,57,1008.21985,337.50977,1008.49255,339.45453,-0.41223145,-2.9555054,-97.94034076535873,-1.690265104535058,True,False,False
278,77,835.15704,298.81247,835.9415,298.39062,-1.4320679,-0.04840088,0,0,False,False,False
278,11,1294.8989,486.82156,1294.7673,486.7985,0.26293945,-0.2616272,0,0,False,False,False
278,97,1276.8696,401.35852,1276.9663,401.88123,-0.15991211,-0.8742676,0,0,False,False,False
279,5,1088.6536,296.87506,1088.6655,297.0182,0.1081543,-0.23321533,0,0,False,False,False
279,58,714.601,485.08594,718.5004,479.88232,-6.2597656,7.540039,129.69957080453779,-2.7865992222101283,True,False,True
279,69,830.5001,406.0923,830.8811,402.37427,-0.8713989,6.0879517,98.1457030639897,-0.9859463087672111,True,False,False
279,101,989.2779,268.7956,988.971,268.36023,0.6185913,0.2190857,0,0,False,False,False
279,80,881.1337,341.22983,881.5394,339.16254,-0.4534912,3.2810974,97.86918183643901,0.5883750619322967,True,True,False
279,73,1065.1799,398.31177,1066.9214,401.24207,-2.3880615,-5.190338,-114.70704007181233,-1.5173254983756692,True,False,False
279,57,1007.99695,336.32364,1008.3191,338.3587,-0.41796875,-3.0209045,-97.87736391038052,0.06297685497820282,True,False,False
279,77,835.121,299.482,835.6543,298.77258,-1.2368774,0.5244446,0,0,False,False,False
279,11,1294.8329,486.81757,1294.7903,486.80515,0.1817627,-0.07098389,0,0,False,False,False
279,72,968.0362,295.82867,970.61707,299.16287,-2.0391846,-2.3047485,-131.50160797075984,-5.801736116370364,True,False,False
280,5,1088.5532,297.06012,1088.6262,297.03284,-0.0008544922,-0.13192749,0,0,False,False,False
280,58,711.7578,488.3877,716.1405,482.8592,-6.434143,8.162415,128.24746430071434,-1.452106503823444,True,False,True
280,69,830.5353,408.20483,830.76,404.41498,-0.6378784,5.962219,96.10666026036505,-2.0390428036246533,True,False,False
280,101,989.399,269.13312,989.1207,268.63074,0.54174805,0.6022339,0,0,False,False,False
280,80,880.41925,342.42712,881.14734,340.30515,-0.63079834,3.24646,100.99575604038401,3.1265742039449975,True,True,False
280,73,1064.5968,397.18826,1066.1078,399.82324,-2.4467773,-4.7304688,-117.34971488974588,-2.6426748179335533,True,False,False
280,57,1007.9022,335.52185,1008.1732,337.36578,-0.46624756,-3.1359558,-98.45667160288366,-0.5793076925031357,True,False,False
280,77,834.766,300.37238,835.3434,299.33252,-1.0206299,1.1690063,0,0,False,False,False
280,11,1294.6339,486.97205,1294.7355,486.86356,0.03894043,0.07748413,0,0,False,False,False
280,72,967.20264,295.23163,969.422,297.78693,-2.833374,-3.3683167,-130.07000939588232,1.431598574877512,True,False,False
280,105,881.08606,257.54407,881.96387,256.43106,-0.8833618,1.1638184,0,0,False,False,False
281,5,1088.7146,297.04938,1088.6571,297.0386,-0.014770508,-0.056640625,0,0,False,False,False
281,58,710.00946,490.9303,713.9946,485.68408,-6.60553,8.603699,127.515419705707,-0.7320445950073378,True,False,True
281,69,830.9728,410.1786,830.8344,406.43222,-0.2518921,6.0599365,92.38023123319816,-3.726429027166887,True,False,False
281,101,989.6166,269.44336,989.29425,268.91516,0.48846436,0.78933716,0,0,False,False,False
281,80,880.79895,343.46088,881.0254,341.40964,-0.73254395,3.3602295,102.2982979147199,1.302541874335887,True,False,False
281,73,1063.5144,395.78882,1065.2001,398.4112,-2.6590576,-4.4087524,-121.09550340553325,-3.7457885157873676,True,False,False
281,57,1007.97266,334.37408,1008.103,336.31866,-0.38952637,-3.1358643,-97.08081660729898,1.3758549955846746,True,False,False
281,77,834.6478,300.89014,835.1,299.8777,-0.84155273,1.4870605,0,0,False,False,False
281,11,1294.7375,486.8282,1294.7361,486.85117,-0.03125,0.05267334,0,0,False,False,False
281,72,967.31586,294.64514,968.6848,296.6873,-3.3220215,-4.270935,-127.87651415211822,2.1934952437641044,True,True,False
281,105,880.8854,257.55984,881.58636,256.8261,-1.0579834,1.3171082,0,0,False,False,False
282,5,1088.6831,296.89948,1088.6661,296.9899,0.00061035156,-0.028289795,0,0,False,False,False
282,58,708.1394,492.94125,711.9453,488.22406,-6.5551147,8.341736,128.16102188894047,0.6456021832334642,True,False,True
282,69,830.3594,411.83636,830.6681,408.32367,-0.2130127,5.949402,92.05054516823073,-0.3296860649674329,True,False,False
282,101,989.8544,269.57492,989.4903,269.14606,0.5192871,0.78582764,0,0,False,False,False
282,80,880.0217,345.45746,880.6741,342.82635,-0.86535645,3.6638184,103.2891356906203,0.9908377759004026,True,False,False
282,73,1061.7515,393.8661,1063.993,396.82037,-2.9283447,-4.421692,-123.51523136661486,-2.4197279610816054,True,False,False
282,57,1008.10315,333.2525,1008.103,335.24548,-0.21606445,-3.1132202,-93.97008934051412,3.1107272667848633,True,False,False
282,77,834.3678,301.2652,834.8436,300.3633,-0.81066895,1.5907288,0,0,False,False,False
282,11,1294.7728,486.8208,1294.7489,486.8405,-0.041381836,0.035369873,0,0,False,False,False
282,72,968.74756,294.25616,968.7067,295.83636,-1.9103394,-3.3265076,-119.8677935090271,8.008720643091124,True,True,False
282,105,880.6545,257.5819,881.2602,257.09064,-1.1763306,1.2588806,0,0,False,False,False
282,97,1276.7148,401.0865,1276.8783,401.60303,-0.21899414,-0.99005127,0,0,False,False,False
283,5,1088.6908,296.91913,1088.6747,296.96512,0.048461914,-0.067718506,0,0,False,False,False
283,58,706.2514,495.83307,709.9524,490.8872,-6.1881104,8.028015,127.625556206621,-0.5354656823194688,True,False,True
283,69,829.715,413.39868,830.33453,410.0999,-0.42547607,5.6849365,94.2801917665354,2.2296465983046687,True,False,False
283,101,990.02576,269.66125,989.6776,269.32635,0.55688477,0.6956177,0,0,False,False,False
283,80,877.4396,347.3098,879.542,344.39557,-1.6053467,4.0904236,111.42825248456279,8.139116793942492,True,False,False
283,73,1060.9886,391.96576,1062.9414,395.12125,-3.1663818,-4.701996,-123.95680947072975,-0.44157810411489606,True,False,False
283,57,1008.17786,332.80396,1008.1292,334.39093,-0.044006348,-2.9748535,-90.84750193204471,3.122587408469414,True,False,False
283,77,833.71655,301.47986,834.4491,300.7541,-0.8942871,1.4215698,0,0,False,False,False
283,11,1294.8181,486.97296,1294.7731,486.88684,0.037597656,0.023284912,0,0,False,False,False
283,72,968.6724,294.21515,968.6947,295.26892,-0.7272949,-2.5180054,-106.11071208560287,13.757081423424225,True,True,False
283,105,880.02075,258.04254,880.82635,257.4238,-1.1375122,0.9927368,0,0,False,False,False
283,97,1276.7179,401.12463,1276.8221,401.43558,-0.19641113,-0.7270813,0,0,False,False,False
284,5,1088.4836,296.89728,1088.6078,296.94135,-0.049316406,-0.09725952,0,0,False,False,False
284,58,705.51196,499.25583,708.3982,493.8162,-5.5964355,8.132111,124.53535190912169,-3.0902042974993122,True,False,True
284,69,829.682,415.88934,830.1061,412.12622,-0.7283325,5.6940002,97.28925094970374,3.009059183168347,True,False,False
284,101,989.8179,269.5232,989.7267,269.39523,0.43243408,0.48007202,0,0,False,False,False
284,80,876.5419,348.42847,878.49194,345.80707,-2.5334473,4.3974304,119.94710150914335,8.518849024580561,True,True,False
284,73,1060.8765,390.29086,1062.2186,393.4306,-2.9814453,-4.980591,-120.90527818741499,3.051531283314759,True,False,False
284,57,1008.05096,332.4272,1008.1018,333.7036,-0.0012207031,-2.6150513,-90.02674560641917,0.8207563256255384,True,False,False
284,77,832.9065,301.94382,833.9092,301.1705,-1.1907959,1.2928162,0,0,False,False,False
284,11,1294.647,487.03647,1294.7289,486.9392,-0.0072021484,0.08804321,0,0,False,False,False
284,72,968.2433,294.20575,968.5367,294.8968,-0.14813232,-1.7904968,0,0,False,False,False
284,105,879.4396,258.4679,880.34094,257.7892,-1.2454224,0.96310425,0,0,False,False,False
285,5,1088.2783,297.05438,1088.4924,296.9809,-0.17370605,-0.009002686,0,0,False,False,False
285,58,703.1311,502.97165,706.5547,497.02057,-5.390625,8.796509,121.5005563006796,-3.0347956084420815,True,False,True
285,69,829.0643,418.271,829.7414,414.27686,-0.9266968,5.953186,98.84788131996285,1.5586303702591096,True,False,False
285,101,989.85175,269.14038,989.77045,269.30603,0.28015137,0.15997314,0,0,False,False,False
285,80,874.7875,349.43738,877.1953,347.07767,-3.4787598,4.2513123,129.29274386537446,9.34564235623111,True,True,False
285,73,1060.0833,389.576,1061.4712,392.08148,-2.5218506,-4.7388916,-118.02014118008186,2.885137007333128,True,False,False
285,57,1008.1056,331.554,1008.10315,332.95123,0.00012207031,-2.2942505,-89.99695146029642,0.029794146122753773,True,True,False
285,77,832.16864,302.34784,833.3,301.58255,-1.5436401,1.2192383,0,0,False,False,False
285,11,1294.6224,487.32562,1294.6917,487.07443,-0.057250977,0.23391724,0,0,False,False,False
285,72,966.756,294.3487,967.91345,294.70496,-0.7932739,-1.1314087,0,0,False,False,False
285,105,879.1275,259.008,879.91626,258.2158,-1.3439331,1.1251526,0,0,False,False,False
286,5,1088.1471,297.13245,1088.3716,297.03394,-0.3031006,0.06881714,0,0,False,False,False
286,58,700.7549,506.88623,704.5247,500.4735,-5.4276733,9.586304,119.5181235843314,-1.9824327163481996,True,False,True
286,69,828.2344,420.3053,829.2139,416.38678,-1.1206055,6.286865,100.10657366360536,1.2586923436425081,True,False,False
286,101,989.58325,268.7638,989.7049,269.11624,0.027282715,-0.21011353,0,0,False,False,False
286,80,874.2363,350.5185,876.15967,348.28195,-3.3823242,3.886383,131.0330934479327,1.7403495825582525,True,True,False
286,73,1059.5598,387.95123,1060.8021,390.63586,-2.1392822,-4.485382,-115.4985922038448,2.521548976237071,True,False,False
286,57,1008.0017,330.7373,1008.0676,332.17633,-0.061584473,-2.2145996,-91.59289346376225,-1.5959420034658365,True,False,False
286,77,831.7838,303.08496,832.7693,302.1084,-1.6798096,1.3543091,141.1232764474628,18.7044005856298,True,True,False
286,11,1294.62,487.40793,1294.6665,487.19113,-0.10656738,0.30429077,0,0,False,False,False
286,72,965.2034,294.56873,966.96497,294.65726,-1.7297363,-0.6116638,0,0,False,False,False
286,105,878.69824,259.08615,879.4899,258.52042,-1.3364258,1.0966187,0,0,False,False,False
287,5,1088.0393,297.0954,1088.2552,297.05545,-0.35253906,0.114105225,0,0,False,False,False
287,58,698.1551,511.05554,702.2953,504.1772,-6.1029053,10.360992,120.49923767706814,0.9811140927367319,True,False,True
287,69,827.72266,422.6895,828.6919,418.5927,-1.4141846,6.4664917,102.33603902481254,2.2294653612071755,True,False,False
287,101,989.3383,268.13605,989.57654,268.77316,-0.15014648,-0.6220703,0,0,False,False,False
287,80,873.2914,351.36154,875.15576,349.3598,-3.3361816,3.5527344,133.19950290482242,2.16640945688971,True,True,False
287,73,1058.5549,387.65704,1060.0156,389.59326,-2.203003,-3.8373413,-119.85996814386992,-4.361375940025127,True,False,False
287,57,1007.6872,329.4369,1007.93445,331.21753,-0.1673584,-2.486084,-93.85123126187396,-2.258337798111711,True,False,False
287,77,831.6413,303.8239,832.37445,302.70883,-1.534729,1.5383301,134.93285965075833,-6.190416796704483,True,False,False
287,72,964.5486,294.02075,966.11926,294.43448,-2.4174194,-0.4623108,-169.1733971982022,0,True,True,False
287,105,878.45245,258.96973,879.12683,258.67767,-1.2141113,0.88845825,0,0,False,False,False
288,5,1088.2759,296.7372,1088.2625,296.94406,-0.22998047,-0.036834717,0,0,False,False,False
288,58,694.5071,514.1328,699.5694,507.66162,-6.9852905,10.641052,123.28279073904993,2.7835530619817916,True,False,True
288,69,827.44775,424.44965,828.2565,420.64264,-1.4849243,6.3657837,103.13039270809448,0.7943536832819404,True,False,False
288,101,989.2934,267.80975,989.4774,268.43597,-0.2930298,-0.87005615,0,0,False,False,False
288,80,872.58923,351.6051,874.25745,350.14563,-2.9378662,3.0679626,133.75907034358497,0.5595674387625422,True,True,False
288,73,1058.2848,385.78156,1059.4098,388.25916,-2.0614014,-3.8223267,-118.33822419415682,1.5217439497130982,True,False,False
288,57,1007.5375,328.70837,1007.7955,330.3393,-0.30767822,-2.6119385,-96.71830401120803,-2.8670727493340706,True,False,False
288,77,831.5097,304.59607,832.0718,303.36935,-1.2282104,1.7868042,124.5037881631373,-10.42907148762103,False,False,False
288,72,964.489,293.24164,965.5486,294.01697,-2.3648682,-0.6879883,-163.7792113794959,5.3941858187062905,True,True,False
288,105,878.23047,258.64062,878.8131,258.6647,-1.1031494,0.44891357,0,0,False,False,False
288,11,1294.8997,487.2665,1294.748,487.2175,0.019165039,0.2782898,0,0,False,False,False
289,5,1088.3417,296.61627,1088.2902,296.8293,-0.0814209,-0.20462036,0,0,False,False,False
289,58,692.085,517.6428,696.9498,511.15503,-7.57489,10.681519,125.34268543904427,2.059894699994345,True,False,True
289,69,826.9155,426.66537,827.7871,422.75058,-1.4268188,6.3638,102.63721849525255,-0.49317421284192164,True,False,False
289,101,989.1637,267.54425,989.36755,268.12387,-0.3373413,-0.9923706,0,0,False,False,False
289,80,872.20374,352.47247,873.53864,350.96002,-2.6210327,2.67807,134.38331571040933,0.6242453668243684,True,True,False
289,73,1057.5754,384.88007,1058.7677,387.07648,-2.0344238,-3.5593872,-119.75080610797671,-1.412581913819892,True,False,False
289,57,1007.1019,327.7961,1007.5527,329.44916,-0.5149536,-2.7271729,-100.69287885595573,-3.9745748447476927,True,False,False
289,77,831.2803,304.83746,831.7947,303.88318,-0.9746094,1.7747803,118.77311150231584,-5.730676660821459,False,False,False
289,72,964.99347,292.47998,965.35425,293.479,-1.6107178,-1.1782532,0,0,False,False,False
289,105,878.02344,258.6285,878.53674,258.65204,-0.95318604,0.13162231,0,0,False,False,False
289,11,1294.8892,486.8684,1294.7974,487.09534,0.10571289,0.020904541,0,0,False,False,False
290,5,1088.4333,296.5094,1088.3402,296.71735,0.08496094,-0.33810425,0,0,False,False,False
290,58,689.59485,521.2799,694.37555,514.6987,-7.919739,10.521545,126.96937279691505,1.6266873578707788,True,False,True
290,69,825.77026,428.35672,827.0812,424.7127,-1.6107178,6.119995,104.74525042201957,2.108031926767012,True,False,False
290,101,989.06476,267.42444,989.26154,267.87906,-0.31500244,-0.894104,0,0,False,False,False
290,80,871.72144,352.74548,872.9026,351.58493,-2.2531738,2.2251282,135.3588138132117,0.9754981028023622,True,True,False
290,73,1057.1365,384.14703,1058.1968,386.05115,-1.8188477,-3.5421143,-117.18013977659484,2.5706663313818723,True,False,False
290,57,1006.8729,326.64835,1007.31476,328.46887,-0.61968994,-2.7486572,-102.70502440159666,-2.0121455456409336,True,False,False
290,77,830.6199,304.6611,831.3834,304.15546,-0.99102783,1.4466248,0,0,False,False,False
290,72,965.505,292.25604,965.407,293.05096,-0.7122803,-1.3835144,0,0,False,False,False
290,105,877.90454,258.9076,878.3154,258.7415,-0.81140137,0.063812256,0,0,False,False,False
290,11,1294.8704,486.87534,1294.8229,487.01834,0.15637207,-0.17279053,0,0,False,False,False
291,5,1088.5212,296.4887,1088.4036,296.63733,0.14111328,-0.30673218,0,0,False,False,False
291,58,685.8696,524.55615,691.39844,518.1488,-8.170959,10.487183,127.92350088840895,0.9541280914938994,True,False,True
291,69,825.21643,431.59894,826.42847,427.1229,-1.8280029,6.480255,105.75312830761925,1.007877885599683,True,False,False
291,101,988.66907,267.2041,989.05414,267.64282,-0.4232788,-0.79315186,0,0,False,False,False
291,80,871.9943,354.18628,872.58466,352.4954,-1.6727905,2.349762,125.44698263504735,-9.911831178164348,True,True,False
291,73,1055.8733,381.42065,1057.3835,384.43048,-2.026245,-3.8286743,-117.889086968883,-0.7089471922881643,True,False,False
291,57,1007.1035,325.49805,1007.24084,327.42908,-0.55462646,-2.9102173,-100.78998521007483,1.9150391915218279,True,False,False
291,77,830.3917,304.21698,831.0363,304.17697,-1.0354614,0.8076172,0,0,False,False,False
291,72,965.845,292.0839,965.5603,292.7125,0.01171875,-1.3044739,0,0,False,False,False
291,105,877.6909,259.1385,878.0968,258.88043,-0.7163086,0.21572876,0,0,False,False,False
291,11,1294.9509,487.00006,1294.8677,487.01193,0.119628906,-0.2055664,0,0,False,False,False
292,5,1088.6545,296.42572,1088.4913,296.56326,0.20117188,-0.26605225,0,0,False,False,False
292,58,682.72345,529.0961,688.3622,521.98035,-8.5876465,10.825317,128.4247151021271,0.5012142137181428,True,False,True
292,69,825.0371,434.3733,825.9414,429.66052,-1.8457031,6.9099426,104.95503913963331,-0.7980891679859354,True,False,False
292,101,988.6742,267.09235,988.92114,267.45016,-0.44641113,-0.67370605,0,0,False,False,False
292,80,872.19257,353.8676,872.4474,352.97565,-1.0912476,2.015625,118.43085462244176,-7.016128012605591,True,False,False
292,73,1054.1392,379.77905,1056.2479,382.8025,-2.5197754,-4.273987,-120.52193778706221,-2.6328508181792074,True,False,False
292,57,1006.81647,324.76114,1007.0923,326.4953,-0.46038818,-2.9538574,-98.85884439210778,1.931140817967048,True,False,False
292,77,829.9418,303.9893,830.6532,304.11127,-1.1414795,0.22808838,0,0,False,False,False
292,72,965.9395,291.82755,965.693,292.40274,0.33874512,-1.0762634,0,0,False,False,False
292,105,877.57556,259.69354,877.9143,259.165,-0.6224365,0.51297,0,0,False,False,False
292,111,1294.6647,487.10324,1294.6316,487.0923,0.014892578,0.046661377,0,0,False,False,False
292,11,1295.0035,487.09985,1294.9152,487.04266,0.11779785,-0.05267334,0,0,False,False,False
293,5,1088.6595,296.21356,1088.5502,296.44086,0.20996094,-0.27648926,0,0,False,False,False
293,58,680.42725,532.61804,685.58496,525.7035,-8.790588,11.004761,128.61781387255417,0.19309877042707058,True,False,True
293,69,824.1544,436.96985,825.3159,432.21875,-1.7652588,7.5060425,103.23423546440146,-1.7208036752318492,True,False,False
293,101,988.8367,266.6996,988.89154,267.18747,-0.36999512,-0.69158936,0,0,False,False,False
293,80,871.6721,354.737,872.176,353.5921,-0.7265625,2.0071716,109.89940722366906,-8.531447398772698,True,False,False
293,73,1054.0177,377.90216,1055.4673,381.08734,-2.7294922,-4.963806,-118.80546568932486,1.716472097737352,True,False,False
293,57,1006.50134,323.9139,1006.88544,325.5918,-0.4293213,-2.8770752,-98.48713374767617,0.37171064443161583,True,False,False
293,77,829.2992,304.20798,830.17926,304.1451,-1.2041626,-0.010345459,0,0,False,False,False
293,72,965.7649,291.74338,965.71814,292.17194,0.31115723,-0.8790283,0,0,False,False,False
293,105,877.224,259.81714,877.67267,259.39325,-0.64276123,0.6517639,0,0,False,False,False
293,11,1295.1946,486.59177,1295.013,486.88483,0.19006348,-0.1335144,0,0,False,False,False
294,5,1088.6003,296.25476,1088.5676,296.37573,0.1640625,-0.26159668,0,0,False,False,False
294,58,677.14136,536.2074,682.6297,529.3798,-8.768738,11.231018,127.98132001845877,-0.6364938540953915,True,False,True
294,69,823.2667,439.38873,824.59863,434.7282,-1.829834,7.605316,103.52819781517331,0.2939623507718494,True,False,False
294,101,988.91394,266.63522,988.89935,266.99417,-0.15478516,-0.6486511,0,0,False,False,False
294,80,871.4453,356.00745,871.9202,354.43747,-0.6644287,1.9420776,108.88697821506385,-1.01242900860521,True,False,False
294,73,1054.2908,376.08633,1055.0554,379.33698,-2.328125,-5.093506,-114.56405594157309,4.241409747751774,True,False,False
294,57,1006.4584,322.81653,1006.73596,324.62045,-0.5048828,-2.8086243,-100.19074293331101,-1.7036091856348463,True,False,False
294,77,828.9237,304.9765,829.7398,304.4361,-1.2965088,0.25912476,0,0,False,False,False
294,72,965.2578,291.83807,965.557,292.05508,-0.0032958984,-0.65740967,0,0,False,False,False
294,105,876.8699,260.26965,877.3917,259.69998,-0.7050781,0.81954956,0,0,False,False,False
294,97,1276.6028,400.79208,1276.7454,401.21033,-0.22094727,-0.67089844,0,0,False,False,False
295,5,1088.6233,296.2556,1088.587,296.33368,0.095703125,-0.22958374,0,0,False,False,False
295,58,674.0985,540.0294,679.6438,533.1072,-8.718384,11.126831,128.0803318565804,0.09901183812161207,True,False,True
295,69,822.60266,441.27252,823.9,437.0187,-2.0413818,7.358185,105.50561502087282,1.9774172056995099,True,False,False
295,101,989.1535,266.72797,988.9883,266.901,0.06713867,-0.5491638,0,0,False,False,False
295,80,871.3092,358.55826,871.7063,355.87976,-0.74108887,2.9041138,104.31555202549224,-4.571426189571611,True,True,False
295,73,1053.758,375.3649,1054.6013,377.94675,-1.6466064,-4.8557434,-108.73205016545754,5.832005776115551,True,False,False
295,57,1006.2859,322.12878,1006.57837,323.74835,-0.513916,-2.7469482,-100.59674791190886,-0.40600497859784923,True,False,False
295,77,828.4941,305.96994,829.30383,304.97293,-1.3493652,0.8616638,0,0,False,False,False
295,72,964.86487,291.7455,965.31476,291.94672,-0.37823486,-0.45602417,0,0,False,False,False
295,110,736.355,334.07776,737.4426,334.32776,-1.5441284,-0.6060791,0,0,False,False,False
295,97,1276.5994,400.87177,1276.6942,401.09183,-0.18408203,-0.51119995,0,0,False,False,False
295,11,1295.3844,486.698,1295.1428,486.81943,0.27514648,-0.19250488,0,0,False,False,False
296,5,1088.7178,296.3029,1088.6328,296.32288,0.0826416,-0.11798096,0,0,False,False,False
296,58,671.5679,544.00146,676.8172,536.92017,-8.767761,11.216675,128.01374590068858,-0.06658595589181004,True,False,True
296,69,821.8499,444.60095,823.18243,439.6725,-2.133484,7.4537354,105.97271901995636,0.46710399908353395,True,True,False
296,101,989.3131,266.56232,989.1019,266.78244,0.21038818,-0.4050293,0,0,False,False,False
296,80,871.30164,361.13828,871.56464,357.7202,-0.61138916,4.128113,98.42448218951796,-5.891069835974278,True,True,False
296,73,1052.1025,373.70035,1053.7267,376.4605,-1.7406006,-4.626831,-110.61615591386618,-1.8841057484086434,True,False,False
296,57,1006.25244,321.98993,1006.4643,323.13287,-0.42114258,-2.4589233,-99.71881510328424,0.877932808624621,True,False,False
296,77,827.63763,307.0042,828.72064,305.68387,-1.4586182,1.5387573,133.4684794925866,14.695367990270753,False,False,False
296,72,964.6638,291.17352,965.0869,291.6761,-0.6312256,-0.4958496,0,0,False,False,False
296,110,735.8147,333.92807,736.8728,334.18787,-1.6292725,-0.47549438,0,0,False,False,False
296,97,1276.5626,400.89642,1276.6481,401.02344,-0.17407227,-0.4121399,0,0,False,False,False
296,11,1295.4222,486.6452,1295.2405,486.75842,0.32531738,-0.28424072,0,0,False,False,False
297,5,1088.9852,296.19766,1088.7561,296.27905,0.18847656,-0.09667969,0,0,False,False,False
297,58,668.32556,549.3841,673.8451,541.28253,-8.784607,11.90271,126.42859388100145,-1.5851520196871292,True,False,True
297,69,821.44556,447.46268,822.57446,442.39905,-2.02417,7.6708374,104.78217552032076,-1.190543499635595,True,False,False
297,101,989.5585,266.41248,989.2617,266.65295,0.36236572,-0.34121704,0,0,False,False,False
297,80,871.4048,363.02142,871.50867,359.57562,-0.41156006,5.138153,94.5795478456168,-3.8449343439011585,True,True,False
297,73,1051.4254,374.84625,1052.9211,375.8955,-2.1342773,-3.4414673,-121.80573854202756,-11.189582628161375,True,False,False
297,77,826.9088,307.77136,828.0865,306.4145,-1.6533203,1.9783936,129.8851089560169,-3.583370536569703,True,False,False
297,72,964.2289,290.70245,964.78656,291.3353,-0.7704468,-0.7197876,0,0,False,False,False
297,110,735.63806,334.60278,736.4407,334.33307,-1.5876465,-0.12930298,0,0,False,False,False
297,97,1276.6089,400.80408,1276.6343,400.94666,-0.111083984,-0.26367188,0,0,False,False,False
297,11,1295.4626,486.58646,1295.3181,486.69824,0.30517578,-0.18658447,0,0,False,False,False
297,105,876.0755,260.48627,876.931,259.97516,-0.98327637,0.81015015,0,0,False,False,False
298,5,1088.971,295.99872,1088.8313,296.1809,0.2442627,-0.152771,0,0,False,False,False
298,58,665.10016,552.9767,670.78436,545.3755,-8.859436,12.268311,125.83455141874975,-0.5940424622516929,True,False,True
298,69,821.24866,450.2439,822.1104,445.1447,-1.7896118,8.126007,102.42013066203326,-2.362044858287504,True,False,False
298,101,988.9548,265.85187,989.15424,266.37256,0.16595459,-0.5284424,0,0,False,False,False
298,80,871.30566,363.71262,871.43756,361.02356,-0.2687378,5.143799,92.99069915863691,-1.5888486869798868,True,True,False
298,73,1051.0605,373.54077,1052.2699,375.07135,-2.331421,-2.8753967,-129.0357310529031,-7.229992510875533,True,False,False
298,77,826.5539,306.59293,827.55005,306.47693,-1.7537842,1.5039978,139.38450400988415,9.49939505386726,False,False,False
298,72,963.8235,290.63965,964.44946,291.0918,-0.8652954,-0.85491943,0,0,False,False,False
298,110,735.8304,334.70636,736.22705,334.4637,-1.2155762,0.13595581,0,0,False,False,False
298,97,1276.6465,400.66013,1276.6385,400.84637,-0.055664062,-0.24545288,0,0,False,False,False
298,57,1006.98895,319.19952,1006.64795,321.7562,-0.088012695,-2.8642578,-91.76002653435206,7.958788568932178,True,False,False
299,5,1088.9246,295.82996,1088.8639,296.05804,0.2310791,-0.26483154,0,0,False,False,False
299,58,661.50867,557.26,667.53784,549.53503,-9.279358,12.614868,126.33778981536108,0.503238396611323,True,False,True
299,69,820.92615,452.68958,821.6959,447.7854,-1.4865112,8.112915,100.38300536740684,-2.0371252946264207,True,False,False
299,101,988.5383,265.51477,988.93866,266.07233,-0.16326904,-0.7101135,0,0,False,False,False
299,80,870.7041,365.14935,871.1808,362.46756,-0.3838501,4.747345,94.62263651049129,1.6319373518543756,True,True,False
299,73,1049.9446,372.03723,1051.456,374.0094,-2.27063,-2.4511108,-132.8110264681356,-3.775295415232506,True,True,False
299,77,826.3391,306.28696,827.1262,306.41043,-1.5944214,0.7265625,0,0,False,False,False
299,72,964.12463,290.32477,964.33575,290.82333,-0.75115967,-0.8527527,0,0,False,False,False
299,97,1276.7324,400.79486,1276.6714,400.82834,0.02331543,-0.19509888,0,0,False,False,False
299,57,1007.3702,318.81628,1006.90076,320.72723,0.3223877,-3.0211182,-83.90893866405608,7.851087870295984,True,True,False
299,11,1295.7306,485.8203,1295.4624,486.39096,0.31958008,-0.4284668,0,0,False,False,False
300,5,1089.0403,295.89633,1088.9255,296.00143,0.1694336,-0.2776184,0,0,False,False,False
300,58,656.9983,561.68317,663.849,553.78687,-9.996094,12.5043335,128.63920242248963,2.3014126071285546,True,False,True
300,69,820.59717,454.74487,821.3114,450.2212,-1.2630615,7.8221436,99.17252329672047,-1.2104820706863677,True,False,False
300,101,988.4427,265.18958,988.765,265.76337,-0.4967041,-0.8895874,0,0,False,False,False
300,80,870.6925,367.0019,871.0099,364.05457,-0.4987793,4.478943,96.35433104411673,1.7316945336254435,True,True,False
300,73,1049.9828,371.42206,1050.9404,373.10382,-1.9807129,-2.791687,-125.35585037975703,7.455176088378565,True,False,False
300,77,825.9281,306.40753,826.70685,306.40942,-1.3796387,-0.005065918,0,0,False,False,False
300,72,964.24097,290.21036,964.3026,290.60876,-0.48394775,-0.726532,0,0,False,False,False
300,97,1276.8005,400.82007,1276.7166,400.82544,0.08227539,-0.12121582,0,0,False,False,False
300,57,1007.39874,318.36115,1007.0751,319.89908,0.6107788,-3.2337952,-79.30433039148824,4.6046082725678446,True,True,False
300,11,1295.3236,485.362,1295.4138,486.03082,0.17333984,-0.7276001,0,0,False,False,False
300,110,734.5649,335.65753,735.64526,334.88153,-1.2275391,0.69366455,0,0,False,False,False
301,5,1089.1838,295.54733,1089.0159,295.8425,0.18457031,-0.33840942,0,0,False,False,False
301,58,653.0868,565.6987,660.0822,557.956,-10.702148,12.580505,130.38758159336726,1.7483791708776266,True,False,True
301,69,820.1515,457.96625,820.9054,452.93195,-1.2050171,7.7872314,98.79633516265943,-0.3761881340610387,True,False,False
301,101,988.3484,265.16843,988.6192,265.5551,-0.5350342,-0.81744385,0,0,False,False,False
301,80,870.33624,368.78705,870.7741,365.71094,-0.66345215,4.687378,98.05613946677329,1.7018084226565549,True,False,False
301,73,1049.9749,369.91382,1050.6024,371.9873,-1.6674805,-3.0840454,-118.39918542680438,6.95666495295265,True,False,False
301,77,825.2982,306.95337,826.2138,306.5998,-1.3362427,0.12286377,0,0,False,False,False
301,72,964.38605,289.21805,964.3318,290.122,-0.11767578,-0.9697876,0,0,False,False,False
301,97,1276.8983,400.97644,1276.7802,400.8783,0.14160156,0.031921387,0,0,False,False,False
301,57,1007.4901,317.3086,1007.2203,318.9924,0.57232666,-2.763794,-78.3005476644953,1.003782726992938,True,True,False
301,11,1295.3674,484.56516,1295.3975,485.51782,0.0793457,-1.1804199,0,0,False,False,False
301,110,733.626,335.95078,734.9385,335.25577,-1.5021973,0.922699,0,0,False,False,False
301,105,875.7671,260.40973,876.52356,260.12726,-1.1491089,0.7340088,0,0,False,False,False
302,5,1089.1738,295.4151,1089.0712,295.6929,0.20727539,-0.36514282,0,0,False,False,False
302,58,650.33484,570.0991,656.67065,562.20605,-10.8671875,12.6710205,130.61774600741762,0.23016441405036403,True,False,True
302,69,819.1892,461.27405,820.3047,455.85168,-1.3912354,8.066284,99.78583326411056,0.989498101451133,True,False,False
302,101,987.9844,264.7486,988.397,265.27283,-0.541687,-0.7994995,0,0,False,False,False
302,80,869.65967,369.4581,870.38403,367.02243,-0.7967529,4.5548706,99.92198062363225,1.8658411568589628,True,False,False
302,73,1048.9564,367.04044,1050.0262,370.2559,-1.4298096,-3.7535095,-110.85314076652286,7.546044660281524,True,False,False
302,77,824.8627,307.32965,825.74084,306.85522,-1.385376,0.4447937,0,0,False,False,False
302,72,963.9912,288.5479,964.2125,289.57108,-0.12322998,-1.2522583,0,0,False,False,False
302,97,1276.949,400.87607,1276.8391,400.8775,0.16772461,0.04916382,0,0,False,False,False
302,57,1007.88007,315.90695,1007.4512,317.91248,0.55041504,-2.8147583,-78.93565044944425,-0.6351027849489554,True,True,False
302,110,732.8556,336.77716,734.2095,335.78824,-2.0175781,1.3245239,146.71542084012034,0,False,False,False
302,105,875.7227,260.44547,876.2433,260.23865,-1.1484375,0.5386658,0,0,False,False,False
302,76,446.24554,347.5266,446.93945,345.68182,-0.9109497,2.0361328,114.1033642945989,0,False,False,False
303,5,1089.2639,295.50897,1089.1387,295.6285,0.21313477,-0.3729248,0,0,False,False,False
303,58,646.69666,574.84735,653.17975,566.6305,-10.6692505,12.843628,129.71654114293602,-0.9012048644815991,True,False,True
303,69,818.474,465.13635,819.6639,459.10132,-1.647522,8.880127,100.51052743116385,0.7246941670532863,True,False,False
303,101,987.86536,264.37387,988.2109,264.9582,-0.5541382,-0.8051758,0,0,False,False,False
303,80,868.4994,371.13074,869.72437,368.46033,-1.2855225,4.4057617,106.26630049034743,6.344319866715182,True,False,False
303,73,1047.5929,366.14685,1049.1746,368.81772,-1.7658691,-4.2861023,-112.39160386284762,-1.5384630963247616,True,False,False
303,77,824.0974,308.12244,825.1656,307.29874,-1.5412598,0.88931274,0,0,False,False,False
303,72,963.9114,288.794,964.10706,289.2991,-0.19555664,-1.3096619,0,0,False,False,False
303,97,1276.9698,400.91583,1276.8848,400.89093,0.16821289,0.06549072,0,0,False,False,False
303,57,1007.4349,315.38867,1007.44543,317.0291,0.37036133,-2.8699646,-82.64677006017521,-3.711119610730961,True,True,False
303,110,731.99243,337.1833,733.4335,336.2765,-2.211792,1.3949585,147.76071668571402,1.045295845593671,False,False,False
303,105,875.5472,260.5091,875.99963,260.3333,-0.9313965,0.3581543,0,0,False,False,False
303,76,446.44882,347.49454,446.7677,346.31625,-1.0263977,2.7531128,110.44613588312744,-3.657228411471465,False,False,False
304,5,1089.2366,295.57812,1089.1729,295.61087,0.15698242,-0.23162842,0,0,False,False,False
304,58,643.7278,579.7606,649.8716,571.226,-10.210632,13.27002,127.57652551350417,-2.1400156294318577,True,False,True
304,69,817.7462,467.74408,818.9927,462.12625,-1.9127197,9.194305,101.7518006127236,1.2412731815597482,True,False,False
304,101,987.9053,263.76926,988.1039,264.54205,-0.5153198,-1.0130615,0,0,False,False,False
304,80,868.1133,372.27298,869.1604,369.79474,-1.6137085,4.0838013,111.56138629162294,5.295085801275505,True,False,False
304,73,1046.9926,364.95294,1048.4109,367.46503,-2.1915283,-4.522278,-115.85516163536055,-3.463557772512928,True,False,False
304,77,824.13074,308.74634,824.80334,307.8054,-1.4104614,1.2055969,0,0,False,False,False
304,72,963.75854,288.8394,963.98505,289.13818,-0.34674072,-0.9838257,0,0,False,False,False
304,97,1277.095,400.95056,1276.9584,400.9118,0.17822266,0.0335083,0,0,False,False,False
304,110,731.0343,337.33386,732.59375,336.64655,-2.3447266,1.3907776,149.32564640778784,1.5649297220738276,False,False,False
304,76,446.55493,347.42786,446.6932,346.70532,-0.61990356,2.0168152,107.08573002073545,-3.3604058623919855,False,False,False
304,11,1295.4021,484.32263,1295.399,485.0995,-0.06335449,-1.2914734,0,0,False,False,False
305,5,1089.0863,295.6599,1089.1426,295.62802,0.07141113,-0.06488037,0,0,False,False,False
305,58,640.3191,586.16406,646.5282,576.45435,-10.142456,14.248291,125.44465566027851,-2.131869853225652,True,False,True
305,69,816.5219,471.24246,818.12787,465.3169,-2.1768188,9.46521,102.95173285847794,1.19993224575434,True,False,False
305,101,987.6514,263.46973,987.94556,264.16675,-0.45141602,-1.1060791,0,0,False,False,False
305,80,867.2501,373.96967,868.49176,371.25595,-1.892273,4.2335205,114.08339439850992,2.522008106886986,True,False,False
305,73,1046.2712,364.42853,1047.662,366.40225,-2.3642578,-3.8536377,-121.5296675737281,-5.67450593836756,True,False,False
305,77,824.02356,307.4752,824.5304,307.68982,-1.2104492,0.8345947,0,0,False,False,False
305,72,963.90155,288.55804,963.9558,288.93512,-0.25671387,-0.6359558,0,0,False,False,False
305,97,1277.1221,400.95575,1277.0156,400.92715,0.17651367,0.0496521,0,0,False,False,False
305,110,730.6858,338.41754,731.9259,337.2664,-2.2835693,1.4781494,147.08510657724966,-2.2405398305381823,False,False,False
305,76,446.64896,347.73212,446.67773,347.0647,-0.26171875,1.3828735,0,0,False,False,False
305,57,1007.44495,314.0147,1007.44525,315.97406,0.22497559,-3.018341,-85.73727437273874,-3.0905043125635245,True,True,False
306,5,1089.1511,295.46478,1089.1455,295.57086,0.0068359375,-0.057647705,0,0,False,False,False
306,58,636.28644,591.4426,642.9436,581.7002,-10.236145,15.069702,124.18643707890932,-1.2582185813691922,True,False,True
306,69,816.1451,474.25836,817.43384,468.44638,-2.2300415,9.345062,103.42166005337634,0.4699271948984034,True,False,False
306,101,987.74005,263.32028,987.87366,263.87048,-0.33721924,-1.0877075,0,0,False,False,False
306,80,866.9178,374.69214,867.9409,372.45862,-1.7834473,3.998291,114.0393751131625,-0.04401928534741728,True,False,False
306,73,1045.7808,363.39392,1047.0035,365.34933,-2.1710205,-3.4683838,-122.04433786024138,-0.5146702865132795,True,False,False
306,77,822.9397,307.3559,823.97363,307.57294,-1.1919556,0.27420044,0,0,False,False,False
306,72,964.0006,288.32748,963.97144,288.72244,-0.13562012,-0.57666016,0,0,False,False,False
306,97,1277.1201,400.93048,1277.0521,400.92828,0.1673584,0.037353516,0,0,False,False,False
306,76,446.4021,347.9267,446.58124,347.3664,-0.1864624,1.0501404,0,0,False,False,False
306,57,1007.25964,313.82062,1007.38025,315.22034,-0.07092285,-2.6921387,-91.50907544944769,-5.771801076708954,True,False,False
307,5,1089.1803,295.44122,1089.1577,295.52548,-0.015136719,-0.08538818,0,0,False,False,False
307,58,632.2773,596.7644,639.2104,586.97266,-10.661194,15.746643,124.09978791100767,-0.08664916790165478,True,False,True
307,69,815.2842,476.81476,816.6814,471.3753,-2.3112793,9.249054,104.03050511788092,0.6088450645045782,True,False,False
307,101,987.8256,262.81976,987.8568,263.50272,-0.24707031,-1.0393372,0,0,False,False,False
307,80,865.7497,376.19894,867.17395,373.76773,-1.9864502,3.972992,116.5645230502121,2.5251479370495957,True,True,False
307,73,1045.4673,362.13477,1046.4658,364.22424,-1.9450684,-3.2407837,-120.97153160464264,1.0728062555987492,True,False,False
307,77,821.988,307.78708,823.2786,307.6479,-1.5247192,-0.15750122,0,0,False,False,False
307,72,963.80334,288.01672,963.9126,288.47543,-0.07244873,-0.66275024,0,0,False,False,False
307,97,1277.1531,400.90393,1277.0874,400.91974,0.12902832,0.00793457,0,0,False,False,False
307,11,1295.312,484.31628,1295.3685,484.82538,-0.045288086,-1.2054443,0,0,False,False,False
308,5,1089.0273,295.5425,1089.112,295.53143,-0.030517578,-0.096588135,0,0,False,False,False
308,101,988.0197,262.51062,987.9138,263.1555,-0.03173828,-1.011261,0,0,False,False,False
308,80,865.3815,377.52368,866.5465,375.0823,-1.9452515,3.826355,116.94798166276425,0.38345861255214686,True,False,False
308,73,1044.6581,360.56302,1045.833,362.9428,-1.8289795,-3.4594421,-117.86505147782218,3.1064801268204576,True,False,False
308,77,821.3329,309.1817,822.5976,308.1847,-1.9328003,0.49487305,0,0,False,False,False
308,72,963.99475,287.84973,963.9413,288.2564,-0.014526367,-0.67871094,0,0,False,False,False
308,97,1277.258,400.9063,1277.1471,400.915,0.13146973,-0.012145996,0,0,False,False,False
308,11,1295.1982,484.2575,1295.3088,484.6266,-0.08862305,-0.89123535,0,0,False,False,False
308,105,873.3854,261.10757,875.0846,260.6043,-1.4389648,0.47705078,0,0,False,False,False
308,110,729.6754,341.33508,731.13824,338.69043,-2.295227,2.4139404,133.5559368333107,-13.52916974393895,False,False,False
308,57,1006.0143,312.2211,1006.9021,314.1706,-0.54333496,-2.8585205,-100.76214690231659,-9.253071452868895,True,False,False
309,5,1089.049,295.41986,1089.0898,295.49237,-0.055664062,-0.07849121,0,0,False,False,False
309,101,988.1986,262.27972,988.0135,262.84897,0.13983154,-1.0215149,0,0,False,False,False
309,80,865.53033,378.79596,866.1908,376.38208,-1.7501221,3.923462,114.04001461294142,-2.9079670498228296,True,False,False
309,73,1044.1702,358.89545,1045.251,361.5262,-1.7525635,-3.82312,-114.62728127051582,3.2377702073063546,True,False,False
309,77,821.24524,310.3167,822.12427,308.93088,-1.8493652,1.3579407,143.71113255832913,4.3266285484449725,True,False,False
309,72,963.57837,286.92758,963.8142,287.79132,-0.15722656,-0.9311218,0,0,False,False,False
309,97,1277.2097,400.85474,1277.169,400.89392,0.11682129,-0.034362793,0,0,False,False,False
309,11,1295.0645,484.07385,1295.2233,484.4331,-0.17578125,-0.66638184,0,0,False,False,False
309,105,873.03503,261.2424,874.36725,260.82764,-1.8760376,0.58898926,0,0,False,False,False
309,110,729.20764,341.42175,730.4625,339.6464,-2.1312256,2.9998474,125.39168689321244,-8.164249940098273,False,False,False
309,57,1005.383,311.61127,1006.37036,313.2748,-1.0748901,-2.6992493,-111.71334627706956,-10.951199374752974,True,True,False
309,69,814.1489,485.37744,815.79504,476.27606,-2.3328247,10.9591675,102.01691484068519,-2.013590277195732,True,False,False
310,5,1089.0559,295.13614,1089.0779,295.36768,-0.079833984,-0.1578064,0,0,False,False,False
310,101,988.7332,261.48013,988.2654,262.36987,0.40856934,-1.132843,0,0,False,False,False
310,80,865.0773,379.85693,865.801,377.59827,-1.3729248,3.830536,109.7184846454786,-4.321529967462823,True,True,False
310,73,1043.394,358.60022,1044.601,360.5021,-1.8648682,-3.7221375,-116.61182062499032,-1.9845393544744923,True,False,False
310,77,821.2278,311.2638,821.8104,309.7474,-1.4682007,2.0995178,124.96523811101653,-18.745894447312594,True,True,False
310,97,1277.293,400.89728,1277.2123,400.89508,0.12487793,-0.024658203,0,0,False,False,False
310,105,872.5563,261.38696,873.7334,261.0234,-2.2662354,0.690094,163.0639214475798,0,False,False,False
310,110,728.63086,341.29755,729.8214,340.22427,-2.1044922,2.9578857,125.43129133606293,0.03960444285048936,False,False,False
310,57,1005.3874,311.53552,1006.02625,312.66605,-1.3540039,-2.5542908,-117.92761378902857,-6.214267511959008,True,True,False
310,69,812.91113,489.43396,814.78564,480.88132,-2.6481934,12.434937,102.02233148799249,0.005416647307299627,True,False,False
311,5,1089.2548,294.8123,1089.1398,295.17328,0.027709961,-0.3581543,0,0,False,False,False
311,101,988.7632,261.0454,988.4396,261.9063,0.52575684,-1.249176,0,0,False,False,False
311,80,863.9771,381.22845,865.1626,378.86884,-1.3839111,3.7865295,110.07648486544078,0.3580002199621788,True,False,False
311,73,1042.4374,357.5935,1043.8438,359.48407,-1.9892578,-3.4587402,-119.90490430858472,-3.2930836835944035,True,False,False
311,77,820.84595,311.5727,821.47284,310.38623,-1.1247559,2.201538,117.0622836667111,-7.902954444305436,True,True,False
311,97,1277.3049,400.92664,1277.2446,400.90613,0.09753418,-0.008880615,0,0,False,False,False
311,105,872.20557,261.60614,873.1986,261.22736,-1.8859863,0.6230469,0,0,False,False,False
311,110,727.93835,341.40356,729.16235,340.63702,-1.9758911,1.9465942,135.4279317645605,9.996640428497571,False,False,False
311,57,1005.82983,310.9729,1005.9575,312.07343,-0.9445801,-2.097168,-114.247156241396,3.680457547632571,True,True,False
311,69,811.68567,493.4037,813.7006,485.26413,-2.980774,13.888824,102.11288835837725,0.09055687038475924,True,False,False
311,11,1294.7356,483.55322,1295.0525,484.12512,-0.31604004,-0.70025635,0,0,False,False,False
312,5,1089.2324,294.83627,1089.1721,295.05533,0.08227539,-0.43704224,0,0,False,False,False
312,101,988.8698,260.84375,988.59015,261.5344,0.57666016,-1.3145752,0,0,False,False,False
312,80,862.93036,383.56412,864.3813,380.51218,-1.8095093,4.1300964,113.65955305773916,3.5830681922983842,True,False,False
312,73,1042.0459,357.4511,1043.2145,358.77252,-2.036499,-2.7536926,-126.48485335664644,-6.579949048061721,True,False,False
312,77,819.9784,311.73016,820.94977,310.8566,-1.1744995,1.9257202,121.37907479293789,4.316791126226789,True,True,False
312,97,1277.251,401.01898,1277.2468,400.94562,0.07788086,0.051696777,0,0,False,False,False
312,105,871.7811,261.93152,872.7025,261.47382,-1.6647339,0.6461792,0,0,False,False,False
312,110,727.99255,341.67224,728.7529,340.99933,-1.7095947,1.3529358,141.64268046983796,6.214748705277458,False,False,False
312,57,1005.7631,310.15457,1005.88947,311.40182,-0.480896,-1.8729858,0,0,False,False,False
312,69,809.6516,496.97357,812.28345,489.36243,-3.5115967,13.086365,105.02089601454145,2.9080076561642016,True,False,False
312,11,1294.6979,483.3302,1294.9283,483.84686,-0.38049316,-0.7797241,0,0,False,False,False
312,72,963.76196,286.83533,963.7959,287.45673,-0.11669922,-1.0187073,0,0,False,False,False
313,5,1089.1536,294.88013,1089.1655,294.994,0.087646484,-0.37368774,0,0,False,False,False
313,101,989.2211,260.82547,988.8109,261.28625,0.5455322,-1.0836182,0,0,False,False,False
313,80,862.8864,385.3158,863.8581,382.19342,-1.9429321,4.595154,112.91971081902898,-0.7398422387101817,True,False,False
313,73,1041.9054,355.49,1042.7562,357.62363,-1.8447266,-2.878479,-122.6545315069001,3.8303218497463405,True,False,False
313,77,819.0431,312.38672,820.28235,311.39212,-1.5280762,1.6447144,132.89463958744614,11.51556479450825,True,True,False
313,97,1277.3181,401.02118,1277.2717,400.97205,0.059448242,0.07696533,0,0,False,False,False
313,105,871.6406,262.27808,872.3308,261.7553,-1.4025879,0.7319031,0,0,False,False,False
313,110,727.30664,342.18433,728.2467,341.41406,-1.574707,1.1897888,0,0,False,False,False
313,57,1005.1179,309.7257,1005.6194,310.8152,-0.40686035,-1.8508606,0,0,False,False,False
313,69,809.00305,501.72418,811.13525,493.68903,-3.6503906,12.807709,105.90835308280317,0.8874570682617247,True,False,False
313,106,1322.6992,428.56427,1322.6143,428.53888,0.07080078,-0.29421997,0,0,False,False,False
313,11,1294.5854,483.55542,1294.8082,483.74487,-0.41503906,-0.6882324,0,0,False,False,False
313,72,963.3578,285.17114,963.6425,286.65677,-0.2987671,-1.5996399,0,0,False,False,False
314,5,1089.0469,294.96298,1089.124,294.98312,-0.01574707,-0.19015503,0,0,False,False,False
314,101,989.2892,260.96313,988.9783,261.17316,0.5386963,-0.7331543,0,0,False,False,False
314,80,862.1045,387.31827,863.2443,383.98712,-1.9182739,5.118286,110.54541202352485,-2.3742987955041315,True,False,False
314,73,1041.3429,354.32703,1042.2615,356.46982,-1.5822754,-3.0142517,-117.69639180790716,4.958139698992937,True,False,False
314,77,818.65454,312.79675,819.71265,311.88373,-1.7601929,1.4974976,139.61027086844842,6.715631281002288,True,False,False
314,97,1277.322,400.94864,1277.2893,400.9638,0.044677734,0.057678223,0,0,False,False,False
314,110,726.04443,343.1881,727.4759,342.03497,-1.6864624,1.3979492,140.34384818479563,-1.298832285042323,False,False,False
314,57,1004.90576,309.4032,1005.3696,310.32098,-0.5878906,-1.7524414,0,0,False,False,False
314,69,807.95215,506.6101,810.0211,498.2114,-3.6795044,12.947266,105.86470551455876,-0.04364756824440974,True,False,False
314,106,1322.8029,428.43958,1322.6802,428.5041,0.111450195,-0.14202881,0,0,False,False,False
314,72,963.2113,284.17355,963.4916,285.78763,-0.32263184,-2.0036926,-99.14717409501758,0,True,True,False
315,5,1089.189,294.84836,1089.1467,294.93594,-0.025390625,-0.119384766,0,0,False,False,False
315,101,989.17505,260.50226,989.0471,260.93832,0.4569702,-0.59606934,0,0,False,False,False
315,80,859.2818,389.21967,861.8574,385.81848,-2.5238647,5.306305,115.43739944001513,4.891987416490281,True,False,False
315,73,1040.3334,353.82825,1041.5865,355.54526,-1.6279297,-3.2272644,-116.76775735883277,0.9286344490743943,True,False,False
315,77,818.4233,312.7214,819.26135,312.1769,-1.6884155,1.3203125,141.97519144170377,2.364920573255347,True,False,False
315,97,1277.2896,400.4301,1277.2893,400.777,0.04248047,-0.16860962,0,0,False,False,False
315,110,724.9592,343.44196,726.59503,342.5274,-2.157898,1.5280762,144.69647617042125,4.352627985625617,False,False,False
315,57,1004.8992,308.7896,1005.20496,309.785,-0.6845093,-1.6168213,0,0,False,False,False
315,69,806.63135,510.3106,808.8347,502.4461,-3.4487305,13.083679,104.76672889892224,-1.0979766156365258,True,False,False
315,106,1322.6003,428.01373,1322.6522,428.33246,0.083740234,-0.19274902,0,0,False,False,False
315,72,963.0719,283.82135,963.3447,285.09943,-0.45117188,-2.3572998,-100.83500751250432,-1.6878334174867433,True,True,False
315,76,446.80533,346.7935,446.65967,347.16586,-0.03353882,0.46054077,0,0,False,False,False
315,105,870.6367,262.0656,871.73785,261.8639,-1.4607544,0.63653564,0,0,False,False,False
315,11,1294.645,483.22583,1294.7511,483.56317,-0.3013916,-0.5619507,0,0,False,False,False
316,5,1089.2354,294.27875,1089.1777,294.70593,0.012207031,-0.28805542,0,0,False,False,False
316,101,989.1725,260.1368,989.09094,260.65778,0.2800293,-0.628479,0,0,False,False,False
316,80,858.2779,390.57336,860.6045,387.48267,-3.253601,5.2892456,121.59713529491113,6.159735854895999,True,True,False
316,73,1039.6296,352.85904,1040.9016,354.60507,-1.8546143,-3.0185547,-121.56676219752526,-4.799004838692497,True,False,False
316,77,818.18384,312.71188,818.88416,312.36414,-1.3981934,0.9720154,0,0,False,False,False
316,110,723.7053,343.66086,725.5836,342.9241,-2.663086,1.5100403,150.44561464432547,5.749138473904225,True,False,False
316,57,1004.72644,307.57068,1005.0374,309.00998,-0.5819702,-1.8052063,0,0,False,False,False
316,69,805.3195,514.9082,807.6044,506.80783,-3.5308838,13.118805,105.06399979089402,0.2972708919717775,True,False,False
316,106,1322.4224,427.55698,1322.5718,428.06104,-0.04248047,-0.47784424,0,0,False,False,False
316,72,962.6869,283.01215,963.1145,284.36887,-0.52801514,-2.2879028,-102.99550984421393,-2.1605023317096084,True,True,False
316,105,870.3004,262.12872,871.23474,261.95657,-1.4677734,0.48275757,0,0,False,False,False
316,11,1294.6106,483.4431,1294.7019,483.52112,-0.22644043,-0.32574463,0,0,False,False,False
317,5,1089.2063,293.96558,1089.1877,294.4468,0.0637207,-0.5363159,0,0,False,False,False
317,101,988.4752,259.7851,988.8754,260.35233,-0.10284424,-0.8208313,0,0,False,False,False
317,80,857.66614,391.72357,859.57605,388.96698,-3.668274,4.9798584,126.37618252974343,4.779047234832305,True,True,False
317,73,1038.7357,351.4904,1040.1436,353.51492,-2.11792,-2.954895,-125.63104776440376,-4.064285566878496,True,False,False
317,77,817.4807,312.9367,818.39294,312.5645,-1.3197021,0.68078613,0,0,False,False,False
317,57,1004.51447,306.87585,1004.8544,308.26303,-0.5152588,-2.057953,-104.05643324090886,10.19072300048714,True,True,False
317,69,804.0403,519.5364,806.35693,511.26282,-3.6641846,13.051422,105.68207755192861,0.6180777610345984,True,False,False
317,72,962.8684,282.8981,963.0283,283.8541,-0.46325684,-1.9335327,0,0,False,False,False
317,105,870.29156,262.0552,870.9046,261.9911,-1.4262085,0.23577881,0,0,False,False,False
317,97,1277.0255,399.39032,1277.197,400.29163,-0.07470703,-0.6804199,0,0,False,False,False
318,5,1089.2289,293.75635,1089.2021,294.20514,0.055419922,-0.73080444,0,0,False,False,False
318,101,987.78784,259.73392,988.49475,260.13586,-0.55236816,-0.8024597,0,0,False,False,False
318,80,856.5025,393.02185,858.5003,390.38617,-3.3571167,4.567688,126.31479532861324,-0.06138720113018792,True,True,False
318,73,1038.4102,350.8769,1039.5369,352.5916,-2.0496826,-2.9536438,-124.75873410549298,0.8723136589107838,True,False,False
318,77,817.22705,312.866,817.98486,312.67004,-1.2764893,0.49313354,0,0,False,False,False
318,57,1004.17224,306.1507,1004.6156,307.52368,-0.58935547,-2.261322,-104.60771592551956,-0.5512826846106975,True,True,False
318,69,802.62164,525.00085,805.04956,516.0711,-3.7851562,13.625,105.52580541126568,-0.15627214066293504,True,False,False
318,72,962.66907,282.57977,962.9026,283.40808,-0.44213867,-1.6913452,0,0,False,False,False
318,105,870.06946,262.17914,870.61224,262.0569,-1.1256104,0.19299316,0,0,False,False,False
318,97,1276.9554,399.28522,1277.1124,399.93936,-0.17687988,-1.0244446,0,0,False,False,False
318,11,1294.596,483.4745,1294.6648,483.5048,-0.14343262,-0.24008179,0,0,False,False,False
319,5,1089.23,293.6995,1089.2119,294.02817,0.034179688,-0.6777649,0,0,False,False,False
319,101,987.7001,259.97473,988.21655,260.07947,-0.87438965,-0.5783081,0,0,False,False,False
319,80,856.17633,394.958,857.6869,391.98633,-2.9176025,4.503662,122.93633333864334,-3.3784619899699067,True,True,False
319,73,1037.7078,349.83807,1038.8966,351.62787,-2.005005,-2.9772034,-123.958391901477,0.8003422040159762,True,False,False
319,77,816.38574,313.28662,817.4252,312.88583,-1.4589844,0.521698,0,0,False,False,False
319,57,1004.40857,305.59064,1004.5431,306.8471,-0.49432373,-2.1628723,-102.87381619282041,1.7338997326991432,True,True,False
319,69,801.2251,529.7479,803.71094,520.858,-3.8934326,14.05014,105.48857802828165,-0.03722738298402817,True,False,False
319,72,962.59595,282.40015,962.7952,283.0553,-0.3192749,-1.3135681,0,0,False,False,False
319,105,869.88995,262.24286,870.35944,262.12198,-0.8753052,0.16540527,0,0,False,False,False
319,97,1276.9482,399.17844,1277.0549,399.67303,-0.234375,-1.1039734,0,0,False,False,False
319,110,722.2352,344.64337,724.4117,343.52585,-3.064209,1.4908752,154.0549983790038,3.6093837346783175,True,True,False
320,5,1089.2483,293.57016,1089.2246,293.86786,0.036865234,-0.578949,0,0,False,False,False
320,101,987.71326,259.5946,988.0404,259.90976,-0.835022,-0.44256592,0,0,False,False,False
320,80,856.2498,397.47168,857.1839,393.9062,-2.3921509,4.939209,115.84177103028135,-7.094562308361986,True,False,False
320,73,1037.2894,348.89337,1038.3341,350.67078,-1.8094482,-2.8441467,-122.46454854549742,1.4938433559795783,True,False,False
320,77,815.38385,313.29602,816.7107,313.0294,-1.682251,0.46487427,0,0,False,False,False
320,57,1004.5731,304.89026,1004.5536,306.1622,-0.30078125,-2.10083,-98.14781299199541,4.726003200825005,True,False,False
320,69,799.6504,535.21436,802.28973,525.8827,-4.0671997,14.619873,105.54638903702069,0.057811008739037106,True,False,False
320,72,962.4518,282.04382,962.67505,282.70126,-0.35327148,-1.152832,0,0,False,False,False
320,105,869.6672,262.3795,870.1172,262.2121,-0.78741455,0.2210083,0,0,False,False,False
320,116,369.1491,492.5111,369.04602,492.73358,0.08566284,-0.383667,0,0,False,False,False
320,97,1276.8605,398.96783,1276.9868,399.4262,-0.21020508,-0.8654175,0,0,False,False,False
320,106,1322.4875,426.81897,1322.5422,427.62628,-0.13793945,-0.8778076,0,0,False,False,False
320,11,1294.6141,483.1125,1294.647,483.3675,-0.10412598,-0.19567871,0,0,False,False,False
321,5,1089.2319,293.53113,1089.2272,293.75,0.025024414,-0.45513916,0,0,False,False,False
321,101,987.7628,259.53394,987.94324,259.7782,-0.5515137,-0.35766602,0,0,False,False,False
321,80,855.97876,399.59662,856.7621,395.89783,-1.7382202,5.5116577,107.50379354232602,-8.337977487955328,True,False,False
321,73,1037.2295,347.94855,1037.9474,349.718,-1.5894775,-2.8736267,-118.94812042863713,3.516428116860297,True,False,False
321,77,814.90796,313.6323,816.0797,313.24042,-1.9051514,0.57037354,0,0,False,False,False
321,57,1003.7399,303.92813,1004.2688,305.38025,-0.34680176,-2.1434326,-99.19065979634829,-1.0428468043528767,True,False,False
321,69,797.9901,540.1819,800.7848,530.8874,-4.2647705,14.816284,106.05811808051618,0.5117290434954924,True,False,False
321,72,962.2648,281.6104,962.53143,282.31946,-0.3711548,-1.088623,0,0,False,False,False
321,105,869.79974,262.64963,870.0061,262.36523,-0.60614014,0.3083496,0,0,False,False,False
321,116,369.11966,492.4406,369.07178,492.63104,0.10595703,-0.3630371,0,0,False,False,False
321,97,1276.863,398.9455,1276.9435,399.25793,-0.16894531,-0.681427,0,0,False,False,False
321,106,1322.365,426.7332,1322.4801,427.31366,-0.17211914,-1.0187988,0,0,False,False,False
321,11,1294.5099,483.1751,1294.599,483.30017,-0.10290527,-0.22094727,0,0,False,False,False
322,5,1089.1737,293.4311,1089.2084,293.63837,-0.003540039,-0.38980103,0,0,False,False,False
322,101,987.76416,259.2177,987.8805,259.58203,-0.33605957,-0.49743652,0,0,False,False,False
322,80,855.42035,402.0799,856.2925,398.06155,-1.3944092,6.075226,102.92685073059114,-4.576942811734881,True,False,False
322,73,1037.0249,346.90942,1037.6245,348.735,-1.2720947,-2.8928833,-113.73665123960433,5.2114691890327975,True,False,False
322,77,814.61273,313.94577,815.5662,313.48727,-1.8589478,0.6014404,0,0,False,False,False
322,57,1002.584,302.83026,1003.6791,304.48776,-0.8640137,-2.3593445,-110.11319574356689,-10.922535947218606,True,False,False
322,69,796.2698,545.1294,799.20447,535.8721,-4.5064697,15.014099,106.70708620342988,0.6489681229137005,True,False,False
322,72,962.18164,281.375,962.40894,281.9889,-0.3862915,-1.0664062,0,0,False,False,False
322,105,869.64844,262.94995,869.8809,262.5699,-0.47851562,0.4479065,0,0,False,False,False
322,116,369.05432,492.4488,369.06567,492.56726,0.07510376,-0.2861328,0,0,False,False,False
322,97,1276.831,398.9129,1276.904,399.13715,-0.1508789,-0.5358887,0,0,False,False,False
322,106,1322.3369,426.68085,1322.4299,427.09216,-0.1418457,-0.9688721,0,0,False,False,False
322,11,1294.4711,483.12506,1294.5542,483.2389,-0.1105957,-0.26589966,0,0,False,False,False
323,5,1089.2051,293.40997,1089.2072,293.5584,-0.017456055,-0.30944824,0,0,False,False,False
323,101,987.77997,258.8198,987.84534,259.31525,-0.19506836,-0.59451294,0,0,False,False,False
323,80,855.18304,403.88144,855.9042,400.0985,-1.2797241,6.192322,101.67653924116364,-1.250311489427503,True,True,False
323,73,1036.5208,345.8385,1037.2382,347.7212,-1.0959473,-2.949585,-110.38304338709331,3.3536078525110185,True,False,False
323,77,814.188,313.86026,815.08386,313.6178,-1.626831,0.5884094,0,0,False,False,False
323,57,1002.1831,303.07526,1003.1554,303.99338,-1.3981934,-2.1688232,-122.80899887936656,-12.695803135799665,True,True,False
323,69,794.6024,550.13025,797.59375,540.8624,-4.695984,14.979736,107.40563881416284,0.6985526107329605,True,False,False
323,72,962.2959,281.2642,962.3694,281.73523,-0.30566406,-0.96603394,0,0,False,False,False
323,105,869.4973,263.30203,869.7467,262.82614,-0.3704834,0.6140442,0,0,False,False,False
323,116,369.01135,492.63574,369.04666,492.5912,0.00064086914,-0.14239502,0,0,False,False,False
323,97,1276.7947,398.84756,1276.8657,399.0358,-0.12109375,-0.39041138,0,0,False,False,False
323,106,1322.313,426.62878,1322.3889,426.92996,-0.15332031,-0.6963196,0,0,False,False,False
323,11,1294.4988,483.1382,1294.5348,483.2036,-0.11218262,-0.1638794,0,0,False,False,False
324,5,1089.4066,293.3806,1089.2769,293.49615,0.049682617,-0.2538452,0,0,False,False,False
324,80,854.91016,405.62897,855.5563,402.03418,-1.2058105,6.1363525,101.1171362803104,-0.5594029608532338,True,True,False
324,73,1035.7153,345.3735,1036.7051,346.89948,-1.2423096,-2.818512,-113.78634468476912,-3.40330129767581,True,False,False
324,77,813.5348,313.14005,814.5417,313.45056,-1.5380249,0.21014404,0,0,False,False,False
324,57,1002.90076,302.65814,1003.0662,303.52603,-1.2025757,-1.8542175,-122.96592363317451,-0.15692475380795656,True,False,False
324,69,792.59375,556.394,795.84375,546.29846,-4.94104,15.411072,107.77669466168582,0.3710558475229817,True,False,False
324,72,962.3458,280.71295,962.36115,281.37744,-0.17028809,-0.9420166,0,0,False,False,False
324,105,868.9193,263.7852,869.4571,263.1618,-0.54901123,0.7965698,0,0,False,False,False
324,116,369.1164,492.47476,369.07104,492.5504,-0.0007324219,-0.08062744,0,0,False,False,False
324,97,1276.8506,398.78656,1276.8604,398.94855,-0.08312988,-0.3093872,0,0,False,False,False
325,5,1089.5488,293.36603,1089.372,293.4506,0.16357422,-0.18777466,0,0,False,False,False
325,80,854.6001,407.6291,855.22156,403.99237,-1.0709229,5.9308167,100.2355601642642,-0.8815761160462046,True,True,False
325,73,1035.1448,345.28058,1036.1589,346.33286,-1.4655762,-2.4021301,-121.38800250042874,-7.601657815659621,True,False,False
325,77,812.82056,313.1836,813.9393,313.35712,-1.6269531,-0.13015747,0,0,False,False,False
325,69,790.1781,562.5199,793.8607,551.97595,-5.34375,16.103882,108.3573891464675,0.5806944847816737,True,False,False
325,72,962.1171,280.12964,962.27576,280.9407,-0.13317871,-1.0481873,0,0,False,False,False
325,105,868.3573,264.04443,869.07214,263.4707,-0.80877686,0.9008179,0,0,False,False,False
325,116,368.95117,491.68707,369.02905,492.24823,-0.036621094,-0.31903076,0,0,False,False,False
325,97,1276.7823,398.81277,1276.833,398.90103,-0.07104492,-0.2361145,0,0,False,False,False
325,11,1294.9841,482.4947,1294.692,482.95547,0.09301758,-0.34469604,0,0,False,False,False
326,5,1089.5542,293.2478,1089.4357,293.3796,0.22851562,-0.17880249,0,0,False,False,False
326,80,853.7401,409.86868,854.703,406.04907,-1.2011719,5.9505615,101.41228862312174,1.1767284588575393,True,True,False
326,73,1035.2865,344.38498,1035.8535,345.6511,-1.3846436,-2.0700989,-123.77769265446034,-2.389690154031598,True,False,False
326,77,812.5889,313.02487,813.4666,313.2408,-1.6172485,-0.37698364,0,0,False,False,False
326,69,788.38245,569.1944,791.9433,558.0024,-5.6504517,17.139954,108.2456057849672,-0.11178336150030077,True,False,False
326,72,962.1229,279.77722,962.2223,280.53348,-0.14709473,-1.2017517,0,0,False,False,False
326,105,868.1166,264.3296,868.7377,263.7713,-1.0090332,0.9451599,0,0,False,False,False
326,116,368.78592,491.44305,368.94397,491.9664,-0.10269165,-0.6247864,0,0,False,False,False
326,97,1276.8989,398.85828,1276.856,398.88605,-0.009765625,-0.14974976,0,0,False,False,False
326,11,1295.0393,482.2838,1294.8136,482.7204,0.2593994,-0.51849365,0,0,False,False,False
326,57,1002.7088,301.18073,1002.94116,302.70517,-0.73791504,-1.7825928,0,0,False,False,False
327,5,1089.4396,293.27234,1089.437,293.34204,0.16015625,-0.15411377,0,0,False,False,False
327,80,853.27136,412.41998,854.2019,408.27887,-1.3543701,6.24469,102.23698788736463,0.824699264242895,True,True,False
327,73,1035.492,342.20966,1035.7269,344.4466,-0.9781494,-2.4528809,-111.74091489201933,12.036777762441005,True,False,False
327,77,812.3154,313.6054,813.0637,313.3684,-1.4779663,-0.08215332,0,0,False,False,False
327,69,786.52844,575.51575,790.0481,564.1321,-5.7956543,17.833618,108.00337235092698,-0.2422334340402159,True,False,False
327,72,962.28015,279.6849,962.2425,280.23648,-0.118652344,-1.1409607,0,0,False,False,False
327,105,868.02344,264.4884,868.4877,264.02228,-0.9694214,0.86047363,0,0,False,False,False
327,116,368.8272,491.0119,368.90308,491.6323,-0.16796875,-0.91812134,0,0,False,False,False
327,97,1276.9353,398.73715,1276.8837,398.83392,0.02331543,-0.11462402,0,0,False,False,False
327,11,1295.258,481.9928,1294.9691,482.46573,0.43432617,-0.7378845,0,0,False,False,False
327,57,1002.6704,300.1201,1002.8464,301.80038,-0.309021,-2.1929932,-98.02090301417067,0,True,False,False
328,5,1089.4502,293.3272,1089.4417,293.33685,0.06970215,-0.11373901,0,0,False,False,False
328,80,852.0714,414.2531,853.4562,410.36984,-1.7653809,6.377472,105.47289478495985,3.235906897595214,True,False,False
328,73,1035.0149,341.4853,1035.4777,343.41013,-0.6812744,-2.9227295,-103.12108576770949,8.619829124309845,True,True,False
328,77,811.5786,314.92084,812.54395,313.91174,-1.3953247,0.55462646,0,0,False,False,False
328,69,784.49744,583.0858,788.10535,570.76587,-5.755371,18.789917,107.02988085444592,-0.9734914964810599,True,False,False
328,72,962.40283,279.9632,962.2986,280.1408,0.022827148,-0.79989624,0,0,False,False,False
328,105,868.0232,264.45596,868.3251,264.17407,-0.7470703,0.70336914,0,0,False,False,False
328,116,368.90936,490.78214,368.90527,491.33472,-0.1237793,-0.9135132,0,0,False,False,False
328,97,1276.8418,398.69943,1276.869,398.78683,0.036010742,-0.11419678,0,0,False,False,False
328,11,1295.2974,482.14056,1295.084,482.35193,0.39196777,-0.60354614,0,0,False,False,False
328,57,1003.5082,299.65054,1003.07794,301.0479,0.01171875,-2.478119,-89.72905661942833,8.291846394742336,True,False,False
328,101,985.96674,257.22156,987.18774,258.58246,-0.75549316,-1.1957397,0,0,False,False,False
329,5,1089.4548,293.37283,1089.4462,293.34943,0.010498047,-0.030181885,0,0,False,False,False
329,80,851.3291,415.9309,852.7117,412.31622,-1.991333,6.267151,107.62720465625762,2.1543098712977695,True,False,False
329,73,1034.2858,341.74377,1035.0604,342.8269,-0.7930908,-2.8241882,-105.68584696079427,-2.5647611930847773,True,False,False
329,77,811.5531,316.05463,812.19714,314.66174,-1.2694702,1.420929,0,0,False,False,False
329,69,782.21313,589.6134,786.043,577.3625,-5.9002686,19.360107,106.94934701379744,-0.08053384064848501,True,False,False
329,72,962.50385,280.3211,962.3704,280.20392,0.14813232,-0.32955933,0,0,False,False,False
329,105,867.8761,264.86255,868.16785,264.41504,-0.5698242,0.6437378,0,0,False,False,False
329,116,368.84723,490.7408,368.88495,491.12683,-0.059020996,-0.8395691,0,0,False,False,False
329,97,1276.8254,398.7189,1276.8538,398.76306,-0.0021972656,-0.12298584,0,0,False,False,False
329,11,1295.3738,482.10406,1295.1854,482.26517,0.37182617,-0.4552307,0,0,False,False,False
329,101,985.88074,257.10693,986.7302,258.06604,-1.1502686,-1.5159912,0,0,False,False,False
330,5,1089.5135,293.32297,1089.4697,293.34015,0.032714844,-0.0018920898,0,0,False,False,False
330,80,850.91516,417.66046,852.0829,414.18668,-2.1190186,5.9078064,109.73195126188658,2.1047466056289608,True,False,False
330,73,1033.3856,339.6761,1034.4742,341.72412,-1.2526855,-2.7224731,-114.70847296359459,-9.022626002800322,True,False,False
330,77,811.3663,315.8605,811.90625,315.0813,-1.1574707,1.7128906,124.04851335358427,-17.926678088119502,True,True,False
330,69,777.07135,597.40186,782.90295,584.3763,-7.1451416,20.244202,109.44036011706521,2.4910131032677754,True,False,False
330,72,962.86316,280.4474,962.54285,280.28912,0.300354,0.052642822,0,0,False,False,False
330,105,867.75793,265.14044,868.02435,264.6689,-0.46331787,0.64663696,0,0,False,False,False
330,116,368.82507,490.7926,368.86398,491.00983,-0.039093018,-0.62246704,0,0,False,False,False
330,97,1276.7891,398.69263,1276.831,398.7384,-0.052612305,-0.09552002,0,0,False,False,False
330,11,1295.4102,482.0428,1295.264,482.18732,0.29492188,-0.27841187,0,0,False,False,False
330,101,985.9928,257.16324,986.4721,257.75006,-1.37323,-1.5651855,-131.26239427687588,0,False,False,False
330,110,716.048,351.38544,721.4844,346.2767,-5.1106567,3.749298,143.73535094636304,-10.31964743264075,True,True,False
331,5,1089.2876,293.30615,1089.4059,293.32825,-0.0357666,-0.008605957,0,0,False,False,False
331,80,849.5384,420.43057,851.1923,416.37204,-2.263855,6.0021973,110.66502276550925,0.9330715036226707,True,False,False
331,73,1033.1604,338.00293,1034.0144,340.4217,-1.4632568,-2.9884338,-116.0882201418999,-1.3797471783053084,True,False,False
331,77,811.1631,316.8081,811.6461,315.68567,-0.89782715,1.7739258,0,0,False,False,False
331,72,962.88806,279.6352,962.66364,280.06024,0.36505127,-0.080566406,0,0,False,False,False
331,105,867.63684,265.8055,867.8887,265.0667,-0.43640137,0.89263916,0,0,False,False,False
331,116,368.88928,491.08377,368.87283,491.0357,-0.032440186,-0.29901123,0,0,False,False,False
331,97,1276.9119,398.67236,1276.8594,398.71527,-0.009643555,-0.07156372,0,0,False,False,False
331,11,1294.9072,482.5605,1295.1392,482.31793,0.05517578,-0.033996582,0,0,False,False,False
331,101,985.7718,257.03632,986.2269,257.50024,-0.9608154,-1.0822144,0,0,False,False,False
331,110,715.152,351.97128,719.268,348.2698,-6.315613,5.345703,139.7545333306757,-3.9808176156873287,True,True,False
332,5,1089.3271,293.38797,1089.3783,293.34915,-0.067871094,-0.0002746582,0,0,False,False,False
332,80,848.5468,423.28366,850.26636,418.79108,-2.4453125,6.4748535,110.68969475847094,0.024671992961685874,True,False,False
332,73,1032.9424,337.61523,1033.6392,339.43942,-1.4212646,-3.3874817,-112.76115699297863,3.327063148921269,True,False,False
332,77,810.3212,317.44104,811.1824,316.30005,-1.0147705,1.6383057,0,0,False,False,False
332,72,962.87805,279.24707,962.73865,279.77563,0.3682251,-0.4282837,0,0,False,False,False
332,105,867.2368,266.1941,867.6605,265.46127,-0.5073242,1.0462341,0,0,False,False,False
332,116,368.73685,491.1507,368.82523,491.07593,-0.0597229,-0.05090332,0,0,False,False,False
332,97,1276.9268,398.5483,1276.8829,398.65683,0.029174805,-0.10623169,0,0,False,False,False
332,11,1294.8477,482.65234,1295.0371,482.43497,-0.14831543,0.1697998,0,0,False,False,False
332,101,985.5041,257.11032,985.9739,257.36377,-0.75634766,-0.7022705,0,0,False,False,False
332,110,713.8795,352.45758,717.382,349.73553,-7.029663,6.2096863,138.54407719053896,-1.2104561401367562,False,False,False
332,57,1003.2623,297.42657,1003.14246,299.78043,0.20129395,-2.9247437,-86.06285674094612,3.6661998784822174,True,True,False
333,5,1089.3141,293.43402,1089.3558,293.37885,-0.1138916,0.03869629,0,0,False,False,False
333,80,846.63605,426.9668,848.9957,421.6526,-3.0871582,7.465912,112.46511832601723,1.775423567546298,True,False,False
333,73,1032.4495,337.21844,1033.2227,338.66208,-1.2515869,-3.0620422,-112.23192290932928,0.5292340836493423,True,False,False
333,77,809.746,318.2535,810.67957,316.98376,-1.2266846,1.9024658,122.81338273796409,-1.2351306156201787,True,False,False
333,72,962.7374,278.83386,962.73816,279.446,0.1953125,-0.84310913,0,0,False,False,False
333,105,866.4748,266.37006,867.2455,265.77933,-0.7788696,1.1104126,0,0,False,False,False
333,116,368.75732,491.19037,368.80145,491.11597,-0.06253052,0.10614014,0,0,False,False,False
333,97,1276.9163,398.4911,1276.8945,398.59882,0.06347656,-0.1395874,0,0,False,False,False
333,11,1294.8352,482.7124,1294.9664,482.53204,-0.29760742,0.34472656,0,0,False,False,False
333,101,985.4009,257.19553,985.7733,257.30487,-0.6987915,-0.44519043,0,0,False,False,False
333,110,713.0886,352.92328,715.87933,350.85126,-5.6050415,4.5745544,140.7803972188983,2.23632002835933,False,False,False
333,57,1002.69525,297.3213,1002.98596,298.9197,0.1395874,-2.8806763,-87.22581872519606,-1.1629619842499466,True,False,False
334,5,1089.4722,293.48706,1089.3965,293.41672,-0.009399414,0.08847046,0,0,False,False,False
334,80,845.5268,429.0452,847.7816,424.24,-3.4107056,7.8679504,113.43641962446664,0.9713012984494043,True,False,False
334,73,1032.4232,335.02722,1032.9429,337.38986,-1.0715332,-3.0318298,-109.46482838831163,2.767094521017654,True,True,False
334,77,809.26294,319.01556,810.1837,317.6949,-1.4624023,2.0092163,126.04889335313894,3.235510615174846,True,False,False
334,72,962.2007,277.89127,962.55005,278.90186,-0.113586426,-1.1583862,0,0,False,False,False
334,105,865.8353,266.24365,866.7519,265.94183,-1.1367798,0.8751221,0,0,False,False,False
334,97,1276.7832,398.3359,1276.8556,398.5068,-0.0037841797,-0.20846558,0,0,False,False,False
334,11,1295.0188,482.74905,1294.9847,482.60797,-0.15441895,0.29003906,0,0,False,False,False
334,101,985.735,257.2511,985.7599,257.28604,-0.46704102,-0.21420288,0,0,False,False,False
334,110,712.47986,353.0487,714.6895,351.62036,-4.578491,3.3505554,143.80320749136038,3.0228102724620953,False,False,False
334,57,1001.6725,296.82416,1002.52625,298.18625,-0.5516968,-2.8616638,-100.91210789140811,-13.686289166212049,True,True,False
335,5,1089.5629,293.5575,1089.4546,293.46597,0.076293945,0.11682129,0,0,False,False,False
335,80,844.6593,432.03915,846.6888,426.96967,-3.5775757,8.178589,113.62610275425462,0.18968312978797996,True,False,False
335,77,809.1138,319.66162,809.8092,318.38324,-1.373169,2.083191,123.3915190561255,-2.6573742970134333,True,False,False
335,105,865.2206,266.45947,866.21594,266.123,-1.4445801,0.66171265,0,0,False,False,False
335,97,1276.7588,398.35034,1276.8217,398.45203,-0.061279297,-0.20480347,0,0,False,False,False
335,11,1295.0468,482.65802,1295.0063,482.62546,-0.030761719,0.19049072,0,0,False,False,False
335,101,986.0382,257.29773,985.8573,257.29013,-0.11657715,-0.073638916,0,0,False,False,False
335,110,712.2374,352.82095,713.83124,352.04056,-3.5507812,2.3050232,147.01000142643545,3.206793935075069,False,False,False
335,57,1001.0354,296.35638,1002.0044,297.54578,-1.1380615,-2.2346497,-116.98881680798198,-16.076708916573864,True,True,False
335,116,368.77856,491.08838,368.79343,491.10632,-0.07940674,0.070617676,0,0,False,False,False
336,5,1089.4801,293.60873,1089.4635,293.51593,0.107666016,0.13708496,0,0,False,False,False
336,80,844.1306,434.36105,845.79346,429.55664,-3.2022705,7.9040527,112.05497884562025,-1.5711239086343625,True,False,False
336,77,808.61365,318.8858,809.39075,318.55914,-1.2888184,1.5753784,129.28662648224494,5.895107426119438,True,False,False
336,105,864.8475,266.67416,865.73694,266.3159,-1.5085449,0.53656006,0,0,False,False,False
336,97,1276.773,398.3568,1276.8046,398.4187,-0.08996582,-0.18011475,0,0,False,False,False
336,11,1295.0593,482.66528,1295.0249,482.6394,0.05847168,0.10736084,0,0,False,False,False
336,101,986.3943,256.95105,986.0453,257.17145,0.27197266,-0.13342285,0,0,False,False,False
336,110,711.558,353.12555,713.0356,352.4203,-2.84375,1.5690308,151.1124104660992,4.1024090396637405,False,False,False
336,57,1001.57715,296.22333,1001.85486,297.08292,-1.1311035,-1.836792,-121.62492002334213,-4.636103215360151,True,True,False
337,5,1089.5764,293.61417,1089.5029,293.5503,0.10644531,0.13357544,0,0,False,False,False
337,80,842.8777,436.57904,844.77295,432.01447,-3.008667,7.774475,111.1560857734104,-0.8988930722098587,True,False,False
337,77,808.1101,319.0178,808.9425,318.71967,-1.2412109,1.0247803,0,0,False,False,False
337,105,864.5121,266.74774,865.3082,266.46704,-1.4436646,0.5252075,0,0,False,False,False
337,97,1276.7751,398.33795,1276.7942,398.3904,-0.061401367,-0.11639404,0,0,False,False,False
337,11,1295.1082,482.66287,1295.054,482.6476,0.06921387,0.039642334,0,0,False,False,False
337,101,986.76917,256.79443,986.29865,257.0395,0.5387573,-0.24655151,0,0,False,False,False
337,110,710.9873,353.82977,712.31866,352.9136,-2.3708496,1.2932434,151.3885585606244,0.2761480945252117,True,False,False
337,57,1001.9044,296.13132,1001.8722,296.74985,-0.65405273,-1.4364014,0,0,False,False,False
337,116,368.879,491.25024,368.82336,491.15668,-0.0018615723,0.08074951,0,0,False,False,False
338,5,1089.5466,293.61926,1089.5182,293.5744,0.06359863,0.108428955,0,0,False,False,False
338,80,840.7808,438.6037,843.37573,434.32068,-3.3130493,7.351013,114.26075064994669,3.1046648765362903,True,False,False
338,77,806.7532,322.11603,808.1763,319.9084,-1.6329346,1.5251465,136.9547965599491,7.668170077704161,True,False,False
338,105,864.322,266.7794,864.963,266.57635,-1.2529297,0.45336914,0,0,False,False,False
338,97,1276.7839,398.3484,1276.7905,398.3757,-0.03112793,-0.07632446,0,0,False,False,False
338,11,1295.1326,482.6849,1295.0814,482.66064,0.07507324,0.035186768,0,0,False,False,False
338,101,986.9574,256.75208,986.5292,256.9389,0.671875,-0.3512268,0,0,False,False,False
338,57,1001.30396,295.92816,1001.67334,296.46225,-0.3310547,-1.0835266,0,0,False,False,False
338,116,368.94525,491.21246,368.86603,491.1762,0.064575195,0.0602417,0,0,False,False,False
338,73,1032.4348,332.3542,1032.765,335.62738,-0.8741455,-3.8120422,-102.91529819082184,6.549530197489787,True,False,False
338,72,960.9103,274.50516,961.97614,277.363,-0.7625122,-2.4126282,-107.53916399039552,-4.543654146181595,True,True,False
339,5,1089.5012,293.5905,1089.5122,293.58002,0.048706055,0.064086914,0,0,False,False,False
339,80,838.9158,441.12256,841.8147,436.70135,-3.9787598,7.1447144,119.11262791879983,4.851877268853144,True,True,False
339,77,805.35614,323.0348,807.1892,321.00262,-2.201538,2.4434814,132.01835107383454,-4.936445486114565,True,False,False
339,105,864.58905,266.92218,864.83215,266.6974,-0.90478516,0.38150024,0,0,False,False,False
339,97,1276.8237,398.344,1276.8021,398.36456,-0.0024414062,-0.054138184,0,0,False,False,False
339,11,1295.0781,482.5946,1295.0803,482.6375,0.055419922,-0.0018920898,0,0,False,False,False
339,57,1001.02563,295.2049,1001.44666,296.02216,-0.40820312,-1.0607605,0,0,False,False,False
339,116,369.02393,491.2564,368.92126,491.20428,0.12783813,0.097961426,0,0,False,False,False
339,110,710.1752,354.46887,711.5684,353.45795,-2.2628174,1.4173889,147.9376964969543,-3.4508620636701153,True,False,False
340,5,1089.4923,293.4816,1089.5052,293.54556,0.002319336,-0.0047302246,0,0,False,False,False
340,80,837.91846,444.2317,840.4509,439.33698,-4.3220215,7.32251,120.55070725898089,1.438079340181062,True,True,False
340,77,804.78204,323.57062,806.3467,321.90143,-2.5958252,3.1817627,129.20911372896336,-2.8092373448711783,True,True,False
340,105,864.7357,266.93246,864.79834,266.77966,-0.5098877,0.31262207,0,0,False,False,False
340,97,1276.998,398.35663,1276.8706,398.36176,0.076416016,-0.028656006,0,0,False,False,False
340,11,1295.1432,482.31116,1295.1023,482.5233,0.048339844,-0.12432861,0,0,False,False,False
340,57,1001.4069,293.96918,1001.43274,295.30362,-0.43945312,-1.446228,0,0,False,False,False
340,116,368.80115,490.68677,368.8792,491.02313,0.055847168,-0.13354492,0,0,False,False,False
340,110,709.32446,354.5114,710.783,353.82666,-2.2525635,1.4063721,148.02169722498846,0.08400072803416947,True,False,False
340,73,1029.3153,331.1726,1031.5576,334.0682,-1.6650391,-4.593872,-109.92293975706954,-7.007641566247699,True,False,False
341,5,1089.5009,293.60837,1089.5037,293.56754,-0.014526367,-0.006866455,0,0,False,False,False
341,80,838.0255,447.55865,839.60205,442.21454,-3.7736816,7.89386,115.55026110938167,-5.000446149599227,True,False,False
341,77,804.5237,323.89276,805.7086,322.5984,-2.4676514,2.6900024,132.5314561847334,3.322342455770041,True,False,False
341,105,864.3182,267.4088,864.63025,266.99985,-0.33276367,0.42349243,0,0,False,False,False
341,11,1295.2288,482.21442,1295.1465,482.41516,0.06506348,-0.2454834,0,0,False,False,False
341,57,1000.6655,293.34106,1001.1642,294.6167,-0.5091553,-1.8455505,0,0,False,False,False
341,116,368.79227,490.55487,368.84875,490.85925,-0.01727295,-0.31695557,0,0,False,False,False
341,110,708.5351,354.92203,709.9962,354.21002,-2.3224487,1.2964172,150.82924945178894,2.8075522268004818,True,False,False
341,73,1028.4246,330.9262,1030.461,332.9685,-2.4818115,-4.421356,-119.30652515798324,-9.383585400913702,True,False,False
341,72,961.6319,275.82605,961.85565,276.82507,-0.8825073,-2.6209412,-108.60909473044678,-1.0699307400512623,True,False,False
342,5,1089.4509,293.68536,1089.4852,293.60876,-0.026977539,0.028747559,0,0,False,False,False
342,80,837.40515,449.77725,838.8331,444.8615,-2.9815674,8.160156,110.07135136719987,-5.4789097421817985,True,False,False
342,77,803.7206,323.62042,805.01276,322.9561,-2.1764526,1.9534607,138.09064663623946,5.559190451506055,True,True,False
342,11,1295.2344,482.11542,1295.1772,482.31024,0.09692383,-0.3272705,0,0,False,False,False
342,57,1000.70074,292.75836,1001.00195,293.96628,-0.44470215,-2.0558777,-102.20547549688882,19.419444526453304,True,False,False
342,116,368.95847,490.71545,368.88715,490.8089,-0.034118652,-0.39538574,0,0,False,False,False
342,110,707.46704,356.63892,709.11096,355.06012,-2.4574585,1.6021729,146.897123477868,-3.9321259739209324,True,False,False
342,73,1028.7554,330.2603,1029.864,332.02063,-2.901001,-3.6067505,-128.81060335103427,-9.50407819305103,True,False,False
342,72,961.68225,276.15594,961.7949,276.59088,-0.75512695,-2.3109741,-108.09516551259026,0.5139292178565285,True,False,False
342,97,1277.1804,398.34833,1276.979,398.35703,0.18847656,-0.018676758,0,0,False,False,False
343,5,1089.614,293.58475,1089.5303,293.60034,0.025024414,0.054779053,0,0,False,False,False
343,80,836.84595,452.1334,838.1376,447.40668,-2.3133545,8.069702,105.99609393947658,-4.075257427723287,True,False,False
343,77,803.2518,323.96362,804.3964,323.30872,-1.9502563,1.4072876,144.1861194604341,6.095472824194644,True,True,False
343,11,1295.248,482.23853,1295.202,482.28513,0.099731445,-0.23815918,0,0,False,False,False
343,57,1000.97003,292.4338,1000.9907,293.4299,-0.4420166,-1.8737183,0,0,False,False,False
343,116,368.80316,490.47623,368.85773,490.69244,-0.021484375,-0.33068848,0,0,False,False,False
343,110,706.58997,357.1568,708.22864,355.79395,-2.5543823,1.9672852,142.3979451018211,-4.499178376046899,True,False,False
343,73,1029.1901,328.9354,1029.628,330.9408,-1.9295654,-3.127411,-121.67396098277943,7.13664236825484,True,False,False
343,72,961.7124,275.69617,961.766,276.27774,-0.21014404,-1.0852661,0,0,False,False,False
343,97,1277.1399,398.17847,1277.0353,398.29453,0.2331543,-0.07003784,0,0,False,False,False
344,5,1089.6733,293.60867,1089.5803,293.60324,0.076660156,0.035705566,0,0,False,False,False
344,80,835.87463,454.95807,837.3456,450.04965,-2.2564697,7.8351135,106.06611038378175,0.07001644430516762,True,False,False
344,77,803.0437,324.60272,803.923,323.7616,-1.7856445,1.163208,146.91889680868323,2.7327773482491295,True,True,False
344,57,1000.71313,292.42474,1000.89355,293.0781,-0.27062988,-1.5386047,0,0,False,False,False
344,116,368.8094,490.44485,368.8408,490.60577,-0.007965088,-0.253479,0,0,False,False,False
344,110,706.5741,357.40427,707.64954,356.35754,-2.3466797,2.147522,137.53736630782134,-4.860578793999764,True,False,False
344,73,1026.8573,327.05768,1028.6582,329.5817,-1.8028564,-3.3868103,-118.02712841987793,3.6468325629015084,True,False,False
344,72,961.81665,275.30267,961.7837,275.93646,-0.07196045,-0.88861084,0,0,False,False,False
344,97,1277.1605,398.2356,1277.0791,398.27386,0.2084961,-0.087890625,0,0,False,False,False
345,5,1089.6707,293.653,1089.6119,293.62067,0.12670898,0.0119018555,0,0,False,False,False
345,80,834.87396,458.62836,836.48047,453.0522,-2.3526611,8.190674,106.02600171741027,-0.040108666371480695,True,True,False
345,77,802.41956,325.48785,803.3967,324.36578,-1.6160278,1.4096985,138.9010558821245,-8.017840926558733,True,False,False
345,57,1000.71405,291.61945,1000.8307,292.56757,-0.17126465,-1.3987122,0,0,False,False,False
345,116,368.78336,490.39545,368.82068,490.53214,-0.066467285,-0.27676392,0,0,False,False,False
345,110,705.89575,357.32953,707.03564,356.69772,-2.0753174,1.6376038,141.72352555748924,4.186159249667895,True,False,False
345,73,1025.6251,326.4419,1027.5966,328.48276,-2.267456,-3.5378723,-122.6561970056205,-4.629068585742573,True,False,False
345,97,1277.1958,398.28253,1277.1199,398.27686,0.14086914,-0.08016968,0,0,False,False,False
346,5,1089.7179,293.6643,1089.6489,293.63593,0.118652344,0.035583496,0,0,False,False,False
346,80,834.12195,461.96277,835.65497,456.1709,-2.482605,8.764221,105.81561721481147,-0.21038450259879937,True,True,False
346,77,801.61743,326.01105,802.7739,324.94162,-1.6224976,1.632904,134.81684405366653,-4.084211828457967,True,False,False
346,57,1001.34924,290.75574,1001.01215,291.9334,0.02142334,-1.4964905,0,0,False,False,False
346,116,368.78384,490.46124,368.80777,490.50732,-0.049957275,-0.18511963,0,0,False,False,False
346,110,704.9924,357.8966,706.3205,357.1173,-1.9081421,1.3233643,145.257318823972,3.5337932664827747,True,False,False
346,73,1024.8608,326.17444,1026.639,327.67484,-2.9890137,-3.2659607,-132.46481158052126,-9.808614574900758,True,True,False
346,97,1277.1641,398.33014,1277.1353,398.29547,0.099975586,0.0009460449,0,0,False,False,False
347,5,1089.7379,293.6648,1089.68,293.64603,0.099731445,0.042785645,0,0,False,False,False
347,80,833.1218,464.73132,834.7683,459.16705,-2.5772705,9.117401,105.78432445336831,-0.031292761443154404,True,True,False
347,77,800.86926,326.2212,802.1073,325.38947,-1.8156738,1.6278687,138.12172545075128,3.304881397084756,True,False,False
347,57,1001.45386,289.90637,1001.16675,291.22394,0.27319336,-1.8541565,0,0,False,False,False
347,116,368.95337,490.7434,368.8587,490.58994,0.017913818,-0.015838623,0,0,False,False,False
347,110,703.7988,358.59485,705.43787,357.63443,-2.21167,1.276886,150.00043208530946,4.743113261337442,True,False,False
347,73,1024.8787,325.79346,1026.023,327.01636,-2.635254,-2.5653381,-135.7702271753871,-3.305415594865849,True,True,False
347,97,1277.1782,398.29944,1277.1503,398.29688,0.07116699,0.023010254,0,0,False,False,False
347,11,1295.3525,482.21478,1295.2546,482.2605,0.1081543,-0.15466309,0,0,False,False,False
348,5,1089.8027,293.7162,1089.7229,293.67056,0.110961914,0.04989624,0,0,False,False,False
348,80,831.73596,467.6997,833.7069,462.1535,-2.7735596,9.101318,106.94821301309935,1.1638885597310349,True,True,False
348,77,800.2699,326.43744,801.46423,325.75626,-1.9324951,1.3904724,144.26416046944573,6.142435018694442,True,True,False
348,57,1001.6528,289.26404,1001.3368,290.53796,0.5061035,-2.029602,-75.99822222781599,0,True,False,False
348,116,369.00232,490.95288,368.90894,490.71698,0.088256836,0.18484497,0,0,False,False,False
348,110,703.8806,358.99664,704.8928,358.1112,-2.1428223,1.4134827,146.5897195203401,-3.4107125649693444,True,False,False
348,73,1024.8156,325.45142,1025.6003,326.46863,-1.9962158,-2.0141296,-134.7440670957231,1.0261600796640096,True,True,False
348,97,1277.1543,398.20404,1277.1516,398.26434,0.03173828,-0.012512207,0,0,False,False,False
349,5,1089.7478,293.6636,1089.7316,293.66812,0.0826416,0.032196045,0,0,False,False,False
349,80,830.31775,470.93427,832.5207,465.22678,-3.1342773,9.055878,109.09095205113822,2.1427390380388687,True,True,False
349,77,800.22076,326.60342,801.029,326.05276,-1.7449341,1.111145,147.51169342295375,3.2475329535080277,True,True,False
349,57,1001.9165,288.75223,1001.5397,289.91296,0.52752686,-2.0204468,-75.36707823362322,0.6311439941927688,True,True,False
349,116,369.06042,491.06256,368.96194,490.83792,0.1541748,0.33059692,0,0,False,False,False
349,110,703.28125,358.9472,704.32874,358.4038,-1.9917603,1.286499,147.14115489294574,0.5514353726056243,True,False,False
349,73,1025.0181,325.08673,1025.3965,325.98495,-1.2425537,-1.6898804,-126.32670743430297,8.417359661420122,True,False,False
349,97,1277.2122,398.19873,1277.1727,398.2414,0.037475586,-0.05407715,0,0,False,False,False
349,11,1295.3711,482.16162,1295.2954,482.22586,0.11816406,-0.0843811,0,0,False,False,False
350,5,1089.703,293.58527,1089.7216,293.63913,0.041503906,-0.0068969727,0,0,False,False,False
350,80,829.05457,474.55103,831.3075,468.49023,-3.4608154,9.323181,110.36519910565912,1.2742470545208988,True,True,False
350,77,799.76685,326.6208,800.5872,326.2516,-1.5200806,0.8621216,0,0,False,False,False
350,57,1001.8778,288.6267,1001.658,289.46277,0.49127197,-1.7611694,0,0,False,False,False
350,116,368.97586,490.74323,368.9668,490.80478,0.10809326,0.21484375,0,0,False,False,False
350,110,702.5913,359.6288,703.7206,358.83255,-1.7172852,1.1981201,145.09718585263278,-2.043969040312959,False,False,False
350,73,1024.7368,324.50095,1025.1655,325.46555,-0.8574219,-1.5508118,0,0,False,False,False
350,97,1277.1797,398.16412,1277.175,398.21436,0.024780273,-0.08251953,0,0,False,False,False
350,11,1295.2839,482.16782,1295.2913,482.20554,0.0892334,-0.079589844,0,0,False,False,False
350,101,984.1123,255.14247,985.6832,256.31015,-0.36206055,-0.8612976,0,0,False,False,False
351,5,1089.7401,293.56775,1089.728,293.61414,0.005126953,-0.056427002,0,0,False,False,False
351,80,828.3438,478.72913,830.27014,472.07385,-3.4367676,9.920349,109.107934944996,-1.2572641606631123,True,False,False
351,77,798.8083,327.65686,799.96454,326.7434,-1.4996948,0.9871521,0,0,False,False,False
351,57,1001.6875,288.399,1001.66833,289.09042,0.33154297,-1.4475403,0,0,False,False,False
351,116,368.92755,490.65067,368.95306,490.75085,0.044128418,0.03387451,0,0,False,False,False
351,110,701.3125,360.77072,702.87775,359.5109,-2.0150757,1.3996887,145.2158271964503,0.11864134381752933,False,False,False
351,73,1023.98267,323.97357,1024.7515,324.94336,-0.84887695,-1.5252686,0,0,False,False,False
351,97,1277.1865,398.16843,1277.1791,398.19827,0.02746582,-0.06607056,0,0,False,False,False
351,11,1295.2849,482.27814,1295.289,482.23096,0.034301758,-0.029541016,0,0,False,False,False
352,5,1089.7439,293.66736,1089.7335,293.63275,0.001953125,-0.035369873,0,0,False,False,False
352,80,827.0586,483.50415,829.1461,476.07446,-3.3745728,10.847687,107.28023120372008,-1.8277037412759256,True,False,False
352,77,798.1102,328.53058,799.3155,327.3689,-1.713501,1.3161316,142.47231258585936,-5.039380837094399,True,False,False
352,57,1001.52246,287.72745,1001.6173,288.61337,0.07763672,-1.2995911,0,0,False,False,False
352,116,369.0073,490.8305,368.97205,490.77872,0.010101318,-0.0592041,0,0,False,False,False
352,110,700.63007,360.69238,702.09106,359.9244,-2.237671,1.5205994,145.80210553598735,0.5862783395370457,False,False,False
352,73,1024.155,323.38672,1024.5427,324.39853,-0.85375977,-1.5864258,0,0,False,False,False
352,97,1277.1873,398.2503,1277.1819,398.21646,0.009155273,-0.024932861,0,0,False,False,False
352,105,861.4992,270.47162,863.53436,268.21497,-1.2977905,1.5175781,0,0,False,False,False
353,5,1089.7981,293.66937,1089.7561,293.64557,0.0345459,0.006439209,0,0,False,False,False
353,80,824.9442,488.10242,827.6754,480.28424,-3.63208,11.794006,107.11672966324296,-0.16350154047711385,True,False,False
353,77,797.12085,329.04614,798.54736,327.95593,-2.039856,1.7043457,140.12048174022289,-2.3518308456364707,True,False,False
353,57,1001.8278,286.49344,1001.6909,287.8714,0.03289795,-1.5913696,0,0,False,False,False
353,116,369.06158,490.91998,369.00336,490.82816,0.03656006,0.023376465,0,0,False,False,False
353,110,700.1134,361.86835,701.39886,360.60477,-2.3217163,1.7722168,142.64471480438408,-3.1573907316032717,False,False,False
353,73,1023.9407,322.6693,1024.332,323.7933,-0.8334961,-1.6722412,0,0,False,False,False
353,97,1277.1125,398.2605,1277.1576,398.23187,-0.017456055,0.01751709,0,0,False,False,False
353,105,861.25964,270.77228,862.73816,269.11002,-2.0601807,2.3303528,131.47873584100196,0,False,False,False
354,5,1089.6436,293.66467,1089.7167,293.65225,-0.011352539,0.038116455,0,0,False,False,False
354,80,821.80066,491.6641,825.61926,484.26718,-4.650879,12.193329,110.87825930796025,3.7615296447172852,True,False,False
354,77,796.8573,329.12518,797.9558,328.36514,-2.008728,1.6217346,141.0845343209462,0.9640525807233189,True,False,False
354,57,1002.06384,286.02597,1001.8214,287.2255,0.15307617,-1.8649292,0,0,False,False,False
354,116,369.0717,490.98453,369.02728,490.88287,0.07421875,0.13201904,0,0,False,False,False
354,110,699.03564,363.13614,700.5717,361.49075,-2.3060303,1.9798584,139.3520302875864,-3.292684516797692,False,False,False
354,73,1023.53894,322.38617,1024.0544,323.30078,-0.6970215,-1.6425781,0,0,False,False,False
354,97,1277.0933,398.315,1277.135,398.26096,-0.044067383,0.062683105,0,0,False,False,False
354,105,860.996,271.29538,862.12836,269.87488,-2.501892,2.8750305,131.03025043342333,-0.4484854075786302,False,False,False
355,5,1089.6643,293.6265,1089.6982,293.64325,-0.03527832,0.010498047,0,0,False,False,False
355,80,819.7689,494.85583,823.57166,487.9732,-5.574463,11.898743,115.1027030147559,4.224443706795654,True,False,False
355,77,796.34784,329.1023,797.393,328.62314,-1.9224854,1.254242,146.87930936965353,5.794775048707322,True,True,False
355,57,1002.18945,285.90472,1001.9502,286.7632,0.33288574,-1.8501587,0,0,False,False,False
355,116,368.96384,490.99716,369.00507,490.92285,0.03302002,0.14413452,0,0,False,False,False
355,110,698.4252,364.56982,699.82043,362.56842,-2.27063,2.6440125,130.65538539454263,-8.696644893043754,False,False,False
355,73,1023.1681,322.13046,1023.7442,322.89114,-0.79852295,-1.5073853,0,0,False,False,False
355,97,1277.1521,398.30457,1277.141,398.27618,-0.040893555,0.0597229,0,0,False,False,False
355,105,860.8237,271.6485,861.67175,270.49564,-1.8626099,2.2806702,129.23830995148103,-1.791940481942305,False,False,False
356,5,1089.676,293.5775,1089.6904,293.62024,-0.06567383,-0.02532959,0,0,False,False,False
356,80,818.9441,497.78186,821.95197,491.40625,-5.7234497,11.122009,117.23061003952466,2.12790702476876,True,True,False
356,77,795.8351,329.4217,796.84766,328.90262,-1.699707,0.9466858,0,0,False,False,False
356,57,1002.03345,285.75113,1001.97925,286.409,0.28833008,-1.4624023,0,0,False,False,False
356,116,368.9936,490.86908,369.00104,490.90402,-0.002319336,0.0758667,0,0,False,False,False
356,110,697.15485,364.6145,698.88745,363.28455,-2.5114136,2.679779,133.1423823481638,2.4869969536211727,False,False,False
356,97,1277.1194,398.33536,1277.1334,398.29688,-0.024169922,0.06500244,0,0,False,False,False
356,105,860.8985,271.8544,861.4011,270.9712,-1.3370361,1.8611755,125.6928091891355,-3.545500762345526,False,False,False
356,76,447.42816,342.0381,447.32703,342.56622,0.18634033,0.08935547,0,0,False,False,False
356,11,1295.2041,482.33612,1295.2593,482.26776,-0.036132812,0.041900635,0,0,False,False,False
357,5,1089.6376,293.55997,1089.6719,293.59912,-0.044799805,-0.053131104,0,0,False,False,False
357,80,813.74066,501.6584,819.078,494.9945,-6.54126,10.727325,121.37381368895376,4.143203649429097,True,True,False
357,77,794.9828,330.09988,796.1949,329.32166,-1.7609253,0.95651245,151.4897476101648,4.610438240511286,True,True,False
357,57,1001.97327,285.33282,1001.9772,286.03235,0.15576172,-1.1931458,0,0,False,False,False
357,116,369.0041,490.8623,369.00208,490.8894,-0.02520752,0.0065307617,0,0,False,False,False
357,110,696.571,364.3844,698.07666,363.6695,-2.4950562,2.1787415,138.8717770424309,5.729394694267086,False,False,False
357,97,1277.1167,398.39166,1277.1276,398.33002,-0.007446289,0.06906128,0,0,False,False,False
357,105,860.85144,272.1941,861.20874,271.3992,-0.9196167,1.5243225,0,0,False,False,False
357,120,860.9605,272.16003,860.98566,271.7544,-0.054382324,0.46829224,0,0,False,False,False
357,11,1295.2168,482.28387,1295.2444,482.27338,-0.046875,0.067840576,0,0,False,False,False
357,73,1022.3635,320.42883,1023.261,322.02933,-1.0710449,-1.763977,-121.26512846601499,5.061578968287989,True,False,False
358,5,1089.6265,293.56708,1089.656,293.5879,-0.042236328,-0.055358887,0,0,False,False,False
358,80,810.9597,506.2566,816.2366,498.93622,-7.335083,10.963013,123.78551015764457,2.4116964686908062,True,True,False
358,77,793.8817,330.89233,795.38525,329.8714,-2.0077515,1.2482605,148.12993096212062,-3.3598166480441876,True,True,False
358,57,1001.6253,284.4232,1001.854,285.46912,-0.096191406,-1.2940979,0,0,False,False,False
358,116,368.76434,490.4897,368.91885,490.74948,-0.08621216,-0.17337036,0,0,False,False,False
358,97,1277.0757,398.272,1277.1094,398.3097,-0.03161621,0.0335083,0,0,False,False,False
358,105,860.4909,272.466,860.95746,271.77258,-0.71429443,1.276947,0,0,False,False,False
358,120,860.5586,272.45044,860.8362,271.998,-0.15441895,0.6044922,0,0,False,False,False
358,11,1295.1953,482.091,1295.2272,482.20953,-0.061767578,-0.02142334,0,0,False,False,False
358,73,1021.6084,319.79172,1022.68256,321.24615,-1.3718872,-2.0546265,-123.73128948120107,-2.4661610151860884,True,False,False
358,76,446.86298,344.06744,447.16458,343.09164,-0.043670654,0.32382202,0,0,False,False,False
359,5,1089.6266,293.57764,1089.6456,293.5843,-0.044799805,-0.035949707,0,0,False,False,False
359,80,809.2097,510.6191,813.77716,503.0252,-8.174805,11.6189575,125.12924980561614,1.3437396479715744,True,True,True
359,77,793.1493,331.01157,794.6026,330.27045,-2.2450562,1.3678284,148.64761824874873,0.517687286628103,True,True,False
359,57,1001.37866,284.11258,1001.6876,284.99432,-0.29162598,-1.4146729,0,0,False,False,False
359,116,368.629,490.38116,368.81738,490.62054,-0.18365479,-0.28347778,0,0,False,False,False
359,97,1277.0956,398.23865,1277.1045,398.2848,-0.028930664,-0.012084961,0,0,False,False,False
359,105,860.2831,272.37735,860.7214,271.98425,-0.67974854,1.0130615,0,0,False,False,False
359,120,860.33813,272.3411,860.66187,272.11807,-0.3373413,0.58206177,0,0,False,False,False
359,11,1295.2314,482.05692,1295.2286,482.15613,-0.030639648,-0.1116333,0,0,False,False,False
359,73,1020.659,319.1484,1021.9743,320.51193,-1.7698975,-2.3792114,-126.64559146866164,-2.9143019874605613,True,False,False
359,76,446.81265,345.05505,447.0414,343.77884,-0.23117065,0.92819214,0,0,False,False,False
359,72,960.9237,271.16406,961.48267,274.2661,-0.31225586,-2.324768,-97.65001139680325,10.445154115787005,True,True,False
360,5,1089.5535,293.51978,1089.6134,293.5617,-0.05847168,-0.03741455,0,0,False,False,False
360,80,808.0107,515.8616,811.7589,507.5179,-7.319092,12.523407,120.3034227555027,-4.825827050113446,True,True,True
360,77,791.8661,331.02557,793.64484,330.53473,-2.5500488,1.2130737,154.559282971012,5.911664722263282,True,True,False
360,57,1001.16174,284.19037,1001.50354,284.71295,-0.4736328,-1.319397,0,0,False,False,False
360,116,368.35587,490.0869,368.65582,490.43378,-0.34625244,-0.45562744,0,0,False,False,False
360,97,1277.0967,398.0819,1277.1018,398.21375,-0.025756836,-0.11627197,0,0,False,False,False
360,105,859.5573,272.26666,860.31396,272.0831,-0.8947754,0.6838989,0,0,False,False,False
360,11,1295.2642,481.95203,1295.241,482.08466,-0.0034179688,-0.1887207,0,0,False,False,False
360,73,1020.5353,318.7215,1021.4706,319.88525,-1.7904053,-2.1440735,-129.86351748686502,-3.2179260182033858,True,False,False
360,76,446.5456,345.53433,446.86786,344.39325,-0.45916748,1.8270264,0,0,False,False,False
360,72,960.9147,270.89883,961.2838,273.08755,-0.48217773,-3.1901855,-98.5948646536961,-0.9448532568928556,True,True,False
361,5,1089.4813,293.66,1089.5671,293.5961,-0.08886719,0.0082092285,0,0,False,False,False
361,80,808.51465,520.1102,810.6234,511.9252,-5.613159,12.988983,113.3714756835587,-6.931947071943995,True,False,True
361,77,790.8219,332.0954,792.6568,331.08096,-2.7284546,1.2095642,156.09158304841554,1.5323000774035336,True,False,False
361,57,1000.6028,283.99652,1001.18823,284.4622,-0.6657715,-1.0069275,0,0,False,False,False
361,116,367.99738,489.97388,368.42535,490.27283,-0.49349976,-0.47665405,0,0,False,False,False
361,97,1277.0466,398.18634,1277.0825,398.20416,-0.026855469,-0.105529785,0,0,False,False,False
361,105,858.82434,273.27478,859.79254,272.50018,-1.164917,0.7276001,0,0,False,False,False
361,11,1295.1721,481.73172,1295.2168,481.96112,-0.010375977,-0.24841309,0,0,False,False,False
361,73,1020.94556,317.77634,1021.2868,319.14713,-1.395752,-2.0990295,-123.62196250643707,6.241554980427949,True,False,False
361,76,446.54175,345.4879,446.75372,344.77637,-0.41085815,1.6847229,0,0,False,False,False
361,110,691.90137,367.28314,695.9153,364.93427,-3.9051514,2.3658447,148.79140242645403,9.919625384023135,True,False,False
362,5,1089.4371,293.78812,1089.5216,293.6633,-0.12402344,0.07901001,0,0,False,False,False
362,80,807.36145,524.39197,809.4817,516.2886,-4.295471,13.263367,107.94505391664357,-5.4264217669151265,True,False,True
362,77,790.52466,332.73914,791.9105,331.66132,-2.6920776,1.3908691,152.67674098017707,-3.414842068238471,True,False,False
362,57,1000.32245,284.3119,1000.8852,284.40958,-0.8024292,-0.5847473,0,0,False,False,False
362,116,367.94153,489.9073,368.25598,490.1449,-0.56140137,-0.47564697,0,0,False,False,False
362,97,1277.0608,398.28262,1277.075,398.23163,-0.029541016,-0.05316162,0,0,False,False,False
362,105,858.63245,273.57513,859.3865,272.8764,-1.3348999,0.8921509,0,0,False,False,False
362,11,1295.2097,481.7203,1295.2142,481.87683,-0.014404297,-0.27929688,0,0,False,False,False
362,73,1020.70447,317.00372,1021.083,318.3969,-0.8912964,-2.1150208,-112.85117059009336,10.770791916343711,True,True,False
362,76,446.34778,345.4734,446.61163,345.02032,-0.42977905,1.2414856,0,0,False,False,False
362,110,691.69116,368.1774,694.4368,366.06934,-4.4506226,2.78479,147.9654563732063,-0.8259460532477192,True,False,False
362,72,961.5683,269.29022,961.38336,271.75848,-0.4003296,-4.1779785,-95.47331261890264,3.121552034793467,True,True,False
363,5,1089.273,293.92957,1089.4346,293.75647,-0.17883301,0.19476318,0,0,False,False,False
363,80,805.8865,529.1033,808.2234,520.7737,-3.5355225,13.255768,104.93404433916481,-3.0110095774787595,True,False,True
363,77,789.9889,332.6612,791.2379,332.01126,-2.4069214,1.476532,148.47286093289787,-4.203880047279199,True,False,False
363,57,1000.2136,284.20343,1000.65015,284.3374,-0.85339355,-0.37554932,0,0,False,False,False
363,116,367.99915,489.74915,368.16608,490.00638,-0.4897461,-0.42739868,0,0,False,False,False
363,97,1277.0457,398.35535,1277.0647,398.2749,-0.037109375,0.061157227,0,0,False,False,False
363,105,858.26776,273.7325,858.9949,273.17603,-1.3190918,1.092926,0,0,False,False,False
363,73,1019.20605,316.84204,1020.426,317.85272,-1.0445557,-2.0325317,-117.19947012864257,-4.348299538549213,True,False,False
363,76,446.34656,344.99573,446.51886,345.01172,-0.34899902,0.61846924,0,0,False,False,False
363,110,691.224,368.44974,693.3123,366.90247,-4.7643433,3.2329712,145.84010801036575,-2.1253483628405547,True,False,False
363,72,961.29846,268.15442,961.35364,270.49704,-0.12902832,-3.7690735,-91.96066548267491,3.512647136227727,True,True,False
364,5,1089.2281,294.0354,1089.3623,293.8541,-0.20483398,0.2579956,0,0,False,False,False
364,80,804.307,533.943,806.8526,525.38293,-3.770813,13.457733,105.6526989110809,0.7186545719160904,True,False,True
364,77,789.70715,332.76953,790.70215,332.27664,-1.9546509,1.1956787,148.54547410700715,0.07261317410927859,True,False,False
364,57,1000.015,283.60754,1000.4278,284.08194,-0.760437,-0.38024902,0,0,False,False,False
364,116,368.02637,489.6239,368.11716,489.8725,-0.30819702,-0.4003296,0,0,False,False,False
364,97,1277.0244,398.3545,1277.0505,398.30273,-0.031982422,0.09857178,0,0,False,False,False
364,105,858.02295,274.02948,858.65466,273.47473,-1.1378784,0.97454834,0,0,False,False,False
364,73,1018.2124,316.36743,1019.65125,317.33286,-1.6355591,-1.81427,-132.03456674345819,-14.835096614815612,True,False,False
364,76,446.40912,345.04416,446.48044,345.02307,-0.2732849,0.2467041,0,0,False,False,False
364,110,691.2227,368.69812,692.58093,367.53094,-3.3343506,2.5966797,142.08974526430427,-3.7503627460614837,True,False,False
364,72,961.20496,267.44427,961.3015,269.42856,0.017700195,-3.6589966,-89.72283697054647,2.237828512128445,True,True,False
365,5,1089.2021,294.04456,1089.3062,293.92075,-0.2154541,0.2574463,0,0,False,False,False
365,80,802.1351,538.25366,805.2014,529.8877,-4.2802734,13.599121,107.47120404998395,1.818505138903049,True,False,True
365,77,789.0,333.715,790.1063,332.78006,-1.8041992,1.1187439,148.19786707603515,-0.3476070309720001,True,False,False
365,57,999.4657,283.0221,1000.091,283.711,-0.79418945,-0.6985779,0,0,False,False,False
365,116,367.97095,489.74884,368.06598,489.82922,-0.19000244,-0.31567383,0,0,False,False,False
365,97,1276.9707,398.29218,1277.0226,398.299,-0.052368164,0.06738281,0,0,False,False,False
365,105,857.0333,274.74457,858.08716,273.9192,-1.2993164,1.0427856,0,0,False,False,False
365,73,1018.1929,315.98706,1019.1408,316.86182,-1.9421997,-1.5350952,-141.67750864572858,-9.642941902270394,True,True,False
365,76,446.15283,345.07822,446.36578,345.04236,-0.24584961,0.022033691,0,0,False,False,False
365,110,690.7363,369.15564,691.9353,368.09958,-2.5015259,2.030243,140.93715348329533,-1.1525917810089368,True,False,False
365,72,961.2074,267.1754,961.26855,268.63995,-0.11480713,-3.1185303,-92.10836325485513,-2.3855262843086678,True,True,False
365,11,1295.6007,481.3655,1295.3495,481.69788,0.10852051,-0.3867798,0,0,False,False,False
366,5,1089.218,294.03204,1089.2753,293.9597,-0.15930176,0.20321655,0,0,False,False,False
366,80,800.2975,543.8423,803.48505,534.7718,-4.7383423,13.998108,108.70089664624308,1.2296925962591274,True,False,True
366,77,788.62866,334.35614,789.5891,333.3317,-1.6488037,1.3204346,141.31071728092107,-6.887149795114084,True,False,False
366,57,999.3282,282.46124,999.824,283.27356,-0.8261719,-1.0638428,0,0,False,False,False
366,116,367.91254,489.87592,368.01227,489.84555,-0.1538086,-0.16082764,0,0,False,False,False
366,97,1276.9188,398.2083,1276.9862,398.26727,-0.07849121,-0.0076293945,0,0,False,False,False
366,105,856.23724,275.36255,857.4397,274.42438,-1.5551758,1.248352,0,0,False,False,False
366,73,1018.03735,315.21725,1018.75464,316.2862,-1.6713867,-1.5665283,-136.85484938020645,4.822659265522134,True,True,False
366,76,446.18463,344.92456,446.30237,345.00113,-0.2164917,-0.0105896,0,0,False,False,False
366,110,689.9324,369.70853,691.23425,368.66272,-2.078064,1.7602539,139.7332538949889,-1.2038995883064274,True,False,False
366,72,961.1709,266.93256,961.2344,268.04236,-0.119262695,-2.4546814,-92.78157478751919,-0.6732115326640553,True,True,False
366,11,1295.6602,481.2544,1295.4581,481.54266,0.24133301,-0.41845703,0,0,False,False,False
367,5,1089.0405,293.87384,1089.1931,293.92963,-0.16918945,0.075531006,0,0,False,False,False
367,80,798.10876,548.9488,801.60333,539.73376,-5.2492676,14.35083,110.09158276215977,1.3906861159166937,True,False,True
367,77,787.9801,335.09546,789.02594,333.949,-1.6762085,1.6723633,135.06579356802834,-6.244923712892728,True,True,False
367,57,999.9464,282.5387,999.8668,283.01636,-0.5609741,-1.0655823,0,0,False,False,False
367,116,367.9898,489.61157,368.0044,489.76364,-0.11276245,-0.1088562,0,0,False,False,False
367,97,1276.8527,398.0949,1276.9395,398.20694,-0.111083984,-0.09579468,0,0,False,False,False
367,105,855.5022,275.2697,856.7615,274.72025,-1.8931885,1.2455139,146.65939443147533,0,False,False,False
367,73,1017.58417,313.9502,1018.345,315.46857,-1.3062744,-1.8642883,-125.01826057863518,11.836588801571267,True,False,False
367,76,446.1037,345.10614,446.23282,345.03787,-0.24761963,0.014801025,0,0,False,False,False
367,110,689.2054,370.3945,690.5241,369.26883,-2.0568237,1.7378845,139.80432780322434,0.07107390823543369,True,False,False
367,11,1295.7372,481.1031,1295.5557,481.3888,0.34143066,-0.4880371,0,0,False,False,False
368,5,1088.8481,293.76733,1089.0724,293.8728,-0.23376465,-0.047943115,0,0,False,False,False
368,80,795.631,554.1593,799.513,544.7827,-5.6884155,14.89502,110.90188216936586,0.8102994072060881,True,False,True
368,77,786.9208,335.1253,788.28906,334.36072,-1.8172607,1.580658,138.98317204781068,3.917378479782343,True,True,False
368,57,1000.3353,282.39804,1000.03076,282.79993,-0.0602417,-0.9110718,0,0,False,False,False
368,116,367.98035,489.35556,367.99597,489.6208,-0.070007324,-0.20843506,0,0,False,False,False
368,97,1276.8977,398.14197,1276.9248,398.1842,-0.09777832,-0.11480713,0,0,False,False,False
368,105,854.95154,274.95032,856.128,274.80075,-1.9591675,0.8815613,155.77381330353572,9.114418872060384,False,False,False
368,73,1018.1301,313.48618,1018.2698,314.77472,-0.8710327,-2.0870972,-112.65281303588792,12.365447542747262,True,True,False
368,76,446.18323,344.64966,446.21545,344.90198,-0.15032959,-0.14038086,0,0,False,False,False
368,110,688.8906,370.84778,689.9524,369.82147,-1.9829102,1.7218933,139.0300363635841,-0.7742914396402512,True,False,False
368,11,1295.6906,480.6652,1295.6028,481.13553,0.2532959,-0.5623474,0,0,False,False,False
369,5,1088.7584,293.74155,1088.9624,293.82684,-0.3128662,-0.13284302,0,0,False,False,False
369,80,793.4774,559.3209,797.4005,549.8711,-6.0845337,15.099304,111.94784856237769,1.045966393011824,True,False,True
369,77,786.8127,335.41425,787.77234,334.72943,-1.8167725,1.3977356,142.42708262412685,3.4439105763161706,True,True,False
369,57,1000.04895,282.1343,1000.0371,282.56696,0.21313477,-0.706604,0,0,False,False,False
369,116,368.0075,489.28204,368.0,489.50223,-0.012268066,-0.34332275,0,0,False,False,False
369,97,1276.8512,398.10132,1276.899,398.1552,-0.0871582,-0.11206055,0,0,False,False,False
369,105,854.5703,275.12808,855.58276,274.9153,-1.8569336,0.49093628,0,0,False,False,False
369,73,1017.72595,313.08868,1018.07935,314.1846,-0.67529297,-2.101593,-107.8134754505645,4.83933758532342,True,True,False
369,76,446.22827,344.45047,446.2199,344.74396,-0.082458496,-0.25717163,0,0,False,False,False
369,110,687.83685,371.8771,689.2119,370.54092,-2.0223389,1.8782043,137.11625497713578,-1.9137813864483064,True,False,False
369,11,1295.6448,480.52887,1295.6174,480.92316,0.15930176,-0.61950684,0,0,False,False,False
370,5,1088.7743,293.84055,1088.8965,293.83163,-0.29663086,-0.09799194,0,0,False,False,False
370,80,791.7153,566.1129,795.41064,555.5557,-6.192688,15.82196,111.37528901985355,-0.5725595425241323,True,False,True
370,77,786.5526,335.67133,787.3454,335.05908,-1.680542,1.1100769,146.5533647531099,4.126282128983036,True,False,False
370,57,999.82904,281.38812,999.96423,282.15436,0.09741211,-0.8619995,0,0,False,False,False
370,116,368.08008,489.2481,368.028,489.41327,0.023620605,-0.3503723,0,0,False,False,False
370,97,1276.835,398.13068,1276.8766,398.1466,-0.06286621,-0.060333252,0,0,False,False,False
370,105,854.46436,275.5413,855.1913,275.1344,-1.5701904,0.41415405,0,0,False,False,False
370,73,1017.81305,312.57178,1017.9861,313.62012,-0.35888672,-1.8484497,0,0,False,False,False
370,76,446.44012,344.35278,446.297,344.60703,0.06417847,-0.43084717,0,0,False,False,False
370,110,687.063,372.70105,688.4598,371.29694,-2.064331,2.0281067,135.5071424834654,-1.6091124936703807,True,False,False
370,11,1295.6033,480.55008,1295.6124,480.79254,0.056762695,-0.59625244,0,0,False,False,False
371,5,1088.7839,293.81708,1088.857,293.82654,-0.21533203,-0.04626465,0,0,False,False,False
371,80,788.7822,572.1413,793.0907,561.36066,-6.4223022,16.577942,111.17639047486303,-0.19889854499052717,True,False,True
371,77,786.15173,336.11877,786.9276,335.42996,-1.3614502,1.0692444,0,0,False,False,False
371,57,999.7287,280.65842,999.8818,281.63077,-0.14898682,-1.1691589,0,0,False,False,False
371,116,367.86877,489.33417,367.9723,489.38556,-0.02368164,-0.23522949,0,0,False,False,False
371,97,1276.7904,398.08893,1276.8464,398.1264,-0.07836914,-0.057800293,0,0,False,False,False
371,73,1016.3955,312.0114,1017.4293,313.05707,-0.8404541,-1.7176514,0,0,False,False,False
371,76,446.5782,344.22925,446.39542,344.4748,0.17996216,-0.42718506,0,0,False,False,False
371,110,686.77954,373.00497,687.8717,371.89474,-2.0806885,2.0732727,135.10228597185346,-0.40485651161193914,True,False,False
371,11,1295.648,480.62054,1295.6249,480.73233,0.022094727,-0.40319824,0,0,False,False,False
371,72,961.9415,266.53278,961.4818,267.51398,0.18029785,-1.9145813,0,0,False,False,False
372,5,1088.8425,293.7614,1088.8519,293.80374,-0.11047363,-0.023101807,0,0,False,False,False
372,80,787.5792,577.7987,791.1616,567.11395,-6.2388916,17.242859,109.89137336636878,-1.2850171084942446,True,False,True
372,77,784.9424,336.93982,786.2328,335.9584,-1.5395508,1.2289734,0,0,False,False,False
372,57,999.2583,280.65796,999.6636,281.29028,-0.37353516,-1.2766724,0,0,False,False,False
372,116,367.97406,489.39612,367.9729,489.38925,-0.02709961,-0.112976074,0,0,False,False,False
372,97,1276.7667,398.0752,1276.8185,398.10846,-0.080566406,-0.04675293,0,0,False,False,False
372,73,1015.05115,310.48376,1016.5969,312.1564,-1.4824219,-2.0281982,-126.16328626727298,-18.349810816708484,True,False,False
372,76,446.5917,343.96387,446.4641,344.29596,0.24420166,-0.44799805,0,0,False,False,False
372,110,686.47766,373.45917,687.3838,372.4423,-1.828125,1.9013672,133.87493292737634,-1.2273530444771268,True,False,False
372,11,1295.6873,480.65057,1295.6467,480.7037,0.029296875,-0.2194519,0,0,False,False,False
372,72,962.0176,266.4638,961.6693,267.14642,0.40075684,-1.4935303,0,0,False,False,False
373,5,1088.9102,293.7805,1088.8723,293.7956,-0.024169922,-0.03604126,0,0,False,False,False
373,80,785.0167,585.2123,789.01086,573.44836,-6.3997803,17.89264,109.68094676094496,-0.21042660542381952,True,False,True
373,77,782.8314,337.7036,785.0423,336.5692,-2.3031006,1.5101318,146.74733935415424,0.19397460104434572,True,False,False
373,57,998.8823,280.2281,999.39014,280.91852,-0.5740967,-1.2358398,0,0,False,False,False
373,116,367.84595,489.49243,367.92847,489.42535,-0.09954834,0.012084961,0,0,False,False,False
373,97,1276.8347,398.1233,1276.8242,398.11365,-0.052368164,-0.032958984,0,0,False,False,False
373,73,1014.44086,309.48383,1015.8423,311.221,-2.1437988,-2.399109,-131.78337789974117,-5.620091632468188,True,False,False
373,76,446.7838,343.90033,446.576,344.15747,0.2789917,-0.44955444,0,0,False,False,False
373,110,686.1958,373.73517,686.96796,372.89478,-1.4918213,1.5978394,133.03473388628146,-0.840199041094877,True,False,False
373,11,1295.74,480.6814,1295.6793,480.69586,0.06689453,-0.09667969,0,0,False,False,False
373,72,961.78296,266.2284,961.70905,266.8251,0.4746704,-1.2172546,0,0,False,False,False
373,105,854.8922,277.00146,855.0866,275.78787,-1.0413818,0.9871216,0,0,False,False,False
374,5,1088.8533,293.71954,1088.8656,293.76898,0.008544922,-0.057556152,0,0,False,False,False
374,80,781.15784,591.6765,786.2623,579.8282,-6.828369,18.46753,110.29187406005157,0.6109272991066064,True,False,True
374,77,782.1769,337.91174,784.03937,337.0391,-2.8882446,1.6091309,150.8764612961328,4.129121941978553,True,False,False
374,57,998.6908,280.2152,999.1454,280.67236,-0.73638916,-0.95840454,0,0,False,False,False
374,116,367.89062,489.45657,367.91522,489.43628,-0.05706787,0.050720215,0,0,False,False,False
374,97,1276.8022,398.04297,1276.8165,398.0889,-0.029907227,-0.037506104,0,0,False,False,False
374,73,1014.69617,308.82895,1015.44116,310.3838,-1.9881592,-2.6732788,-126.63875748274633,5.14462041699484,True,False,False
374,76,446.83755,343.97858,446.66754,344.09485,0.27212524,-0.37994385,0,0,False,False,False
374,110,685.2426,373.71515,686.3641,373.1819,-1.5076294,1.2871399,0,0,False,False,False
374,11,1295.6261,480.5617,1295.6606,480.6489,0.0357666,-0.08343506,0,0,False,False,False
374,105,854.41595,277.36462,854.85187,276.33972,-0.730896,1.424408,0,0,False,False,False
375,5,1088.7341,293.42078,1088.8196,293.6471,-0.032348633,-0.15664673,0,0,False,False,False
375,80,777.59076,598.1808,783.2273,586.2516,-7.934326,19.137634,112.51854615366112,2.226672093609551,True,False,True
375,77,781.67664,337.83292,783.2124,337.31693,-3.0203857,1.3585205,155.78255792906035,4.906096632927557,True,False,False
375,116,368.07135,489.52277,367.96985,489.46655,-0.0030517578,0.077301025,0,0,False,False,False
375,97,1277.0876,397.972,1276.9114,398.04797,0.09289551,-0.06048584,0,0,False,False,False
375,73,1014.8661,307.9662,1015.23987,309.5376,-1.3570557,-2.618805,-117.39303466320477,9.245722819541555,True,True,False
375,76,447.0672,344.3048,446.8074,344.16833,0.34329224,-0.12762451,0,0,False,False,False
375,110,683.99426,374.35522,685.5346,373.59253,-1.8491821,1.150238,148.11734336442845,15.082609478146992,True,False,False
375,105,853.8278,277.49146,854.4934,276.74283,-0.697876,1.608429,0,0,False,False,False
376,5,1088.583,293.39233,1088.7368,293.55792,-0.13549805,-0.2376709,0,0,False,False,False
376,77,781.16907,338.40723,782.4972,337.69852,-2.545105,1.129303,156.07238829870033,0.28983036963998643,True,True,False
376,116,368.08105,489.49915,368.00876,489.47797,0.08029175,0.052612305,0,0,False,False,False
376,97,1277.2004,398.09082,1277.0125,398.06296,0.18823242,-0.050689697,0,0,False,False,False
376,73,1014.96277,307.42847,1015.1428,308.79938,-0.6994629,-2.4216309,-106.11081172533822,11.28222293786655,True,True,False
376,110,683.89954,375.5007,684.9623,374.26038,-2.0056763,1.3656006,145.75030796505087,-2.367035399377585,True,False,False
376,105,853.4622,277.63458,854.13245,277.05493,-0.9541626,1.2670593,0,0,False,False,False
376,72,961.02844,265.39658,961.4708,266.3251,-0.010986328,-1.1888733,0,0,False,False,False
376,57,999.3418,280.12085,999.2141,280.4793,-0.4494629,-0.8109741,0,0,False,False,False
376,11,1295.3228,481.15985,1295.5424,480.82773,-0.10437012,0.12402344,0,0,False,False,False
377,5,1088.2921,293.46478,1088.581,293.5253,-0.2845459,-0.24368286,0,0,False,False,False
377,77,780.15564,339.72888,781.6776,338.40912,-2.3617554,1.3700256,149.88249986593613,-6.1898884327642065,True,True,False
377,116,368.09448,489.53836,368.03876,489.49908,0.123535156,0.062805176,0,0,False,False,False
377,97,1277.2446,398.0498,1277.0936,398.05835,0.2770996,-0.030548096,0,0,False,False,False
377,73,1014.28796,306.63824,1014.8436,308.04297,-0.5975342,-2.3408203,-104.31991490739719,1.7908968179410323,True,True,False
377,110,683.0999,375.69012,684.3104,374.7608,-2.05365,1.5789185,142.44564752786283,-3.3046604371880335,True,False,False
377,105,852.6941,277.59808,853.629,277.24503,-1.2228394,0.90530396,0,0,False,False,False
377,72,960.7715,265.24295,961.226,265.94635,-0.44329834,-1.2000732,0,0,False,False,False
377,57,999.476,279.15112,999.3057,280.01443,-0.08441162,-0.90408325,0,0,False,False,False
377,76,447.18567,344.4585,446.9398,344.2699,0.36380005,0.11242676,0,0,False,False,False
378,5,1088.196,293.28622,1088.4463,293.44162,-0.37329102,-0.20547485,0,0,False,False,False
378,77,779.7594,340.60345,781.0062,339.17712,-2.2061768,1.860199,139.86316105644454,-10.019338809491586,True,False,False
378,116,368.34894,489.63086,368.1473,489.54523,0.17745972,0.07867432,0,0,False,False,False
378,97,1277.2156,398.0342,1277.1362,398.04987,0.22485352,0.0018920898,0,0,False,False,False
378,73,1014.1959,306.40527,1014.6169,307.46976,-0.62298584,-2.0678406,-106.76616910356107,-2.4462541961638777,True,False,False
378,110,682.0996,376.96307,683.5366,375.5316,-1.9979858,1.9390564,135.85753620997656,-6.588111317886273,True,False,False
378,105,852.3127,277.647,853.1683,277.3857,-1.3251343,0.6428833,0,0,False,False,False
378,72,960.7311,265.32593,961.05273,265.7292,-0.65631104,-1.0959167,0,0,False,False,False
378,57,998.59235,277.08026,999.056,278.98746,-0.08935547,-1.684906,0,0,False,False,False
378,76,447.14487,343.74942,447.01157,344.0877,0.34402466,-0.0071411133,0,0,False,False,False
378,11,1295.1345,480.57654,1295.3995,480.7398,-0.27978516,0.043945312,0,0,False,False,False
379,5,1088.1561,293.2425,1088.3447,293.37192,-0.39208984,-0.18600464,0,0,False,False,False
379,77,778.9049,341.08063,780.27075,339.84332,-2.2264404,2.144806,136.06989392257447,-3.7932671338700743,True,False,False
379,116,368.3529,489.58484,368.21924,489.55908,0.21047974,0.08111572,0,0,False,False,False
379,97,1277.2234,398.055,1277.1667,398.05164,0.15429688,-0.0113220215,0,0,False,False,False
379,73,1014.3373,306.09744,1014.51904,306.98944,-0.6237793,-1.8099365,0,0,False,False,False
379,110,681.03613,377.9914,682.66144,376.39252,-2.3008423,2.132141,137.17939074619784,1.3218545362212808,False,False,False
379,105,852.3081,277.6383,852.8672,277.47412,-1.2652588,0.41918945,0,0,False,False,False
379,72,960.5525,264.9978,960.8776,265.4732,-0.5932007,-0.8518982,0,0,False,False,False
379,76,446.88385,342.4731,446.96686,343.52258,0.15945435,-0.64575195,0,0,False,False,False
379,11,1295.1848,480.33887,1295.3243,480.5995,-0.3363037,-0.04940796,0,0,False,False,False
380,5,1088.1409,293.28503,1088.2734,293.3415,-0.3076172,-0.18380737,0,0,False,False,False
380,77,778.2295,341.1585,779.5563,340.30362,-2.121338,1.8945007,138.2329525080838,2.163058585509333,True,False,False
380,116,368.26575,489.5532,368.2355,489.557,0.19674683,0.057922363,0,0,False,False,False
380,97,1277.1602,397.8761,1277.1644,397.99017,0.07080078,-0.06817627,0,0,False,False,False
380,73,1013.7281,305.36694,1014.2422,306.42157,-0.6014404,-1.6213989,0,0,False,False,False
380,110,680.5104,378.4806,681.90857,377.12332,-2.4018555,2.3625183,135.47305313025385,-1.706337615943994,False,False,False
380,105,852.12616,277.60754,852.6078,277.5208,-1.0212402,0.27578735,0,0,False,False,False
380,126,1380.1267,473.83844,1380.1403,473.86862,0.009155273,-0.06411743,0,0,False,False,False
380,72,960.77234,265.16345,960.84076,265.36478,-0.3852539,-0.5815735,0,0,False,False,False
380,76,446.69238,343.60443,446.8708,343.5512,-0.069000244,-0.71868896,0,0,False,False,False
380,11,1295.1716,480.21378,1295.2709,480.46448,-0.27148438,-0.36325073,0,0,False,False,False
380,57,998.2344,276.0604,998.76843,277.96298,-0.4456787,-2.516327,-100.0437711538986,0,True,True,False
381,5,1088.2606,293.46924,1088.2689,293.3862,-0.17736816,-0.055419922,0,0,False,False,False
381,77,777.3539,342.20374,778.7854,340.96866,-2.2208252,1.7915344,141.10696357149166,2.8740110634078633,True,False,False
381,116,368.33936,489.70117,368.27185,489.60742,0.12454224,0.062194824,0,0,False,False,False
381,97,1277.2512,397.996,1277.1948,397.9922,0.05859375,-0.057678223,0,0,False,False,False
381,73,1013.58734,304.83374,1014.01294,305.8658,-0.6039429,-1.6039429,0,0,False,False,False
381,110,680.6328,378.8105,681.46204,377.7138,-2.074585,2.1822205,133.5515556052228,-1.921497525031043,True,False,False
381,105,851.44666,278.3058,852.2014,277.79553,-0.9668579,0.40982056,0,0,False,False,False
381,126,1380.2236,473.9397,1380.1694,473.8935,0.0126953125,-0.024047852,0,0,False,False,False
381,72,960.7622,265.23688,960.81323,265.32,-0.23950195,-0.4091797,0,0,False,False,False
381,76,446.72388,341.79742,446.81934,342.93738,-0.19223022,-1.1503296,0,0,False,False,False
382,5,1088.3059,293.54034,1088.2819,293.44012,-0.06286621,0.06820679,0,0,False,False,False
382,77,776.6155,342.53497,778.0259,341.51685,-2.244873,1.673523,143.29596157861351,2.188998007121853,True,False,False
382,116,368.35263,489.7779,368.3001,489.66705,0.08087158,0.10797119,0,0,False,False,False
382,97,1277.1522,398.0108,1277.1799,397.9987,0.013183594,-0.052947998,0,0,False,False,False
382,73,1012.467,303.7207,1013.4718,305.11502,-1.0472412,-1.8744202,-119.19215439341187,-12.4259852898508,True,False,False
382,110,679.51587,379.22064,680.7809,378.24118,-1.8805542,1.8486633,135.4899600661115,1.9384044608887052,True,False,False
382,105,851.0056,279.1017,851.78284,278.2527,-1.0843506,0.77856445,0,0,False,False,False
382,126,1380.2717,473.9851,1380.2052,473.92554,0.057617188,0.040649414,0,0,False,False,False
382,72,961.0867,265.38898,960.90894,265.34412,0.031311035,-0.12908936,0,0,False,False,False
382,76,446.68347,342.1343,446.7718,342.6563,-0.19506836,-0.866272,0,0,False,False,False
382,11,1295.2976,480.93704,1295.2802,480.62988,-0.119384766,-0.10992432,0,0,False,False,False
383,5,1088.1793,293.40222,1088.246,293.42685,-0.02746582,0.085357666,0,0,False,False,False
383,77,776.3357,342.92297,777.4343,342.00897,-2.1219482,1.7053528,141.21209539073638,-2.0838661878771347,True,True,False
383,116,368.5067,489.80402,368.3724,489.71497,0.13690186,0.15795898,0,0,False,False,False
383,73,1012.57837,303.37134,1013.15906,304.50473,-1.0831299,-1.9168396,-119.46906538964086,-0.27691099622899173,True,False,False
383,110,678.826,379.55368,680.0967,378.70056,-1.8118896,1.57724,138.9606080581909,3.4706479920793925,True,False,False
383,105,850.9844,279.6754,851.5033,278.75064,-1.1044922,1.2298279,0,0,False,False,False
383,126,1380.1448,473.362,1380.1841,473.72827,0.043823242,-0.14035034,0,0,False,False,False
383,72,960.9787,265.1123,960.9333,265.26297,0.0925293,-0.10180664,0,0,False,False,False
383,76,446.62698,343.60742,446.72107,342.9892,-0.14971924,-0.5620117,0,0,False,False,False
383,11,1295.325,480.64224,1295.2958,480.63422,-0.028564453,0.034729004,0,0,False,False,False
384,5,1088.1914,292.9457,1088.2268,293.25845,-0.042114258,-0.12774658,0,0,False,False,False
384,77,776.4247,343.50244,777.08093,342.53168,-1.7044678,1.5630188,137.47877754735487,-3.7333178433815135,True,True,False
384,116,368.69833,490.09204,368.48648,489.84692,0.21463013,0.23950195,0,0,False,False,False
384,73,1013.10254,303.32654,1013.1392,304.09235,-0.87371826,-1.773468,0,0,False,False,False
384,110,677.8904,379.89124,679.32446,379.11728,-2.1375732,1.4034729,146.7121778541684,7.7515697959775025,True,False,False
384,105,850.7937,279.89267,851.2549,279.15033,-0.9465332,1.3547974,0,0,False,False,False
384,126,1379.9629,472.70233,1380.1067,473.3692,-0.06274414,-0.524292,0,0,False,False,False
384,72,960.8987,264.74762,960.92114,265.08258,0.107910156,-0.23742676,0,0,False,False,False
384,76,446.53668,344.15887,446.65652,343.39856,-0.16281128,0.46118164,0,0,False,False,False
384,11,1295.2712,480.30658,1295.2871,480.51953,0.016235352,0.05505371,0,0,False,False,False
385,5,1088.2468,292.93463,1088.2338,293.1451,-0.048095703,-0.29501343,0,0,False,False,False
385,77,775.70715,344.30637,776.6001,343.1528,-1.4257812,1.6359558,131.07306135197334,-6.40571619538153,True,True,False
385,116,368.86374,490.41095,368.61853,490.0443,0.3184204,0.3772583,0,0,False,False,False
385,73,1013.248,303.10956,1013.17725,303.74835,-0.29455566,-1.3666687,0,0,False,False,False
385,110,677.7638,380.37433,678.7782,379.55725,-2.0026855,1.3160706,146.68896847093035,-0.023209383238054215,True,False,False
385,126,1379.9785,472.55518,1380.0618,473.0843,-0.14343262,-0.84124756,0,0,False,False,False
385,72,961.00745,264.52875,960.9513,264.88873,0.0423584,-0.4553833,0,0,False,False,False
385,76,446.60632,344.3658,446.63892,343.7371,-0.13287354,1.08078,0,0,False,False,False
386,5,1088.2147,292.8952,1088.227,293.05762,-0.018920898,-0.36923218,0,0,False,False,False
386,77,775.47736,344.8287,776.20715,343.73938,-1.2271729,1.7304077,125.34355429309224,-5.729507058881097,True,True,False
386,116,368.90903,490.55365,368.7202,490.22253,0.34780884,0.50756836,0,0,False,False,False
386,73,1012.83057,302.29135,1013.0559,303.2384,-0.103149414,-1.2663269,0,0,False,False,False
386,110,677.39276,380.7558,678.2933,379.97675,-1.8034058,1.2761841,144.7147816322364,-1.974186838693953,True,False,False
386,126,1379.9843,472.5763,1380.0345,472.9065,-0.14953613,-0.82177734,0,0,False,False,False
386,72,961.2743,264.09158,961.06433,264.60974,0.13104248,-0.65322876,0,0,False,False,False
386,76,446.51483,344.36853,446.59546,343.9581,-0.12561035,0.9689026,0,0,False,False,False
386,105,849.9645,280.4534,850.8032,279.60638,-0.97961426,1.3536987,0,0,False,False,False
386,11,1295.1962,480.17642,1295.2552,480.3994,-0.024902344,-0.23046875,0,0,False,False,False
387,5,1088.2145,292.76706,1088.2227,292.9559,-0.0041503906,-0.30255127,0,0,False,False,False
387,77,774.2068,345.55023,775.507,344.37317,-1.5739136,1.8414917,130.5203425810298,5.176788287937569,True,False,False
387,116,368.90118,490.64676,368.78357,490.37097,0.29708862,0.52404785,0,0,False,False,False
387,73,1011.76965,301.37238,1012.6057,302.58527,-0.5335083,-1.5070801,0,0,False,False,False
387,110,676.20496,381.3702,677.5624,380.46445,-1.762085,1.347168,142.60097906653397,-2.1138025657024286,True,False,False
387,126,1380.0331,472.52847,1380.0339,472.77417,-0.072753906,-0.59503174,0,0,False,False,False
387,72,961.2808,263.686,961.14,264.28644,0.21887207,-0.7961426,0,0,False,False,False
387,76,446.50558,344.3818,446.564,344.10638,-0.0925293,0.7078247,0,0,False,False,False
387,105,849.4991,280.54172,850.3468,279.93375,-1.1564941,1.1831055,0,0,False,False,False
387,11,1295.2098,480.13123,1295.2393,480.30554,-0.056518555,-0.32867432,0,0,False,False,False
388,5,1088.2091,292.81995,1088.2179,292.9083,-0.01586914,-0.2368164,0,0,False,False,False
388,77,773.44995,346.591,774.787,345.14938,-1.8131104,1.996582,132.24281223489822,1.7224696538684157,True,False,False
388,116,368.73038,490.56073,368.76495,490.43738,0.14642334,0.3930664,0,0,False,False,False
388,73,1011.27814,301.06244,1012.141,302.05228,-1.0362549,-1.6960754,0,0,False,False,False
388,110,675.18115,382.59076,676.72894,381.20865,-2.0492554,1.6513977,141.13630669745194,-1.4646723690820238,True,False,False
388,126,1380.1117,472.7868,1380.0612,472.77856,-0.00061035156,-0.3057251,0,0,False,False,False
388,72,961.31946,263.5013,961.20276,264.01163,0.25146484,-0.8771057,0,0,False,False,False
388,76,446.5315,344.755,446.5526,344.3334,-0.08630371,0.5963135,0,0,False,False,False
388,105,849.14307,280.55304,849.9255,280.15048,-1.3294067,1.0001526,0,0,False,False,False
388,11,1295.2422,480.2304,1295.2402,480.27924,-0.046875,-0.24029541,0,0,False,False,False
389,5,1088.179,292.84103,1088.2042,292.88474,-0.022827148,-0.17288208,0,0,False,False,False
389,77,772.9767,346.62158,774.1533,345.66464,-2.053833,1.9252625,136.8506689031793,4.607856668281073,True,False,False
389,116,368.7444,490.4508,368.75775,490.44205,0.03753662,0.21951294,0,0,False,False,False
389,73,1010.63586,300.54132,1011.61414,301.52344,-1.4417725,-1.7149658,-130.0537797055082,-10.58471431586733,True,False,False
389,110,674.52344,383.94882,675.95703,382.1677,-2.3362427,2.1909485,136.83820102529597,-4.29810567215597,True,False,False
389,126,1380.1538,472.73352,1380.0935,472.7628,0.05895996,-0.14370728,0,0,False,False,False
389,72,961.37164,263.35126,961.26184,263.7805,0.19750977,-0.82925415,0,0,False,False,False
389,76,446.5378,345.0146,446.54742,344.5718,-0.048034668,0.6137085,0,0,False,False,False
389,105,848.77185,281.03577,849.52167,280.46033,-1.2815552,0.8539429,0,0,False,False,False
390,5,1088.1309,292.92908,1088.1785,292.90027,-0.044189453,-0.055633545,0,0,False,False,False
390,77,772.215,347.04236,773.4749,346.14682,-2.0321045,1.7736511,138.88505900333467,2.0343901001553775,True,False,False
390,116,368.541,490.45828,368.6819,490.44772,-0.10168457,0.07675171,0,0,False,False,False
390,73,1010.6306,301.00397,1011.2699,301.3416,-1.3358154,-1.2436523,0,0,False,False,False
390,110,674.1178,384.74792,675.31323,383.07077,-2.2491455,2.6063232,130.79278890095244,-6.045412124343528,True,False,False
390,126,1380.3269,473.16687,1380.1752,472.9042,0.14123535,0.1300354,0,0,False,False,False
390,72,961.226,263.26913,961.24927,263.6015,0.10925293,-0.6849365,0,0,False,False,False
390,76,446.43524,345.3413,446.50818,344.84113,-0.05581665,0.7347412,0,0,False,False,False
390,105,848.1332,281.92184,849.0357,280.97186,-1.3110962,1.0381165,0,0,False,False,False
390,97,1277.0009,397.58734,1277.1172,397.85468,-0.04724121,-0.13549805,0,0,False,False,False
390,11,1295.2676,480.39325,1295.2498,480.31912,-0.005493164,-0.08029175,0,0,False,False,False
391,5,1088.285,292.82562,1088.2157,292.87415,-0.0021972656,-0.03414917,0,0,False,False,False
391,77,771.59326,348.30756,772.8163,346.90308,-1.9707031,1.7536926,138.33470013470392,-0.5503588686307523,True,False,False
391,116,368.5443,490.20578,368.63373,490.36304,-0.13122559,-0.07434082,0,0,False,False,False
391,73,1010.6337,301.129,1011.04724,301.26718,-1.09375,-0.7850952,0,0,False,False,False
391,110,674.0218,385.58777,674.8612,383.95172,-1.8677368,2.7430725,124.25064539084914,-6.542143510103301,True,True,False
391,126,1380.4246,473.20282,1380.2625,473.00873,0.20129395,0.23016357,0,0,False,False,False
391,72,961.2717,263.07367,961.2571,263.41675,0.05432129,-0.59487915,0,0,False,False,False
391,76,446.59558,345.57208,446.53876,345.09695,-0.0138549805,0.7635498,0,0,False,False,False
391,105,847.56146,282.7184,848.51965,281.58313,-1.4058228,1.4326477,134.45854263544166,0,False,False,False
391,97,1277.0491,397.7036,1277.0933,397.8018,-0.1015625,-0.19039917,0,0,False,False,False
391,11,1295.3591,480.4723,1295.288,480.37274,0.048706055,0.06719971,0,0,False,False,False
391,128,1322.4708,425.8385,1322.5309,425.9364,-0.13635254,-0.11279297,0,0,False,False,False
392,5,1088.252,292.74414,1088.2283,292.82864,0.024047852,-0.05609131,0,0,False,False,False
392,77,770.7998,348.7942,772.1105,347.56494,-2.0428467,1.9002991,137.07038280378364,-1.264317330920278,True,False,False
392,116,368.65775,490.34662,368.64212,490.35727,-0.1156311,-0.08477783,0,0,False,False,False
392,110,673.4519,385.63226,674.3679,384.5399,-1.5891113,2.3721924,123.81779135008446,-0.43285404076468126,True,True,False
392,126,1380.404,473.10675,1380.312,473.04303,0.21850586,0.28024292,0,0,False,False,False
392,76,446.6049,345.5524,446.5619,345.25635,0.014465332,0.6845398,0,0,False,False,False
392,105,846.89484,283.00482,847.9509,282.08072,-1.5707397,1.6203918,134.10858385874076,-0.3499587767009018,False,False,False
392,97,1276.9216,397.6578,1277.0332,397.7514,-0.14672852,-0.24728394,0,0,False,False,False
392,11,1295.3473,479.94434,1295.3087,480.22278,0.068481445,-0.05645752,0,0,False,False,False
392,128,1322.4788,425.769,1322.5126,425.8778,-0.13879395,-0.15447998,0,0,False,False,False
393,5,1088.3264,292.42786,1088.2626,292.68835,0.084106445,-0.21191406,0,0,False,False,False
393,77,769.26105,349.18314,771.11316,348.1313,-2.3617554,1.9844666,139.96132079364224,2.8909379898585996,True,False,False
393,116,368.6279,490.20062,368.63715,490.30243,-0.04473877,-0.14529419,0,0,False,False,False
393,110,672.5658,385.74072,673.7372,384.96014,-1.5760498,1.8893738,129.83368731915994,6.015895969075473,True,True,False
393,126,1380.4434,472.96497,1380.3579,473.0157,0.18273926,0.11148071,0,0,False,False,False
393,76,446.54892,345.67966,446.55734,345.40448,0.04916382,0.5633545,0,0,False,False,False
393,105,847.0866,283.0952,847.64844,282.4358,-1.3872681,1.4639282,133.45985859689725,-0.6487252618435093,False,False,False
393,97,1276.8424,397.5066,1276.9663,397.6657,-0.1508789,-0.18896484,0,0,False,False,False
393,11,1295.3372,479.566,1295.3186,479.99292,0.068847656,-0.3262024,0,0,False,False,False
393,128,1322.5061,425.69455,1322.5103,425.81366,-0.052978516,-0.17547607,0,0,False,False,False
393,73,1009.0929,297.6199,1010.36316,299.9906,-1.2509766,-1.5328369,0,0,False,False,False
394,5,1088.3872,292.22797,1088.3062,292.52722,0.0904541,-0.34692383,0,0,False,False,False
394,77,768.81006,350.03015,770.30707,348.79587,-2.5092163,1.8927917,142.97144139266885,3.0101205990266067,True,False,False
394,116,368.6995,490.1237,368.65894,490.23987,0.02520752,-0.123168945,0,0,False,False,False
394,110,672.0609,385.96603,673.15045,385.3122,-1.7107544,1.3604736,141.50660277862585,11.672915459465912,True,False,False
394,126,1380.3506,472.7976,1380.3553,472.93933,0.09289551,-0.06939697,0,0,False,False,False
394,76,446.54404,345.7857,446.55267,345.5379,0.013916016,0.4409485,0,0,False,False,False
394,105,847.0013,283.43958,847.4219,282.7871,-1.0977783,1.2039795,0,0,False,False,False
394,97,1276.6891,397.40646,1276.8693,397.57495,-0.22399902,-0.22683716,0,0,False,False,False
394,11,1295.3945,479.67084,1295.3451,479.8802,0.057128906,-0.4925537,0,0,False,False,False
394,128,1322.4238,425.58478,1322.48,425.73352,-0.05090332,-0.20288086,0,0,False,False,False
394,73,1008.7572,297.0583,1009.801,298.9643,-1.4688721,-2.3773193,-121.71063614484186,8.343143560666334,True,False,False
395,5,1088.4747,291.91742,1088.3651,292.31378,0.13684082,-0.51486206,0,0,False,False,False
395,77,768.3235,350.20618,769.6128,349.28946,-2.4976807,1.7245178,145.37695105779903,2.4055096651301824,True,False,False
395,116,368.7461,490.19254,368.68942,490.2233,0.047302246,-0.13397217,0,0,False,False,False
395,126,1380.2664,472.35434,1380.3242,472.73456,0.012207031,-0.30847168,0,0,False,False,False
395,76,446.46274,345.04337,446.52118,345.3648,-0.04071045,0.10845947,0,0,False,False,False
395,105,846.8965,283.37872,847.238,282.99417,-0.71295166,0.91345215,0,0,False,False,False
395,128,1322.477,425.45966,1322.4789,425.63763,-0.033691406,-0.24017334,0,0,False,False,False
395,73,1008.67474,296.66974,1009.40686,298.1612,-1.6403809,-3.1059875,-117.84010407079172,3.870532074050132,True,False,False
396,5,1088.5374,291.78268,1088.4254,292.1279,0.1628418,-0.5604553,0,0,False,False,False
396,77,767.79425,350.3598,768.9763,349.66406,-2.1368408,1.5327759,144.34777254042183,-1.0291785173772041,True,False,False
396,116,368.75012,490.26654,368.71066,490.23843,0.073516846,-0.06399536,0,0,False,False,False
396,126,1380.25,472.3742,1380.2982,472.60843,-0.059692383,-0.40725708,0,0,False,False,False
396,76,446.60187,344.99615,446.54944,345.23578,-0.007904053,-0.16870117,0,0,False,False,False
396,105,846.65186,284.1693,847.03284,283.40546,-0.6156006,0.9696655,0,0,False,False,False
396,128,1322.4164,425.46295,1322.457,425.57648,-0.053222656,-0.23718262,0,0,False,False,False
396,110,669.91394,387.3642,672.0177,386.0304,-2.3502197,1.490509,147.61713521329563,6.1105324346697785,True,False,False
396,11,1295.3606,479.7196,1295.3505,479.82397,0.041748047,-0.3988037,0,0,False,False,False
397,5,1088.5161,291.6801,1088.4572,291.97116,0.15100098,-0.5560608,0,0,False,False,False
397,77,766.9247,350.51318,768.25824,349.96124,-2.0488281,1.1653748,150.36875318984272,6.020980649420892,True,False,False
397,116,368.72546,490.2984,368.71582,490.2594,0.056884766,0.01953125,0,0,False,False,False
397,126,1380.2515,472.3168,1380.2817,472.50635,-0.0736084,-0.4329834,0,0,False,False,False
397,76,446.68066,344.8766,446.59534,345.11005,0.042663574,-0.42785645,0,0,False,False,False
397,105,846.2123,284.74554,846.7456,283.87448,-0.67626953,1.0873718,0,0,False,False,False
397,128,1322.4052,425.37625,1322.4388,425.50638,-0.041137695,-0.22714233,0,0,False,False,False
397,110,668.5823,388.06018,670.8153,386.7408,-2.921875,1.7806702,148.64073291782591,1.0235977045302889,True,False,False
397,11,1295.3866,479.77972,1295.363,479.80847,0.044433594,-0.18444824,0,0,False,False,False
397,73,1008.2786,295.4655,1009.01196,297.21768,-1.3511963,-2.7729187,-115.97918940730732,1.860914663484408,True,False,False
398,5,1088.6575,291.5911,1088.5272,291.83813,0.16210938,-0.47564697,0,0,False,False,False
398,77,766.48157,350.4662,767.63635,350.13794,-1.9764404,0.8484802,156.76629059810418,6.3975374082614564,True,False,False
398,116,368.74872,490.31165,368.7273,490.27768,0.037872314,0.054382324,0,0,False,False,False
398,126,1380.2476,472.04022,1380.2698,472.3432,-0.05444336,-0.39135742,0,0,False,False,False
398,76,446.68414,345.01685,446.6264,345.07742,0.10522461,-0.28738403,0,0,False,False,False
398,105,845.5546,285.16394,846.32874,284.32578,-0.9092407,1.331604,0,0,False,False,False
398,128,1322.3816,425.30786,1322.4187,425.4369,-0.060180664,-0.20074463,0,0,False,False,False
398,110,667.9197,388.8683,669.8018,387.4854,-3.3486328,2.1732178,147.01696990812025,-1.6237630097056694,True,False,False
398,11,1295.3439,479.77985,1295.3563,479.79843,0.011230469,-0.08175659,0,0,False,False,False
399,5,1088.7341,291.4355,1088.5996,291.6972,0.17419434,-0.43069458,0,0,False,False,False
399,77,766.17206,350.95447,767.12384,350.4237,-1.852478,0.75964355,157.70299326226382,0.9367026641596397,True,True,False
399,116,368.90198,490.46674,368.78842,490.34384,0.07775879,0.105407715,0,0,False,False,False
399,126,1380.0906,471.86517,1380.207,472.17587,-0.09118652,-0.43255615,0,0,False,False,False
399,76,446.71558,345.1764,446.6576,345.11206,0.1081543,-0.12371826,0,0,False,False,False
399,105,845.0267,285.32306,845.873,284.6748,-1.1598511,1.2693481,0,0,False,False,False
399,128,1322.3851,425.23618,1322.407,425.36664,-0.050048828,-0.20983887,0,0,False,False,False
399,134,844.98267,285.2718,845.7842,284.84955,-0.9630127,0.6808777,0,0,False,False,False
399,110,666.8007,389.69867,668.7514,388.26004,-3.2662964,2.2296448,145.68170692432196,-1.3352629837982875,True,False,False
399,11,1295.3169,479.76343,1295.3425,479.78613,-0.00793457,-0.037841797,0,0,False,False,False
400,5,1088.8348,291.2928,1088.6819,291.55566,0.22473145,-0.41549683,0,0,False,False,False
400,77,765.6981,351.2473,766.6248,350.71198,-1.6334229,0.7507324,0,0,False,False,False
400,116,369.01953,490.4098,368.8693,490.36688,0.1534729,0.10748291,0,0,False,False,False
400,126,1380.012,471.6765,1380.1387,472.0011,-0.1430664,-0.505249,0,0,False,False,False
400,76,446.83105,344.89798,446.7183,345.0371,0.12295532,-0.07293701,0,0,False,False,False
400,105,845.0845,285.35352,845.59705,284.91235,-1.1485596,1.0378723,0,0,False,False,False
400,110,666.00525,390.48798,667.7902,389.0398,-3.0250854,2.2989807,142.7661772556793,-2.915529668642648,True,False,False
400,11,1295.1821,479.9466,1295.2864,479.8423,-0.076660156,0.033813477,0,0,False,False,False
400,73,1007.56726,294.35852,1008.5062,296.21698,-1.2947998,-2.7473145,-115.23433979432386,0.7448496129834581,True,False,False
401,5,1088.8903,290.88916,1088.7548,291.3224,0.22753906,-0.5157471,0,0,False,False,False
401,77,764.7029,351.9169,765.95215,351.13367,-1.6842041,0.99572754,0,0,False,False,False
401,116,369.0404,490.3363,368.92917,490.35617,0.20187378,0.07849121,0,0,False,False,False
401,76,446.89526,344.5777,446.7802,344.8763,0.1538086,-0.20111084,0,0,False,False,False
401,105,845.29236,285.5256,845.49036,285.12698,-0.8383789,0.8012085,0,0,False,False,False
401,110,665.70667,390.51587,667.061,389.5564,-2.7408447,2.070984,142.92528420646894,0.159106950789635,True,True,False
401,11,1295.0198,480.18787,1295.193,479.9632,-0.16333008,0.1647644,0,0,False,False,False
401,73,1007.7888,293.38794,1008.2551,295.2268,-1.1517334,-2.9343872,-111.42977753404332,3.804562260280534,True,True,False
402,5,1088.8286,290.7906,1088.7805,291.13623,0.1809082,-0.5609741,0,0,False,False,False
402,77,763.3545,352.89844,765.04297,351.75134,-2.0808716,1.3276367,147.46132896867996,-10.241664293583852,True,False,False
402,116,368.9873,490.10098,368.94952,490.26685,0.1611023,-0.07699585,0,0,False,False,False
402,76,446.96082,344.4067,446.8434,344.71194,0.18582153,-0.40011597,0,0,False,False,False
402,105,845.35925,285.6429,845.44446,285.30756,-0.42852783,0.63275146,0,0,False,False,False
402,110,665.44543,390.85712,666.49554,390.01166,-2.2558594,1.7516174,142.17156994144568,-0.7537142650232624,True,False,False
402,11,1295.0474,480.38293,1295.142,480.1101,-0.20056152,0.3239746,0,0,False,False,False
402,73,1007.7243,293.1092,1008.0693,294.48563,-0.942688,-2.7320557,-109.03684786706532,2.392929666978006,True,False,False
403,5,1088.6509,290.7593,1088.7351,291.0043,0.053222656,-0.5513611,0,0,False,False,False
403,77,762.45703,353.50574,764.1379,352.36536,-2.4869385,1.6533813,146.38300715772533,-1.078321810954634,True,False,False
403,116,368.9348,490.04318,368.94437,490.18854,0.07507324,-0.17834473,0,0,False,False,False
403,76,447.06293,344.48383,446.92023,344.63208,0.20193481,-0.4050293,0,0,False,False,False
403,105,845.1775,286.09946,845.35095,285.58472,-0.24609375,0.6723633,0,0,False,False,False
403,110,665.0288,391.36127,665.9822,390.484,-1.8080444,1.4442139,141.3831465203925,-0.7884234210531815,True,False,False
403,11,1295.06,480.47314,1295.1133,480.23718,-0.1730957,0.39489746,0,0,False,False,False
403,73,1007.7654,292.90082,1007.9629,293.93094,-0.54333496,-2.2860413,-103.36971193870434,5.6671359283609775,True,True,False
404,5,1088.6826,291.0129,1088.7167,291.0073,-0.038085938,-0.315094,0,0,False,False,False
404,77,761.13,356.84015,763.0851,353.93152,-2.8670654,2.7978516,135.70000410712706,-10.683003050598273,True,False,False
404,116,369.0055,490.1463,368.96576,490.17374,0.036590576,-0.18243408,0,0,False,False,False
404,76,446.992,344.74225,446.94534,344.67062,0.16513062,-0.20568848,0,0,False,False,False
404,105,844.8031,286.8014,845.1592,286.01056,-0.33117676,0.88357544,0,0,False,False,False
404,110,664.38934,392.35065,665.4247,391.13733,-1.6362915,1.5809326,135.98579317544133,-5.397353344951171,True,False,False
404,11,1295.0659,480.423,1295.0967,480.3022,-0.09631348,0.33898926,0,0,False,False,False
404,73,1007.7334,292.542,1007.88257,293.4448,-0.3725586,-1.7820129,0,0,False,False,False
404,126,1380.0198,471.2516,1380.097,471.73874,-0.17272949,-0.60446167,0,0,False,False,False
405,5,1088.6317,291.23135,1088.6869,291.0857,-0.09362793,-0.05053711,0,0,False,False,False
405,77,760.51904,356.96878,762.18695,354.99457,-2.856018,3.243225,131.36748435182798,-4.332519755299074,True,True,False
405,116,368.92383,490.18518,368.95105,490.17773,0.0015258789,-0.08911133,0,0,False,False,False
405,76,446.87915,344.67572,446.92218,344.6724,0.07876587,-0.03955078,0,0,False,False,False
405,105,844.2197,287.27692,844.8303,286.4538,-0.61413574,1.1462402,0,0,False,False,False
405,110,663.76404,392.93094,664.84344,391.76508,-1.6520996,1.753418,133.29588237816301,-2.6899107972783156,True,False,False
405,73,1007.93726,292.19763,1007.90173,293.00827,-0.1675415,-1.477356,0,0,False,False,False
405,126,1380.0508,471.25287,1380.0808,471.56866,-0.1262207,-0.60720825,0,0,False,False,False
406,5,1088.6589,291.52576,1088.677,291.2397,-0.05810547,0.23538208,0,0,False,False,False
406,77,759.9009,356.7796,761.38684,355.61932,-2.7510376,3.2539673,130.2125507728439,-1.1549335789840711,True,True,False
406,116,369.003,490.27185,368.96924,490.21063,0.024871826,0.022094727,0,0,False,False,False
406,76,446.73822,344.9901,446.8578,344.78357,-0.062438965,0.15148926,0,0,False,False,False
406,105,844.00134,287.7454,844.54016,286.90585,-0.810791,1.3211365,0,0,False,False,False
406,110,662.88837,393.1588,664.1592,392.25287,-1.822998,1.7688599,135.8635237375285,2.5676413593654956,True,False,False
406,73,1008.0509,291.65912,1007.9539,292.53607,-0.008972168,-1.394867,0,0,False,False,False
406,126,1380.1213,471.38483,1380.095,471.5043,-0.043701172,-0.49679565,0,0,False,False,False
406,128,1322.2551,425.54364,1322.3538,425.4286,-0.08508301,-0.07778931,0,0,False,False,False
406,11,1295.0101,480.16116,1295.0664,480.2528,-0.07556152,0.1427002,0,0,False,False,False
407,5,1088.553,291.84637,1088.6335,291.45203,-0.08312988,0.44473267,0,0,False,False,False
407,77,759.272,356.9232,760.6466,356.07568,-2.4384766,2.144165,138.67466685476094,8.462116081917031,True,False,False
407,116,368.85175,490.1372,368.9281,490.18494,-0.03765869,0.011199951,0,0,False,False,False
407,76,446.83295,344.81525,446.84906,344.79465,-0.09628296,0.12402344,0,0,False,False,False
407,105,843.4961,288.12222,844.17474,287.33157,-0.98443604,1.3210144,0,0,False,False,False
407,110,661.67834,393.96674,663.2909,392.85272,-2.133789,1.7153931,141.20354550068123,5.34002176315272,True,False,False
407,73,1008.14465,291.01248,1008.0206,292.0028,0.13806152,-1.4419861,0,0,False,False,False
407,126,1380.2485,471.64297,1380.1487,471.55283,0.051635742,-0.18591309,0,0,False,False,False
407,128,1322.4114,425.6604,1322.3739,425.5097,-0.044799805,0.07281494,0,0,False,False,False
407,11,1295.1222,479.9753,1295.0859,480.15567,-0.02734375,-0.08151245,0,0,False,False,False
408,5,1088.4976,291.8347,1088.5859,291.58594,-0.10095215,0.50024414,0,0,False,False,False
408,77,758.905,357.10895,760.03705,356.43732,-2.1499023,1.442749,146.13536496979552,7.460698115034575,True,False,False
408,116,368.76266,489.94083,368.87018,490.0995,-0.08087158,-0.07824707,0,0,False,False,False
408,76,446.8109,344.71875,446.8357,344.76807,-0.08648682,0.09567261,0,0,False,False,False
408,105,842.953,288.62073,843.7471,287.78278,-1.083252,1.3289795,0,0,False,False,False
408,110,660.67664,395.30896,662.37585,393.7124,-2.4675903,1.9473267,141.7208664862214,0.5173209855401808,True,False,False
408,73,1008.14056,290.31793,1008.06256,291.4131,0.16082764,-1.5951843,0,0,False,False,False
408,126,1380.3094,471.5879,1380.205,471.5651,0.12414551,-0.0035705566,0,0,False,False,False
408,128,1322.3417,425.56592,1322.3625,425.52936,-0.044433594,0.16271973,0,0,False,False,False
408,11,1295.157,480.01077,1295.1108,480.10492,0.014160156,-0.19726562,0,0,False,False,False
409,5,1088.5232,291.60696,1088.564,291.5933,-0.11303711,0.35360718,0,0,False,False,False
409,77,758.06384,357.81177,759.34644,356.91837,-2.0404053,1.2990417,147.51677670946833,1.3814117396728136,True,False,False
409,116,368.99127,489.8249,368.91254,490.00336,-0.05670166,-0.20727539,0,0,False,False,False
409,76,446.87592,344.57587,446.84973,344.70078,-0.008056641,-0.08279419,0,0,False,False,False
409,105,842.2313,289.1025,843.2165,288.24466,-1.3236694,1.3388062,0,0,False,False,False
409,110,659.82306,395.92886,661.48236,394.48816,-2.6768188,2.2352905,140.1362674016871,-1.584599084534318,True,False,False
409,73,1008.269,290.0656,1008.13477,290.94147,0.18084717,-1.5946045,0,0,False,False,False
409,126,1380.173,471.37662,1380.1937,471.4991,0.09875488,-0.0051879883,0,0,False,False,False
409,128,1322.3274,425.5061,1322.3502,425.52124,-0.003540039,0.09265137,0,0,False,False,False
410,5,1088.6628,291.50537,1088.5985,291.5625,-0.03503418,0.11047363,0,0,False,False,False
410,77,757.587,358.20203,758.7306,357.36765,-1.9160156,1.2919617,146.0083696882814,-1.5084070211869403,True,False,False
410,116,368.9649,489.84174,368.93085,489.94678,0.002746582,-0.23815918,0,0,False,False,False
410,76,446.9121,344.59674,446.87152,344.66437,0.022460938,-0.13027954,0,0,False,False,False
410,105,841.3541,289.37317,842.56464,288.63965,-1.6101074,1.308075,140.90908485427278,7.449226257375528,False,False,False
410,110,658.9822,396.75775,660.6073,395.2825,-2.6835938,2.429779,137.84168306834655,-2.294584333340538,True,False,False
410,73,1008.1974,290.2063,1008.1567,290.68414,0.13604736,-1.3186646,0,0,False,False,False
410,126,1380.1167,471.3935,1380.1667,471.46216,0.018066406,-0.090667725,0,0,False,False,False
410,140,841.2329,289.36252,842.32275,288.82336,-1.1752319,0.7869873,0,0,False,False,False
410,128,1322.3958,425.59814,1322.3661,425.54816,-0.0078125,0.03845215,0,0,False,False,False
410,11,1295.0925,480.04324,1295.1044,480.0833,0.037963867,-0.16949463,0,0,False,False,False
411,5,1088.7173,291.49988,1088.64,291.5406,0.05407715,-0.04534912,0,0,False,False,False
411,77,756.3729,358.53632,757.9054,357.77667,-2.1316528,1.3393555,147.85812139941447,1.8497517111330808,True,False,False
411,116,369.09357,489.9431,368.9878,489.9455,0.117614746,-0.1539917,0,0,False,False,False
411,76,447.0872,344.54364,446.94702,344.6221,0.111328125,-0.14596558,0,0,False,False,False
411,105,840.6986,289.57666,841.9115,288.9676,-1.8355713,1.1848145,147.15878881321777,6.249703958944991,False,False,False
411,110,657.6343,397.53235,659.5667,396.06995,-2.809143,2.357544,139.99529610829967,2.1536130399531146,True,False,False
411,73,1008.1646,290.04724,1008.1594,290.4612,0.09686279,-0.9518738,0,0,False,False,False
411,126,1380.0767,471.3129,1380.1351,471.4099,-0.06982422,-0.15518188,0,0,False,False,False
411,140,840.58167,289.5506,841.7134,289.07788,-1.5991211,0.8572693,0,0,False,False,False
411,128,1322.5569,425.50775,1322.4329,425.534,0.0703125,0.004638672,0,0,False,False,False
411,11,1295.1956,480.1649,1295.1362,480.11185,0.05029297,-0.043823242,0,0,False,False,False
412,5,1088.6855,291.47803,1088.6559,291.51868,0.091918945,-0.07461548,0,0,False,False,False
412,77,755.8325,359.05142,757.1799,358.22284,-2.166565,1.3044739,148.94814270194246,1.0900213025279868,True,False,False
412,116,369.15692,489.97272,369.047,489.95502,0.13446045,-0.048339844,0,0,False,False,False
412,76,447.09695,344.5355,446.9995,344.5918,0.14978027,-0.10897827,0,0,False,False,False
412,105,840.3969,289.7995,841.38135,289.25876,-1.835144,1.0140991,151.0749955521253,3.9162067389075332,False,False,False
412,110,656.49963,398.27472,658.4932,396.8416,-2.9891357,2.3534546,141.78536329671115,1.7900671884114843,True,False,False
412,73,1008.2516,289.60974,1008.19165,290.16318,0.056884766,-0.7782898,0,0,False,False,False
412,126,1380.0713,471.29004,1380.1128,471.36795,-0.08093262,-0.13116455,0,0,False,False,False
412,140,840.31445,289.77057,841.2237,289.3203,-1.6859131,0.78723145,0,0,False,False,False
412,128,1322.5391,425.34692,1322.47,425.4685,0.11975098,-0.052734375,0,0,False,False,False
412,11,1295.1177,480.18427,1295.1296,480.13718,0.018798828,0.03225708,0,0,False,False,False
413,5,1088.7686,291.0147,1088.6953,291.3423,0.09680176,-0.22021484,0,0,False,False,False
413,77,754.9717,359.25006,756.407,358.58234,-2.3236084,1.2146912,152.40119975127448,3.453057049332017,True,True,False
413,116,369.01425,489.61337,369.03552,489.83545,0.10467529,-0.111328125,0,0,False,False,False
413,76,447.1178,344.20468,447.0409,344.4563,0.16937256,-0.20806885,0,0,False,False,False
413,105,839.9909,289.729,840.89465,289.42334,-1.6699829,0.7836914,0,0,False,False,False
413,110,655.7884,399.07874,657.5465,397.6246,-3.060791,2.342102,142.57696321608003,0.7915999193688776,True,False,False
413,126,1380.0143,471.41498,1380.0784,471.3844,-0.088378906,-0.07775879,0,0,False,False,False
413,140,839.92773,289.69202,840.77014,289.4504,-1.5526123,0.6270447,0,0,False,False,False
413,128,1322.6965,425.21356,1322.5493,425.37924,0.18322754,-0.1689148,0,0,False,False,False
413,11,1295.1211,480.16885,1295.1266,480.14825,0.022216797,0.064941406,0,0,False,False,False
414,5,1088.9521,290.97864,1088.7852,291.215,0.1451416,-0.32559204,0,0,False,False,False
414,77,753.64185,359.7571,755.43915,358.9935,-2.4662476,1.2168274,153.7386263209075,1.3374265696330383,True,True,False
414,116,369.042,489.2685,369.03778,489.63702,0.049987793,-0.30847168,0,0,False,False,False
414,76,447.1108,344.0365,447.06537,344.30936,0.11834717,-0.31274414,0,0,False,False,False
414,105,839.94666,290.01013,840.5628,289.62872,-1.3486938,0.6611328,0,0,False,False,False
414,110,655.3512,399.5655,656.77814,398.3039,-2.7885742,2.2339478,141.30152011180186,-1.2754431042781675,True,False,False
414,126,1380.197,471.4969,1380.1199,471.42377,-0.015258789,0.0138549805,0,0,False,False,False
414,140,839.9073,289.98022,840.46814,289.63583,-1.2452393,0.5579529,0,0,False,False,False
414,128,1322.8992,425.14246,1322.6718,425.29633,0.2388916,-0.2376709,0,0,False,False,False
414,11,1295.1163,480.30353,1295.123,480.20258,-0.013183594,0.09072876,0,0,False,False,False
415,5,1088.8584,290.9429,1088.8108,291.11975,0.15490723,-0.39892578,0,0,False,False,False
415,77,752.1207,360.49265,754.2777,359.5182,-2.9021606,1.2953491,155.94690289675341,2.2082765758459004,True,False,False
415,116,369.02316,489.1075,369.03265,489.4517,-0.014343262,-0.5033264,0,0,False,False,False
415,76,447.21564,343.91568,447.11792,344.17157,0.1184082,-0.42022705,0,0,False,False,False
415,105,839.8129,290.93152,840.3003,290.0847,-1.0810547,0.82592773,0,0,False,False,False
415,110,654.67114,399.59406,656.04065,398.75543,-2.4525757,1.9138184,142.03401581370667,0.73249570190481,True,False,False
415,126,1380.2307,471.5075,1380.1587,471.45306,0.045898438,0.085113525,0,0,False,False,False
415,140,839.78735,290.92194,840.22986,290.08597,-0.99383545,0.7656555,0,0,False,False,False
415,11,1295.0889,480.34296,1295.1111,480.25168,-0.018554688,0.11450195,0,0,False,False,False
416,5,1089.0065,291.07574,1088.8793,291.10434,0.18395996,-0.23794556,0,0,False,False,False
416,77,751.40717,361.44293,753.27295,360.19183,-3.1340332,1.6094971,152.8170275043716,-3.1298753923818197,True,False,False
416,116,368.97015,489.12585,369.01077,489.33765,-0.024749756,-0.49780273,0,0,False,False,False
416,76,447.2965,343.69836,447.18042,344.00595,0.13952637,-0.4503479,0,0,False,False,False
416,105,839.3564,291.662,839.9699,290.63672,-0.92474365,1.2133789,0,0,False,False,False
416,110,653.7003,400.11285,655.2215,399.2305,-2.3250122,1.605896,145.36699446590802,3.332978652201348,True,False,False
416,126,1380.2855,471.47858,1380.203,471.46198,0.12463379,0.07757568,0,0,False,False,False
416,140,839.33264,291.6609,839.91583,290.63718,-0.8543091,1.1867676,0,0,False,False,False
416,11,1295.0615,480.49478,1295.0936,480.33673,-0.032958984,0.18847656,0,0,False,False,False
416,73,1008.1863,287.85706,1008.1897,289.35602,0.03302002,-1.328125,0,0,False,False,False
416,128,1322.9226,425.17493,1322.7595,425.2538,0.28955078,-0.21469116,0,0,False,False,False
417,5,1088.9668,290.74622,1088.9099,290.979,0.12475586,-0.23599243,0,0,False,False,False
417,77,750.0075,361.5468,752.13,360.66608,-3.309143,1.6725769,153.1860904639471,0.3690629595755013,True,False,False
417,116,369.00095,489.1507,369.00732,489.27222,-0.030456543,-0.36480713,0,0,False,False,False
417,76,447.16995,343.5604,447.17676,343.85,0.11138916,-0.4593506,0,0,False,False,False
417,110,652.109,400.79794,654.1321,399.7791,-2.6460571,1.4752197,150.85962501487163,5.492630548963604,True,False,False
417,11,1294.9271,480.45215,1295.0354,480.37714,-0.087646484,0.17456055,0,0,False,False,False
417,73,1008.3752,287.85278,1008.25464,288.8299,0.095214844,-1.6313171,0,0,False,False,False
418,5,1088.8186,290.8382,1088.8779,290.92972,0.06713867,-0.19003296,0,0,False,False,False
418,77,748.8795,362.11697,750.9923,361.1739,-3.2854004,1.6557007,153.2538583233968,0.06776785944970243,True,False,False
418,116,369.0641,489.2454,369.02716,489.26282,-0.005493164,-0.18887329,0,0,False,False,False
418,76,447.1186,343.41882,447.15637,343.6991,0.03845215,-0.47247314,0,0,False,False,False
418,110,651.19666,401.2522,653.1046,400.29468,-2.9360352,1.5392456,152.33377788236214,1.4741528674905169,True,False,False
418,11,1294.9199,480.4296,1294.9949,480.39548,-0.11621094,0.14379883,0,0,False,False,False
419,5,1088.8943,291.06378,1088.8837,290.97662,0.0043945312,-0.12771606,0,0,False,False,False
419,77,748.40814,363.15494,750.0878,361.86725,-3.1851196,1.675415,152.25503643675722,-0.9988218866395755,True,False,False
419,116,369.04846,489.31192,369.0346,489.27997,0.023834229,-0.057678223,0,0,False,False,False
419,76,447.08844,343.37195,447.1326,343.5846,-0.047821045,-0.4213562,0,0,False,False,False
419,110,650.2173,401.38083,652.094,400.6748,-3.1275024,1.4443054,155.212132771002,2.878354888639848,True,False,False
419,11,1294.9224,480.41614,1294.9695,480.4027,-0.12414551,0.065979004,0,0,False,False,False
420,5,1088.8557,290.68494,1088.8738,290.8745,-0.036132812,-0.10449219,0,0,False,False,False
420,77,747.5248,364.13184,749.19073,362.65985,-2.93927,1.9937744,145.8500533459289,-6.404983090828324,True,False,False
420,116,369.0528,489.2851,369.04095,489.28177,0.03363037,0.009552002,0,0,False,False,False
420,76,446.971,343.4942,447.07602,343.55295,-0.100738525,-0.2970581,0,0,False,False,False
420,110,649.3562,401.66583,651.13574,401.02164,-2.996338,1.2425232,157.47716330885368,2.265030537851686,True,True,False
420,11,1294.9343,480.2723,1294.9572,480.35706,-0.07824707,-0.020080566,0,0,False,False,False
420,105,838.0373,292.6336,839.29346,291.33563,-1.2693481,1.7069092,126.63644794086709,0,False,False,False
420,128,1322.8752,425.01816,1322.7999,425.17133,0.25061035,-0.20791626,0,0,False,False,False
421,5,1089.0188,290.36636,1088.9246,290.69666,0.04663086,-0.23306274,0,0,False,False,False
421,77,747.4099,364.31378,748.56744,363.2387,-2.4248657,2.0648193,139.5849731787653,-6.265080167163603,True,False,False
421,116,368.487,488.66077,368.84705,489.0644,-0.18011475,-0.1984253,0,0,False,False,False
421,110,648.7677,402.1308,650.3069,401.40985,-2.7977295,1.1151733,158.26780286397752,0.7906395551238461,True,True,False
421,11,1295.0681,480.3584,1294.996,480.35754,0.0010986328,-0.03793335,0,0,False,False,False
421,105,837.9528,293.07593,838.8242,291.94473,-1.4760742,1.8600464,128.43440843528643,1.7979604944193426,True,True,False
421,128,1322.5774,424.73883,1322.722,425.01996,0.05029297,-0.2763672,0,0,False,False,False
422,5,1089.2242,290.2038,1089.0294,290.52414,0.14575195,-0.45248413,0,0,False,False,False
422,77,746.98773,364.90204,748.0145,363.82086,-2.0733032,1.9536133,136.70247138834267,-2.882501790422623,True,False,False
422,116,368.2443,488.48523,368.63605,488.8617,-0.39855957,-0.41827393,0,0,False,False,False
422,11,1295.1301,480.5063,1295.043,480.4096,0.07348633,0.0068969727,0,0,False,False,False
422,105,837.65247,293.5248,838.41406,292.49774,-1.5558472,1.861023,129.89620290168943,1.4617944664030063,True,True,False
422,128,1322.457,424.6897,1322.6293,424.90436,-0.13024902,-0.3494568,0,0,False,False,False
422,76,447.54776,342.98132,447.2411,343.35287,0.0847168,-0.34622192,0,0,False,False,False
423,5,1089.248,290.18195,1089.106,290.40436,0.23217773,-0.4701538,0,0,False,False,False
423,77,746.64276,365.24048,747.53436,364.31772,-1.6563721,1.6578674,134.9741485529081,-1.728322835434568,True,True,False
423,116,368.14252,488.23752,368.46332,488.64325,-0.5776367,-0.6385193,0,0,False,False,False
423,11,1295.1326,480.56476,1295.0742,480.4639,0.11706543,0.10684204,0,0,False,False,False
423,105,836.9509,294.03806,837.902,293.03683,-1.3914795,1.7012024,129.2810662870307,-0.6151366146587236,True,True,False
423,128,1322.494,424.64026,1322.5819,424.81192,-0.21801758,-0.35940552,0,0,False,False,False
423,76,447.8119,342.884,447.44086,343.18878,0.30825806,-0.395813,0,0,False,False,False
423,110,645.1564,404.4427,648.5042,402.4713,-3.5897827,1.7965088,153.4143001517127,-4.853502712264827,True,False,False
424,5,1089.3418,290.2063,1089.1885,290.33502,0.26391602,-0.3616333,0,0,False,False,False
424,77,746.1969,365.72485,747.0662,364.81018,-1.5012207,1.5714722,133.69026567643456,-1.283882876473541,True,True,False
424,116,368.08917,488.05707,368.33234,488.43808,-0.5147095,-0.62631226,0,0,False,False,False
424,11,1295.1312,480.55942,1295.0941,480.4973,0.09814453,0.13977051,0,0,False,False,False
424,105,835.98254,294.36768,837.23016,293.50262,-1.5940552,1.5578918,135.65734457524073,6.376278288210017,True,True,False
424,110,643.8118,404.84467,646.8618,403.302,-4.273926,2.280365,151.91772491704828,-1.4965752346644194,True,False,False
425,5,1089.4501,290.18793,1089.28,290.28354,0.25061035,-0.24060059,0,0,False,False,False
425,77,745.3825,366.23395,746.4769,365.30847,-1.5375977,1.4876099,135.94665536938112,2.2563896929465557,True,False,False
425,116,368.04416,487.88522,368.23148,488.24457,-0.40457153,-0.61712646,0,0,False,False,False
425,11,1295.1716,480.53735,1295.1212,480.5113,0.07824707,0.10168457,0,0,False,False,False
425,105,835.39014,294.98257,836.5861,294.0206,-1.8279419,1.5228577,140.20233316258512,4.544988587344392,True,True,False
425,110,642.47345,404.83026,645.32587,403.83688,-4.981018,2.4270325,154.022048943984,2.1043240269357284,True,False,False
426,5,1089.511,290.0043,1089.3608,290.1858,0.2548828,-0.2185669,0,0,False,False,False
426,77,745.00256,366.63837,745.9609,365.77393,-1.5734863,1.4562073,137.21680549429394,1.270150124912817,True,False,False
426,116,368.01,487.58115,368.15393,488.01233,-0.3093872,-0.6309204,0,0,False,False,False
426,11,1294.9772,480.43906,1295.0708,480.48602,-0.0034179688,0.022125244,0,0,False,False,False
426,105,834.7702,295.6131,835.9505,294.57797,-1.951477,1.5411377,141.7008320292388,1.4984988666536765,True,True,False
426,110,641.307,405.0661,643.91925,404.2671,-4.584961,1.7957764,158.61137717218116,4.589328228197161,True,True,False
427,5,1089.5051,289.8401,1089.4114,290.0648,0.22290039,-0.27023315,0,0,False,False,False
427,77,743.7695,367.1316,745.19385,366.24908,-1.8723755,1.4389038,142.45804452794835,5.241239033654409,True,False,False
427,116,368.1314,487.48865,368.14606,487.82904,-0.1862793,-0.6090393,0,0,False,False,False
427,11,1295.1501,480.59647,1295.0985,480.52466,0.0043945312,0.02734375,0,0,False,False,False
427,105,834.37744,296.34888,835.3999,295.19778,-1.8302612,1.6951599,137.1946170623807,-4.506214966858096,False,False,False
427,110,639.37933,405.8233,642.33026,404.81174,-4.531555,1.5097351,161.5739649162649,2.9625877440837485,True,True,False
428,5,1089.3777,289.469,1089.3995,289.85626,0.119506836,-0.4272766,0,0,False,False,False
428,77,742.54803,368.21503,744.2678,366.93713,-2.2091064,1.6286621,143.60053144777723,1.1424869198288832,True,False,False
428,116,368.068,487.0524,368.1187,487.5572,-0.11276245,-0.6873779,0,0,False,False,False
428,11,1295.1389,480.4908,1295.1127,480.5128,-0.008544922,0.0014953613,0,0,False,False,False
428,105,834.0907,296.65997,834.94165,295.70953,-1.6444702,1.6889343,134.23577987392108,-2.9588371884596256,False,False,False
428,110,638.09985,405.7775,640.8496,405.14975,-4.4762573,1.3128662,163.65382346944904,2.079858553184124,True,True,False
429,5,1089.3689,289.28784,1089.3888,289.65732,0.027954102,-0.5284729,0,0,False,False,False
429,77,741.91504,369.13568,743.44434,367.7066,-2.5165405,1.9326782,142.47609401068775,-1.1244374370894832,True,False,False
429,116,368.1015,486.89502,368.11267,487.32544,-0.041259766,-0.68688965,0,0,False,False,False
429,11,1295.2034,480.5581,1295.1443,480.52863,0.07348633,0.04260254,0,0,False,False,False
429,105,833.5348,296.8787,834.4492,296.11874,-1.5012817,1.5407715,134.25626919067,0.020489316748921738,False,False,False
429,110,636.2131,407.30426,639.2268,405.9038,-4.692444,1.6367188,160.77128995514474,-2.882533514304299,True,False,False
430,5,1089.2291,289.23016,1089.3329,289.5078,-0.07849121,-0.5569763,0,0,False,False,False
430,77,741.1321,369.4776,742.635,368.32642,-2.558838,2.0773315,140.92940448391548,-1.5466895267722691,True,False,False
430,116,368.03336,486.75696,368.0849,487.12646,-0.061157227,-0.7025757,0,0,False,False,False
430,11,1295.3567,480.2262,1295.2186,480.42276,0.12011719,-0.10189819,0,0,False,False,False
430,105,833.4929,297.30426,834.1145,296.53366,-1.2854004,1.3358765,0,0,False,False,False
430,110,635.0664,407.85895,637.7706,406.58807,-4.5596313,1.7763367,158.7151558341794,-2.056134120965339,True,False,False
431,5,1089.2142,289.26257,1089.2913,289.42197,-0.10827637,-0.43429565,0,0,False,False,False
431,77,739.844,369.89484,741.65814,368.87537,-2.6096802,1.9382324,143.3984027222355,2.4689982383200118,True,False,False
431,116,367.85013,486.3094,368.00272,486.84048,-0.115997314,-0.7167053,0,0,False,False,False
431,11,1295.4844,479.95493,1295.3116,480.259,0.19897461,-0.25378418,0,0,False,False,False
431,105,832.9015,297.29816,833.6899,296.8012,-1.25177,1.0916748,0,0,False,False,False
431,110,633.5801,408.2838,636.30396,407.18158,-4.5456543,2.0318298,155.91617230638704,-2.798983527792359,True,False,False
432,5,1089.232,289.17786,1089.2705,289.33652,-0.11828613,-0.32080078,0,0,False,False,False
432,77,738.34546,370.5061,740.49866,369.4461,-2.9456787,1.739502,149.4370146066372,6.038611884401718,True,False,False
432,116,367.62628,486.0528,367.87094,486.56476,-0.24172974,-0.76068115,0,0,False,False,False
432,11,1295.5391,479.67175,1295.3911,480.05347,0.24682617,-0.4751587,0,0,False,False,False
432,105,832.5503,297.56982,833.291,297.07022,-1.1582031,0.95147705,0,0,False,False,False
432,110,632.53076,408.58847,634.98334,407.674,-4.243469,1.7702026,157.35608909739204,1.439916791005004,True,False,False
433,5,1089.2383,289.15396,1089.2593,289.2726,-0.0736084,-0.23519897,0,0,False,False,False
433,77,738.00916,371.83685,739.6273,370.28284,-3.0076904,1.9564209,146.95709189951896,-2.4799227071182486,True,False,False
433,116,367.55872,485.948,367.76166,486.34888,-0.3232422,-0.7775879,0,0,False,False,False
433,11,1295.5382,479.7245,1295.4426,479.9383,0.22399902,-0.48446655,0,0,False,False,False
433,105,832.25793,297.92303,832.92944,297.3687,-1.1850586,0.8350525,0,0,False,False,False
433,110,630.44794,409.1888,633.39594,408.20416,-4.374695,1.6160889,159.72488733059126,2.3687982331992146,True,False,False
434,5,1088.9858,289.28635,1089.1636,289.2774,-0.12768555,-0.14456177,0,0,False,False,False
434,77,737.0551,372.30914,738.72705,370.99203,-2.9310913,2.1166687,144.1653093117617,-2.791782587757268,True,False,False
434,116,367.76575,485.88116,367.76306,486.18518,-0.23965454,-0.65530396,0,0,False,False,False
434,11,1295.4495,479.58905,1295.445,479.81604,0.13330078,-0.44296265,0,0,False,False,False
434,105,831.9485,298.03403,832.58606,297.60156,-1.1038208,0.800354,0,0,False,False,False
434,146,1276.2031,396.25937,1276.0093,396.30603,0.15063477,-0.05493164,0,0,False,False,False
434,126,1380.167,470.32947,1380.1903,471.0656,0.07043457,-0.3581543,0,0,False,False,False
435,5,1088.7744,289.37183,1089.0273,289.31042,-0.24316406,-0.02609253,0,0,False,False,False
435,77,736.5871,372.87634,737.978,371.65155,-2.52063,2.2054443,138.81544995971512,-5.349859352046565,True,False,False
435,116,367.70673,485.79633,367.74335,486.04907,-0.127594,-0.51568604,0,0,False,False,False
435,11,1295.4602,479.68054,1295.4502,479.7686,0.05908203,-0.2848816,0,0,False,False,False
435,105,831.5621,298.04944,832.22766,297.7583,-1.0633545,0.68807983,0,0,False,False,False
435,146,1276.4204,396.32245,1276.1531,396.31177,0.2763672,-0.040405273,0,0,False,False,False
435,126,1380.1582,470.3907,1380.179,470.82935,0.020263672,-0.62371826,0,0,False,False,False
436,5,1088.6604,289.4552,1088.8989,289.36108,-0.36035156,0.08847046,0,0,False,False,False
436,77,735.5252,373.0636,737.1195,372.14575,-2.5078125,1.862915,143.39338732218377,4.577937362468646,True,False,False
436,116,367.55884,485.80988,367.67877,485.96533,-0.08288574,-0.38354492,0,0,False,False,False
436,11,1295.5144,479.7974,1295.4727,479.7787,0.030029297,-0.15960693,0,0,False,False,False
436,105,831.1249,298.47443,831.8417,298.00894,-1.0877686,0.6402283,0,0,False,False,False
436,146,1276.4559,396.44653,1276.259,396.35892,0.3540039,0.027740479,0,0,False,False,False
436,126,1380.242,470.37006,1380.2009,470.66858,-0.0020751953,-0.793396,0,0,False,False,False
436,110,626.4925,412.14453,630.97974,409.58328,-5.3242188,2.401703,155.7203310610751,-4.004556269516172,True,False,False
437,5,1088.5349,289.4626,1088.7715,289.3966,-0.39208984,0.11920166,0,0,False,False,False
437,77,734.8545,373.10425,736.3267,372.4812,-2.4003296,1.4891663,148.18450473366013,4.791117411476364,True,False,False
437,116,367.44696,485.77756,367.59763,485.8996,-0.16543579,-0.2855835,0,0,False,False,False
437,11,1295.4487,479.75702,1295.4642,479.7711,0.01928711,-0.044952393,0,0,False,False,False
437,105,830.95526,298.6763,831.53143,298.24252,-1.0546265,0.6409607,0,0,False,False,False
437,146,1276.3992,396.5238,1276.3081,396.41663,0.29882812,0.1105957,0,0,False,False,False
437,126,1380.2307,470.37463,1380.2113,470.56567,0.020996094,-0.49993896,0,0,False,False,False
438,5,1088.6403,289.46112,1088.7255,289.4192,-0.30187988,0.10876465,0,0,False,False,False
438,77,734.09827,373.6668,735.54675,372.89618,-2.4312744,1.2446289,152.8909816519902,4.706476918330054,True,False,False
438,116,367.4177,485.70612,367.53464,485.83185,-0.20870972,-0.21722412,0,0,False,False,False
438,11,1295.4031,479.77237,1295.4427,479.77155,-0.007446289,0.002960205,0,0,False,False,False
438,105,830.5366,299.21802,831.1832,298.58392,-1.0444336,0.82562256,0,0,False,False,False
438,146,1276.4817,396.47998,1276.3688,396.43878,0.21569824,0.12701416,0,0,False,False,False
438,126,1380.301,470.12802,1380.2427,470.41248,0.0637207,-0.41687012,0,0,False,False,False
438,110,620.02637,411.3851,627.14606,410.21393,-7.8372803,2.539917,162.04345348215475,6.32312242107966,True,False,True
439,5,1088.6208,289.44464,1088.6888,289.4281,-0.21008301,0.0670166,0,0,False,False,False
439,77,733.4922,374.4928,734.82764,373.455,-2.29187,1.3092346,150.26276028759352,-2.6282213643966656,True,False,False
439,116,367.42383,485.61768,367.49585,485.75687,-0.18292236,-0.20846558,0,0,False,False,False
439,11,1295.1704,479.68372,1295.3474,479.74078,-0.12524414,-0.037902832,0,0,False,False,False
439,105,830.3556,300.20398,830.89355,299.15094,-0.9481201,1.1419983,0,0,False,False,False
439,146,1276.5787,396.45892,1276.4421,396.44583,0.18310547,0.08691406,0,0,False,False,False
439,126,1380.2253,470.07556,1380.2366,470.29456,0.03564453,-0.37402344,0,0,False,False,False
439,110,617.86597,411.57248,623.898,410.6894,-9.497925,2.4852295,165.33671722490936,3.2932637427546183,True,True,True
440,5,1088.6545,289.4722,1088.6768,289.44354,-0.09472656,0.046936035,0,0,False,False,False
440,77,732.9871,375.52957,734.1835,374.1811,-2.1432495,1.6998901,141.58077035467238,-8.681989932921141,True,False,False
440,116,367.50732,485.6865,367.49988,485.7322,-0.0977478,-0.16738892,0,0,False,False,False
440,11,1295.1553,479.67377,1295.2802,479.71735,-0.18408203,-0.053741455,0,0,False,False,False
440,105,830.1038,300.73947,830.6172,299.7069,-0.9142456,1.464386,0,0,False,False,False
440,146,1276.6323,396.49738,1276.5087,396.46387,0.20056152,0.04724121,0,0,False,False,False
440,126,1380.2649,470.03494,1380.2465,470.20367,0.03515625,-0.3619995,0,0,False,False,False
440,110,616.4169,411.41034,621.2796,410.9417,-9.700134,1.358429,172.0280135212322,6.691296296322832,True,True,True
441,5,1088.809,289.40503,1088.723,289.43005,-0.0024414062,0.010864258,0,0,False,False,False
441,116,367.59674,485.7917,367.53375,485.753,-0.00088500977,-0.07885742,0,0,False,False,False
441,11,1295.1594,479.68784,1295.2378,479.707,-0.20495605,-0.06454468,0,0,False,False,False
441,105,829.7368,300.8689,830.30896,300.1136,-0.8742676,1.5296631,0,0,False,False,False
441,146,1276.6287,396.50262,1276.5507,396.47742,0.18188477,0.038635254,0,0,False,False,False
441,126,1380.2986,470.0091,1380.2646,470.13556,0.021972656,-0.2769165,0,0,False,False,False
441,110,613.57324,411.83264,618.58234,411.2535,-8.563721,1.0395813,173.07852296852477,1.0505094472925691,True,True,True
442,5,1088.8018,289.304,1088.7505,289.38593,0.061645508,-0.042175293,0,0,False,False,False
442,116,367.5924,485.94992,367.55426,485.8219,0.058410645,0.06503296,0,0,False,False,False
442,11,1295.1472,479.698,1295.206,479.70386,-0.14135742,-0.03692627,0,0,False,False,False
442,105,829.33093,301.52228,829.9666,300.60663,-0.9269409,1.4556885,0,0,False,False,False
442,146,1276.6873,396.52634,1276.5984,396.4945,0.15625,0.048675537,0,0,False,False,False
442,126,1380.4731,470.04578,1380.3376,470.10413,0.10107422,-0.19042969,0,0,False,False,False
442,77,730.8799,376.0343,733.0272,374.8297,-2.5195312,1.9335327,142.49673116031678,0.9159608056444029,True,False,False
443,5,1088.6436,289.50684,1088.713,289.42822,0.036254883,-0.015319824,0,0,False,False,False
443,116,367.6042,485.9862,367.57172,485.8794,0.07183838,0.14718628,0,0,False,False,False
443,11,1295.0083,479.84778,1295.1368,479.7542,-0.14331055,0.036865234,0,0,False,False,False
443,105,828.71497,302.28888,829.5285,301.1954,-1.0886841,1.4884949,0,0,False,False,False
443,146,1276.876,396.37787,1276.6956,396.45367,0.18688965,-0.010192871,0,0,False,False,False
443,126,1380.4456,470.0677,1380.3754,470.09134,0.12890625,-0.112335205,0,0,False,False,False
443,77,728.9333,376.81314,731.59436,375.5239,-3.2332764,2.0689087,147.38563720906646,4.888906048749675,True,False,False
444,5,1088.5435,289.62976,1088.6537,289.49875,-0.06933594,0.06869507,0,0,False,False,False
444,116,367.6989,486.1269,367.6162,485.966,0.082458496,0.2130127,0,0,False,False,False
444,11,1294.9033,479.77478,1295.055,479.7614,-0.18273926,0.05441284,0,0,False,False,False
444,105,828.4102,302.47882,829.1371,301.6446,-1.171875,1.5310059,0,0,False,False,False
444,146,1276.8306,396.28784,1276.7428,396.39563,0.19213867,-0.08178711,0,0,False,False,False
444,126,1380.3813,469.99307,1380.3774,470.05695,0.11279297,-0.07861328,0,0,False,False,False
444,77,727.5353,377.6421,730.17365,376.26526,-4.0098267,2.0841675,152.53616885736486,5.150531648298397,True,True,False
444,152,1597.2227,439.3244,1597.3987,439.4831,-0.17919922,-0.15576172,0,0,False,False,False
445,5,1088.4634,289.52335,1088.587,289.50735,-0.16345215,0.12142944,0,0,False,False,False
445,116,367.9389,486.28717,367.72913,486.0784,0.17486572,0.25650024,0,0,False,False,False
445,11,1294.8865,479.13864,1294.9961,479.54343,-0.20996094,-0.16043091,0,0,False,False,False
445,105,828.1008,302.83484,828.7744,302.0612,-1.1921997,1.4545593,0,0,False,False,False
445,126,1380.3501,469.92145,1380.3678,470.00952,0.030151367,-0.09460449,0,0,False,False,False
445,77,726.6923,377.747,728.9552,376.78387,-4.0720215,1.9541626,154.3636568999804,1.8274880426155562,True,False,False
445,152,1597.3058,439.15045,1597.3661,439.36664,-0.1817627,-0.24768066,0,0,False,False,False
445,110,603.59155,412.68073,613.3355,411.753,-10.5625,1.0635986,174.2499419539575,1.171418985432723,True,True,True
446,5,1088.5079,289.4043,1088.5593,289.47128,-0.15368652,0.043060303,0,0,False,False,False
446,116,368.15384,486.44977,367.87775,486.20837,0.30603027,0.3289795,0,0,False,False,False
446,11,1294.8782,478.5182,1294.9548,479.18457,-0.18200684,-0.5696411,0,0,False,False,False
446,105,826.90625,303.00653,828.12054,302.39206,-1.407959,1.1966553,0,0,False,False,False
446,126,1380.1193,469.75574,1380.2808,469.92065,-0.09460449,-0.17068481,0,0,False,False,False
446,77,726.2986,378.144,728.0254,377.25992,-3.5689697,1.736023,154.0607240087902,-0.30293289119020983,True,False,False
446,152,1597.1624,438.35138,1597.2948,439.0113,-0.1986084,-0.557251,0,0,False,False,False
447,5,1088.5073,289.3929,1088.5411,289.44385,-0.11254883,-0.054901123,0,0,False,False,False
447,116,368.15424,486.6981,367.9745,486.37976,0.35827637,0.41375732,0,0,False,False,False
447,11,1294.8613,478.17206,1294.922,478.8302,-0.13305664,-0.9312134,0,0,False,False,False
447,105,826.131,303.5209,827.4242,302.78714,-1.7128906,1.1425476,146.29556507394523,12.03929588327523,True,True,False
447,77,725.2479,378.71948,727.0533,377.77075,-3.1203613,1.5054932,154.24389987934032,0.18317587055011586,True,False,False
447,152,1597.2275,438.2092,1597.2712,438.73053,-0.1274414,-0.7525635,0,0,False,False,False
447,110,596.12537,409.7981,607.31195,411.0688,-13.967651,0.1270752,179.47874762115237,5.228805667194877,True,True,True
448,5,1088.6836,289.3203,1088.591,289.4006,0.00390625,-0.10675049,0,0,False,False,False
448,116,368.29144,486.8822,368.08542,486.5556,0.35629272,0.47720337,0,0,False,False,False
448,11,1294.7954,478.0507,1294.8777,478.55737,-0.1184082,-0.98605347,0,0,False,False,False
448,105,825.8767,304.1187,826.88257,303.25317,-1.8918457,1.1919861,147.78639932981804,1.4908342558728123,True,True,False
448,77,724.09924,379.4223,726.01935,378.3488,-2.935852,1.5649109,151.94083793700634,-2.303061942333983,True,False,False
448,152,1597.2189,438.17673,1597.2529,438.53668,-0.11315918,-0.82995605,0,0,False,False,False
449,5,1088.6943,289.26416,1088.6271,289.35284,0.06774902,-0.11843872,0,0,False,False,False
449,116,368.4214,487.25525,368.203,486.80048,0.32525635,0.59210205,0,0,False,False,False
449,11,1294.8022,477.9711,1294.8513,478.35217,-0.103515625,-0.83239746,0,0,False,False,False
449,105,825.4056,304.80682,826.3656,303.79694,-1.7549438,1.4048767,141.32184912837877,-6.464550201439266,True,True,False
449,77,723.422,379.99957,725.1102,378.92654,-2.9151611,1.666626,150.24297642810478,-1.6978615089015534,True,False,False
449,152,1597.2046,438.27307,1597.236,438.4444,-0.05883789,-0.56689453,0,0,False,False,False
449,156,1294.802,477.961,1294.836,478.11865,-0.06188965,-0.28167725,0,0,False,False,False
450,5,1088.8152,289.28223,1088.6929,289.32812,0.1517334,-0.115722656,0,0,False,False,False
450,116,368.4693,487.64774,368.2962,487.097,0.3217163,0.7172241,0,0,False,False,False
450,11,1294.7427,477.94745,1294.8132,478.2105,-0.10876465,-0.61968994,0,0,False,False,False
450,105,824.94226,305.351,825.86743,304.34085,-1.5567627,1.5537109,135.05621419992224,-6.265634928456535,True,True,False
450,77,722.7991,380.4083,724.3013,379.44513,-2.7520142,1.6743774,148.68287829844468,-1.5600981296601049,True,False,False
450,152,1597.2015,438.427,1597.2239,438.4383,-0.04736328,-0.29223633,0,0,False,False,False
450,156,1294.7404,477.9423,1294.8025,478.0569,-0.08557129,-0.2423706,0,0,False,False,False
450,126,1380.1191,469.58133,1380.2241,469.80188,-0.15332031,-0.25506592,0,0,False,False,False
451,5,1088.9243,289.35297,1088.7738,289.33682,0.18286133,-0.06378174,0,0,False,False,False
451,116,368.30597,487.18323,368.29962,487.12717,0.21420288,0.5715637,0,0,False,False,False
451,11,1294.8314,478.10724,1294.8196,478.17435,-0.05810547,-0.38302612,0,0,False,False,False
451,105,824.3373,305.88016,825.3318,304.8796,-1.5507812,1.6264343,133.63598079810427,-1.420233401817967,True,False,False
451,77,721.9502,381.04547,723.4784,380.00525,-2.5409546,1.6564636,146.89942772161447,-1.7834505768302051,True,False,False
451,152,1597.391,438.24384,1597.2822,438.37024,0.029296875,-0.16644287,0,0,False,False,False
451,126,1380.3025,469.6831,1380.2515,469.7603,-0.11633301,-0.24920654,0,0,False,False,False
452,5,1088.8446,289.31464,1088.7986,289.32904,0.17150879,-0.023803711,0,0,False,False,False
452,116,368.21564,487.0129,368.2702,487.08716,0.06719971,0.28668213,0,0,False,False,False
452,11,1294.8414,478.0861,1294.8271,478.14343,-0.024169922,-0.20874023,0,0,False,False,False
452,105,823.7516,306.07196,824.7787,305.29694,-1.5869141,1.5,136.61277365927893,2.9767928611746584,True,True,False
452,77,721.07745,381.90973,722.63806,380.6718,-2.472168,1.7452698,144.7791582224632,-2.120269499151277,True,False,False
452,152,1597.3329,438.20328,1597.2999,438.31177,0.063964844,-0.1326294,0,0,False,False,False
452,126,1380.2488,469.6031,1380.2505,469.7053,-0.030273438,-0.21536255,0,0,False,False,False
453,5,1088.9177,289.07318,1088.8402,289.2395,0.14733887,-0.08862305,0,0,False,False,False
453,116,368.1858,487.0677,368.24066,487.08032,-0.055541992,-0.016662598,0,0,False,False,False
453,11,1294.85,478.14008,1294.8351,478.14224,0.021850586,-0.06826782,0,0,False,False,False
453,105,823.4901,306.5268,824.32764,305.7274,-1.5397949,1.3865356,137.9979847598401,1.385211100561179,True,True,False
453,77,720.4475,382.35568,721.87134,381.26117,-2.4299316,1.81604,143.2269363024221,-1.5522219200410916,True,False,False
453,152,1597.6268,437.9917,1597.4143,438.19974,0.19042969,-0.23855591,0,0,False,False,False
453,126,1380.2128,469.19363,1380.2373,469.5262,0.013183594,-0.27566528,0,0,False,False,False
454,5,1089.1816,288.63226,1088.9597,289.02698,0.18591309,-0.30984497,0,0,False,False,False
454,116,368.12204,487.148,368.19913,487.104,-0.100494385,-0.023162842,0,0,False,False,False
454,11,1295.0245,478.2281,1294.9014,478.17227,0.08178711,-0.0020751953,0,0,False,False,False
454,105,822.8075,306.95898,823.79553,306.15845,-1.5362549,1.2788391,0,0,False,False,False
454,77,719.37366,382.44064,720.99713,381.67395,-2.4812622,1.6687012,146.07833603285712,2.85139973043502,True,False,False
454,152,1597.5278,437.50323,1597.4539,437.95596,0.17163086,-0.41427612,0,0,False,False,False
455,5,1089.3745,288.51825,1089.1049,288.8489,0.3062744,-0.48013306,0,0,False,False,False
455,116,368.08813,487.3646,368.16028,487.1952,-0.10992432,0.10803223,0,0,False,False,False
455,11,1295.0988,478.3413,1294.9705,478.23138,0.14331055,0.08795166,0,0,False,False,False
455,105,822.2501,307.6239,823.25464,306.67136,-1.5240479,1.3744202,137.9551581905911,-0.04282656924900152,True,True,False
455,77,718.2615,383.09802,720.0397,382.17236,-2.5983887,1.5005493,149.99389926681343,3.9155632339563056,True,False,False
456,5,1089.4346,288.53748,1089.2202,288.7399,0.38000488,-0.49960327,0,0,False,False,False
456,116,368.10532,487.55737,368.14102,487.32193,-0.09963989,0.24160767,0,0,False,False,False
456,11,1295.0547,478.3949,1294.9999,478.28864,0.16479492,0.14639282,0,0,False,False,False
456,105,821.59436,308.55737,822.67346,307.33145,-1.6541748,1.604065,135.88110684635976,-2.07405134423135,True,False,False
456,77,717.30066,383.89893,719.081,382.77667,-2.7903442,1.5155029,151.49255303637264,1.498653769559212,True,False,False
456,152,1597.3776,437.38846,1597.4271,437.75732,0.12719727,-0.55444336,0,0,False,False,False
457,5,1089.3872,288.45978,1089.2786,288.64185,0.31884766,-0.38513184,0,0,False,False,False
457,116,368.11118,487.72192,368.13055,487.4619,-0.068573,0.35791016,0,0,False,False,False
457,11,1295.102,478.44983,1295.0356,478.34503,0.13427734,0.17276001,0,0,False,False,False
457,105,821.09393,309.17566,822.1206,307.97693,-1.6749268,1.8184814,132.6468674117171,-3.23423943464266,True,False,False
457,77,716.4956,384.4464,718.1761,383.36108,-2.821045,1.6871338,149.11834839915005,-2.37420463722259,True,False,False
457,152,1597.3549,437.36328,1597.4019,437.6194,-0.012451172,-0.5803528,0,0,False,False,False
458,5,1089.335,288.48077,1089.2983,288.58545,0.19348145,-0.26345825,0,0,False,False,False
458,116,368.13553,487.87054,368.13226,487.60492,-0.028015137,0.409729,0,0,False,False,False
458,11,1295.1008,478.50232,1295.0583,478.4001,0.087890625,0.16870117,0,0,False,False,False
458,105,820.7416,309.5345,821.63794,308.52206,-1.6166992,1.850708,131.1390702750591,-1.5077971366579845,True,False,False
458,77,715.5646,384.72534,717.2621,383.83856,-2.777588,1.6661987,149.04161314770303,-0.07673525144701898,True,False,False
458,152,1597.281,437.45386,1597.3595,437.5614,-0.09436035,-0.39456177,0,0,False,False,False
459,5,1089.1913,288.39035,1089.2609,288.51715,0.040649414,-0.2227478,0,0,False,False,False
459,116,368.2109,487.95618,368.1598,487.72784,0.01876831,0.4059143,0,0,False,False,False
459,11,1294.9978,478.51996,1295.0371,478.44202,0.037231445,0.15338135,0,0,False,False,False
459,105,820.7721,310.18237,821.33484,309.10315,-1.338623,1.771698,127.07321293197846,-4.065857343080651,True,False,False
459,77,714.4553,385.2714,716.27966,384.34003,-2.8013306,1.5633545,150.83517580586775,1.793562658164717,True,False,False
459,152,1597.2545,437.6219,1597.3228,437.58255,-0.10437012,-0.17477417,0,0,False,False,False
460,5,1089.2004,288.27985,1089.2397,288.43408,-0.03881836,-0.20776367,0,0,False,False,False
460,116,368.10168,487.82025,368.13943,487.7602,0.008880615,0.2982788,0,0,False,False,False
460,11,1294.9648,478.42163,1295.0118,478.43488,-0.023803711,0.08984375,0,0,False,False,False
460,105,820.49426,310.74683,821.0406,309.67844,-1.0800171,1.7015076,122.404982119091,-4.668230812887458,True,False,False
460,77,713.8032,385.9828,715.4129,384.91498,-2.7631836,1.553894,150.6484959247354,-0.1866798811323349,True,False,False
460,152,1597.1838,437.72076,1597.2742,437.63092,-0.12768555,0.0115356445,0,0,False,False,False
461,5,1089.3033,288.2126,1089.262,288.35657,-0.036376953,-0.22888184,0,0,False,False,False
461,116,368.09662,487.70984,368.12445,487.74255,-0.0078125,0.13763428,0,0,False,False,False
461,11,1295.0325,478.24365,1295.019,478.36792,-0.03930664,-0.032165527,0,0,False,False,False
461,77,713.24304,386.37033,714.65344,385.42435,-2.6086426,1.5857849,148.7047249618658,-1.9437709628696211,True,False,False
461,152,1597.1702,437.63474,1597.2377,437.63223,-0.12182617,0.0708313,0,0,False,False,False
462,5,1089.3569,288.23816,1089.2952,288.31512,0.034301758,-0.20202637,0,0,False,False,False
462,116,368.16992,487.63574,368.14035,487.70514,-0.019439697,-0.022705078,0,0,False,False,False
462,11,1294.9795,478.19904,1295.0051,478.3088,-0.031982422,-0.13320923,0,0,False,False,False
462,77,712.2452,386.5489,713.81055,385.81793,-2.4691162,1.4779053,149.0971006197649,0.3923756578990947,True,False,False
462,152,1597.2,437.59625,1597.2244,437.61963,-0.09838867,0.037078857,0,0,False,False,False
462,105,820.0713,311.53723,820.7013,310.329,-0.9366455,1.8069458,117.40034411106176,-5.0046380080292465,True,True,False
463,5,1089.2972,288.25552,1089.2959,288.29425,0.056152344,-0.13983154,0,0,False,False,False
463,116,368.30368,488.06458,368.1975,487.83093,0.05807495,0.070739746,0,0,False,False,False
463,11,1295.0864,478.26053,1295.0336,478.29193,0.021728516,-0.14294434,0,0,False,False,False
463,77,711.4397,387.09225,712.9807,386.26392,-2.43219,1.348938,150.9864308423373,1.8893302225724256,True,False,False
463,105,819.7639,312.32666,820.37317,311.0282,-0.9616699,1.9250488,116.54470156828367,-0.8556425427780852,True,True,False
464,5,1089.3226,288.15897,1089.3052,288.2469,0.04321289,-0.109680176,0,0,False,False,False
464,116,368.383,488.01715,368.26242,487.8961,0.13796997,0.15353394,0,0,False,False,False
464,11,1295.0958,478.2796,1295.0553,478.2876,0.036254883,-0.080322266,0,0,False,False,False
464,77,709.27454,387.40936,711.68353,386.6648,-2.9699097,1.240448,157.33107398223387,6.3446431398965615,True,False,False
464,105,819.5995,312.86703,820.10236,311.67178,-0.9382324,1.9933472,115.20551685217838,-1.3391847161052937,True,True,False
465,5,1089.4188,288.08047,1089.345,288.18863,0.049804688,-0.12649536,0,0,False,False,False
465,116,368.46417,487.93646,368.333,487.91022,0.19265747,0.20507812,0,0,False,False,False
465,11,1295.0928,478.285,1295.0684,478.28668,0.06323242,-0.022125244,0,0,False,False,False
465,77,707.7095,388.22806,710.2926,387.2119,-3.5179443,1.3939819,158.3841025160543,1.0530285338204237,True,True,False
465,105,818.9995,313.1543,819.7163,312.19067,-0.98498535,1.8616638,117.88281259050768,2.677295738329306,True,True,False
466,5,1089.498,288.0874,1089.3986,288.1532,0.10266113,-0.14105225,0,0,False,False,False
466,116,368.4303,487.86963,368.36707,487.896,0.16955566,0.06506348,0,0,False,False,False
466,11,1295.0835,478.3792,1295.0736,478.31903,0.040039062,0.02709961,0,0,False,False,False
466,77,706.6611,388.107,709.02155,387.52518,-3.9591675,1.261261,162.32982604654714,3.9457235304928417,True,True,False
466,105,818.6244,313.50787,819.3341,312.65167,-1.0390625,1.6234741,0,0,False,False,False
467,5,1089.4492,288.1477,1089.4163,288.15128,0.111083984,-0.09561157,0,0,False,False,False
467,116,368.34888,487.8286,368.3607,487.87238,0.0982666,-0.023712158,0,0,False,False,False
467,11,1295.019,478.42224,1295.0544,478.35513,-0.0008544922,0.0675354,0,0,False,False,False
467,77,705.70337,388.50604,707.86017,387.86847,-3.8233643,1.2036743,162.5249175299987,0.1950914834515629,True,True,False
467,105,817.9248,313.6759,818.8408,313.01016,-1.2615356,1.3383789,0,0,False,False,False
468,5,1089.5082,288.20752,1089.4484,288.17096,0.103393555,-0.017669678,0,0,False,False,False
468,116,368.30475,487.8512,368.3411,487.86493,0.008087158,-0.045288086,0,0,False,False,False
468,11,1294.969,478.50177,1295.0244,478.40643,-0.043945312,0.11975098,0,0,False,False,False
468,77,704.53455,388.64627,706.69617,388.1407,-3.5964355,0.928772,165.51985459477407,2.994937064775371,True,True,False
468,105,817.3168,314.1004,818.3074,313.39175,-1.4089355,1.2010803,0,0,False,False,False
469,5,1089.4666,288.27905,1089.4547,288.20877,0.056152344,0.05557251,0,0,False,False,False
469,116,368.32892,487.9248,368.33682,487.88586,-0.03024292,-0.010131836,0,0,False,False,False
469,11,1294.8779,478.40234,1294.9731,478.40497,-0.10046387,0.0859375,0,0,False,False,False
469,77,704.16724,389.54773,705.81104,388.63315,-3.2105103,1.1079712,160.96006128230147,-4.559793312472607,True,False,False
469,105,816.88043,314.14105,817.8079,313.654,-1.5261841,1.0023193,0,0,False,False,False
470,5,1089.2003,288.21976,1089.3656,288.21262,-0.05065918,0.061340332,0,0,False,False,False
470,116,368.328,487.9735,368.33374,487.9165,-0.026947021,0.044128418,0,0,False,False,False
470,11,1294.9131,478.34525,1294.952,478.38406,-0.10241699,0.028930664,0,0,False,False,False
470,77,703.75385,390.28253,705.091,389.21042,-2.769165,1.3419495,154.14496915241438,-6.815092129887091,True,False,False
470,105,816.9271,314.48303,817.49963,313.94415,-1.3411865,0.9339905,0,0,False,False,False
471,5,1089.1827,288.22308,1089.3015,288.21628,-0.14685059,0.045318604,0,0,False,False,False
471,116,368.3192,487.865,368.32864,487.89847,-0.012451172,0.03353882,0,0,False,False,False
471,11,1294.903,478.25455,1294.9348,478.33868,-0.08959961,-0.06774902,0,0,False,False,False
471,77,703.0189,390.94788,704.3658,389.8185,-2.3303833,1.6778259,144.24692316045665,-9.89804599195773,True,False,False
471,105,816.4639,315.46356,817.1371,314.47595,-1.1702881,1.084198,0,0,False,False,False
472,5,1089.1371,288.1687,1089.2439,288.19962,-0.21081543,-0.009155273,0,0,False,False,False
472,116,368.29773,487.62646,368.3178,487.80328,-0.019012451,-0.08258057,0,0,False,False,False
472,11,1294.9329,478.208,1294.9341,478.29294,-0.0390625,-0.11203003,0,0,False,False,False
472,77,701.78595,391.29135,703.4628,390.33398,-2.3482056,1.7008362,144.08369144493219,-0.1632317155244607,True,False,False
472,105,815.60565,316.67413,816.6011,315.2453,-1.2068481,1.5913086,0,0,False,False,False
473,5,1089.0758,288.2021,1089.185,288.20047,-0.18054199,-0.012145996,0,0,False,False,False
473,116,368.30463,487.4751,368.31317,487.68842,-0.020568848,-0.22808838,0,0,False,False,False
473,11,1294.9089,478.22217,1294.9252,478.2682,-0.026855469,-0.115875244,0,0,False,False,False
473,77,699.9158,391.75763,702.2213,390.83228,-2.86969,1.6218567,150.5262593372597,6.442567892327503,True,False,False
473,105,814.6507,317.9268,815.9184,316.1838,-1.5812378,2.2396545,125.22280340014338,7.339990809635694,True,False,False
474,5,1089.0393,288.2633,1089.134,288.22244,-0.16748047,0.006164551,0,0,False,False,False
474,116,368.41348,487.69775,368.34827,487.69168,0.019622803,-0.20678711,0,0,False,False,False
474,11,1294.958,478.2411,1294.9366,478.25867,0.0018310547,-0.08001709,0,0,False,False,False
474,77,699.50476,391.86005,701.2705,391.192,-3.0952759,1.3734741,156.07158887660833,5.545329539348643,True,False,False
474,105,814.0009,318.91678,815.24725,317.14035,-1.8898315,2.6643982,125.34770454775558,0.12490114761220639,True,False,False
475,5,1088.9353,288.29947,1089.0645,288.2494,-0.17944336,0.04977417,0,0,False,False,False
475,116,368.42426,487.74335,368.37485,487.70975,0.057037354,-0.09353638,0,0,False,False,False
475,11,1295.0055,478.2421,1294.9607,478.25287,0.026611328,-0.04006958,0,0,False,False,False
475,105,813.4512,320.1693,814.61865,318.20047,-1.9824219,2.9551697,123.85496662045517,-1.4927379273004107,True,False,False
476,5,1088.8169,288.18335,1088.9778,288.22626,-0.20727539,0.025787354,0,0,False,False,False
476,116,368.36032,487.75458,368.36975,487.7254,0.05657959,0.036987305,0,0,False,False,False
476,11,1295.0874,478.13495,1295.005,478.21158,0.079833984,-0.056610107,0,0,False,False,False
476,105,813.59875,320.3092,814.2616,318.9385,-1.6567993,2.7546997,121.0245784698957,-2.8303881505594717,True,True,False
477,5,1088.7744,288.21997,1088.9065,288.22406,-0.22753906,0.0016174316,0,0,False,False,False
477,116,368.414,487.80566,368.38522,487.75348,0.036956787,0.061798096,0,0,False,False,False
477,11,1295.0768,478.10626,1295.03,478.1747,0.09338379,-0.08395386,0,0,False,False,False
477,105,813.3459,321.2633,813.94104,319.7522,-1.3062134,2.611847,116.57013885120305,-4.454439618692646,True,True,False
478,5,1088.8707,288.21692,1088.8939,288.22156,-0.17053223,-0.027832031,0,0,False,False,False
478,116,368.4391,487.87192,368.40405,487.79492,0.029205322,0.08517456,0,0,False,False,False
478,11,1295.0585,478.03552,1295.0399,478.12598,0.07922363,-0.12689209,0,0,False,False,False
478,105,813.2593,321.65533,813.7024,320.4183,-0.91625977,2.2178345,112.44711629279632,-4.123022558406731,True,True,False
478,77,696.24,393.85266,699.50977,392.12323,-3.953064,1.7892456,155.64742363033966,-0.4241652462686716,True,False,False
479,5,1088.8774,288.15848,1088.8881,288.19946,-0.08972168,-0.026794434,0,0,False,False,False
479,116,368.5108,488.14197,368.4414,487.91638,0.07165527,0.190979,0,0,False,False,False
479,11,1295.0237,478.00568,1295.0342,478.08386,0.029174805,-0.12771606,0,0,False,False,False
479,105,812.5206,322.48193,813.28876,321.14056,-0.97283936,2.202057,113.83520210293898,1.3880858101426554,True,True,False
479,77,693.8478,394.2163,697.5281,392.8558,-4.6932373,2.023529,156.6763006081093,1.0288769777696416,True,False,False
480,5,1088.7722,288.17688,1088.8475,288.19156,-0.05895996,-0.03250122,0,0,False,False,False
480,116,368.43646,488.0891,368.43967,487.9768,0.05444336,0.22332764,0,0,False,False,False
480,11,1295.0057,478.02997,1295.0242,478.06497,-0.005859375,-0.10974121,0,0,False,False,False
480,105,812.41736,323.1454,812.98376,321.84225,-0.9572754,2.0900574,114.60843945854566,0.7732373556066818,True,False,False
480,77,692.69617,394.7843,695.83685,393.53076,-5.433655,2.3387756,156.71179400032705,0.03549339221774517,True,False,False
480,152,1597.1938,437.9062,1597.2136,437.7199,-0.060546875,0.08898926,0,0,False,False,False
481,5,1088.9803,288.38916,1088.894,288.2607,0.00012207031,0.039154053,0,0,False,False,False
481,116,368.63065,488.1681,368.5065,488.04373,0.10244751,0.24880981,0,0,False,False,False
481,11,1295.0574,478.08838,1295.0358,478.07315,-0.0041503906,-0.052825928,0,0,False,False,False
481,105,811.63696,325.11566,812.5124,322.98795,-1.1900024,2.569641,114.84888471026464,0.240445251718981,True,True,False
481,77,690.93933,395.0274,694.1227,394.05457,-5.387085,1.9313354,160.27662605051353,3.5648320501864816,True,False,False
481,152,1596.9882,437.31274,1597.1348,437.5774,-0.10290527,-0.054840088,0,0,False,False,False
482,5,1088.9592,288.37848,1088.9169,288.30194,0.028808594,0.10247803,0,0,False,False,False
482,116,368.67734,488.09277,368.56628,488.0609,0.12487793,0.14453125,0,0,False,False,False
482,11,1295.0413,478.09064,1295.0376,478.07925,0.0034179688,-0.0046081543,0,0,False,False,False
482,105,810.7142,325.6456,811.88306,323.91812,-1.4057007,2.7775574,116.84362525591042,1.994740545645783,True,True,False
482,77,689.4796,395.43753,692.49756,394.5386,-5.0305176,1.6828003,161.50396761286177,1.2273415623482435,True,False,False
482,152,1596.8002,437.12048,1597.0176,437.41748,-0.20678711,-0.20214844,0,0,False,False,False
483,5,1089.0554,288.3224,1088.9653,288.30908,0.11779785,0.11752319,0,0,False,False,False
483,116,368.66827,488.1097,368.60196,488.078,0.16229248,0.10119629,0,0,False,False,False
483,11,1295.073,478.1388,1295.0499,478.10007,0.025756836,0.035095215,0,0,False,False,False
483,105,810.46515,325.69125,811.3867,324.5387,-1.5970459,2.6964417,120.6373704411098,3.79374518519937,True,False,False
483,77,687.1382,395.48053,690.62177,394.86826,-5.215088,1.3374939,165.6155965928313,4.111628979969538,True,True,False
483,152,1596.8756,437.08643,1596.9678,437.30157,-0.24584961,-0.41833496,0,0,False,False,False
484,5,1089.127,288.4051,1089.0219,288.34268,0.12780762,0.081970215,0,0,False,False,False
484,116,368.72522,488.1501,368.64508,488.1032,0.13858032,0.05947876,0,0,False,False,False
484,11,1295.009,478.175,1295.0355,478.12628,-0.00024414062,0.053131104,0,0,False,False,False
484,105,809.76276,326.32556,810.81836,325.1641,-1.6940308,2.1761475,127.89911774136924,7.261747300259444,True,False,False
484,77,685.2409,396.6771,688.73846,395.50134,-5.3842163,1.4467773,164.95948977184472,-0.6561068209865937,True,False,False
484,152,1596.8914,437.0827,1596.941,437.22495,-0.19372559,-0.3524475,0,0,False,False,False
485,5,1089.1069,288.4362,1089.0516,288.3754,0.13476562,0.07345581,0,0,False,False,False
485,116,368.748,488.18317,368.6811,488.1312,0.11480713,0.07028198,0,0,False,False,False
485,105,808.6808,327.20782,810.0702,325.8794,-1.8128662,1.9612732,132.74817135044637,4.8490536090771315,True,False,False
485,77,683.49347,397.16495,686.9027,396.08362,-5.5948486,1.5450134,164.56254750738907,-0.39694226445564595,True,False,True
485,152,1596.9031,437.1142,1596.9277,437.18616,-0.08984375,-0.23132324,0,0,False,False,False
486,5,1089.1199,288.45764,1089.0754,288.40417,0.11010742,0.09509277,0,0,False,False,False
486,116,368.6499,488.16327,368.67017,488.14243,0.06820679,0.06442261,0,0,False,False,False
486,105,807.8775,327.9073,809.30273,326.58914,-2.0839844,2.0504456,135.46477764135585,2.716606290909482,True,True,False
486,77,676.69037,398.2296,683.32837,396.83472,-7.293396,1.9664612,164.91060448387316,0.34805697648408795,True,False,True
486,152,1596.975,437.11542,1596.9441,437.16138,-0.02368164,-0.14019775,0,0,False,False,False
486,11,1295.0013,478.29144,1295.0236,478.18408,-0.014038086,0.10482788,0,0,False,False,False
487,5,1088.8826,288.8344,1089.0078,288.55475,-0.014038086,0.21206665,0,0,False,False,False
487,116,368.70465,488.1332,368.68225,488.1392,0.03717041,0.035980225,0,0,False,False,False
487,105,807.4929,328.93475,808.6693,327.4101,-2.1490479,2.2460022,133.73626604698381,-1.728511594372037,True,True,False
487,77,679.82715,398.57434,682.1029,397.4436,-6.635559,1.9422607,163.68498727542294,-1.2256172084502168,True,True,True
487,11,1294.8934,478.33704,1294.978,478.2376,-0.071899414,0.13754272,0,0,False,False,False
488,5,1088.7673,288.65854,1088.9236,288.59106,-0.12805176,0.21566772,0,0,False,False,False
488,116,368.69727,488.2481,368.6875,488.1773,0.0064086914,0.04611206,0,0,False,False,False
488,105,807.334,329.7284,808.2019,328.2215,-1.8682861,2.342102,128.57923455067908,-5.1570314963047394,True,True,False
488,77,680.21106,398.83478,681.44073,397.93048,-5.461975,1.8468628,161.31801373568976,-2.3669735397331806,True,True,True
488,170,900.756,224.95032,901.39844,225.01779,0.16345215,0.03869629,0,0,False,False,False
488,11,1294.9175,478.25824,1294.9568,478.2448,-0.07873535,0.11853027,0,0,False,False,False
489,5,1088.8428,288.51636,1088.8953,288.5649,-0.18017578,0.16073608,0,0,False,False,False
489,116,368.68304,488.623,368.6859,488.33328,0.01574707,0.19085693,0,0,False,False,False
489,77,678.82385,399.24985,680.5248,398.39227,-2.8035889,1.5575562,150.9452899939476,-10.372723741742163,True,False,True
489,170,900.6333,224.8837,901.1306,224.97086,-0.40197754,-0.017822266,0,0,False,False,False
490,5,1088.8657,288.47314,1088.8849,288.53278,-0.122924805,-0.021972656,0,0,False,False,False
490,116,368.6487,488.77692,368.67288,488.48853,-0.0093688965,0.34933472,0,0,False,False,False
490,77,677.3942,399.79724,679.4291,398.88397,-2.6738281,1.4403687,151.68902812172328,0.7437381277756856,True,False,True
490,105,807.0824,330.55466,807.81006,329.0381,-1.4926758,2.448944,121.36306423149004,-7.2161703191890325,True,False,False
490,11,1294.969,478.20892,1294.9609,478.23224,-0.06262207,0.04815674,0,0,False,False,False
491,5,1088.7607,288.54504,1088.8414,288.53705,-0.08215332,-0.054016113,0,0,False,False,False
491,116,368.51355,488.64685,368.6171,488.5439,-0.07040405,0.36660767,0,0,False,False,False
491,77,676.31067,400.32907,678.3376,399.38974,-3.1031494,1.459259,154.81469863958048,3.125670517857202,True,False,True
491,105,806.97375,331.2012,807.51733,329.79517,-1.1519775,2.3850708,115.78031553800355,-5.582748693486494,True,False,False
491,11,1294.9104,478.2995,1294.9431,478.25577,-0.03491211,0.018157959,0,0,False,False,False
491,152,1597.5441,437.44888,1597.154,437.26196,0.2130127,0.037017822,0,0,False,False,False
492,5,1088.7676,288.48776,1088.8156,288.51978,-0.079711914,-0.045135498,0,0,False,False,False
492,116,368.40436,488.59555,368.54263,488.56195,-0.14328003,0.22866821,0,0,False,False,False
492,77,675.3252,401.21957,677.2832,400.03018,-3.2415771,1.6379089,153.1933748794182,-1.6213237601622836,True,False,True
492,105,805.9956,332.15192,806.9847,330.62003,-1.2172241,2.398529,116.90723556639561,1.126920028392064,True,False,False
492,11,1294.8696,478.24915,1294.9174,478.25342,-0.03942871,0.008605957,0,0,False,False,False
492,152,1597.5692,437.57907,1597.2993,437.37296,0.37158203,0.1867981,0,0,False,False,False
493,5,1088.7693,288.55414,1088.7993,288.5318,-0.08557129,-0.0009765625,0,0,False,False,False
493,116,368.43423,488.60068,368.5047,488.5755,-0.16818237,0.0869751,0,0,False,False,False
493,77,674.0713,401.4716,676.159,400.53467,-3.2700806,1.6506958,153.21592638817575,0.022551508757544525,True,False,True
493,105,804.9989,333.52362,806.2897,331.6363,-1.5203857,2.5982056,120.33478840206035,3.4275528356647413,True,False,False
493,11,1294.8662,478.24097,1294.8994,478.24905,-0.061523438,0.016815186,0,0,False,False,False
493,152,1597.5033,437.66663,1597.3706,437.47574,0.42651367,0.31436157,0,0,False,False,False
494,5,1088.7998,288.4728,1088.7994,288.51117,-0.041992188,-0.025878906,0,0,False,False,False
494,116,368.4032,488.49152,368.46918,488.54608,-0.1479187,0.002166748,0,0,False,False,False
494,77,671.8019,401.97852,674.634,401.04,-3.7036133,1.6502686,155.98304137958522,2.7671149914094713,True,False,True
494,105,804.6124,334.90775,805.70264,332.7813,-1.8146973,2.986145,121.28728739589977,0.9524989938394128,False,False,False
494,11,1294.8431,478.28967,1294.8796,478.26324,-0.06347656,0.0074768066,0,0,False,False,False
494,152,1597.4857,437.61682,1597.4109,437.5251,0.25683594,0.26312256,0,0,False,False,False
495,5,1088.8293,288.43585,1088.8098,288.4848,-0.0057373047,-0.034973145,0,0,False,False,False
495,116,368.51093,488.3675,368.48376,488.48355,-0.05886841,-0.07839966,0,0,False,False,False
495,77,670.38824,402.6654,673.14795,401.6089,-4.135254,1.5787048,159.10477752960315,3.121736150017938,True,False,True
495,11,1294.8936,478.3161,1294.8845,478.28174,-0.032836914,0.028320312,0,0,False,False,False
495,152,1597.5103,437.47275,1597.4456,437.50677,0.14624023,0.13381958,0,0,False,False,False
495,170,897.7734,225.7366,899.95557,225.23886,-1.7888184,0.1847229,0,0,False,False,False
496,5,1088.8656,288.47107,1088.8293,288.47998,0.030029297,-0.051818848,0,0,False,False,False
496,116,368.3918,488.37756,368.45157,488.4464,-0.053131104,-0.12908936,0,0,False,False,False
496,77,668.3844,402.74066,671.4807,402.005,-4.6782837,1.4703369,162.55259776510007,3.44782023549692,True,False,True
496,11,1294.9705,478.2774,1294.9146,478.2802,0.015136719,0.031158447,0,0,False,False,False
496,152,1597.5802,437.44574,1597.4927,437.4854,0.12207031,0.009674072,0,0,False,False,False
496,170,897.1304,225.7486,898.9667,225.41727,-2.4317627,0.3994751,170.67112049129145,0,False,False,False
496,105,803.21295,336.78052,804.8312,334.18103,-2.1535034,3.5610046,121.1632846262828,-0.12400276961696477,False,False,False
496,175,1380.1086,469.01312,1380.0764,469.0545,0.025878906,-0.05517578,0,0,False,False,False
497,5,1089.0096,288.43292,1088.8925,288.4635,0.09301758,-0.047668457,0,0,False,False,False
497,116,368.29016,488.59225,368.39508,488.49744,-0.07409668,-0.04864502,0,0,False,False,False
497,77,667.3474,403.34253,670.03406,402.47314,-4.5999146,1.433136,162.69520691825252,0.14260915315244915,True,False,True
497,11,1294.9944,478.36456,1294.9424,478.30975,0.06274414,0.04650879,0,0,False,False,False
497,105,802.90405,338.10077,804.1567,335.55292,-2.1329956,3.916626,118.57272357882786,-2.5905610474549405,False,False,False
498,5,1089.2205,288.25992,1089.0072,288.39224,0.1973877,-0.092559814,0,0,False,False,False
498,116,368.31314,488.70795,368.3664,488.5711,-0.117370605,0.08755493,0,0,False,False,False
498,77,665.70514,403.7229,668.5189,402.91055,-4.6290283,1.3016663,164.29420630443835,1.5989993861858238,True,True,True
498,11,1295.0284,478.47626,1294.9724,478.36804,0.087890625,0.08630371,0,0,False,False,False
498,105,802.4862,338.80188,803.572,336.69006,-2.1306152,3.9087524,118.59428467209646,0.021561093268601894,False,False,False
499,5,1089.2725,288.0677,1089.1001,288.27866,0.27075195,-0.20132446,0,0,False,False,False
499,116,368.45435,488.59338,368.39716,488.57886,-0.05441284,0.13244629,0,0,False,False,False
499,77,664.0178,403.497,666.94354,403.11578,-4.5371704,1.1107788,166.24356300885862,1.9493567044202678,True,True,True
499,11,1294.9005,478.38574,1294.9473,478.3742,0.032714844,0.09399414,0,0,False,False,False
499,105,802.03186,339.02536,803.03296,337.5074,-1.7982178,3.326355,118.39552612259197,-0.19875854950448968,True,False,False
500,5,1089.2545,288.08942,1089.154,288.2124,0.26159668,-0.25109863,0,0,False,False,False
500,116,368.66364,488.76178,368.49042,488.64285,0.095336914,0.14541626,0,0,False,False,False
500,77,662.702,403.89133,665.459,403.3872,-4.5750732,0.9140625,168.70153356135066,2.4579705524920428,True,True,True
500,11,1294.7981,478.3181,1294.895,478.35455,-0.04736328,0.044799805,0,0,False,False,False
500,105,801.88293,339.13678,802.6304,338.07767,-1.5263062,2.5247498,121.1545394893718,2.7590133667798256,True,False,False
501,5,1089.2712,287.99802,1089.1951,288.13736,0.18786621,-0.2548828,0,0,False,False,False
501,116,368.6004,488.6902,368.5289,488.6594,0.1625061,0.08828735,0,0,False,False,False
501,77,660.6369,404.30093,663.77124,403.70697,-4.7476807,0.79641724,170.47736829019172,1.7758347288410619,True,True,True
501,11,1294.8079,478.50055,1294.8645,478.40564,-0.107910156,0.037597656,0,0,False,False,False
501,105,801.2543,339.50726,802.1487,338.578,-1.4233398,1.8879395,127.01307171736,5.858532227988206,True,False,False
502,5,1089.367,287.91443,1089.2551,288.05933,0.1550293,-0.21932983,0,0,False,False,False
502,116,368.7057,488.46304,368.59076,488.59067,0.19360352,0.011810303,0,0,False,False,False
502,77,659.1711,404.54953,662.16113,404.00183,-4.7824097,0.88604736,169.503705069771,-0.9736632204207183,True,False,True
502,11,1294.7205,478.4857,1294.814,478.43365,-0.13330078,0.059448242,0,0,False,False,False
502,105,801.2732,340.11517,801.8422,339.116,-1.1907349,1.6086121,126.50977026929665,-0.503301448063354,True,False,False
503,5,1089.3262,287.92557,1089.28,288.0125,0.12597656,-0.19989014,0,0,False,False,False
503,116,368.7401,488.40155,368.643,488.52448,0.15258789,-0.118377686,0,0,False,False,False
503,77,657.8922,404.81012,660.667,404.2847,-4.791992,0.89749146,169.39197744060536,-0.11172762916564238,True,True,True
503,11,1294.8008,478.63428,1294.8093,478.50385,-0.08569336,0.14929199,0,0,False,False,False
503,105,800.389,341.0662,801.3336,339.79855,-1.2967529,1.7208862,126.9994083874719,0.48963811817525027,True,False,False
504,5,1089.3281,287.79645,1089.2969,287.9369,0.10180664,-0.20046997,0,0,False,False,False
504,116,368.71802,487.63788,368.66925,488.21414,0.14035034,-0.44525146,0,0,False,False,False
504,77,656.58734,404.5578,659.23914,404.38025,-4.5321045,0.6732788,171.5500733183433,2.158095877737935,True,True,True
504,11,1294.8903,478.59143,1294.8376,478.5345,-0.026855469,0.12884521,0,0,False,False,False
504,105,799.6562,341.9427,800.74646,340.54898,-1.4022217,1.9709778,125.42936101180179,-1.5700473756701143,True,False,False
505,5,1089.2585,287.71002,1089.2834,287.85748,0.028320312,-0.20184326,0,0,False,False,False
505,116,368.7591,487.302,368.70068,487.89487,0.10992432,-0.6958008,0,0,False,False,False
505,77,654.4949,404.72195,657.5786,404.49982,-4.5825195,0.49798584,173.79796216335,2.247888845006713,True,True,True
505,11,1295.0197,478.63464,1294.9012,478.56952,0.08728027,0.13586426,0,0,False,False,False
505,105,799.20874,342.0402,800.20825,341.0709,-1.6339722,1.954895,129.8901011492561,4.460740137454323,True,False,False
506,5,1089.3455,287.7149,1089.3052,287.8076,0.025146484,-0.20492554,0,0,False,False,False
506,116,368.7989,487.3786,368.73505,487.71417,0.092041016,-0.81030273,0,0,False,False,False
506,77,652.5797,405.27014,655.829,404.7694,-4.8380127,0.4847107,174.27874354117398,0.48078137782397334,True,True,True
506,11,1295.0143,478.64728,1294.9408,478.59674,0.13146973,0.09289551,0,0,False,False,False
506,105,798.4364,343.93134,799.588,342.07205,-1.7456055,2.2734985,127.51726486940962,-2.3728362798464957,True,False,False
507,5,1089.3665,287.6793,1089.3267,287.76266,0.029785156,-0.17422485,0,0,False,False,False
507,116,368.7384,487.15417,368.7362,487.51813,0.06695557,-0.6960144,0,0,False,False,False
507,77,651.34863,405.36212,654.26086,404.97684,-4.9782715,0.59658813,173.16635380874797,-1.11238973242601,True,True,True
507,11,1294.9595,478.6791,1294.9473,478.62555,0.10961914,0.09106445,0,0,False,False,False
507,105,797.7899,346.30048,798.9586,343.552,-1.7878418,3.0030212,120.76735640203778,-6.749908467371839,True,False,False
508,5,1089.185,287.52704,1089.2771,287.68018,-0.0063476562,-0.17730713,0,0,False,False,False
508,116,368.6568,486.64337,368.7084,487.21198,0.0077209473,-0.68289185,0,0,False,False,False
508,77,649.5786,405.4485,652.6221,405.1419,-4.956543,0.64208984,172.61878838752682,-0.5475654212211509,True,True,True
508,11,1295.1052,478.28583,1295.0026,478.50665,0.10131836,-0.06286621,0,0,False,False,False
508,105,797.8133,347.1988,798.55774,344.82837,-1.6505127,3.7574768,113.71400684167455,-7.05334956036323,True,True,False
509,5,1089.0918,287.47028,1089.2122,287.6067,-0.09301758,-0.20089722,0,0,False,False,False
509,116,368.72632,486.27597,368.71466,486.88437,-0.020385742,-0.82980347,0,0,False,False,False
509,77,646.974,405.7585,650.6452,405.3577,-5.183777,0.58828735,173.52541814411703,0.9066297565902062,True,True,True
509,11,1295.0941,478.11462,1295.0345,478.36945,0.09375,-0.22729492,0,0,False,False,False
509,105,797.8529,348.47083,798.31104,346.1032,-1.2769775,4.0311584,107.57699452168595,-6.1370123199885995,True,True,False
510,5,1089.1289,287.49542,1089.183,287.56775,-0.14367676,-0.19491577,0,0,False,False,False
510,116,368.81433,486.51218,368.7495,486.7541,0.013305664,-0.7640381,0,0,False,False,False
510,77,645.4691,405.6506,648.83356,405.4602,-5.427307,0.48336792,174.91054006686477,1.385121922747743,True,True,True
510,11,1295.1208,478.13824,1295.0647,478.2885,0.11743164,-0.33703613,0,0,False,False,False
510,105,797.5608,349.24524,798.04846,347.2029,-0.91015625,3.6509094,103.99826088314846,-3.5787336385374857,True,True,False
511,5,1089.2048,287.57343,1089.1907,287.56973,-0.08642578,-0.110443115,0,0,False,False,False
511,116,368.43427,486.2978,368.63916,486.59436,-0.069244385,-0.61761475,0,0,False,False,False
511,77,643.71606,406.03534,647.0424,405.6615,-5.579651,0.5195923,174.6798042050189,-0.23073586184585793,True,True,True
511,11,1295.1387,478.13232,1295.0906,478.23383,0.088012695,-0.27282715,0,0,False,False,False
511,105,796.27454,350.469,797.4276,348.34604,-1.130127,3.5176697,107.81073084507004,3.812469961921579,True,True,False
512,5,1089.2087,287.63623,1089.197,287.593,-0.015136719,-0.013702393,0,0,False,False,False
512,116,368.31293,486.1268,368.52496,486.4307,-0.18969727,-0.45367432,0,0,False,False,False
512,77,642.28125,406.32178,645.376,405.89258,-5.269226,0.5348816,174.2037333031026,-0.47607090191630164,True,True,True
512,11,1295.093,478.17206,1295.0914,478.21222,0.056884766,-0.15722656,0,0,False,False,False
512,105,795.8701,351.4017,796.88245,349.4155,-1.4285889,3.3122864,113.3305329716449,5.519802126574859,True,False,False
513,5,1089.2406,287.61267,1089.2122,287.59988,0.029174805,0.03213501,0,0,False,False,False
513,116,368.26782,486.16965,368.43494,486.3393,-0.3145752,-0.41479492,0,0,False,False,False
513,77,640.71405,406.65027,643.74426,406.15778,-5.0892944,0.6975708,172.19531253120795,-2.008420771894663,True,True,True
513,11,1295.085,477.97278,1295.0891,478.1284,0.024414062,-0.16012573,0,0,False,False,False
514,5,1089.1847,287.6245,1089.2025,287.6085,0.01184082,0.038757324,0,0,False,False,False
514,116,368.23175,486.2266,368.3638,486.29987,-0.2753601,-0.29449463,0,0,False,False,False
514,77,639.82477,406.91818,642.37244,406.4239,-4.669983,0.76239014,170.72806807640777,-1.4672444548001806,True,True,True
514,11,1295.1191,477.95828,1295.0996,478.06885,0.009033203,-0.16497803,0,0,False,False,False
514,105,794.76404,352.4986,796.141,350.49457,-1.9074707,3.2916565,120.09171547688231,6.761182505237414,True,False,False
515,5,1089.1907,287.6349,1089.1984,287.61774,0.0013427734,0.024749756,0,0,False,False,False
515,116,368.23914,486.32434,368.32016,486.3084,-0.20480347,-0.122283936,0,0,False,False,False
515,77,638.1792,407.54077,640.9048,406.81476,-4.4711914,0.9221802,168.34619692503748,-2.381871151370291,True,True,True
515,11,1295.2021,477.9077,1295.1355,478.01245,0.044067383,-0.19976807,0,0,False,False,False
515,105,794.2991,353.10114,795.49634,351.40686,-1.9312744,3.0608215,122.25053355077365,2.1588180738913394,True,False,False
516,5,1089.133,287.5631,1089.1754,287.5986,-0.036743164,-0.0012817383,0,0,False,False,False
516,116,368.17566,485.8498,368.2696,486.1479,-0.16534424,-0.19140625,0,0,False,False,False
516,77,635.6095,408.08008,639.0514,407.25763,-4.692871,1.0998535,166.80983077746833,-1.5363661475691401,True,True,True
516,11,1295.2715,477.72095,1295.183,477.9104,0.09387207,-0.21798706,0,0,False,False,False
516,105,793.56946,353.57,794.8219,352.16394,-2.0605469,2.7484436,126.85941181911934,4.608878268345691,True,False,False
517,5,1088.9475,287.58957,1089.0956,287.59543,-0.106933594,-0.013061523,0,0,False,False,False
517,116,368.3202,485.6147,368.2873,485.96124,-0.07650757,-0.33862305,0,0,False,False,False
517,77,634.6134,408.33264,637.49805,407.63385,-4.8743896,1.2099609,166.05934172955264,-0.7504890479156927,True,True,True
517,11,1295.3308,477.43985,1295.2346,477.7457,0.13500977,-0.32315063,0,0,False,False,False
517,105,793.02673,355.60178,794.1936,353.3672,-1.9473877,2.8726196,124.13387616747261,-2.7255356516467373,True,False,False
518,5,1088.7661,287.68182,1088.9802,287.62567,-0.21813965,0.00793457,0,0,False,False,False
518,116,368.28546,485.44653,368.28662,485.78107,-0.03353882,-0.52734375,0,0,False,False,False
518,77,632.66516,408.703,635.8065,408.00806,-5.0982666,1.1932983,166.8265195435625,0.7671778140098695,True,False,True
518,11,1295.4794,477.32697,1295.3203,477.59912,0.18481445,-0.41333008,0,0,False,False,False
518,105,792.8508,356.56903,793.72363,354.48782,-1.7727051,3.0809631,119.91498937832449,-4.218886789148115,True,False,False
519,5,1088.6628,287.70477,1088.8691,287.65335,-0.3062744,0.054748535,0,0,False,False,False
519,116,368.28992,485.26813,368.28778,485.60153,0.018188477,-0.5463562,0,0,False,False,False
519,77,630.71094,408.49457,634.0231,408.17834,-5.0283203,0.92071533,169.62374754179552,2.797227998233012,True,True,True
519,11,1295.3984,477.22754,1295.3477,477.46906,0.16467285,-0.4413452,0,0,False,False,False
519,105,792.69727,356.667,793.3644,355.25052,-1.4575195,3.0865784,115.27724616419741,-4.6377432141270845,True,False,False
520,5,1088.4844,287.75543,1088.7344,287.6891,-0.36120605,0.09365845,0,0,False,False,False
520,116,368.33813,485.30045,368.30542,485.49615,0.018127441,-0.4650879,0,0,False,False,False
520,77,629.26416,408.53406,632.3574,408.30286,-5.140625,0.66900635,172.58514061686597,2.961393075070447,True,True,True
520,11,1295.4277,477.11682,1295.3756,477.34576,0.14099121,-0.39993286,0,0,False,False,False
520,105,790.7556,358.12793,792.4513,356.2576,-1.7423096,2.8904114,121.08113061166732,5.803884447469912,True,True,False
521,5,1088.2168,287.75015,1088.5532,287.71045,-0.42700195,0.08477783,0,0,False,False,False
521,116,368.40027,485.09906,368.33862,485.35715,0.052001953,-0.42391968,0,0,False,False,False
521,77,627.23193,408.3659,630.5635,408.32492,-5.243042,0.316864,176.5415276307592,3.9563870138932202,True,True,True
521,11,1295.2439,477.07733,1295.3295,477.25183,0.009155273,-0.34729004,0,0,False,False,False
521,105,789.6472,358.7509,791.46985,357.13025,-2.2537842,2.6424255,130.46160785488692,9.380477243219602,True,True,False
521,183,1276.7239,392.31866,1276.7096,392.3355,0.06677246,-0.024597168,0,0,False,False,False
522,5,1087.8359,287.76114,1088.3021,287.72818,-0.5670166,0.0748291,0,0,False,False,False
522,116,368.4131,484.98132,368.3647,485.2256,0.0769043,-0.37594604,0,0,False,False,False
522,77,625.6552,408.1491,628.8456,408.26337,-5.17749,0.08502197,179.0592039447333,2.517676313974107,True,True,True
522,11,1295.0553,477.09326,1295.2334,477.19632,-0.11425781,-0.2727356,0,0,False,False,False
522,105,789.812,359.3367,790.8896,357.9025,-2.4747925,2.6519775,133.02060226652253,2.5589944116356094,True,True,False
522,183,1276.7836,392.2633,1276.7355,392.31024,0.07727051,-0.03112793,0,0,False,False,False
522,152,1595.6943,437.4187,1595.5361,437.47473,0.14624023,-0.22137451,0,0,False,False,False
523,5,1087.69,287.71814,1088.0879,287.72467,-0.6464844,0.035583496,0,0,False,False,False
523,116,368.47955,484.72876,368.40488,485.05167,0.09945679,-0.44448853,0,0,False,False,False
523,77,624.3924,408.0536,627.2869,408.18994,-5.0704956,-0.11291504,-178.72428918897285,2.216506866293855,True,True,True
523,11,1295.0581,477.08817,1295.172,477.15845,-0.20361328,-0.1873169,0,0,False,False,False
523,105,788.47473,360.12845,790.0443,358.68158,-2.4069824,2.4239807,134.79839914160013,1.7777968750775983,True,False,False
523,183,1276.8293,392.02545,1276.7683,392.21057,0.06640625,-0.1340332,0,0,False,False,False
523,152,1595.8484,437.4834,1595.6453,437.47772,0.24511719,-0.14276123,0,0,False,False,False
524,5,1087.4861,287.71356,1087.8772,287.72076,-0.6760254,0.010314941,0,0,False,False,False
524,116,368.47046,484.72467,368.42783,484.9372,0.08920288,-0.4199524,0,0,False,False,False
524,77,622.9406,408.55933,625.7657,408.3192,-4.7977905,-0.005706787,-179.9318489083923,-1.2075597194194643,True,True,True
524,11,1294.9553,477.2577,1295.0961,477.19318,-0.23339844,-0.058654785,0,0,False,False,False
524,105,787.4935,360.6864,789.15155,359.38327,-2.3182983,2.2530212,135.81811128215807,1.0197121405579423,True,False,False
524,183,1276.7651,391.977,1276.7671,392.12878,0.057495117,-0.20672607,0,0,False,False,False
524,152,1595.9188,437.47998,1595.741,437.47852,0.289917,-0.026428223,0,0,False,False,False
525,5,1087.4716,287.62466,1087.7352,287.68713,-0.56689453,-0.041046143,0,0,False,False,False
525,116,368.47955,484.85388,368.44592,484.90802,0.08123779,-0.31756592,0,0,False,False,False
525,77,621.6416,408.52722,624.32227,408.392,-4.5233154,0.12863159,178.37109268458715,-1.6970584070205632,True,True,True
525,11,1294.9158,477.16745,1295.033,477.18417,-0.20043945,-0.012145996,0,0,False,False,False
525,105,786.7886,360.90607,788.32446,359.91626,-2.5651245,2.0137634,141.86614207585188,6.048030793693812,True,True,False
525,183,1276.7896,391.5453,1276.7749,391.92456,0.03942871,-0.38568115,0,0,False,False,False
525,152,1596.1177,437.1655,1595.8728,437.36896,0.33666992,-0.105773926,0,0,False,False,False
525,184,991.4641,244.88757,991.2877,244.59018,-0.059570312,0.3378601,0,0,False,False,False
526,5,1087.085,287.67908,1087.5076,287.6843,-0.58032227,-0.040374756,0,0,False,False,False
526,116,368.41473,484.95477,368.435,484.92438,0.03012085,-0.12728882,0,0,False,False,False
526,77,620.4927,408.98956,622.9819,408.60114,-4.3050537,0.41119385,174.5439897985429,-3.8271028860442584,True,True,True
526,11,1294.8927,477.01517,1294.9838,477.125,-0.18823242,-0.033447266,0,0,False,False,False
526,105,785.0627,362.28104,787.18286,360.74393,-2.8614502,2.0623474,144.21838629972328,2.352244223871395,True,True,False
526,183,1276.957,391.47067,1276.8386,391.7657,0.0703125,-0.44488525,0,0,False,False,False
526,152,1596.2618,436.99762,1596.0089,437.23898,0.36364746,-0.23873901,0,0,False,False,False
526,184,991.7977,245.01138,991.4662,244.7376,0.28051758,0.44311523,0,0,False,False,False
527,5,1087.0135,287.60065,1087.3346,287.655,-0.54260254,-0.06576538,0,0,False,False,False
527,116,368.2577,484.97638,368.37292,484.94257,-0.054901123,0.0053710938,0,0,False,False,False
527,77,618.9071,409.27686,621.55566,408.83765,-4.210022,0.5184326,172.97979725158675,-1.56419254695615,True,False,True
527,11,1294.7646,477.04208,1294.9071,477.09595,-0.18896484,-0.097229004,0,0,False,False,False
527,105,784.70966,363.43317,786.31726,361.68515,-2.8342896,2.30188,140.91808088962057,-3.300305410102709,True,True,False
527,183,1276.8987,391.25934,1276.8596,391.58844,0.0925293,-0.54034424,0,0,False,False,False
527,152,1596.4009,436.6836,1596.146,437.04456,0.4050293,-0.43395996,0,0,False,False,False
527,184,991.0879,244.65466,991.33374,244.70856,0.14086914,0.27848816,0,0,False,False,False
527,185,446.4372,340.46194,446.38086,340.10083,0.07757568,0.45214844,0,0,False,False,False
528,5,1087.1384,287.56778,1087.2659,287.62445,-0.46936035,-0.062683105,0,0,False,False,False
528,116,368.19995,485.17154,368.31238,485.0227,-0.13354492,0.11468506,0,0,False,False,False
528,77,616.5311,409.88297,619.79706,409.2035,-4.5252075,0.8114929,169.83336793011662,-3.146429321470123,True,False,True
528,11,1294.7446,477.14856,1294.8502,477.11438,-0.18273926,-0.0697937,0,0,False,False,False
528,105,783.86926,364.53363,785.46045,362.6821,-2.8640137,2.7658386,135.999039687424,-4.919041202196581,True,True,False
528,183,1276.949,391.34857,1276.8909,391.50446,0.1159668,-0.42010498,0,0,False,False,False
528,152,1596.4495,436.69196,1596.2522,436.92114,0.37939453,-0.44781494,0,0,False,False,False
528,184,990.9046,244.4731,991.1835,244.62614,-0.10424805,0.035964966,0,0,False,False,False
528,185,446.4308,340.53278,446.39832,340.252,0.09490967,0.47021484,0,0,False,False,False
529,5,1087.2454,287.54706,1087.2587,287.59735,-0.24890137,-0.08694458,0,0,False,False,False
529,116,368.21432,485.3084,368.27805,485.12268,-0.1569519,0.19830322,0,0,False,False,False
529,77,614.76746,410.5385,618.0367,409.67075,-4.9451904,1.0696106,167.7953226572375,-2.038045272879117,True,False,True
529,11,1294.7854,477.11044,1294.8275,477.11298,-0.15625,-0.012023926,0,0,False,False,False
529,183,1276.9805,391.3529,1276.9222,391.45142,0.083618164,-0.31427002,0,0,False,False,False
529,152,1596.4946,436.77686,1596.3369,436.8706,0.32800293,-0.3683777,0,0,False,False,False
529,184,990.51917,244.52448,990.9509,244.59055,-0.5152588,-0.14704895,0,0,False,False,False
530,5,1087.24,287.48853,1087.2521,287.55927,-0.08251953,-0.09573364,0,0,False,False,False
530,116,368.20966,485.27612,368.2541,485.1764,-0.11883545,0.23382568,0,0,False,False,False
530,77,613.589,410.99615,616.48,410.13464,-5.0756836,1.2969971,165.6658580768158,-2.129464580421711,True,False,True
530,11,1294.8462,477.16608,1294.834,477.13153,-0.07312012,0.035583496,0,0,False,False,False
530,183,1277.0585,391.31305,1276.97,391.40295,0.11035156,-0.18548584,0,0,False,False,False
530,152,1596.4236,436.7879,1596.3672,436.84164,0.2211914,-0.20291138,0,0,False,False,False
530,184,990.28827,244.71768,990.719,244.63504,-0.6147461,-0.073516846,0,0,False,False,False
530,105,782.31055,366.6239,784.358,364.0617,-2.8248901,3.3177795,130.41240073071805,-5.58663895670594,True,False,False
531,5,1087.3868,287.48468,1087.2992,287.53314,0.033325195,-0.091308594,0,0,False,False,False
531,116,368.27026,485.28522,368.25974,485.21448,-0.052642822,0.19177246,0,0,False,False,False
531,77,611.27563,411.2307,614.65845,410.51825,-5.138611,1.3147583,165.64826154750543,-0.01759652931036726,True,False,True
531,11,1294.8901,477.3076,1294.8535,477.19315,0.0032958984,0.07876587,0,0,False,False,False
531,183,1277.0842,391.34753,1277.0099,391.38354,0.119018555,-0.120910645,0,0,False,False,False
531,152,1596.5007,436.92044,1596.414,436.8692,0.16174316,-0.051940918,0,0,False,False,False
531,184,990.11816,244.61736,990.50867,244.62885,-0.6748047,0.0027008057,0,0,False,False,False
531,188,1546.5779,446.73312,1546.5222,446.6176,0.03479004,0.14691162,0,0,False,False,False
531,105,780.4256,367.7658,782.9816,365.35815,-3.3356323,3.6730042,132.24410410974417,1.8317033790261235,True,True,False
531,185,446.47974,340.7215,446.42682,340.41632,0.076293945,0.5099182,0,0,False,False,False
532,5,1087.4521,287.409,1087.3527,287.4897,0.09399414,-0.107666016,0,0,False,False,False
532,116,368.32654,485.05145,368.2831,485.1574,0.005065918,0.034729004,0,0,False,False,False
532,77,609.876,410.83017,612.98456,410.6274,-5.052124,0.95666504,169.2774852806024,3.6292237330969783,True,False,True
532,11,1294.8545,477.3443,1294.8538,477.24603,0.026245117,0.13305664,0,0,False,False,False
532,183,1277.1304,391.359,1277.052,391.37494,0.12976074,-0.07647705,0,0,False,False,False
532,152,1596.4414,436.92816,1596.4236,436.88983,0.08666992,0.019226074,0,0,False,False,False
532,188,1546.5881,446.75208,1546.5452,446.66467,0.041992188,0.14733887,0,0,False,False,False
532,105,780.26074,368.69556,782.0293,366.52625,-3.4311523,3.8441467,131.75099723765538,-0.4931068720887879,True,True,False
533,5,1087.4106,287.4339,1087.3729,287.47015,0.12084961,-0.08911133,0,0,False,False,False
533,116,368.25513,484.87903,368.27332,485.05994,0.019226074,-0.11645508,0,0,False,False,False
533,77,608.5425,410.82904,611.4298,410.69797,-5.050171,0.563324,173.63522276643425,4.357737485831848,True,True,True
533,11,1294.8965,477.36987,1294.8687,477.28937,0.03466797,0.15783691,0,0,False,False,False
533,183,1277.1428,391.36505,1277.0837,391.37146,0.11376953,-0.03149414,0,0,False,False,False
533,152,1596.4541,436.91656,1596.4342,436.89917,0.0670166,0.057525635,0,0,False,False,False
533,188,1546.721,446.72235,1546.6067,446.68484,0.11437988,0.12942505,0,0,False,False,False
533,105,778.6936,370.0685,780.8618,367.76602,-3.4961548,3.7043152,133.34408149071456,1.5930842530591747,True,True,False
533,184,990.12775,243.67433,990.37537,244.29477,-0.5755615,-0.29577637,0,0,False,False,False
534,5,1087.3677,287.48273,1087.3711,287.47455,0.071899414,-0.05859375,0,0,False,False,False
534,116,368.24292,484.8615,368.26266,484.99048,0.0029296875,-0.22399902,0,0,False,False,False
534,11,1294.885,477.41895,1294.8744,477.33472,0.020874023,0.14157104,0,0,False,False,False
534,183,1277.1836,391.34613,1277.1187,391.36258,0.10876465,-0.020965576,0,0,False,False,False
534,152,1596.4509,436.92682,1596.4401,436.9088,0.026123047,0.039611816,0,0,False,False,False
534,188,1546.7854,446.71722,1546.6692,446.69617,0.14697266,0.078552246,0,0,False,False,False
534,189,897.2848,227.62546,897.2365,227.76965,0.11639404,-0.11685181,0,0,False,False,False
534,105,777.6618,371.23273,779.7418,368.97937,-3.2398071,3.6212158,131.81816559055054,-1.5259159001640228,True,False,False
534,184,990.4132,243.25543,990.38855,243.931,-0.33044434,-0.7040405,0,0,False,False,False
535,5,1087.1841,287.51593,1087.3057,287.489,-0.04699707,-0.0006713867,0,0,False,False,False
535,116,368.26562,484.75528,368.26367,484.90814,-0.019439697,-0.24926758,0,0,False,False,False
535,11,1294.8011,477.42856,1294.8488,477.36755,-0.005004883,0.121520996,0,0,False,False,False
535,183,1277.2568,391.31213,1277.167,391.3449,0.114990234,-0.030029297,0,0,False,False,False
535,152,1596.5006,436.89197,1596.4612,436.9029,0.037597656,0.013061523,0,0,False,False,False
535,188,1546.829,446.78705,1546.7251,446.72797,0.17993164,0.06329346,0,0,False,False,False
535,189,897.1231,228.17647,897.1968,227.91202,0.030517578,0.0395813,0,0,False,False,False
535,105,775.5116,371.33,778.2612,369.80206,-3.7680664,3.2758179,138.99750820214078,7.1793426115902435,True,False,False
535,77,605.68933,410.5708,609.4206,410.65344,-5.237854,0.13519287,178.52148198358316,4.886259217148904,True,True,True
536,5,1086.9575,287.53217,1087.1838,287.50412,-0.18908691,0.033966064,0,0,False,False,False
536,116,368.20502,484.83112,368.24313,484.88116,-0.030181885,-0.17877197,0,0,False,False,False
536,11,1294.7855,477.41992,1294.8267,477.38586,-0.041992188,0.09649658,0,0,False,False,False
536,183,1277.2502,391.26385,1277.196,391.31653,0.11230469,-0.05493164,0,0,False,False,False
536,152,1596.4653,436.78903,1596.4626,436.86304,0.028442383,-0.036132812,0,0,False,False,False
536,188,1546.8198,446.79572,1546.7582,446.75165,0.15148926,0.06680298,0,0,False,False,False
536,189,897.1457,228.44543,897.17883,228.09871,-0.031677246,0.25141907,0,0,False,False,False
536,105,775.1604,372.5973,777.1759,370.7804,-3.685913,3.0143738,140.7233826333128,1.7258744311720307,True,False,False
536,77,604.74884,411.18384,607.78546,410.83905,-5.1990967,0.2116394,177.66895016643932,-0.8525318171438414,True,True,True
536,190,1498.417,454.8418,1498.4009,454.88593,-0.07067871,-0.025756836,0,0,False,False,False
536,184,990.53796,243.25766,990.44086,243.69533,-0.06781006,-0.93351746,0,0,False,False,False
537,5,1086.9949,287.3781,1087.1177,287.46002,-0.25341797,-0.014526367,0,0,False,False,False
537,116,368.21387,484.90338,368.23288,484.88895,-0.029785156,-0.10153198,0,0,False,False,False
537,11,1294.7866,477.41083,1294.8126,477.3946,-0.061767578,0.05987549,0,0,False,False,False
537,183,1277.3257,391.27484,1277.2415,391.30194,0.122802734,-0.060638428,0,0,False,False,False
537,152,1596.4019,436.7099,1596.4414,436.80945,0.0013427734,-0.099365234,0,0,False,False,False
537,188,1546.8419,446.6856,1546.7874,446.72852,0.11816406,0.032348633,0,0,False,False,False
537,189,897.2178,228.29901,897.1924,228.16882,-0.044128418,0.39916992,0,0,False,False,False
537,105,773.19916,374.8065,775.784,372.1895,-3.9578247,3.210144,140.95490686708308,0.23152423377027276,True,False,False
537,77,604.26697,411.5905,606.55396,411.10205,-4.8758545,0.40408325,175.26247597407098,-2.4064741923683357,True,True,True
537,190,1498.4489,454.73572,1498.4176,454.83334,-0.025268555,-0.069488525,0,0,False,False,False
537,184,990.88446,243.51859,990.5961,243.63347,0.22076416,-0.66130066,0,0,False,False,False
538,5,1087.2559,287.29453,1087.166,287.4021,-0.13964844,-0.08691406,0,0,False,False,False
538,116,368.11328,484.78702,368.191,484.85327,-0.07266235,-0.054870605,0,0,False,False,False
538,11,1294.6326,477.27798,1294.7495,477.35376,-0.099243164,-0.013793945,0,0,False,False,False
538,183,1277.2443,391.18262,1277.2424,391.26016,0.07543945,-0.084747314,0,0,False,False,False
538,152,1596.4004,436.52118,1596.427,436.70853,-0.034179688,-0.19436646,0,0,False,False,False
538,188,1546.7216,446.3354,1546.7643,446.5909,0.03918457,-0.13705444,0,0,False,False,False
538,189,897.30273,228.48172,897.23096,228.27832,0.034179688,0.3663025,0,0,False,False,False
538,105,772.57996,375.85065,774.6626,373.4709,-3.5986328,3.6688232,134.44664400941528,-6.508262857667802,True,False,False
538,77,603.03845,411.4723,605.32355,411.23163,-4.097046,0.57818604,171.96731191148996,-3.295164062581023,True,False,True
538,190,1498.4978,454.74567,1498.4457,454.80264,0.053344727,-0.10702515,0,0,False,False,False
538,184,990.6725,243.62088,990.6228,243.62906,0.23425293,-0.30194092,0,0,False,False,False
538,185,446.5808,340.26086,446.4807,340.3619,0.099853516,0.26107788,0,0,False,False,False
539,5,1087.3422,287.19977,1087.2277,287.33127,0.043823242,-0.17285156,0,0,False,False,False
539,116,367.99295,484.45456,368.12167,484.71368,-0.12145996,-0.16748047,0,0,False,False,False
539,11,1294.6128,477.2187,1294.7017,477.30646,-0.125,-0.07940674,0,0,False,False,False
539,183,1277.2152,391.09033,1277.2329,391.20068,0.036865234,-0.11584473,0,0,False,False,False
539,152,1596.467,436.11444,1596.4409,436.50058,-0.021728516,-0.36245728,0,0,False,False,False
539,188,1546.7642,446.30692,1546.7642,446.49152,0.0059814453,-0.26013184,0,0,False,False,False
539,189,897.2628,228.83759,897.24207,228.47406,0.06323242,0.37535095,0,0,False,False,False
539,105,771.4647,377.53174,773.54333,374.89218,-3.6325684,4.111786,131.45907507923596,-2.9875689301793216,True,False,False
539,77,602.0315,411.46304,604.1713,411.31262,-3.6141357,0.47357178,172.5348813093461,0.5675693978561469,True,False,True
539,190,1498.5308,454.78342,1498.4755,454.7959,0.07458496,-0.090026855,0,0,False,False,False
539,184,990.5209,243.33936,990.5871,243.52765,0.14624023,-0.16767883,0,0,False,False,False
539,185,446.72217,340.0672,446.56522,340.25876,0.16690063,0.0067443848,0,0,False,False,False
540,5,1087.1957,287.06885,1087.2164,287.2394,0.09875488,-0.22061157,0,0,False,False,False
540,116,367.94208,484.214,368.0588,484.53876,-0.17407227,-0.3501892,0,0,False,False,False
540,11,1294.5072,477.0453,1294.6335,477.21503,-0.17907715,-0.17956543,0,0,False,False,False
540,183,1277.0991,391.06583,1277.186,391.15347,-0.055419922,-0.14846802,0,0,False,False,False
540,152,1596.477,436.46393,1596.4535,436.48773,0.012084961,-0.3217163,0,0,False,False,False
540,188,1546.8081,446.32007,1546.7795,446.43152,-0.0078125,-0.29699707,0,0,False,False,False
540,189,897.1683,229.23483,897.2162,228.74033,0.023803711,0.5715027,0,0,False,False,False
540,105,770.11414,378.98685,772.34314,376.32532,-3.440857,4.135803,129.7593810037305,-1.6996940755054482,True,False,False
540,77,600.4005,411.68323,602.8515,411.44232,-3.7024536,0.340271,174.74902860669422,2.21414729734812,True,True,True
540,193,847.8949,246.7348,847.42004,246.56358,0.6583252,0.23826599,0,0,False,False,False
540,190,1498.5618,454.7196,1498.5056,454.76917,0.088012695,-0.06417847,0,0,False,False,False
540,184,990.47705,243.31355,990.5486,243.45271,-0.047546387,-0.18075562,0,0,False,False,False
540,185,446.60483,340.07825,446.5791,340.19556,0.15228271,-0.22076416,0,0,False,False,False
541,5,1087.2205,287.17728,1087.2178,287.21765,0.051757812,-0.18444824,0,0,False,False,False
541,116,368.26044,484.38092,368.12936,484.48352,-0.061645508,-0.36975098,0,0,False,False,False
541,11,1294.6389,476.7862,1294.6354,477.06494,-0.11413574,-0.28881836,0,0,False,False,False
541,183,1277.0095,391.09155,1277.1243,391.13177,-0.11816406,-0.12838745,0,0,False,False,False
541,152,1596.5728,436.49283,1596.4951,436.4895,0.068115234,-0.21902466,0,0,False,False,False
541,105,769.7555,381.06372,771.43744,377.98376,-3.2251587,4.5128784,125.55174929238157,-4.207631711348938,True,False,False
541,77,598.14844,412.0627,601.2054,411.65945,-4.118164,0.42782593,174.06895859369962,-0.6800700129946051,True,False,True
541,193,848.07104,246.61786,847.6478,246.58258,0.7800293,0.25698853,0,0,False,False,False
541,184,990.1134,243.17377,990.39624,243.35507,-0.2265625,-0.27398682,0,0,False,False,False
541,185,446.4707,340.01862,446.54114,340.1336,0.060424805,-0.228302,0,0,False,False,False
542,5,1087.3113,287.28638,1087.2505,287.2417,0.022827148,-0.08956909,0,0,False,False,False
542,116,368.32196,484.5143,368.19678,484.49426,0.07510376,-0.21942139,0,0,False,False,False
542,11,1294.6195,476.92194,1294.6298,477.01486,-0.071899414,-0.29159546,0,0,False,False,False
542,183,1276.98,391.06958,1277.0737,391.11,-0.15917969,-0.09069824,0,0,False,False,False
542,152,1596.6495,436.2967,1596.5491,436.422,0.1081543,-0.07858276,0,0,False,False,False
542,105,767.6676,382.85327,770.118,379.68808,-3.425354,4.7958984,125.5354015139818,-0.016347778399776303,True,False,False
542,77,596.03577,412.83972,599.396,412.07254,-4.7753296,0.7599182,170.95809853644386,-3.1108600572557634,True,False,True
542,193,848.2722,247.08034,847.86633,246.75679,0.7019043,0.28538513,0,0,False,False,False
542,184,989.9455,243.14053,990.2384,243.27997,-0.34869385,-0.24768066,0,0,False,False,False
542,185,446.3296,340.07874,446.4671,340.11438,-0.09811401,-0.14437866,0,0,False,False,False
543,5,1087.4644,287.16513,1087.3253,287.2149,0.10888672,-0.024505615,0,0,False,False,False
543,116,368.34253,484.563,368.24777,484.5183,0.18896484,-0.020446777,0,0,False,False,False
543,11,1294.6191,476.8365,1294.626,476.95242,-0.0075683594,-0.26260376,0,0,False,False,False
543,183,1276.978,390.96295,1277.0402,391.05853,-0.14587402,-0.094940186,0,0,False,False,False
543,152,1596.6166,436.1718,1596.5726,436.3344,0.119140625,-0.15332031,0,0,False,False,False
543,105,767.00183,384.08966,769.0273,381.22864,-3.315857,4.9033203,124.06841585081699,-1.466985663164806,True,False,False
543,77,594.64844,413.02115,597.7344,412.40454,-5.1171265,0.96221924,169.35051518680734,-1.6075833496365135,True,False,True
543,193,848.8032,247.04807,848.1942,246.85873,0.7741699,0.29515076,0,0,False,False,False
543,184,989.60547,242.72206,990.01685,243.08469,-0.5317383,-0.36802673,0,0,False,False,False
543,185,446.30637,339.883,446.41083,340.0334,-0.16827393,-0.16217041,0,0,False,False,False
543,188,1547.1257,446.41833,1546.9006,446.42688,0.13635254,-0.16403198,0,0,False,False,False
544,5,1087.6671,286.83173,1087.4448,287.08078,0.22705078,-0.13687134,0,0,False,False,False
544,116,368.3954,484.53052,368.29944,484.52258,0.17007446,0.0390625,0,0,False,False,False
544,11,1294.6042,476.52515,1294.6183,476.80286,-0.017089844,-0.26208496,0,0,False,False,False
544,183,1276.9644,390.9591,1277.0135,391.0237,-0.11071777,-0.108062744,0,0,False,False,False
544,152,1596.4373,436.31216,1596.5253,436.32663,0.030151367,-0.16287231,0,0,False,False,False
544,105,764.96277,385.19006,767.6047,382.6151,-3.8327637,4.6313477,129.6101319139098,5.541716063092821,True,False,False
544,77,592.9993,413.02704,596.0771,412.62238,-5.128296,0.96292114,169.36560579930412,0.015090612496777567,True,False,True
544,193,848.9827,247.15184,848.4702,246.96132,0.8223877,0.3787384,0,0,False,False,False
544,185,446.2542,339.6203,446.356,339.8888,-0.18515015,-0.24481201,0,0,False,False,False
544,188,1547.042,446.54602,1546.95,446.46857,0.18579102,-0.022949219,0,0,False,False,False
545,5,1087.753,286.80896,1087.5527,286.98563,0.3022461,-0.256073,0,0,False,False,False
545,116,368.41528,484.66156,368.33997,484.57123,0.14318848,0.07696533,0,0,False,False,False
545,11,1294.64,476.63892,1294.6259,476.74548,-0.00390625,-0.26937866,0,0,False,False,False
545,183,1276.9617,390.99222,1276.9954,391.0127,-0.07836914,-0.09729004,0,0,False,False,False
545,152,1596.3308,436.42902,1596.457,436.36246,-0.092041016,-0.059539795,0,0,False,False,False
545,105,764.48254,386.70023,766.5119,384.0449,-3.606079,4.3568115,129.614137768411,0.004005854501201611,True,False,False
545,77,590.69055,413.27545,594.1918,412.85095,-5.2042236,0.77841187,171.4931571886044,2.1275513893002937,True,False,True
545,193,849.6961,247.50235,848.8993,247.15068,1.032959,0.39389038,0,0,False,False,False
545,185,446.3247,339.5237,446.34503,339.761,-0.12207031,-0.35339355,0,0,False,False,False
545,188,1546.9907,446.4707,1546.9641,446.4693,0.18457031,0.03778076,0,0,False,False,False
546,5,1087.6798,286.76474,1087.5972,286.90833,0.2718506,-0.3065796,0,0,False,False,False
546,116,368.36743,484.77823,368.34958,484.64368,0.10180664,0.12536621,0,0,False,False,False
546,11,1294.6112,476.78198,1294.6207,476.75824,-0.0052490234,-0.19418335,0,0,False,False,False
546,183,1276.9753,391.01862,1276.9883,391.01477,-0.051879883,-0.043762207,0,0,False,False,False
546,152,1596.3237,436.4586,1596.4104,436.3961,-0.16223145,0.061676025,0,0,False,False,False
546,105,762.78485,388.22906,765.2074,385.50934,-3.8198853,4.2807007,131.7441424602979,2.1300046918868816,True,False,False
546,77,589.615,413.52698,592.5899,413.08755,-5.14447,0.6830139,172.43726217928722,0.9441049906828027,True,False,True
546,193,850.2959,247.70839,849.38806,247.34587,1.1938477,0.48713684,0,0,False,False,False
546,185,446.3346,339.37286,446.34137,339.62512,-0.06945801,-0.40826416,0,0,False,False,False
546,188,1547.0067,446.4963,1546.979,446.47876,0.07836914,0.051879883,0,0,False,False,False
547,5,1087.5454,286.58115,1087.579,286.7938,0.13415527,-0.2869873,0,0,False,False,False
547,116,368.41095,484.68408,368.37103,484.65778,0.07159424,0.13519287,0,0,False,False,False
547,11,1294.7246,476.51382,1294.657,476.67267,0.03869629,-0.13018799,0,0,False,False,False
547,152,1596.4717,436.35828,1596.4319,436.3828,-0.09338379,0.05618286,0,0,False,False,False
547,105,760.44934,389.32263,763.54205,386.844,-4.062622,4.228882,133.85126913440251,2.10712667410462,True,False,False
547,77,586.3352,413.73248,590.40076,413.31326,-5.6763306,0.69088745,173.06044981196405,0.6231876326768315,True,False,True
547,193,850.01746,247.8086,849.60834,247.50781,1.1381226,0.54649353,0,0,False,False,False
547,188,1546.9495,446.41656,1546.9686,446.45697,0.018676758,-0.01159668,0,0,False,False,False
548,5,1087.5582,286.49997,1087.5718,286.69095,0.019042969,-0.29467773,0,0,False,False,False
548,116,368.45627,484.7135,368.40085,484.67728,0.06088257,0.106048584,0,0,False,False,False
548,11,1294.7832,476.46106,1294.701,476.59857,0.07519531,-0.14691162,0,0,False,False,False
548,152,1596.4951,436.45813,1596.4539,436.40915,-0.0031738281,0.046691895,0,0,False,False,False
548,105,759.50024,390.77554,762.1274,388.22003,-4.3845215,4.1751404,136.40125414071682,2.5499850063143015,True,False,False
548,77,584.4491,413.90268,588.3176,413.51956,-5.8741455,0.6686096,173.50640062566202,0.4459508136979764,True,False,True
548,193,850.71454,247.83669,849.9955,247.6229,1.0961914,0.47221375,0,0,False,False,False
548,188,1546.9326,446.24707,1546.9559,446.38348,-0.008178711,-0.08581543,0,0,False,False,False
548,185,446.36542,339.27435,446.3498,339.50235,-0.0061950684,-0.3864441,0,0,False,False,False
549,5,1087.6023,286.40863,1087.5824,286.59213,-0.014770508,-0.31619263,0,0,False,False,False
549,116,368.52484,484.71838,368.4442,484.69165,0.09463501,0.047973633,0,0,False,False,False
549,11,1294.7812,476.38483,1294.7291,476.52374,0.10839844,-0.23449707,0,0,False,False,False
549,152,1596.5013,436.4867,1596.4705,436.43628,0.060058594,0.04019165,0,0,False,False,False
549,105,758.12366,392.0008,760.7261,389.54327,-4.4813232,4.0339355,138.00752803644332,1.6062738957265026,True,False,False
549,77,583.63434,414.21252,586.67847,413.7621,-5.911438,0.67453,173.49036748448836,-0.016033141173664944,True,False,True
549,193,851.1478,247.98499,850.3988,247.74963,1.0107422,0.40376282,0,0,False,False,False
549,188,1546.9573,446.1687,1546.9563,446.3083,-0.022705078,-0.17047119,0,0,False,False,False
549,185,446.39767,339.31122,446.36652,339.43542,0.021484375,-0.32556152,0,0,False,False,False
549,183,1277.0684,391.08084,1277.0162,391.0379,0.0026855469,0.014190674,0,0,False,False,False
550,5,1087.4597,286.48297,1087.5394,286.55392,-0.03955078,-0.23986816,0,0,False,False,False
550,116,368.53024,484.77313,368.4743,484.72015,0.103271484,0.06237793,0,0,False,False,False
550,11,1294.7017,476.1701,1294.7195,476.39996,0.0625,-0.27270508,0,0,False,False,False
550,152,1596.4647,436.49457,1596.4685,436.45667,0.036621094,0.07385254,0,0,False,False,False
550,105,758.09265,395.06677,759.8043,391.4765,-3.737732,4.6325073,128.8982751171616,-9.109252919281715,True,False,False
550,77,581.6249,414.2088,584.9097,413.91843,-5.491028,0.6051636,173.7108403526556,0.220472868167235,True,True,True
550,193,851.3475,248.07034,850.73083,247.86188,1.1224976,0.35406494,0,0,False,False,False
550,188,1546.9163,446.09836,1546.9421,446.2348,-0.026489258,-0.22216797,0,0,False,False,False
550,185,446.46173,339.2218,446.3998,339.36066,0.058441162,-0.26446533,0,0,False,False,False
550,183,1277.056,391.0925,1277.0302,391.057,0.03479004,0.044311523,0,0,False,False,False
551,5,1087.3008,286.62402,1087.4558,286.57843,-0.1159668,-0.11251831,0,0,False,False,False
551,116,368.62006,484.6745,368.5253,484.70416,0.12445068,0.026885986,0,0,False,False,False
551,11,1294.6973,476.1883,1294.7117,476.32587,0.010620117,-0.27270508,0,0,False,False,False
551,152,1596.4563,436.55133,1596.4641,436.48978,0.010253906,0.08062744,0,0,False,False,False
551,105,757.6012,396.73813,759.0332,393.31805,-3.0941772,5.0980225,121.25510298183818,-7.643172135323425,True,False,False
551,77,580.19916,414.14,583.261,413.99597,-5.0566406,0.4764099,174.61778235675,0.906942004094418,True,True,True
551,193,851.386,248.318,850.9601,248.02151,0.9645996,0.3986206,0,0,False,False,False
551,188,1546.8271,445.94977,1546.9019,446.135,-0.05407715,-0.24847412,0,0,False,False,False
551,185,446.46204,339.20657,446.42157,339.3067,0.071777344,-0.1956482,0,0,False,False,False
551,183,1276.9924,391.0084,1277.017,391.03998,0.028686523,0.02520752,0,0,False,False,False
552,5,1086.9642,286.65112,1087.2837,286.60385,-0.29870605,0.01171875,0,0,False,False,False
552,116,368.74005,484.5981,368.60046,484.66705,0.15625,-0.024597168,0,0,False,False,False
552,11,1294.7335,476.25208,1294.7192,476.30005,-0.009887695,-0.22369385,0,0,False,False,False
552,152,1596.6123,436.39456,1596.5159,436.45645,0.045410156,0.02017212,0,0,False,False,False
552,105,754.9589,398.77448,757.6072,395.22778,-3.1188965,5.6845093,118.75207551374004,-2.5030274680981393,True,False,False
552,77,578.70825,414.3647,581.6675,414.125,-5.0109863,0.36291504,175.85765012851732,1.2398677717673081,True,True,True
552,193,851.5243,248.23837,851.15753,248.09741,0.758728,0.34777832,0,0,False,False,False
552,188,1546.7505,445.86386,1546.8489,446.0401,-0.107421875,-0.26818848,0,0,False,False,False
552,185,446.41742,339.08414,446.4201,339.2288,0.053588867,-0.20663452,0,0,False,False,False
552,183,1276.9448,391.0,1276.9917,391.02597,-0.024536133,-0.011932373,0,0,False,False,False
553,5,1086.7241,286.72723,1087.0878,286.64703,-0.45166016,0.09310913,0,0,False,False,False
553,116,368.8499,484.56662,368.68774,484.6319,0.21343994,-0.088256836,0,0,False,False,False
553,11,1294.7296,476.22562,1294.7228,476.274,0.0032958984,-0.12597656,0,0,False,False,False
553,152,1596.6636,436.47668,1596.5674,436.4635,0.09887695,0.0068359375,0,0,False,False,False
553,105,752.8236,400.76187,755.93286,397.16467,-3.87146,5.6881714,124.23982624504946,5.4877507313094185,True,False,False
553,77,577.4195,414.70642,580.18066,414.3285,-4.729065,0.4100647,175.0441883207701,-0.8134618077472169,True,True,True
553,193,851.4295,248.29811,851.2527,248.16763,0.5218506,0.30575562,0,0,False,False,False
553,188,1546.6461,445.79956,1546.7778,445.9559,-0.16430664,-0.27890015,0,0,False,False,False
553,185,446.3769,339.0429,446.40497,339.16373,0.0051574707,-0.19692993,0,0,False,False,False
553,183,1276.9583,391.03925,1276.98,391.0306,-0.0501709,-0.026397705,0,0,False,False,False
553,189,895.35803,230.45284,896.5658,229.3397,-0.66516113,1.0613861,0,0,False,False,False
554,5,1086.4932,286.90448,1086.8796,286.73712,-0.5761719,0.1586914,0,0,False,False,False
554,116,368.78012,484.5718,368.72006,484.61084,0.19476318,-0.093322754,0,0,False,False,False
554,11,1294.6504,476.0893,1294.6974,476.20935,-0.014282227,-0.11651611,0,0,False,False,False
554,152,1596.6162,436.5852,1596.5845,436.5061,0.12036133,0.016326904,0,0,False,False,False
554,105,751.74493,402.46082,754.46704,399.0183,-4.566162,5.7002563,128.69629985188573,4.456473606836269,True,False,False
554,77,575.7466,414.6161,578.6287,414.42914,-4.632263,0.4331665,174.65776262441915,-0.3864256963509547,True,True,True
554,193,851.5867,248.68613,851.3695,248.3491,0.40942383,0.32759094,0,0,False,False,False
554,188,1546.5681,445.85522,1546.7043,445.92065,-0.19750977,-0.21435547,0,0,False,False,False
554,185,446.509,338.9668,446.44135,339.0948,0.01977539,-0.21191406,0,0,False,False,False
554,183,1276.9927,391.05405,1276.9844,391.03882,-0.032592773,-0.001159668,0,0,False,False,False
554,189,895.75165,230.9537,896.2808,229.9046,-0.9612427,1.430542,0,0,False,False,False
555,5,1086.2676,287.04572,1086.6654,286.84512,-0.61828613,0.24127197,0,0,False,False,False
555,116,368.8045,484.52258,368.7496,484.57996,0.1491394,-0.08709717,0,0,False,False,False
555,11,1294.6334,475.98056,1294.675,476.12927,-0.044189453,-0.17077637,0,0,False,False,False
555,152,1597.0659,436.1687,1596.7529,436.388,0.23706055,-0.06845093,0,0,False,False,False
555,105,749.27295,404.32745,752.64905,400.87646,-4.95813,5.6486816,131.275040637429,2.5787407855432605,True,False,True
555,77,574.0878,414.8199,577.03937,414.5659,-4.628113,0.44088745,174.5582594778497,-0.0995031465694467,True,True,True
555,188,1546.6788,445.76443,1546.6953,445.86597,-0.15356445,-0.1741333,0,0,False,False,False
555,185,446.27423,339.0249,446.38284,339.0703,-0.037261963,-0.15847778,0,0,False,False,False
555,183,1276.8849,390.9444,1276.9495,391.00574,-0.042236328,-0.020233154,0,0,False,False,False
555,189,895.59045,231.30823,896.0392,230.39587,-1.177002,1.6555481,125.41069493506464,0,False,False,False
555,190,1498.3082,454.66223,1498.4365,454.73172,-0.009155273,-0.07092285,0,0,False,False,False
556,5,1086.5049,287.08527,1086.6091,286.92917,-0.4786377,0.282135,0,0,False,False,False
556,116,368.8981,484.58295,368.80157,484.581,0.11383057,-0.05090332,0,0,False,False,False
556,11,1294.6086,476.32245,1294.6517,476.19687,-0.07104492,-0.07711792,0,0,False,False,False
556,152,1597.2373,436.23975,1596.9224,436.33612,0.35498047,-0.12738037,0,0,False,False,False
556,105,747.5608,405.47437,750.86816,402.48572,-5.0646973,5.321045,133.58607532489458,2.311034687465593,True,False,True
556,77,572.18604,415.26477,575.3407,414.8105,-4.839966,0.48199463,174.3128724066845,-0.2453870711651973,True,False,True
556,188,1546.6621,445.63995,1546.6836,445.78687,-0.09423828,-0.16903687,0,0,False,False,False
556,185,446.2952,338.93085,446.35217,339.02148,-0.05279541,-0.14224243,0,0,False,False,False
556,183,1276.9065,390.94452,1276.9344,390.9843,-0.045532227,-0.046295166,0,0,False,False,False
556,189,896.0414,230.64445,896.0399,230.48286,-0.5258789,1.143158,0,0,False,False,False
556,190,1498.259,454.68268,1498.3743,454.71454,-0.10119629,-0.08135986,0,0,False,False,False
557,5,1086.536,286.9367,1086.5835,286.9318,-0.29614258,0.19467163,0,0,False,False,False
557,116,368.79053,484.62622,368.79767,484.5968,0.0776062,-0.014038086,0,0,False,False,False
557,11,1294.714,476.4837,1294.6736,476.29724,-0.023803711,0.087890625,0,0,False,False,False
557,152,1597.4727,436.41794,1597.115,436.36475,0.5305176,-0.14135742,0,0,False,False,False
557,105,745.07605,406.98132,748.84094,404.05914,-5.6260986,5.0408325,138.1405179756857,4.554442650791117,True,False,True
557,77,571.7317,415.3578,574.0775,415.002,-4.5512085,0.572876,172.825718079342,-1.4871543273424948,True,False,True
557,188,1546.6091,445.69293,1546.6575,445.75397,-0.046875,-0.16668701,0,0,False,False,False
557,185,446.39764,338.8957,446.36807,338.97745,-0.073272705,-0.11734009,0,0,False,False,False
557,183,1276.9761,391.09952,1276.949,391.02463,-0.03540039,-0.014190674,0,0,False,False,False
557,189,896.2731,231.06793,896.12146,230.68762,-0.1593628,0.78302,0,0,False,False,False
557,190,1498.2931,454.665,1498.3458,454.6972,-0.15979004,-0.07196045,0,0,False,False,False
558,5,1086.5654,286.78473,1086.5771,286.8803,-0.088256836,0.035186768,0,0,False,False,False
558,116,368.77924,484.4322,368.7912,484.53918,0.04159546,-0.040771484,0,0,False,False,False
558,11,1294.7147,476.41382,1294.688,476.338,0.012939453,0.20874023,0,0,False,False,False
558,152,1597.4884,436.41925,1597.2456,436.38382,0.49267578,-0.004180908,0,0,False,False,False
558,105,742.5811,408.00397,746.64996,405.43982,-5.9990845,4.5633545,142.7406536126351,4.600135636949403,True,True,True
558,77,570.4404,415.5566,572.8045,415.1961,-4.2348633,0.6302185,171.5355503925156,-1.2901676868264076,True,False,True
558,188,1546.5499,445.7795,1546.6199,445.7629,-0.07543945,-0.10305786,0,0,False,False,False
558,185,446.39905,338.92947,446.3789,338.96063,-0.0039367676,-0.109680176,0,0,False,False,False
558,183,1276.9805,391.11133,1276.96,391.05496,0.010498047,0.049224854,0,0,False,False,False
558,189,896.04065,230.8313,896.09314,230.7379,0.053955078,0.34202576,0,0,False,False,False
558,190,1498.3274,454.56296,1498.3394,454.6502,-0.09716797,-0.08151245,0,0,False,False,False
558,184,986.9563,239.03848,988.9456,241.6685,-1.4506226,-1.6865692,-130.69890997701333,0,False,False,False
558,193,855.28375,249.03296,852.73944,248.58844,1.5819092,0.49102783,0,0,False,False,False
559,5,1086.2974,286.91162,1086.4792,286.89127,-0.12988281,-0.037902832,0,0,False,False,False
559,116,368.76584,484.48053,368.7823,484.51865,-0.01928711,-0.062347412,0,0,False,False,False
559,11,1294.6729,476.3919,1294.6826,476.35687,0.030883789,0.16000366,0,0,False,False,False
559,152,1597.4434,436.3459,1597.3147,436.37054,0.39233398,0.034423828,0,0,False,False,False
559,105,740.3281,408.95215,744.43726,406.66913,-6.430908,4.1834106,146.95534148429553,4.214687871660431,True,True,True
559,77,569.70667,416.03082,571.7202,415.48825,-3.6204834,0.6777649,169.39679157310042,-2.1387588194151874,True,False,True
559,188,1546.5427,445.8094,1546.5928,445.77917,-0.09082031,-0.0076904297,0,0,False,False,False
559,185,446.3764,338.97116,446.378,338.9643,0.025817871,-0.05718994,0,0,False,False,False
559,183,1276.9917,391.1136,1276.971,391.07547,0.036499023,0.091156006,0,0,False,False,False
559,189,896.11,231.37793,896.099,230.96191,0.05908203,0.47904968,0,0,False,False,False
559,190,1498.3606,454.58356,1498.3467,454.62686,-0.02758789,-0.087677,0,0,False,False,False
559,184,987.5552,239.18884,988.459,240.80061,-1.779419,-2.4793549,-125.66678955100095,5.0321204260123835,False,False,False
559,193,855.932,248.89288,853.8568,248.69498,2.604126,0.52734375,11.447770412638546,0,False,False,False
560,5,1086.181,286.91687,1086.3749,286.9002,-0.20861816,-0.031585693,0,0,False,False,False
560,116,368.65268,484.54913,368.73694,484.5293,-0.06072998,-0.06750488,0,0,False,False,False
560,11,1294.8501,476.45547,1294.7412,476.39136,0.06762695,0.09411621,0,0,False,False,False
560,152,1597.4026,436.44522,1597.3455,436.39667,0.23046875,0.031921387,0,0,False,False,False
560,105,738.30066,411.35538,742.2894,408.30933,-6.5515137,4.250183,147.027194590533,0.07185310623748364,True,True,True
560,77,567.0047,416.0561,570.06976,415.68698,-4.0077515,0.68496704,170.30125656436542,0.9044649912650016,True,False,True
560,188,1546.519,445.89417,1546.5669,445.8194,-0.09057617,0.06542969,0,0,False,False,False
560,185,446.31256,339.22852,446.3551,339.05676,-0.012969971,0.079315186,0,0,False,False,False
560,183,1276.9777,391.0865,1276.9733,391.0793,0.024291992,0.0546875,0,0,False,False,False
560,189,896.1835,232.0546,896.12854,231.34436,0.007080078,0.6567383,0,0,False,False,False
560,190,1498.4756,454.5847,1498.3917,454.6121,0.045898438,-0.085113525,0,0,False,False,False
560,184,987.8583,239.5095,988.24866,240.34871,-1.7681885,-2.7359772,-122.87349930437072,2.793290246630221,False,False,False
560,193,856.4703,249.16537,854.7715,248.85962,3.4019775,0.5105133,8.534334492279791,-2.9134359203587543,False,False,False
561,5,1086.0054,287.01886,1086.2455,286.9417,-0.33166504,0.061401367,0,0,False,False,False
561,116,368.56714,484.7787,368.6775,484.61658,-0.113708496,0.07739258,0,0,False,False,False
561,11,1294.9523,476.55798,1294.815,476.44965,0.12695312,0.1116333,0,0,False,False,False
561,152,1597.3999,436.5254,1597.3645,436.4417,0.118896484,0.057891846,0,0,False,False,False
561,105,736.2352,413.75226,740.1704,410.21436,-6.479553,4.774536,143.61491178732481,-3.4122828032081998,True,True,True
561,77,565.2572,416.40097,568.3853,415.9369,-4.4191895,0.7407837,170.4840465325456,0.1827899681801739,True,False,True
561,188,1546.6536,445.9684,1546.5972,445.87152,-0.022705078,0.10861206,0,0,False,False,False
561,185,446.28067,339.57596,446.32904,339.23846,-0.049865723,0.27783203,0,0,False,False,False
561,183,1276.999,391.14148,1276.9822,391.10107,0.022216797,0.04611206,0,0,False,False,False
561,189,896.20447,232.19241,896.1551,231.64117,0.061950684,0.90327454,0,0,False,False,False
561,190,1498.4911,454.74762,1498.4265,454.6595,0.0871582,0.009277344,0,0,False,False,False
561,193,857.1306,249.24661,855.59717,248.99506,2.857727,0.4066162,8.098062816786591,-0.43627167549320056,False,False,False
562,5,1086.4463,286.7672,1086.3157,286.8806,-0.16357422,-0.010650635,0,0,False,False,False
562,116,368.50983,484.41486,368.6188,484.54596,-0.16348267,0.027313232,0,0,False,False,False
562,11,1294.8973,476.312,1294.8438,476.40146,0.16113281,0.04458618,0,0,False,False,False
562,152,1597.3179,436.3215,1597.3481,436.39963,0.033447266,0.029083252,0,0,False,False,False
562,105,734.2672,415.8584,738.10425,412.18976,-6.333008,5.52063,138.92058190479077,-4.694329882534049,True,False,True
562,77,563.5581,416.09894,566.6958,415.9936,-5.024414,0.5053406,174.25667545744696,3.772628924901369,True,False,True
562,188,1546.6836,445.94366,1546.6274,445.89673,0.03466797,0.11755371,0,0,False,False,False
562,185,446.38937,339.33868,446.35016,339.27353,-0.027832031,0.30923462,0,0,False,False,False
562,183,1277.0076,391.00098,1276.991,391.06604,0.020019531,-0.009429932,0,0,False,False,False
562,189,895.91437,232.3834,896.0708,231.90094,-0.028198242,0.9390259,0,0,False,False,False
562,190,1498.3884,454.61234,1498.4131,454.64297,0.06640625,0.016113281,0,0,False,False,False
562,193,857.4072,249.19539,856.23065,249.06517,2.3738403,0.37019348,8.863716276471022,0.7656534596844313,False,False,False
563,5,1086.8922,286.33447,1086.5175,286.68945,0.14257812,-0.2107544,0,0,False,False,False
563,116,368.47266,484.2032,368.56763,484.42596,-0.16931152,-0.10333252,0,0,False,False,False
563,11,1294.8309,476.25797,1294.8392,476.35126,0.09802246,-0.040100098,0,0,False,False,False
563,152,1597.5923,436.1969,1597.4336,436.32867,0.088134766,-0.067993164,0,0,False,False,False
563,105,732.8932,417.48892,736.28033,414.04446,-6.009094,5.735138,136.33628945082603,-2.5842924539647356,True,False,True
563,77,562.475,415.86493,565.2185,415.94855,-4.8512573,0.26156616,176.91376089501077,2.6570854375638078,True,False,True
563,188,1546.805,446.00903,1546.6896,445.93604,0.122680664,0.11663818,0,0,False,False,False
563,185,446.4433,338.97058,446.38275,339.16748,0.027648926,0.11071777,0,0,False,False,False
563,189,896.006,231.8753,896.0481,231.89197,-0.080444336,0.5476074,0,0,False,False,False
563,190,1498.218,454.38562,1498.3447,454.55286,-0.04699707,-0.05923462,0,0,False,False,False
563,193,857.55505,249.19608,856.6942,249.11098,1.9227295,0.25135803,0,0,False,False,False
564,5,1087.117,285.84677,1086.7273,286.39453,0.48181152,-0.5471802,0,0,False,False,False
564,116,368.46732,484.26022,368.53253,484.36792,-0.1449585,-0.24865723,0,0,False,False,False
564,11,1294.7869,476.2731,1294.8208,476.32388,0.005859375,-0.12576294,0,0,False,False,False
564,152,1597.9324,436.0383,1597.6082,436.22702,0.24365234,-0.21469116,0,0,False,False,False
564,105,731.4733,419.36206,734.5979,415.90564,-5.57251,5.691284,134.395850061045,-1.9404393897810337,True,False,True
564,77,561.1592,416.22162,563.7977,416.04413,-4.5875854,0.10723877,178.66090557253895,1.7471446775281834,True,False,True
564,188,1547.1284,446.3626,1546.8431,446.08533,0.24597168,0.21380615,0,0,False,False,False
564,185,446.42044,338.81757,446.39594,339.04498,0.06689453,-0.19348145,0,0,False,False,False
564,189,896.2489,231.43018,896.1183,231.73032,-0.0368042,0.089141846,0,0,False,False,False
564,190,1498.2233,454.30408,1498.3021,454.46576,-0.12438965,-0.19372559,0,0,False,False,False
564,193,857.7787,249.28656,857.0737,249.17242,1.4765625,0.17736816,0,0,False,False,False
565,5,1086.8599,286.15628,1086.7737,286.31113,0.4580078,-0.5694885,0,0,False,False,False
565,116,368.43088,484.55182,368.49695,484.43228,-0.12185669,-0.11367798,0,0,False,False,False
565,11,1294.7571,476.23996,1294.7985,476.2945,-0.045288086,-0.10696411,0,0,False,False,False
565,152,1598.015,436.0034,1597.7505,436.14874,0.40234375,-0.250885,0,0,False,False,False
565,105,729.5032,420.9344,732.8147,417.66568,-5.289551,5.4759216,134.0081999076322,-0.38765015341280673,True,False,True
565,77,559.6952,416.42166,562.3618,416.17627,-4.3339844,0.18267822,177.58640125225338,-1.0745043202855697,True,False,True
565,188,1547.1777,446.30756,1546.9602,446.1631,0.33276367,0.26635742,0,0,False,False,False
565,185,446.26117,339.18298,446.34875,339.09326,-0.0014038086,-0.18026733,0,0,False,False,False
565,189,896.19196,231.45462,896.14404,231.63382,0.07324219,-0.26712036,0,0,False,False,False
565,190,1498.0698,454.23547,1498.2207,454.38513,-0.19238281,-0.25784302,0,0,False,False,False
565,193,857.71387,249.41928,857.2977,249.25882,1.0670776,0.19364929,0,0,False,False,False
566,5,1086.8002,285.7097,1086.783,286.10062,0.26550293,-0.58883667,0,0,False,False,False
566,116,368.36755,484.64725,368.45166,484.5075,-0.1159668,0.08154297,0,0,False,False,False
566,11,1294.7574,476.21423,1294.784,476.26636,-0.05517578,-0.0848999,0,0,False,False,False
566,152,1598.0223,435.71326,1597.8455,435.9963,0.41186523,-0.33236694,0,0,False,False,False
566,105,727.1068,423.25845,730.8169,419.62317,-5.46344,5.578705,134.4019321295454,0.39373222191321133,True,False,True
566,77,557.90356,416.4541,560.8014,416.2735,-4.4171143,0.32495117,175.79253542037432,-1.7938658318790601,True,False,True
566,188,1547.2693,446.41656,1547.0684,446.25177,0.37878418,0.31573486,0,0,False,False,False
566,189,896.30853,231.71579,896.20154,231.6625,0.15344238,-0.22946167,0,0,False,False,False
566,190,1498.0708,454.26556,1498.1682,454.34326,-0.17651367,-0.20959473,0,0,False,False,False
566,193,857.66455,249.50754,857.42615,249.34587,0.7319336,0.2348938,0,0,False,False,False
567,5,1086.9323,284.9045,1086.8352,285.68198,0.107910156,-0.71255493,0,0,False,False,False
567,116,368.38898,484.61975,368.42972,484.54678,-0.10281372,0.17886353,0,0,False,False,False
567,11,1294.7238,476.27167,1294.763,476.2682,-0.057861328,-0.05569458,0,0,False,False,False
567,152,1597.9651,435.49078,1597.8872,435.81934,0.27905273,-0.40768433,0,0,False,False,False
567,105,722.6555,424.8699,727.9604,421.4595,-6.637512,5.5538635,140.07947188533709,5.677539755791685,True,False,True
567,77,556.66565,417.1333,559.3539,416.5744,-4.4438477,0.53027344,173.19521141719272,-2.5973240031815976,True,False,True
567,188,1547.2678,446.54718,1547.1382,446.35513,0.29504395,0.2698059,0,0,False,False,False
567,189,896.32245,231.8893,896.2439,231.74188,0.12561035,0.011566162,0,0,False,False,False
567,190,1498.051,454.3261,1498.1272,454.33725,-0.17492676,-0.12850952,0,0,False,False,False
567,193,857.67004,249.52286,857.5115,249.4078,0.43774414,0.23538208,0,0,False,False,False
568,5,1086.8289,284.78204,1086.833,285.367,0.059326172,-0.9441223,0,0,False,False,False
568,116,368.38116,484.55365,368.41272,484.54916,-0.084228516,0.116882324,0,0,False,False,False
568,11,1294.7188,476.32214,1294.7474,476.28705,-0.05102539,-0.007446289,0,0,False,False,False
568,152,1598.0011,435.40332,1597.927,435.6737,0.17651367,-0.47503662,0,0,False,False,False
568,105,721.1848,427.7411,725.5889,423.65805,-7.225769,5.9923706,140.33089293981516,0.2514210544780724,True,False,True
568,77,555.6266,417.16687,558.0493,416.78174,-4.3125,0.60546875,172.00799452554904,-1.1872168916436863,True,False,True
568,188,1547.2153,446.59174,1547.165,446.43793,0.20483398,0.2748413,0,0,False,False,False
568,189,896.3098,231.98715,896.26697,231.82773,0.122924805,0.19390869,0,0,False,False,False
568,193,857.79297,249.3212,857.61,249.37749,0.31225586,0.1186676,0,0,False,False,False
568,198,858.1708,250.90164,858.1572,250.96255,-0.11987305,0.03527832,0,0,False,False,False
568,185,446.37195,339.43768,446.35687,339.2138,-0.025878906,0.046325684,0,0,False,False,False
569,5,1087.0806,284.8074,1086.9196,285.17114,0.13659668,-0.9294739,0,0,False,False,False
569,116,368.41702,484.48242,368.4142,484.5258,-0.03744507,0.01828003,0,0,False,False,False
569,11,1294.7317,476.33545,1294.742,476.304,-0.042114258,0.037628174,0,0,False,False,False
569,152,1598.1324,435.49725,1597.9988,435.61194,0.15332031,-0.3843689,0,0,False,False,False
569,105,719.50415,430.80435,723.4592,426.15924,-7.357666,6.536072,138.3841956581804,-1.946697281634755,True,False,True
569,77,554.91724,417.4317,556.95306,417.00922,-3.8483276,0.7357178,169.17687274267448,-2.831121782874561,True,False,True
569,188,1547.3344,446.77734,1547.2242,446.5567,0.15588379,0.30493164,0,0,False,False,False
569,189,896.6251,231.80652,896.3923,231.8203,0.19073486,0.15779114,0,0,False,False,False
569,193,857.7545,249.1158,857.6605,249.28589,0.234375,-0.0599823,0,0,False,False,False
569,198,858.14246,250.67688,858.15204,250.86256,-0.066711426,-0.09916687,0,0,False,False,False
569,185,446.3622,339.4616,446.35873,339.30054,-0.037200928,0.2555542,0,0,False,False,False
569,190,1498.19,454.32977,1498.1492,454.33463,-0.0715332,-0.05050659,0,0,False,False,False
570,5,1087.2366,284.4956,1087.0305,284.9347,0.1953125,-0.74728394,0,0,False,False,False
570,116,368.68085,484.27908,368.50754,484.43942,0.077819824,-0.10736084,0,0,False,False,False
570,11,1294.7393,476.15576,1294.741,476.25208,-0.021972656,-0.016113281,0,0,False,False,False
570,152,1597.8945,435.59747,1597.9623,435.60684,0.07507324,-0.2124939,0,0,False,False,False
570,105,717.65125,432.79227,721.4264,428.4808,-6.5339966,7.0213013,132.94113830717862,-5.443057351001784,True,False,True
570,77,553.64777,417.32562,555.7962,417.11993,-3.5576782,0.5455322,171.28220370116148,2.105330958487002,True,False,True
570,188,1547.3354,447.02908,1547.2632,446.72202,0.125,0.36688232,0,0,False,False,False
570,189,896.86755,231.78879,896.5586,231.80927,0.31469727,0.06738281,0,0,False,False,False
570,193,858.3716,248.81189,857.90936,249.12,0.39788818,-0.28781128,0,0,False,False,False
570,185,446.42944,339.3814,446.38348,339.32883,0.034729004,0.23556519,0,0,False,False,False
571,5,1086.8677,284.22064,1086.9735,284.68478,0.14050293,-0.68222046,0,0,False,False,False
571,116,368.86414,484.68753,368.63232,484.52625,0.21960449,-0.022918701,0,0,False,False,False
571,11,1294.6501,475.93414,1294.7091,476.1408,-0.038330078,-0.14624023,0,0,False,False,False
571,152,1597.7671,435.2268,1597.8938,435.47382,-0.033203125,-0.19989014,0,0,False,False,False
571,105,715.3605,434.81888,719.3033,430.6991,-6.2856445,7.041046,131.75575429523198,-1.1853840119466383,True,False,True
571,77,551.32434,417.11435,554.231,417.11798,-3.8182983,0.33624268,174.96746561230174,3.685261911140259,True,False,True
571,189,896.618,231.89128,896.57935,231.83795,0.31237793,0.010223389,0,0,False,False,False
571,193,858.0436,248.55136,857.9563,248.92096,0.34631348,-0.4565277,0,0,False,False,False
571,185,446.4869,339.16095,446.41968,339.27008,0.062805176,0.056274414,0,0,False,False,False
572,5,1086.6238,283.9219,1086.8511,284.4178,-0.068481445,-0.75335693,0,0,False,False,False
572,116,368.9388,484.70752,368.7396,484.58966,0.32537842,0.06387329,0,0,False,False,False
572,11,1294.596,475.90643,1294.6694,476.05878,-0.072509766,-0.24520874,0,0,False,False,False
572,152,1597.7048,435.22128,1597.8276,435.38544,-0.17114258,-0.22650146,0,0,False,False,False
572,105,713.9746,436.87,717.43823,432.8589,-6.020996,6.699646,131.94614888556222,0.19039459033024286,True,False,True
572,77,549.2525,416.94647,552.4885,417.05792,-4.4645386,0.048706055,179.37495429387917,4.4074886815774335,True,False,True
572,189,896.683,231.71986,896.6156,231.7966,0.22332764,-0.0236969,0,0,False,False,False
572,193,858.0895,248.6489,858.00287,248.82573,0.3423462,-0.4601593,0,0,False,False,False
572,185,446.57672,338.94305,446.47464,339.1556,0.11590576,-0.14492798,0,0,False,False,False
572,198,858.6068,250.33948,858.3112,250.67947,0.16131592,-0.31588745,0,0,False,False,False
573,5,1086.5792,283.46497,1086.7559,284.0843,-0.2746582,-0.85040283,0,0,False,False,False
573,116,368.84695,484.0719,368.77716,484.40845,0.2696228,-0.030975342,0,0,False,False,False
573,11,1294.4912,475.69507,1294.607,475.93146,-0.13391113,-0.32061768,0,0,False,False,False
573,152,1597.3293,435.07397,1597.6531,435.27643,-0.3092041,-0.33041382,0,0,False,False,False
573,105,711.0587,439.44626,715.2054,435.16446,-6.2210083,6.683655,132.94676213252293,1.000613246960711,True,True,True
573,77,547.18713,416.87827,550.633,416.99506,-5.163208,-0.12487793,-178.61450794554034,2.010537760580519,True,False,True
573,189,896.95807,231.83876,896.7355,231.81134,0.17687988,0.0020751953,0,0,False,False,False
573,193,858.2001,248.68898,858.0719,248.77786,0.16253662,-0.34213257,0,0,False,False,False
573,185,446.6693,338.743,446.54276,339.0112,0.15927124,-0.31762695,0,0,False,False,False
573,198,858.8962,250.40005,858.5159,250.58167,0.3587036,-0.3808899,0,0,False,False,False
574,5,1086.6519,283.13507,1086.7195,283.75208,-0.25402832,-0.93270874,0,0,False,False,False
574,116,368.74902,483.7273,368.76727,484.17004,0.13494873,-0.35620117,0,0,False,False,False
574,11,1294.3772,475.70795,1294.5266,475.8532,-0.18249512,-0.28759766,0,0,False,False,False
574,152,1596.923,434.56586,1597.3975,435.0277,-0.4963379,-0.44610596,0,0,False,False,False
574,105,707.7801,441.75116,712.6065,437.4698,-6.6967773,6.770691,134.68554644057303,1.7387843080501,True,True,True
574,77,545.0709,416.6308,548.6863,416.86755,-5.544739,-0.25042725,-177.41400262067268,1.2005053248676631,True,False,True
574,189,896.9553,231.82727,896.8124,231.81691,0.23303223,-0.02104187,0,0,False,False,False
574,193,858.21716,248.6589,858.1227,248.73624,0.16638184,-0.1847229,0,0,False,False,False
574,185,446.51773,338.592,446.534,338.86447,0.11431885,-0.40560913,0,0,False,False,False
575,5,1087.0276,283.24734,1086.8273,283.5754,-0.023803711,-0.8423767,0,0,False,False,False
575,116,368.75574,483.5265,368.7632,483.94476,0.023620605,-0.64489746,0,0,False,False,False
575,11,1294.3933,475.75568,1294.48,475.81903,-0.18945312,-0.2397461,0,0,False,False,False
575,152,1596.7867,434.35046,1597.1837,434.79065,-0.6439209,-0.5947876,0,0,False,False,False
575,105,704.0494,444.0838,709.6115,439.78467,-7.826721,6.9257812,138.49473087036478,3.809184429791742,True,True,True
575,77,543.5226,416.82294,546.87897,416.85193,-5.609558,-0.20599365,-177.89693489120785,-0.48293227053517285,True,False,True
575,189,897.0796,231.79532,896.9059,231.80934,0.2902832,0.012741089,0,0,False,False,False
575,193,858.209,248.73447,858.15283,248.7356,0.14996338,-0.09013367,0,0,False,False,False
575,185,446.60236,338.29523,446.55792,338.66522,0.08328247,-0.49038696,0,0,False,False,False
576,5,1087.4736,283.58145,1087.0535,283.5775,0.29760742,-0.5067749,0,0,False,False,False
576,116,368.6089,483.35962,368.70917,483.73993,-0.067993164,-0.66851807,0,0,False,False,False
576,11,1294.4321,475.63675,1294.4631,475.7552,-0.1439209,-0.17626953,0,0,False,False,False
576,152,1596.8557,434.25537,1597.0688,434.6033,-0.5842285,-0.6731262,0,0,False,False,False
576,105,698.8679,446.19672,705.85126,442.02887,-9.354126,6.8644104,143.72737424621408,5.232643375849307,True,False,True
576,77,542.4856,416.46002,545.34125,416.71472,-5.291748,-0.28033447,-176.96754614593317,0.9293887452746787,True,False,True
576,189,897.13074,231.7837,896.9846,231.80037,0.24914551,-0.010971069,0,0,False,False,False
576,193,858.2918,248.74222,858.2014,248.73792,0.1295166,-0.03994751,0,0,False,False,False
576,185,446.8302,338.22388,446.6532,338.51074,0.110443115,-0.50045776,0,0,False,False,False
576,198,859.0022,250.3876,858.6861,250.51373,0.5340576,-0.34883118,0,0,False,False,False
577,5,1087.6882,283.72107,1087.2756,283.62775,0.55615234,-0.12432861,0,0,False,False,False
577,116,368.6127,483.45062,368.6754,483.63867,-0.09185791,-0.5313721,0,0,False,False,False
577,11,1294.4912,475.69714,1294.4729,475.73486,-0.053710938,-0.11834717,0,0,False,False,False
577,152,1597.0317,434.13644,1597.0559,434.43988,-0.34155273,-0.5878296,0,0,False,False,False
577,105,698.34814,449.4018,703.22516,444.60938,-9.381348,7.1395874,142.72738843114232,-0.9999858150717671,True,False,True
577,77,540.73816,417.21442,543.73016,416.8896,-4.9561157,0.022033691,179.74527850474936,-3.287175349317465,True,False,True
577,189,897.2125,231.70943,897.06433,231.76852,0.25195312,-0.04838562,0,0,False,False,False
577,193,858.0834,248.84166,858.16003,248.77423,0.037353516,0.037994385,0,0,False,False,False
577,185,446.96863,338.33218,446.76355,338.44824,0.22955322,-0.41622925,0,0,False,False,False
578,5,1087.505,283.45773,1087.3558,283.56824,0.52856445,-0.007171631,0,0,False,False,False
578,116,368.5078,483.5171,368.61676,483.59607,-0.14645386,-0.34869385,0,0,False,False,False
578,11,1294.544,475.84543,1294.4977,475.77356,0.017700195,-0.04547119,0,0,False,False,False
578,152,1597.3518,434.0916,1597.1594,434.318,-0.024291992,-0.47265625,0,0,False,False,False
578,105,695.8186,452.39984,700.6329,447.33603,-8.978638,7.551361,139.9349431270766,-2.7924453040657227,True,False,True
578,77,539.94116,416.80103,542.404,416.85858,-4.4749756,0.006652832,179.91481988916973,0.16954138442036992,True,False,True
578,189,897.2353,231.33376,897.12415,231.61635,0.21826172,-0.19299316,0,0,False,False,False
578,193,857.8136,248.9789,858.03876,248.84586,-0.11407471,0.11026001,0,0,False,False,False
578,185,446.9638,338.36475,446.83362,338.419,0.2756958,-0.24621582,0,0,False,False,False
578,198,858.1929,250.54816,858.5134,250.52579,0.20220947,-0.15368652,0,0,False,False,False
579,5,1086.8262,282.3861,1087.1704,283.15448,0.11694336,-0.42303467,0,0,False,False,False
579,116,368.50833,483.59082,368.5788,483.59424,-0.1303711,-0.14569092,0,0,False,False,False
579,11,1294.467,475.69495,1294.4869,475.74603,0.023803711,-0.009155273,0,0,False,False,False
579,152,1597.3179,433.83536,1597.2148,434.14905,0.1459961,-0.45425415,0,0,False,False,False
579,105,693.4563,454.6767,698.12103,449.90524,-7.7302246,7.8763733,134.46346680235513,-5.471476324721465,True,False,True
579,77,538.2241,416.7845,540.94104,416.83264,-4.4002075,0.11791992,178.4649139583431,-1.4499059308266453,True,False,True
579,189,896.77435,231.25262,897.0017,231.48903,0.017089844,-0.31134033,0,0,False,False,False
579,193,857.79535,248.95935,857.9535,248.88557,-0.2479248,0.1476593,0,0,False,False,False
579,185,446.95746,338.23486,446.87695,338.35455,0.22375488,-0.15618896,0,0,False,False,False
579,198,858.08264,250.51305,858.3626,250.52132,-0.15332031,-0.06034851,0,0,False,False,False
580,5,1086.5955,282.74915,1086.9692,283.0126,-0.30639648,-0.6151428,0,0,False,False,False
580,116,368.4869,483.5501,368.54663,483.5788,-0.12878418,-0.05987549,0,0,False,False,False
580,11,1294.4536,475.6485,1294.4752,475.7119,0.002319336,-0.022949219,0,0,False,False,False
580,152,1597.2341,433.77747,1597.2214,434.01898,0.16552734,-0.42089844,0,0,False,False,False
580,105,689.33655,457.72717,695.04645,452.64288,-8.178711,8.033508,135.51314848958842,1.0496816872332886,True,True,True
580,77,537.3506,416.23642,539.6844,416.62393,-4.0457764,-0.26565552,-176.24321275038517,5.291873291271713,True,False,True
580,189,896.67737,230.84065,896.8882,231.26208,-0.17614746,-0.5064392,0,0,False,False,False
580,193,857.5499,249.01282,857.8122,248.93011,-0.34783936,0.15588379,0,0,False,False,False
580,185,446.94214,338.21188,446.89975,338.30463,0.13619995,-0.14361572,0,0,False,False,False
581,5,1083.365,281.0881,1085.7078,282.33902,-1.6480713,-1.2292175,-143.28250383899356,0,False,False,False
581,116,368.5074,483.21683,368.5329,483.4521,-0.083862305,-0.14398193,0,0,False,False,False
581,11,1294.4988,475.31165,1294.4834,475.5718,-0.014282227,-0.20175171,0,0,False,False,False
581,152,1597.1345,433.6858,1597.1909,433.90234,0.03149414,-0.4156494,0,0,False,False,False
581,105,688.41675,459.6583,692.7261,455.09827,-7.9067993,7.7622375,135.5285930615522,0.015444571963769249,True,False,True
581,77,536.1353,416.57208,538.4422,416.60577,-3.961792,-0.25280762,-176.34882467589705,-0.10561192551188014,True,False,True
581,189,896.7264,230.67252,896.83154,231.05573,-0.29260254,-0.56062317,0,0,False,False,False
581,185,447.3487,338.23053,447.0569,338.2787,0.2232666,-0.14031982,0,0,False,False,False
582,5,1084.0208,281.26514,1085.1173,281.96313,-2.0531006,-1.1913452,-149.87484822428686,-6.592344385293302,False,False,False
582,116,368.4577,483.3365,368.50656,483.41162,-0.07223511,-0.18261719,0,0,False,False,False
582,11,1294.5908,475.47144,1294.521,475.53668,0.034057617,-0.20935059,0,0,False,False,False
582,152,1597.1141,433.66922,1597.1641,433.82074,-0.05078125,-0.3283081,0,0,False,False,False
582,105,686.12305,462.2831,690.41504,457.61298,-7.7059937,7.707733,134.99353393756124,-0.5350591239909477,True,False,True
582,77,534.5311,417.5067,537.0733,416.92108,-3.8677368,0.08843994,178.69009895098102,-4.961076373121955,True,False,True
582,189,897.0172,230.70482,896.8965,230.9329,-0.10522461,-0.5561218,0,0,False,False,False
582,185,447.43097,338.3772,447.1878,338.31314,0.31085205,-0.041412354,0,0,False,False,False
582,193,856.75226,249.23172,857.44116,249.03568,-0.5975952,0.18981934,0,0,False,False,False
583,116,368.4026,483.53784,368.47015,483.45575,-0.07647705,-0.123046875,0,0,False,False,False
583,11,1294.6597,475.71017,1294.5695,475.5974,0.09423828,-0.11450195,0,0,False,False,False
583,152,1597.1799,433.5514,1597.1696,433.72644,-0.051879883,-0.2925415,0,0,False,False,False
583,105,683.177,464.96497,687.8817,460.18616,-7.164734,7.543274,133.52570382292075,-1.467830114640492,True,False,True
583,77,534.0894,417.9289,536.02893,417.2738,-3.6554565,0.6498718,169.91920623689398,-8.77089271408704,True,False,True
583,189,897.1726,230.67245,896.99304,230.84174,0.1048584,-0.42034912,0,0,False,False,False
583,185,447.38275,338.31934,447.256,338.3153,0.3562622,0.010681152,0,0,False,False,False
584,116,368.3953,483.768,368.44394,483.565,-0.08895874,0.11291504,0,0,False,False,False
584,11,1294.5057,475.76474,1294.5471,475.65594,0.0637207,0.08413696,0,0,False,False,False
584,152,1597.2336,433.55988,1597.1919,433.66815,0.0009765625,-0.2341919,0,0,False,False,False
584,105,677.95264,468.46118,684.4065,463.0824,-8.31958,7.984131,136.17869564287014,2.652991819949392,True,False,True
584,77,532.7492,418.33624,534.881,417.64563,-3.5612183,1.039856,163.72248877222145,-6.196717464672531,True,True,True
584,189,897.1255,230.49533,897.0394,230.72049,0.20788574,-0.3352356,0,0,False,False,False
584,5,1081.6536,280.06354,1083.905,281.29828,-3.064209,-1.714325,-150.77441072319823,-0.8995624989113651,False,False,False
585,116,368.5149,483.71246,368.46875,483.61658,-0.03781128,0.20495605,0,0,False,False,False
585,11,1294.436,475.55133,1294.5082,475.61932,-0.012817383,0.0826416,0,0,False,False,False
585,152,1597.2062,433.61566,1597.1968,433.64975,0.032714844,-0.17098999,0,0,False,False,False
585,105,672.5126,471.67242,680.2436,466.08887,-10.171448,8.475891,140.19547726582638,4.016781622956245,True,False,True
585,77,532.07715,418.47208,533.89966,417.93488,-3.173645,1.013794,162.28436005222406,-1.438128719997394,True,True,True
585,189,897.3075,230.9412,897.13324,230.79773,0.23675537,-0.13517761,0,0,False,False,False
585,5,1081.1494,279.79163,1082.9406,280.77094,-2.767212,-1.5680847,-150.46124962642497,0.313161096773257,False,False,False
585,185,447.34753,338.35776,447.28802,338.33014,0.23114014,0.051452637,0,0,False,False,False
586,116,368.4408,483.12253,368.45895,483.44366,-0.011199951,-0.012084961,0,0,False,False,False
586,11,1294.7537,475.41083,1294.5941,475.54633,0.024658203,-0.051086426,0,0,False,False,False
586,105,670.7237,475.45325,676.9116,469.3664,-10.970093,9.180237,140.0759842415168,-0.11949302430957687,True,False,True
586,77,531.46655,418.5438,533.04803,418.14798,-2.980896,0.874176,163.6557244884491,1.3713644362250363,True,True,True
586,189,897.38763,231.0509,897.2223,230.88634,0.22924805,0.04460144,0,0,False,False,False
586,5,1081.3401,279.50446,1082.3804,280.32767,-2.7369385,-1.6354675,-149.13941832743436,1.3218312989906167,False,False,False
586,185,447.49292,338.05643,447.35974,338.2343,0.17193604,-0.078826904,0,0,False,False,False
587,116,368.07294,482.28342,368.32385,483.03757,-0.12008667,-0.5274353,0,0,False,False,False
587,11,1294.9851,475.16333,1294.731,475.41226,0.18383789,-0.24368286,0,0,False,False,False
587,105,670.5039,477.9345,674.6689,472.3652,-9.73761,9.282806,136.3697573284454,-3.7062269130714185,True,False,True
587,77,531.8406,417.375,532.62537,417.87744,-2.2556152,0.23181152,174.13226350114394,10.476539012694843,True,False,True
587,189,897.3604,231.12076,897.2706,230.96838,0.23120117,0.24789429,0,0,False,False,False
587,5,1079.9578,279.56345,1081.5325,280.06018,-2.3725586,-1.2380981,-152.44260466421866,-3.3031863367843073,False,False,False
587,185,447.1431,338.0802,447.28387,338.18036,0.027862549,-0.13494873,0,0,False,False,False
587,152,1596.8003,433.02847,1597.0579,433.43228,-0.111694336,-0.29415894,0,0,False,False,False
588,116,367.93085,482.08417,368.18628,482.70386,-0.2824707,-0.9127197,0,0,False,False,False
588,11,1295.0662,475.21088,1294.8483,475.34174,0.3400879,-0.2775879,0,0,False,False,False
588,105,665.0043,480.80652,671.28625,475.31964,-8.957336,9.230774,134.13868817342717,-2.2310691550182185,True,False,True
588,77,531.0325,416.86508,532.0679,417.5231,-1.8317871,-0.41177368,0,0,False,False,False
588,189,897.4574,231.31937,897.33594,231.09122,0.20269775,0.29348755,0,0,False,False,False
588,5,1078.862,279.46936,1080.5978,279.8534,-2.3427734,-0.9175415,-158.6123262365142,-6.169721572295543,False,False,False
588,185,447.0678,338.36252,447.20822,338.2441,-0.07980347,-0.08602905,0,0,False,False,False
589,116,367.92773,481.6013,368.09576,482.31796,-0.3631897,-1.1257019,0,0,False,False,False
589,11,1295.0828,475.06918,1294.9303,475.24634,0.33618164,-0.2999878,0,0,False,False,False
589,105,661.1155,483.57208,667.72644,478.208,-9.185181,8.841614,136.09184970303036,1.953161529603193,True,False,True
589,77,530.5538,416.78864,531.53796,417.26605,-1.5100708,-0.8819275,0,0,False,False,False
589,189,897.6076,231.03133,897.43097,231.07025,0.2086792,0.18391418,0,0,False,False,False
589,5,1078.3142,279.3973,1079.7986,279.69376,-2.581787,-0.63391113,-166.204952134421,-7.5926258979067995,False,False,False
589,185,446.96582,338.35287,447.12335,338.28217,-0.23638916,0.047851562,0,0,False,False,False
589,183,1276.6069,389.7981,1276.5402,389.77682,0.07324219,-0.05593872,0,0,False,False,False
589,152,1596.69,432.76434,1596.929,433.1985,-0.26293945,-0.46966553,0,0,False,False,False
590,116,367.85504,481.68527,368.0115,482.0965,-0.3123474,-0.94107056,0,0,False,False,False
590,11,1295.1316,475.1173,1295.0007,475.20117,0.2697754,-0.21109009,0,0,False,False,False
590,105,657.70874,487.29877,664.2202,481.38977,-10.448669,9.024567,139.18266804044688,3.090818337416522,True,False,True
590,77,527.36255,416.78122,530.07654,417.09637,-2.5488281,-0.7810669,-162.96275817610345,0,True,False,True
590,189,897.61316,231.0838,897.4947,231.07498,0.22406006,0.1065979,0,0,False,False,False
590,5,1078.5385,279.23306,1079.3575,279.5325,-2.1749268,-0.52767944,-166.36244411761737,-0.15749198319636548,True,True,False
590,185,446.75287,338.38297,446.99365,338.31744,-0.29022217,0.13708496,0,0,False,False,False
590,183,1276.6238,389.8852,1276.5695,389.81473,0.09460449,0.037628174,0,0,False,False,False
591,116,367.9353,481.34387,367.98483,481.83307,-0.20144653,-0.8707886,0,0,False,False,False
591,11,1295.1858,475.15805,1295.0654,475.18604,0.21716309,-0.15570068,0,0,False,False,False
591,105,653.8207,490.12775,660.5804,484.44806,-10.705872,9.128418,139.5472559763411,0.3645879358942068,True,False,True
591,77,528.0633,416.63638,529.3719,416.93536,-2.695984,-0.58773804,-167.70165370458292,-4.738895528479475,True,True,True
591,189,897.703,230.87968,897.56757,231.00662,0.23162842,-0.08459473,0,0,False,False,False
591,5,1078.6704,279.3723,1079.1171,279.47644,-1.4807129,-0.37695312,0,0,False,False,False
591,185,446.7224,338.4112,446.8987,338.35025,-0.30950928,0.10614014,0,0,False,False,False
591,183,1276.7573,389.83914,1276.6353,389.82324,0.13098145,0.057861328,0,0,False,False,False
591,193,854.9082,248.92377,856.55457,248.99649,-1.3989258,0.11091614,0,0,False,False,False
592,116,368.00726,481.41327,367.99268,481.68616,-0.10308838,-0.6318054,0,0,False,False,False
592,11,1295.0734,475.1632,1295.0681,475.17804,0.13781738,-0.06829834,0,0,False,False,False
592,105,649.4782,493.30255,656.6946,487.54712,-11.03186,9.339111,139.75014471973296,0.2028887433918669,True,False,True
592,77,526.0635,416.30048,528.2139,416.71313,-3.3240356,-0.5529175,-170.55593327682644,-2.854279572243513,True,True,True
592,189,897.52704,230.86836,897.55334,230.95822,0.12237549,-0.11203003,0,0,False,False,False
592,5,1078.2759,279.46442,1078.8226,279.47223,-0.97595215,-0.2215271,0,0,False,False,False
592,185,446.6768,338.47784,446.82104,338.3949,-0.30230713,0.11273193,0,0,False,False,False
592,183,1276.846,389.92395,1276.709,389.85846,0.16882324,0.08163452,0,0,False,False,False
592,193,854.4468,248.99301,855.8168,248.99527,-1.9954224,0.06515503,0,0,False,False,False
592,152,1596.4644,432.83856,1596.7664,433.0725,-0.43041992,-0.57724,0,0,False,False,False
593,116,368.0747,481.1493,368.02136,481.49823,0.009857178,-0.5982666,0,0,False,False,False
593,11,1295.0548,475.09705,1295.0635,475.1497,0.06274414,-0.051483154,0,0,False,False,False
593,105,650.43396,496.32123,654.50336,490.61804,-9.716858,9.2282715,136.47730510311416,-3.2728396166187963,True,False,True
593,77,523.3998,416.58508,526.529,416.6683,-3.5475464,-0.42807007,-173.11958302790978,-2.5636497510833465,True,True,True
593,189,897.5773,230.84439,897.5617,230.91837,0.0670166,-0.15661621,0,0,False,False,False
593,5,1077.4086,281.44107,1078.3276,280.16132,-1.0299072,0.6288147,0,0,False,False,False
593,185,446.76425,338.23636,446.80115,338.33942,-0.19250488,0.021972656,0,0,False,False,False
593,183,1277.021,389.79337,1276.8181,389.83566,0.24865723,0.020935059,0,0,False,False,False
593,193,854.2805,248.95557,855.27905,248.98137,-2.1621094,-0.05430603,-178.56119570070842,0,False,False,False
593,152,1596.4287,432.73248,1596.6482,432.9535,-0.40966797,-0.47879028,0,0,False,False,False
594,116,368.14606,481.0862,368.065,481.354,0.08016968,-0.47906494,0,0,False,False,False
594,11,1295.2363,475.28162,1295.1239,475.19586,0.05847168,0.00982666,0,0,False,False,False
594,105,647.4175,499.29987,652.02325,493.65665,-8.557129,9.208588,132.8999372365126,-3.5773678666015485,True,False,True
594,77,518.24365,418.22784,523.6291,417.2141,-5.742798,0.27874756,177.22112214795695,-9.65929482413327,True,True,True
594,189,897.6202,230.71207,897.58215,230.84616,0.014587402,-0.16046143,0,0,False,False,False
594,185,446.71033,337.9945,446.76935,338.2187,-0.12936401,-0.13156128,0,0,False,False,False
594,183,1277.0292,389.75763,1276.892,389.80835,0.25671387,-0.014892578,0,0,False,False,False
594,193,854.1146,248.77057,854.87146,248.9076,-1.6831055,-0.088897705,0,0,False,False,False
594,152,1596.4402,432.6523,1596.5753,432.84808,-0.3536377,-0.35040283,0,0,False,False,False
595,116,368.10416,481.08118,368.0787,481.25848,0.08602905,-0.42767334,0,0,False,False,False
595,11,1295.2766,475.40222,1295.1772,475.26807,0.10913086,0.090026855,0,0,False,False,False
595,105,645.02997,503.35913,649.57556,497.0525,-7.1190186,9.505371,126.8312629985841,-6.068674237928519,True,False,True
595,189,897.6522,230.75253,897.6067,230.81339,0.053344727,-0.14483643,0,0,False,False,False
595,185,446.6333,338.03314,446.7217,338.15375,-0.09933472,-0.2411499,0,0,False,False,False
595,183,1277.0854,389.77225,1276.9596,389.79572,0.25061035,-0.06274414,0,0,False,False,False
595,193,854.1517,248.96863,854.6195,248.92896,-1.1972656,-0.0663147,0,0,False,False,False
595,152,1596.4406,432.6431,1596.5281,432.77634,-0.23828125,-0.2961731,0,0,False,False,False
595,5,1076.381,281.88934,1077.6462,280.7661,-1.4708252,1.2896729,0,0,False,False,False
596,116,368.06134,480.72766,368.07263,481.0727,0.05126953,-0.4255371,0,0,False,False,False
596,11,1295.2374,475.42407,1295.1982,475.32263,0.13476562,0.17294312,0,0,False,False,False
596,105,640.713,507.37885,646.47363,500.6667,-8.029724,10.048645,128.62783623238948,1.7965732338053897,True,False,True
596,189,897.73584,230.71355,897.65186,230.77844,0.090148926,-0.1399231,0,0,False,False,False
596,185,446.90714,337.53857,446.78662,337.93842,-0.014526367,-0.40100098,0,0,False,False,False
596,183,1277.0391,389.52704,1276.9873,389.70166,0.16918945,-0.13400269,0,0,False,False,False
596,193,853.8605,248.80579,854.3539,248.88583,-0.9251709,-0.09553528,0,0,False,False,False
596,152,1596.4425,432.40607,1596.498,432.64673,-0.15014648,-0.3067627,0,0,False,False,False
596,5,1075.7767,282.07895,1076.992,281.2256,-1.8306885,1.7533569,136.23605678459026,0,True,True,False
597,116,368.1005,480.1532,368.0824,480.75085,0.01739502,-0.6031494,0,0,False,False,False
597,11,1295.3091,474.97168,1295.237,475.19977,0.11315918,0.00390625,0,0,False,False,False
597,105,637.3417,512.5059,643.27747,504.81042,-8.745789,11.153778,128.10034807893445,-0.5274881534550389,True,False,True
597,189,897.71545,230.5322,897.6741,230.69225,0.091918945,-0.1539154,0,0,False,False,False
597,185,447.3647,337.05136,446.98892,337.62793,0.21957397,-0.5907593,0,0,False,False,False
597,183,1277.0503,389.02515,1277.0093,389.46487,0.11730957,-0.34347534,0,0,False,False,False
597,193,853.63025,248.73914,854.1006,248.83447,-0.770874,-0.07312012,0,0,False,False,False
597,152,1596.4858,432.3437,1596.4937,432.54065,-0.08166504,-0.30743408,0,0,False,False,False
597,5,1075.4323,282.14658,1076.446,281.5479,-1.8815918,1.3865967,143.61247841243465,7.376421627844394,False,False,False
597,77,512.60254,420.47302,519.7698,418.3547,-8.444153,1.641571,168.99873154434653,-8.222390603610421,True,True,True
598,116,368.33374,480.26328,368.17035,480.5802,0.09164429,-0.6782837,0,0,False,False,False
598,11,1295.3192,474.73413,1295.2657,475.0368,0.08850098,-0.2312622,0,0,False,False,False
598,105,633.3809,516.0966,639.81366,508.7606,-9.761902,11.708099,129.82044835954827,1.7201002806138206,True,False,True
598,189,897.3783,230.6001,897.5705,230.65997,-0.036193848,-0.15341187,0,0,False,False,False
598,185,447.4892,336.96844,447.164,337.3971,0.44229126,-0.75665283,0,0,False,False,False
598,183,1277.0076,388.84958,1277.0087,389.2495,0.049072266,-0.5462036,0,0,False,False,False
598,193,853.65857,248.73509,853.9458,248.79968,-0.67370605,-0.12927246,0,0,False,False,False
598,152,1596.4583,432.40082,1596.4812,432.4917,-0.046875,-0.28463745,0,0,False,False,False
598,5,1074.7806,279.1888,1075.863,280.72223,-1.7832031,-0.043884277,0,0,False,False,False
598,77,509.93225,420.10052,516.32666,418.96573,-10.202332,2.2974243,167.30946226483093,-1.6892692795155995,True,True,True
599,116,368.41632,480.35114,368.2564,480.5,0.18377686,-0.5726929,0,0,False,False,False
599,11,1295.3359,474.65973,1295.2903,474.90485,0.092041016,-0.41778564,0,0,False,False,False
599,105,629.1815,520.46246,636.0924,512.8562,-10.381226,12.189514,130.41944653508142,0.5989981755331542,True,False,True
599,189,897.09937,230.6492,897.4055,230.65619,-0.24633789,-0.12225342,0,0,False,False,False
599,185,447.52228,336.91925,447.28937,337.22986,0.5027466,-0.7085571,0,0,False,False,False
599,183,1277.061,388.81177,1277.027,389.0963,0.03967285,-0.6053467,0,0,False,False,False
599,193,853.638,248.90677,853.838,248.83716,-0.51586914,-0.048675537,0,0,False,False,False
599,152,1596.536,432.53522,1596.5004,432.50693,0.002319336,-0.13980103,0,0,False,False,False
599,5,1074.1321,277.83383,1075.2572,279.71127,-1.7347412,-1.5143127,-138.88122116920158,0,False,False,False
599,198,854.21277,250.36745,856.91016,250.46747,-1.77594,-0.04626465,0,0,False,False,False
600,116,368.29822,480.30322,368.27103,480.4311,0.18862915,-0.31976318,0,0,False,False,False
600,11,1295.3718,474.70117,1295.3188,474.83356,0.08178711,-0.36621094,0,0,False,False,False
600,105,623.49866,524.2048,631.6846,516.8282,-11.5928955,12.017761,133.96909323350647,3.5496466984250503,True,False,True
600,189,896.83887,230.56473,897.20715,230.62418,-0.46691895,-0.06806946,0,0,False,False,False
600,185,447.4909,336.96674,447.35986,337.13776,0.37094116,-0.49017334,0,0,False,False,False
600,183,1277.0645,388.76648,1277.04,388.98087,0.030761719,-0.4840088,0,0,False,False,False
600,193,853.65015,248.98236,853.7722,248.88797,-0.32836914,0.053497314,0,0,False,False,False
600,152,1596.5532,432.55545,1596.5188,432.5239,0.025146484,-0.01675415,0,0,False,False,False
600,5,1074.4819,277.72644,1074.9858,279.01657,-1.4602051,-2.5313416,-119.97850980480492,18.902711364396666,False,False,False
600,198,854.15656,250.409,855.9464,250.44699,-2.5670166,-0.07879639,-178.2418176642793,0,False,False,False
601,116,368.364,480.18866,368.30356,480.34625,0.13320923,-0.23394775,0,0,False,False,False
601,11,1295.4666,474.64795,1295.3705,474.76862,0.10473633,-0.26818848,0,0,False,False,False
601,105,619.58545,528.6952,627.4499,520.9816,-12.36377,12.221039,135.33263531939298,1.3635420858865075,True,False,True
601,189,897.0258,229.919,897.1437,230.37737,-0.42681885,-0.28260803,0,0,False,False,False
601,185,447.60385,336.67328,447.44525,336.97516,0.28125,-0.42193604,0,0,False,False,False
601,183,1276.9336,388.84778,1277.0027,388.93427,-0.0059814453,-0.31524658,0,0,False,False,False
601,193,853.8499,249.11987,853.7994,248.96913,-0.14642334,0.16944885,0,0,False,False,False
601,152,1596.8597,433.00146,1596.6381,432.69104,0.15686035,0.19934082,0,0,False,False,False
601,5,1074.8011,277.46777,1074.9211,278.4745,-0.94189453,-2.2477417,-112.7356519707395,7.242857834065418,False,False,False
601,198,854.1476,250.62323,855.31683,250.50867,-3.0457764,-0.012649536,-179.76204396553695,-1.520226301257651,False,False,False
601,77,514.6491,417.79547,515.7395,418.55615,-7.8895874,1.342041,170.3462294552479,3.036767190416981,True,True,True
602,116,368.4224,480.0987,368.34515,480.2596,0.08874512,-0.24038696,0,0,False,False,False
602,11,1295.4336,474.7456,1295.3926,474.76056,0.10229492,-0.14428711,0,0,False,False,False
602,105,616.4402,534.1142,623.59644,525.578,-12.495972,12.721802,134.4869188381692,-0.845716481223775,True,False,True
602,189,896.9331,230.0665,897.06995,230.26855,-0.3355713,-0.38763428,0,0,False,False,False
602,185,447.57172,336.55603,447.4895,336.82846,0.20013428,-0.4013977,0,0,False,False,False
602,183,1276.8643,388.808,1276.9542,388.89008,-0.072753906,-0.2062378,0,0,False,False,False
602,193,853.88965,248.98296,853.83093,248.97397,-0.007080078,0.1368103,0,0,False,False,False
602,152,1596.9998,433.08716,1596.7646,432.82968,0.26428223,0.3227539,0,0,False,False,False
602,5,1073.9998,277.63022,1074.5986,278.179,-0.65856934,-1.5322876,0,0,False,False,False
602,198,854.1604,250.57248,854.9121,250.53099,-1.9980469,0.06352234,0,0,False,False,False
602,77,515.79846,416.98883,515.76013,418.00757,-4.0096436,-0.34713745,-175.0519192062794,14.60185133847267,True,False,True
603,116,368.52173,480.0751,368.40695,480.195,0.1359253,-0.23608398,0,0,False,False,False
603,11,1295.3706,474.7713,1295.3848,474.7643,0.06591797,-0.069244385,0,0,False,False,False
603,105,607.27563,538.79517,617.88416,530.204,-13.800415,13.375793,135.8951596391814,1.408240801012198,True,False,True
603,189,896.8005,230.12637,896.9756,230.21878,-0.23156738,-0.4053955,0,0,False,False,False
603,185,447.46454,336.63525,447.48074,336.76083,0.12088013,-0.3769226,0,0,False,False,False
603,183,1276.789,388.7587,1276.8964,388.84406,-0.14367676,-0.1368103,0,0,False,False,False
603,193,853.7792,249.06981,853.8128,249.0075,0.04058838,0.11953735,0,0,False,False,False
603,152,1596.974,433.22498,1596.8379,432.96802,0.3190918,0.4441223,0,0,False,False,False
603,5,1072.4082,277.93304,1073.8319,278.0929,-1.1539307,-0.92367554,0,0,False,False,False
603,198,854.05225,250.64809,854.61115,250.57196,-1.3352661,0.12496948,0,0,False,False,False
603,77,516.16724,416.74405,515.9026,417.5653,-0.42407227,-1.4004211,0,0,False,False,False
604,116,368.6574,480.13095,368.4946,480.17258,0.19104004,-0.17367554,0,0,False,False,False
604,11,1295.2695,474.74554,1295.3444,474.75775,-0.026123047,-0.010864258,0,0,False,False,False
604,105,605.2078,542.518,613.44745,534.51385,-14.002441,13.532227,135.97835599575743,0.08319635657602475,True,False,True
604,189,896.5475,230.13483,896.82574,230.18939,-0.31793213,-0.18797302,0,0,False,False,False
604,185,447.4187,336.62286,447.45905,336.71252,0.013793945,-0.26263428,0,0,False,False,False
604,183,1276.7742,388.95084,1276.8535,388.8814,-0.14916992,-0.052856445,0,0,False,False,False
604,193,853.53876,248.85577,853.7169,248.95439,-0.082458496,-0.01473999,0,0,False,False,False
604,152,1597.0454,433.13498,1596.9104,433.02643,0.27233887,0.33538818,0,0,False,False,False
604,5,1071.4407,277.90463,1072.995,278.02698,-1.9261475,-0.44750977,0,0,False,False,False
604,77,514.4664,416.52185,515.3999,417.20007,-0.3395996,-1.3560791,0,0,False,False,False
605,116,368.87857,480.3341,368.62897,480.22906,0.28381348,-0.030548096,0,0,False,False,False
605,11,1295.2719,474.22174,1295.319,474.57013,-0.0736084,-0.19042969,0,0,False,False,False
605,105,602.25116,547.0187,609.5287,538.8905,-14.067749,13.3125,136.5800298851309,0.6016738893734725,True,False,True
605,189,896.4682,230.04489,896.70056,230.1388,-0.36938477,-0.12976074,0,0,False,False,False
605,185,447.20197,336.53174,447.36905,336.64923,-0.12045288,-0.17922974,0,0,False,False,False
605,183,1276.786,389.06958,1276.8298,388.94727,-0.12438965,0.05718994,0,0,False,False,False
605,193,853.2102,248.75055,853.53955,248.88303,-0.29138184,-0.09094238,0,0,False,False,False
605,152,1597.0022,432.9904,1596.9424,433.0138,0.17773438,0.18411255,0,0,False,False,False
605,5,1070.9274,277.82928,1072.2712,277.95776,-2.3273926,-0.22122192,-174.57026883077836,0,False,False,False
605,77,515.0355,416.27298,515.27234,416.87555,-0.48779297,-1.132019,0,0,False,False,False
606,116,369.063,480.4482,368.78088,480.3058,0.37393188,0.11077881,0,0,False,False,False
606,11,1295.1819,473.5483,1295.271,474.2125,-0.11376953,-0.55181885,0,0,False,False,False
606,105,589.99426,552.58215,602.69165,543.68256,-15.192505,13.478577,138.42101253103607,1.8409826459051715,True,False,True
606,189,896.7856,230.19794,896.7303,230.15948,-0.2453003,-0.059295654,0,0,False,False,False
606,185,446.8081,336.41574,447.17273,336.5675,-0.30801392,-0.19332886,0,0,False,False,False
606,183,1276.7451,389.12677,1276.8002,389.01007,-0.096191406,0.16601562,0,0,False,False,False
606,193,852.8467,248.84732,853.297,248.87051,-0.5158081,-0.13699341,0,0,False,False,False
606,152,1596.9702,433.12012,1596.952,433.051,0.11413574,0.082977295,0,0,False,False,False
606,5,1070.5408,277.19693,1071.6655,277.69147,-2.1663818,-0.40142822,-169.502222447889,5.068046382889349,False,False,False
606,77,504.76703,418.0089,511.59546,417.27222,-4.307129,-0.29309082,-176.10714716914532,-1.0552279628659278,True,False,True
607,116,368.9948,480.5086,368.85574,480.37677,0.36114502,0.20419312,0,0,False,False,False
607,11,1295.1571,473.16388,1295.2311,473.84546,-0.11328125,-0.9122925,0,0,False,False,False
607,105,583.3982,557.5069,595.93896,548.52106,-17.508484,14.007202,141.33936358601537,2.918351054979297,True,False,True
607,189,896.992,230.25143,896.82184,230.19165,-0.00390625,0.0022583008,0,0,False,False,False
607,185,446.4908,336.35364,446.93405,336.49265,-0.5249939,-0.21987915,0,0,False,False,False
607,183,1276.7563,389.0835,1276.7848,389.03577,-0.068725586,0.15435791,0,0,False,False,False
607,193,852.4697,248.75183,853.00745,248.82896,-0.70947266,-0.12542725,0,0,False,False,False
607,152,1597.0676,433.06818,1596.9924,433.05698,0.08203125,0.030548096,0,0,False,False,False
607,5,1070.45,276.964,1071.24,277.43683,-1.7550049,-0.5901489,0,0,False,False,False
607,77,508.3575,416.59753,510.46216,417.03607,-4.937744,-0.16400146,-178.09768621575958,-1.9905390466142592,True,False,True
608,116,368.8169,480.65973,368.84213,480.4758,0.21316528,0.24673462,0,0,False,False,False
608,11,1295.2019,472.8551,1295.2208,473.49884,-0.09814453,-1.0712891,0,0,False,False,False
608,105,577.9053,561.68585,589.6272,553.1287,-19.90149,14.23822,144.41874637966094,3.0793827936455784,True,False,True
608,189,896.7886,230.17429,896.8102,230.18558,0.10961914,0.046783447,0,0,False,False,False
608,185,446.35297,336.8206,446.73065,336.60742,-0.6383972,-0.041809082,0,0,False,False,False
608,183,1276.758,389.0959,1276.7754,389.05682,-0.05444336,0.109558105,0,0,False,False,False
608,193,852.2717,248.77516,852.74994,248.81012,-0.7896118,-0.072906494,0,0,False,False,False
608,152,1596.9868,433.12695,1596.9905,433.08148,0.048095703,0.06768799,0,0,False,False,False
608,5,1070.2714,276.81915,1070.9009,277.22064,-1.3703613,-0.7371216,0,0,False,False,False
608,77,510.41397,415.80542,510.44525,416.60532,-4.8270874,-0.27023315,-176.795774928871,1.3019112868885827,True,False,True
609,116,368.88776,480.87823,368.8581,480.61664,0.07720947,0.31085205,0,0,False,False,False
609,11,1295.2253,473.06192,1295.2224,473.3459,-0.048583984,-0.86660767,0,0,False,False,False
609,105,578.501,567.0556,585.73303,558.0031,-16.958618,14.320557,139.82087307743822,-4.597873302222723,True,False,True
609,189,896.6726,230.51431,896.76196,230.30063,0.031677246,0.1411438,0,0,False,False,False
609,185,446.06454,336.70697,446.4975,336.64224,-0.67523193,0.07473755,0,0,False,False,False
609,183,1276.8184,389.01544,1276.7904,389.04233,-0.009765625,0.03225708,0,0,False,False,False
609,193,851.88666,248.75456,852.44775,248.79068,-0.84924316,-0.079833984,0,0,False,False,False
609,152,1597.1509,433.13477,1597.0466,433.10013,0.09460449,0.0491333,0,0,False,False,False
609,5,1070.2427,276.36688,1070.6705,276.9218,-0.9949951,-0.7696533,0,0,False,False,False
609,77,510.124,415.932,510.3328,416.36966,-1.2626648,-0.9025574,0,0,False,False,False
610,116,368.8766,481.07147,368.86456,480.77582,0.00881958,0.39904785,0,0,False,False,False
610,11,1295.1791,473.14743,1295.2073,473.2764,-0.023803711,-0.5690613,0,0,False,False,False
610,105,571.9077,572.5012,580.89417,563.0774,-15.0448,14.556335,135.94538286778482,-3.8754902096534067,True,False,True
610,189,896.6563,230.57858,896.725,230.3979,-0.09686279,0.20625305,0,0,False,False,False
610,185,446.1875,336.71625,446.38898,336.66812,-0.54507446,0.17547607,0,0,False,False,False
610,183,1276.787,388.95966,1276.7892,389.01337,0.0043945312,-0.022399902,0,0,False,False,False
610,193,851.5786,248.83702,852.14355,248.8069,-0.8638916,-0.022064209,0,0,False,False,False
610,152,1596.9954,433.08618,1597.0287,433.0952,0.036254883,0.038238525,0,0,False,False,False
610,5,1070.0447,276.3285,1070.4514,276.71414,-0.7885742,-0.72268677,0,0,False,False,False
610,77,508.82504,416.25732,509.80505,416.33032,-0.6571045,-0.7057495,0,0,False,False,False
610,200,1322.3333,417.86682,1322.2177,417.95312,0.26940918,-0.30944824,0,0,False,False,False
611,116,368.9272,481.13416,368.88647,480.90125,0.04434204,0.42544556,0,0,False,False,False
611,11,1295.1715,473.17267,1295.1947,473.24005,-0.026123047,-0.25878906,0,0,False,False,False
611,105,562.3788,578.0801,574.41376,568.3283,-15.21344,15.199585,135.0261017065461,-0.9192811612387288,True,False,True
611,189,896.56934,230.58435,896.6705,230.46317,-0.13970947,0.2775879,0,0,False,False,False
611,185,446.1878,336.7049,446.31854,336.68097,-0.41210938,0.07354736,0,0,False,False,False
611,183,1276.7687,388.9602,1276.782,388.99475,0.006591797,-0.062072754,0,0,False,False,False
611,193,851.2498,249.0404,851.83075,248.88861,-0.91918945,0.07849121,0,0,False,False,False
611,152,1597.0221,433.0545,1597.0264,433.08093,0.035888672,-0.0005493164,0,0,False,False,False
611,5,1070.2769,276.04874,1070.3903,276.48123,-0.5106201,-0.7394104,0,0,False,False,False
611,77,507.83844,416.2755,509.1167,416.3111,-1.3285522,-0.29421997,0,0,False,False,False
611,200,1322.3145,417.65955,1322.2515,417.85034,0.2076416,-0.23010254,0,0,False,False,False
612,116,369.0018,481.2898,368.92682,481.03723,0.068725586,0.42059326,0,0,False,False,False
612,11,1295.1511,473.14886,1295.1794,473.20813,-0.04296875,-0.13775635,0,0,False,False,False
612,105,561.78345,584.34485,569.99316,573.9341,-15.739868,15.930969,134.65428283460682,-0.37181887193926855,True,False,True
612,189,896.2737,231.51343,896.5315,230.83075,-0.23046875,0.53012085,0,0,False,False,False
612,185,446.09314,336.71588,446.23965,336.69318,-0.25784302,0.050933838,0,0,False,False,False
612,183,1276.7721,389.00586,1276.7786,388.99863,-0.01184082,-0.043701172,0,0,False,False,False
612,193,851.1718,249.19809,851.6001,248.99692,-0.84765625,0.2062378,0,0,False,False,False
612,152,1596.9941,433.05225,1597.0151,433.07086,-0.03149414,-0.029266357,0,0,False,False,False
612,5,1069.647,275.8549,1070.1301,276.26202,-0.5404053,-0.65979004,0,0,False,False,False
612,200,1322.2991,417.63382,1322.2681,417.77454,0.11254883,-0.22506714,0,0,False,False,False
613,116,368.9473,481.16632,368.93396,481.0824,0.06939697,0.3065796,0,0,False,False,False
613,11,1295.2455,473.30582,1295.2025,473.2423,-0.004760742,-0.034088135,0,0,False,False,False
613,105,556.3299,591.90796,565.211,580.2249,-15.6831665,17.147522,132.4461146241579,-2.2081682104489175,True,False,True
613,189,896.3428,232.10199,896.4654,231.27567,-0.25958252,0.87776184,0,0,False,False,False
613,185,445.90247,336.7284,446.1216,336.7055,-0.2673645,0.037384033,0,0,False,False,False
613,183,1276.7601,389.0199,1276.7721,389.00604,-0.017089844,-0.0073242188,0,0,False,False,False
613,193,851.0732,249.3812,851.41565,249.13141,-0.7279053,0.32450867,0,0,False,False,False
613,152,1596.9208,433.16998,1596.982,433.10556,-0.04663086,0.010345459,0,0,False,False,False
613,5,1069.3564,275.37604,1069.8593,275.95193,-0.5921631,-0.76220703,0,0,False,False,False
613,200,1322.2678,417.59784,1322.268,417.71268,0.05029297,-0.240448,0,0,False,False,False
613,198,850.71423,251.07303,853.2472,250.74731,-2.069641,0.23864746,173.42235238076725,-6.815603653695803,False,False,False
613,77,499.849,417.07843,505.873,416.57965,-4.4598083,0.20999146,177.30420154851208,-5.900023522616948,True,True,False
614,116,369.0094,481.0302,368.96036,481.06412,0.07388306,0.16287231,0,0,False,False,False
614,11,1295.2695,472.89807,1295.226,473.12183,0.03125,-0.1182251,0,0,False,False,False
614,105,547.84955,597.93634,559.1345,586.4239,-15.279236,18.095581,130.1765037893874,-2.2696108347705035,True,False,True
614,189,896.2007,232.51785,896.3727,231.71042,-0.29779053,1.2472534,0,0,False,False,False
614,185,446.09888,336.48804,446.11365,336.6294,-0.20489502,-0.051574707,0,0,False,False,False
614,183,1276.7205,388.80286,1276.754,388.9349,-0.027954102,-0.05984497,0,0,False,False,False
614,193,851.2145,249.32916,851.3452,249.20062,-0.48553467,0.31201172,0,0,False,False,False
614,152,1597.2163,432.87366,1597.064,433.0244,0.037597656,-0.056518555,0,0,False,False,False
614,5,1068.9619,274.8863,1069.5452,275.57895,-0.8450928,-0.9022827,0,0,False,False,False
614,198,850.69775,250.98997,852.35486,250.83224,-2.557251,0.30125427,173.28129673217214,-0.14105564859511333,False,False,False
614,77,491.50314,418.18665,500.84354,417.1421,-8.961517,0.8117676,174.82406120012936,-2.4801403483827187,True,True,True
615,116,369.05988,480.78662,368.99518,480.96698,0.068359375,-0.070251465,0,0,False,False,False
615,11,1295.2084,472.69263,1295.2197,472.9716,0.040283203,-0.23654175,0,0,False,False,False
615,189,896.08496,232.47588,896.272,231.97833,-0.25952148,1.147583,0,0,False,False,False
615,185,446.30792,336.17883,446.1816,336.47168,-0.058044434,-0.22149658,0,0,False,False,False
615,183,1276.7141,388.90463,1276.74,388.92432,-0.03857422,-0.0743103,0,0,False,False,False
615,193,851.26,249.45203,851.3154,249.2886,-0.28466797,0.291687,0,0,False,False,False
615,152,1597.2578,432.97485,1597.1318,433.00705,0.11669922,-0.063812256,0,0,False,False,False
615,5,1068.1481,275.47125,1069.0562,275.54126,-1.0739746,-0.72076416,0,0,False,False,False
615,198,850.58704,251.22035,851.7361,250.96808,-2.875061,0.39611816,172.15533042674866,-1.125966305423475,False,False,False
615,77,491.22726,417.77246,497.4778,417.36267,-11.6388855,1.0515747,174.83733682278935,0.013275622659989494,True,True,True
616,116,369.09625,480.74762,369.03055,480.8902,0.096588135,-0.1921997,0,0,False,False,False
616,11,1295.2908,472.7459,1295.2445,472.89258,0.041992188,-0.34973145,0,0,False,False,False
616,189,896.0853,232.61478,896.20667,232.20108,-0.25872803,0.92541504,0,0,False,False,False
616,185,446.4174,336.101,446.2641,336.34195,0.14248657,-0.3635559,0,0,False,False,False
616,193,851.201,249.54153,851.2753,249.37712,-0.14031982,0.24571228,0,0,False,False,False
616,152,1597.2654,433.00488,1597.1785,433.0063,0.19641113,-0.09927368,0,0,False,False,False
616,5,1067.8062,275.9197,1068.6187,275.6737,-1.2406006,-0.27822876,0,0,False,False,False
616,198,850.376,251.36539,851.26,251.10712,-1.9871826,0.35980225,169.73712697868973,-2.4182034480589323,False,False,False
616,77,490.65723,417.49896,495.09058,417.41037,-10.78241,0.830719,175.59441223932853,0.7570754165391804,True,True,True
617,116,369.14725,480.718,369.07138,480.8299,0.11102295,-0.23422241,0,0,False,False,False
617,11,1295.2843,472.79138,1295.2583,472.85712,0.032348633,-0.26470947,0,0,False,False,False
617,189,895.90656,233.07587,896.10156,232.50725,-0.27111816,0.7968292,0,0,False,False,False
617,185,446.50092,335.95422,446.347,336.20624,0.2333374,-0.42315674,0,0,False,False,False
617,193,851.1797,249.4748,851.2418,249.4113,-0.103393555,0.2106781,0,0,False,False,False
617,152,1597.3544,433.1482,1597.24,433.05594,0.17602539,0.03152466,0,0,False,False,False
617,5,1067.54,276.1496,1068.2411,275.84027,-1.3040771,0.26132202,0,0,False,False,False
617,77,494.27966,417.55466,494.80676,417.46088,-6.0367737,0.31878662,176.9771637865883,1.3827515472597725,True,False,True
618,116,369.21655,480.59113,369.1222,480.74634,0.12701416,-0.22064209,0,0,False,False,False
618,11,1295.2014,472.86426,1295.2383,472.85962,0.018554688,-0.111968994,0,0,False,False,False
618,189,895.98975,233.17856,896.0624,232.74219,-0.20959473,0.763855,0,0,False,False,False
618,185,446.49603,335.96478,446.3991,336.1217,0.21749878,-0.3499756,0,0,False,False,False
618,193,851.14453,249.5995,851.20776,249.47717,-0.107666016,0.18856812,0,0,False,False,False
618,152,1597.4241,433.22455,1597.3043,433.11493,0.17248535,0.10787964,0,0,False,False,False
618,5,1067.1548,276.24435,1067.8608,275.9817,-1.1953125,0.4404297,0,0,False,False,False
618,77,494.81866,417.86554,494.8109,417.60248,-2.6669006,0.23980713,174.86179458680482,-2.115369199783487,True,False,True
619,116,369.29266,480.46564,369.18182,480.64807,0.15127563,-0.24212646,0,0,False,False,False
619,11,1295.2151,472.87485,1295.2301,472.86493,-0.014404297,-0.027648926,0,0,False,False,False
619,189,896.1443,233.32358,896.09106,232.94566,-0.115600586,0.74458313,0,0,False,False,False
619,185,446.44473,336.0379,446.4151,336.09235,0.15100098,-0.24960327,0,0,False,False,False
619,193,850.99255,249.71313,851.13245,249.55975,-0.1428833,0.18263245,0,0,False,False,False
619,152,1597.6516,433.05444,1597.4258,433.09375,0.24731445,0.08746338,0,0,False,False,False
619,5,1067.8616,278.69666,1067.8611,276.93192,-0.75756836,1.2582092,0,0,False,False,False
619,77,489.96466,417.77994,493.1147,417.66455,-1.9758911,0.2541809,0,0,False,False,False
619,198,850.2245,251.56595,850.8975,251.2677,-1.4573364,0.43545532,0,0,False,False,False
620,116,369.2776,480.58032,369.21533,480.62433,0.14395142,-0.2055664,0,0,False,False,False
620,11,1295.2468,472.83527,1295.236,472.85452,-0.022338867,-0.0025939941,0,0,False,False,False
620,189,896.2471,233.63712,896.1456,233.18765,0.044067383,0.68040466,0,0,False,False,False
620,185,446.43607,336.112,446.42242,336.0992,0.07543945,-0.10702515,0,0,False,False,False
620,152,1597.9524,432.95367,1597.61,433.0447,0.36999512,-0.011230469,0,0,False,False,False
620,5,1067.3293,279.89716,1067.6749,277.96973,-0.5661621,2.1294556,104.88888794676721,0,False,False,False
620,77,483.93942,418.00116,489.90332,417.78235,-4.9034424,0.32147217,176.24902762660346,1.3872330397986445,True,False,True
620,208,304.0501,451.99835,304.36908,452.71497,-0.52908325,-0.4718628,0,0,False,False,False
620,198,849.6188,251.80908,850.44995,251.45718,-1.2861328,0.48910522,0,0,False,False,False
621,116,369.51666,480.56665,369.3208,480.60413,0.1986084,-0.14221191,0,0,False,False,False
621,11,1295.1198,472.8149,1295.1952,472.84064,-0.04309082,-0.018981934,0,0,False,False,False
621,189,896.09924,233.95822,896.1294,233.45735,0.0670166,0.7151642,0,0,False,False,False
621,152,1598.0708,433.00024,1597.7712,433.02914,0.46691895,-0.08578491,0,0,False,False,False
621,5,1066.6384,280.53687,1067.3121,278.86823,-0.54870605,2.8865356,100.76303005074485,-4.125857896022367,False,False,False
621,208,303.6145,451.3241,304.10498,452.22815,-0.6713867,-0.82733154,0,0,False,False,False
621,198,849.1714,251.95296,850.00244,251.63069,-1.2575684,0.5235748,0,0,False,False,False
622,116,369.60876,480.7014,369.42157,480.63815,0.2397461,-0.009918213,0,0,False,False,False
622,11,1295.0935,472.82513,1295.1595,472.8352,-0.07055664,-0.029724121,0,0,False,False,False
622,189,896.43884,234.1644,896.2377,233.7048,0.14660645,0.75914,0,0,False,False,False
622,152,1598.0587,432.95187,1597.8718,433.00208,0.44604492,-0.091674805,0,0,False,False,False
622,5,1066.2297,280.19217,1066.9332,279.3316,-0.92785645,2.3996887,111.13934306099306,10.37631301024821,True,True,False
622,208,303.2229,450.09796,303.79623,451.48254,-0.7445984,-1.6183472,0,0,False,False,False
622,198,848.84705,252.29623,849.598,251.86362,-1.2994995,0.59591675,0,0,False,False,False
623,116,369.60205,480.83533,369.48474,480.70715,0.26940918,0.08282471,0,0,False,False,False
623,11,1295.1005,472.72314,1295.1389,472.79596,-0.0970459,-0.058563232,0,0,False,False,False
623,189,896.5758,234.15558,896.35596,233.86256,0.21032715,0.6749115,0,0,False,False,False
623,152,1598.1809,432.8938,1597.98,432.96417,0.36999512,-0.08053589,0,0,False,False,False
623,5,1065.4585,276.73587,1066.417,278.4231,-1.2579346,0.45336914,0,0,False,False,False
623,208,301.80344,450.32852,303.09875,451.0786,-1.2703247,-1.6363525,-127.82271905785373,0,False,False,False
623,198,848.65845,252.19037,849.26917,251.97797,-1.1807861,0.5207825,0,0,False,False,False
623,185,446.50916,335.4615,446.45276,335.876,0.053649902,-0.24569702,0,0,False,False,False
623,77,475.38715,418.78253,484.82263,418.1324,-9.988281,0.5299072,176.96314013815794,0.7141125115544753,True,False,True
624,116,369.43762,480.73877,369.46823,480.7182,0.14743042,0.11407471,0,0,False,False,False
624,11,1295.0542,472.78992,1295.1093,472.79382,-0.0859375,-0.046813965,0,0,False,False,False
624,189,896.39,233.91443,896.36786,233.8807,0.23846436,0.4233551,0,0,False,False,False
624,152,1598.2637,432.91144,1598.0791,432.94568,0.30786133,-0.083465576,0,0,False,False,False
624,5,1065.0044,274.6866,1065.9226,277.11533,-1.3895264,-1.7528992,-128.40392657889257,0,True,True,False
624,208,300.98514,451.48846,302.35898,451.22205,-1.7460022,-1.0061035,-150.04804833973134,0,False,False,False
624,198,848.6649,252.02988,849.0577,251.99612,-0.9447632,0.36543274,0,0,False,False,False
624,185,446.74463,335.43793,446.55487,335.72266,0.13977051,-0.36968994,0,0,False,False,False
624,77,472.69586,418.7696,480.57825,418.3554,-12.536438,0.69085693,176.84573962632427,-0.11740051183366518,True,False,True
625,116,369.3025,480.58035,369.41022,480.66995,-0.011352539,0.031799316,0,0,False,False,False
625,11,1295.1184,473.1279,1295.1124,472.91074,-0.04711914,0.075531006,0,0,False,False,False
625,189,896.20984,234.00934,896.3125,233.92572,0.0748291,0.22091675,0,0,False,False,False
625,152,1598.1901,432.85828,1598.1179,432.91507,0.24609375,-0.087005615,0,0,False,False,False
625,5,1064.7012,273.7474,1065.4951,275.93655,-1.4381104,-3.39505,-112.95704569362393,15.44688088526864,True,True,False
625,208,299.61646,451.46497,301.39908,451.30707,-2.3971558,-0.17547607,-175.81331428505223,0,False,False,False
625,198,848.6412,251.93422,848.91187,251.97446,-0.6861572,0.110839844,0,0,False,False,False
625,77,470.89026,419.06247,477.18744,418.60284,-12.715881,0.8204956,176.30809276799494,-0.5376468583293388,True,False,True
625,193,849.56305,250.18086,850.5831,249.77713,-0.6586914,0.36582947,0,0,False,False,False
626,116,369.18207,480.43713,369.33035,480.58844,-0.15438843,-0.11871338,0,0,False,False,False
626,11,1295.146,473.21408,1295.1241,473.0169,-0.014770508,0.22094727,0,0,False,False,False
626,189,895.95776,234.15442,896.1883,234.00577,-0.16766357,0.14320374,0,0,False,False,False
626,152,1598.123,432.6953,1598.1196,432.83813,0.13964844,-0.1260376,0,0,False,False,False
626,5,1064.2876,273.0174,1065.0724,274.91483,-1.3446045,-3.5082703,-110.9701835444407,1.9868621491832243,True,True,False
626,208,298.36755,452.14233,300.33804,451.5994,-2.7607117,0.5207825,169.31722240679017,-14.869463308157606,False,False,False
626,198,848.5626,252.31508,848.78955,252.09366,-0.47961426,0.11569214,0,0,False,False,False
626,77,470.00824,419.65863,474.67468,418.97235,-10.147949,0.8399658,175.26830131694763,-1.0397914510473072,True,False,True
626,185,446.61523,335.4142,446.576,335.6147,0.15356445,-0.4845276,0,0,False,False,False
627,116,369.12463,480.14957,369.25836,480.4348,-0.20986938,-0.28338623,0,0,False,False,False
627,11,1295.1083,473.12717,1295.1187,473.05548,0.009399414,0.2616577,0,0,False,False,False
627,189,895.99915,233.90683,896.1221,233.97113,-0.24578857,0.090423584,0,0,False,False,False
627,152,1598.0872,432.1373,1598.1082,432.59283,0.029052734,-0.35284424,0,0,False,False,False
627,5,1063.6873,272.63892,1064.5875,274.11826,-1.335083,-2.9970703,-114.01118851403166,-3.041004969590958,True,True,False
627,208,297.51486,452.4689,299.3499,451.9037,-3.0090637,0.6816406,167.23625214941453,-2.0809702573756397,False,False,False
627,198,848.4431,252.49637,848.6683,252.23459,-0.3894043,0.23846436,0,0,False,False,False
627,77,469.83112,419.9018,472.97943,419.29767,-7.598816,0.94226074,172.93134868103087,-2.3369526359167594,True,False,True
628,116,368.8153,480.2219,369.10327,480.3603,-0.3069458,-0.30966187,0,0,False,False,False
628,11,1294.9763,473.03958,1295.0688,473.04993,-0.0435791,0.13919067,0,0,False,False,False
628,189,895.9862,233.6576,896.07446,233.86139,-0.23803711,-0.064331055,0,0,False,False,False
628,152,1598.0583,431.47034,1598.0907,432.19995,-0.02722168,-0.7151184,0,0,False,False,False
628,5,1062.6106,272.47095,1063.8955,273.5417,-1.5996094,-2.394867,-123.74024764844424,-9.72905913441258,True,True,False
628,208,296.32895,452.93024,298.29257,452.26297,-3.1065063,0.9559021,162.89636133179474,-4.339890817619789,False,False,False
628,198,848.19324,252.92001,848.50195,252.47449,-0.4099121,0.5000305,0,0,False,False,False
628,77,467.29675,419.55652,470.99048,419.38824,-6.1969604,0.7854004,172.77686549884834,-0.1544831821825312,True,True,True
628,185,446.49194,335.46838,446.54657,335.56348,0.093811035,-0.31253052,0,0,False,False,False
629,116,368.8558,480.27826,369.01666,480.33157,-0.3136902,-0.25686646,0,0,False,False,False
629,11,1294.9508,473.01715,1295.0276,473.03845,-0.09655762,0.02154541,0,0,False,False,False
629,152,1597.9742,431.32016,1598.0498,431.89203,-0.06982422,-0.94610596,0,0,False,False,False
629,5,1062.0303,272.57703,1063.2427,273.20404,-1.8297119,-1.7107849,-136.92386960138873,-13.183621952944492,False,False,False
629,208,295.59836,453.70715,297.3496,452.76843,-2.9884338,1.1690369,158.63520209123197,-4.261159240562762,False,False,False
629,198,848.18695,253.08673,848.39166,252.68877,-0.39788818,0.59510803,0,0,False,False,False
629,77,466.06808,419.74,469.26764,419.51135,-5.4070435,0.53900146,174.30727335045137,1.5304078516030302,True,True,True
630,116,368.80542,480.1321,368.94272,480.26175,-0.3156433,-0.17306519,0,0,False,False,False
630,11,1295.012,473.0429,1295.0221,473.03998,-0.09655762,-0.01550293,0,0,False,False,False
630,152,1597.841,431.79288,1597.9766,431.8573,-0.1315918,-0.73553467,0,0,False,False,False
630,5,1061.9222,272.36987,1062.7805,272.91208,-1.8070068,-1.2061768,-146.2768966228248,-9.353027021436077,True,False,False
630,208,294.46402,454.09436,296.33966,453.23248,-3.010254,1.3287964,156.18221664946267,-2.4529854417693002,False,False,False
630,198,847.5664,252.76196,848.1028,252.71439,-0.5654907,0.47979736,0,0,False,False,False
630,77,462.44342,420.08362,466.87915,419.71164,-6.100281,0.41397095,176.11780504858982,1.8105316981384476,True,True,True
630,189,896.3669,233.60403,896.17676,233.77132,-0.0115356445,-0.2344513,0,0,False,False,False
631,116,368.6383,479.696,368.83618,480.06372,-0.26708984,-0.29656982,0,0,False,False,False
631,11,1295.1829,473.0988,1295.0784,473.06055,0.009521484,0.010620117,0,0,False,False,False
631,152,1597.6401,431.7456,1597.8586,431.8182,-0.23205566,-0.38174438,0,0,False,False,False
631,208,293.5669,454.79074,295.3692,453.77786,-2.9233704,1.5148926,152.60677744388093,-3.5754392055817448,False,False,False
631,198,847.1577,252.73386,847.772,252.72119,-0.72998047,0.2467041,0,0,False,False,False
631,77,458.37634,420.67627,463.90314,420.04926,-7.0873413,0.66101074,174.67164355966702,-1.4461614889227974,True,True,True
631,189,896.2704,233.35146,896.20953,233.62436,0.08746338,-0.34677124,0,0,False,False,False
631,183,1276.7231,387.15442,1276.7341,388.30484,-0.037963867,-0.7012024,0,0,False,False,False
632,116,368.7707,479.50885,368.81323,479.8695,-0.20343018,-0.46206665,0,0,False,False,False
632,11,1295.3469,473.03693,1295.1724,473.05228,0.14477539,0.013824463,0,0,False,False,False
632,152,1597.8259,430.93576,1597.8472,431.50934,-0.20263672,-0.38269043,0,0,False,False,False
632,208,292.71097,454.61975,294.4388,454.0725,-2.910797,1.3040771,155.86696402380184,3.260186579920912,False,False,False
632,198,846.97876,252.76797,847.4943,252.73755,-0.89733887,0.04878235,0,0,False,False,False
632,77,455.75793,420.70474,461.0523,420.2787,-8.215332,0.767334,174.66390249221442,-0.007741067452599282,True,True,True
632,189,896.1428,232.74922,896.18616,233.31805,0.111694336,-0.54333496,0,0,False,False,False
633,116,368.82214,479.25586,368.81635,479.65472,-0.12637329,-0.60702515,0,0,False,False,False
633,11,1295.4684,473.07,1295.2759,473.05847,0.25378418,0.018493652,0,0,False,False,False
633,152,1597.9622,430.77203,1597.8873,431.25125,-0.0892334,-0.6060486,0,0,False,False,False
633,208,292.05487,455.0383,293.60443,454.41052,-2.7352295,1.1780396,156.69887571302323,0.8319116892213856,True,True,False
633,198,846.83484,252.9923,847.2634,252.8267,-0.83935547,0.11231995,0,0,False,False,False
633,77,454.81384,420.7412,458.86884,420.44055,-8.010315,0.72891235,174.80059173773378,0.13668924551936357,True,True,True
633,189,896.1555,232.87695,896.1754,233.16367,-0.0013427734,-0.60765076,0,0,False,False,False
634,116,368.8291,478.7638,368.8208,479.3429,-0.015380859,-0.7208252,0,0,False,False,False
634,11,1295.375,473.23593,1295.3105,473.12057,0.23217773,0.060028076,0,0,False,False,False
634,152,1598.0696,430.33743,1597.951,430.9314,0.09240723,-0.8868103,0,0,False,False,False
634,208,290.30914,454.08215,292.45108,454.2956,-2.9181213,0.5177307,169.9393195742082,13.240443861184986,False,False,False
634,198,846.77905,253.00957,847.0939,252.8907,-0.6781006,0.16950989,0,0,False,False,False
634,189,896.13916,233.16733,896.1627,233.16495,-0.046813965,-0.45941162,0,0,False,False,False
635,116,368.6917,479.06335,368.7756,479.24506,-0.037628174,-0.6244507,0,0,False,False,False
635,11,1295.3474,473.35077,1295.3235,473.2011,0.15112305,0.14883423,0,0,False,False,False
635,208,287.17874,454.6124,290.60577,454.40643,-3.8330383,0.33392334,175.02112566913655,5.081806094928339,False,False,False
635,198,846.7029,253.09172,846.95703,252.96106,-0.5372925,0.22351074,0,0,False,False,False
635,189,895.92365,233.64326,896.079,233.33234,-0.107177734,0.014282227,0,0,False,False,False
636,116,368.46005,479.14594,368.66516,479.21036,-0.15118408,-0.44436646,0,0,False,False,False
636,11,1295.3439,473.3784,1295.3306,473.26315,0.0546875,0.2046814,0,0,False,False,False
636,208,285.64322,455.635,288.8689,454.83643,-4.7355347,0.42590332,174.86077361949776,-0.16035204963878869,False,False,False
636,198,846.5776,253.29485,846.8242,253.07788,-0.43920898,0.25117493,0,0,False,False,False
636,189,895.8104,233.80551,895.9849,233.49794,-0.19049072,0.3342743,0,0,False,False,False
636,152,1598.2556,430.0196,1598.0576,430.61224,0.21044922,-0.8970947,0,0,False,False,False
637,116,368.4084,479.17303,368.57526,479.19727,-0.24554443,-0.14562988,0,0,False,False,False
637,11,1295.1633,473.33224,1295.272,473.28732,-0.03857422,0.16674805,0,0,False,False,False
637,208,284.46716,456.1319,287.32828,455.28986,-5.1228027,0.9942627,169.01626683387883,-5.8445067856189326,False,False,False
637,198,846.1326,253.3595,846.58215,253.17642,-0.51171875,0.28572083,0,0,False,False,False
637,189,895.3918,234.11813,895.77734,233.715,-0.38537598,0.5500488,0,0,False,False,False
637,77,449.20847,420.9286,455.4877,420.61133,-8.415436,0.56207275,176.1788507154952,1.3782589777614191,True,True,True
638,116,368.341,479.12924,368.49326,479.17346,-0.28234863,-0.07159424,0,0,False,False,False
638,11,1295.0908,473.47028,1295.2085,473.35135,-0.114990234,0.15023804,0,0,False,False,False
638,208,283.7578,456.4629,286.0786,455.70038,-4.5271606,1.2939453,164.04909499743175,-4.967171836447079,False,False,False
638,198,845.6794,253.24435,846.2662,253.2002,-0.69085693,0.23913574,0,0,False,False,False
638,189,894.98193,233.95459,895.4989,233.79886,-0.5800781,0.46652222,0,0,False,False,False
638,152,1598.1792,430.07565,1598.1001,430.42444,0.21276855,-0.82681274,0,0,False,False,False
639,116,368.25305,479.31696,368.40918,479.22366,-0.25598145,0.013305664,0,0,False,False,False
639,11,1295.0271,473.61957,1295.145,473.44522,-0.18554688,0.18206787,0,0,False,False,False
639,208,282.68604,456.64362,284.8912,456.0305,-3.9776917,1.1940613,163.29079507692745,-0.7582999205042995,False,False,False
639,198,844.9901,253.03949,845.8195,253.14395,-1.0046997,0.06607056,0,0,False,False,False
639,189,894.60583,234.08337,895.1863,233.89844,-0.798645,0.40049744,0,0,False,False,False
640,116,368.2241,478.9214,368.3444,479.11786,-0.23086548,-0.07940674,0,0,False,False,False
640,11,1295.1119,473.68262,1295.1334,473.5283,-0.1385498,0.2409668,0,0,False,False,False
640,208,281.9118,456.8278,283.8484,456.3095,-3.479889,1.0196533,163.66872000026177,0.3779249233343194,False,False,False
640,198,844.2563,253.11221,845.27234,253.13284,-1.3098145,-0.0435791,0,0,False,False,False
640,189,894.07983,234.48204,894.79895,234.10269,-0.97839355,0.3876953,0,0,False,False,False
641,116,368.09033,478.49384,368.25546,478.89944,-0.23779297,-0.27401733,0,0,False,False,False
641,11,1295.2216,473.67682,1295.1642,473.58026,-0.044311523,0.22891235,0,0,False,False,False
641,208,281.15463,457.20715,282.90558,456.62366,-3.1730347,0.9232788,163.77624069487334,0.10752069461156566,False,False,False
641,198,843.9779,253.12845,844.8193,253.1313,-1.4468994,-0.06889343,0,0,False,False,False
641,189,893.94543,234.80255,894.50024,234.34764,-0.9986572,0.54878235,0,0,False,False,False
641,185,447.87354,335.7743,447.011,335.63727,0.45611572,-0.08538818,0,0,False,False,False
641,5,1058.1387,269.8786,1061.1559,271.85034,-2.739624,-1.6913452,-148.31031185355852,-2.0334152307337092,True,False,False
642,116,368.01373,477.96228,368.17084,478.5714,-0.23834229,-0.6522522,0,0,False,False,False
642,11,1295.2017,473.79932,1295.1772,473.65692,0.032226562,0.21170044,0,0,False,False,False
642,208,280.5592,458.18503,282.08435,457.1701,-2.8068542,1.1396179,157.9022325347856,-5.874008160087726,False,False,False
642,198,844.0215,253.17487,844.54004,253.14655,-1.27948,0.0025939941,0,0,False,False,False
642,189,893.18335,235.54123,894.0393,234.76538,-1.1469727,0.86694336,0,0,False,False,False
642,185,447.92844,335.77158,447.3321,335.68427,0.7561035,0.06958008,0,0,False,False,False
642,5,1058.7305,269.9605,1060.3069,271.1889,-2.935791,-2.0151367,-145.5341665016576,2.776145351900908,True,True,False
643,116,367.95126,477.7865,368.094,478.2967,-0.25039673,-0.821167,0,0,False,False,False
643,11,1295.3323,473.69498,1295.2314,473.67023,0.09802246,0.14193726,0,0,False,False,False
643,208,279.54855,457.465,281.19684,457.27332,-2.6515503,0.96380615,160.02441237296688,2.1221798381812675,False,False,False
643,198,843.7903,253.08463,844.2776,253.12486,-0.994751,-0.007980347,0,0,False,False,False
643,189,893.52716,235.2513,893.86005,234.93544,-0.9389038,0.8327484,0,0,False,False,False
643,185,447.5158,335.755,447.39636,335.709,0.8497925,0.14553833,0,0,False,False,False
644,116,368.20435,477.72925,368.13263,478.09808,-0.12283325,-0.8013611,0,0,False,False,False
644,11,1295.3018,473.56354,1295.256,473.63287,0.091796875,0.052612305,0,0,False,False,False
644,208,278.0315,457.5722,280.08896,457.3779,-2.8166199,0.75424194,165.0089031599405,4.984490786973623,False,False,False
644,198,843.5094,253.10782,844.00867,253.1189,-0.8106079,-0.0124053955,0,0,False,False,False
644,189,893.34436,235.4665,893.67957,235.1213,-0.8206787,0.7736664,0,0,False,False,False
644,185,447.26666,335.75848,447.35095,335.72632,0.33996582,0.08905029,0,0,False,False,False
645,116,368.34955,478.04474,368.20853,478.0794,0.03768921,-0.4920044,0,0,False,False,False
645,11,1295.327,473.42908,1295.2808,473.56152,0.103515625,-0.09539795,0,0,False,False,False
645,208,276.8986,458.1892,278.97232,457.66187,-3.11203,0.49176025,171.0204201083762,6.011516948435684,True,False,False
645,198,843.71936,253.18494,843.90735,253.142,-0.6326904,-0.004547119,0,0,False,False,False
645,189,892.5004,236.59416,893.26685,235.6368,-0.77246094,0.8714142,0,0,False,False,False
645,185,447.34863,335.745,447.35013,335.73285,0.018035889,0.048583984,0,0,False,False,False
646,116,368.3579,478.19055,368.2608,478.1183,0.16680908,-0.17840576,0,0,False,False,False
646,11,1295.6008,473.26746,1295.3927,473.45856,0.16125488,-0.21166992,0,0,False,False,False
646,208,275.8266,457.82843,277.8713,457.72015,-3.325531,0.44683838,172.34722921561723,1.326809107241047,True,False,False
646,198,843.63745,253.16934,843.81287,253.15157,-0.46472168,0.02670288,0,0,False,False,False
646,189,891.6727,237.17001,892.70886,236.17342,-1.1511841,1.2379761,0,0,False,False,False
646,185,447.33554,336.04816,447.34503,335.8432,-0.051330566,0.13418579,0,0,False,False,False
647,116,368.58105,478.4532,368.37286,478.2355,0.24023438,0.13742065,0,0,False,False,False
647,11,1295.8848,473.0894,1295.565,473.32935,0.30895996,-0.30352783,0,0,False,False,False
647,208,274.40964,458.3073,276.65973,457.92566,-3.4292297,0.54776,170.9246584543241,-1.4225707612931444,True,False,False
647,198,843.7074,253.10645,843.7759,253.13577,-0.23278809,0.01687622,0,0,False,False,False
647,189,891.28125,237.67389,892.20917,236.69858,-1.470398,1.5772705,132.99163244207838,7.5809375070137435,False,False,False
647,185,447.03424,335.87253,447.23624,335.85345,-0.114715576,0.12713623,0,0,False,False,False
648,11,1296.0857,473.17444,1295.7472,473.27512,0.46643066,-0.28640747,0,0,False,False,False
648,198,843.629,253.17009,843.7244,253.14778,-0.18292236,0.005783081,0,0,False,False,False
648,189,891.02124,237.87093,891.79333,237.10889,-1.4735107,1.4720917,135.0276026951637,2.03597025308531,False,False,False
648,185,446.92877,335.75085,447.1286,335.81754,-0.2215271,0.08468628,0,0,False,False,False
648,5,1057.657,270.21017,1059.3794,270.84634,-3.401123,-2.0657349,-148.72682469970735,-3.1926581980497417,True,True,False
649,11,1296.1016,472.91333,1295.8712,473.1485,0.47851562,-0.3100586,0,0,False,False,False
649,198,843.71564,253.09938,843.7213,253.13083,-0.091552734,-0.020736694,0,0,False,False,False
649,189,890.8133,237.8052,891.4503,237.3526,-1.2585449,1.179184,0,0,False,False,False
649,185,446.9002,335.96375,447.04865,335.8687,-0.29638672,0.025512695,0,0,False,False,False
649,5,1057.0088,269.82925,1058.5496,270.49036,-2.6063232,-1.3599854,-152.4443454836754,-3.717520783968041,True,True,False
649,116,368.27374,478.4159,368.33817,478.2986,0.12963867,0.21920776,0,0,False,False,False
650,11,1296.1116,472.95856,1295.9553,473.082,0.39038086,-0.24734497,0,0,False,False,False
650,198,843.69336,253.17322,843.7115,253.14566,-0.06439209,0.009887695,0,0,False,False,False
650,189,891.07623,237.3208,891.31934,237.34146,-0.88983154,0.6428833,0,0,False,False,False
650,185,446.74652,335.8736,446.94287,335.87042,-0.29336548,0.016967773,0,0,False,False,False
650,116,368.00842,477.98828,368.22275,478.18997,-0.03805542,0.07168579,0,0,False,False,False
651,11,1295.9032,473.0091,1295.937,473.05646,0.18981934,-0.21865845,0,0,False,False,False
651,198,843.4411,253.25577,843.6168,253.1842,-0.10760498,0.03642273,0,0,False,False,False
651,189,891.22754,237.58823,891.2872,237.42783,-0.50616455,0.3189392,0,0,False,False,False
651,185,446.6944,335.74597,446.8559,335.82684,-0.27270508,0.009307861,0,0,False,False,False
651,116,367.8775,477.92297,368.1019,478.0965,-0.27096558,-0.13900757,0,0,False,False,False
651,183,1276.8817,386.1173,1276.7858,387.53918,0.03173828,-1.3957214,0,0,False,False,False
652,11,1295.9006,473.08923,1295.9242,473.06793,0.052978516,-0.080566406,0,0,False,False,False
652,198,843.5517,253.36632,843.594,253.24794,-0.12731934,0.117111206,0,0,False,False,False
652,189,891.35944,237.46063,891.3125,237.4393,-0.13781738,0.08670044,0,0,False,False,False
652,185,446.57355,335.78473,446.75708,335.8121,-0.29156494,-0.056610107,0,0,False,False,False
652,116,367.83185,477.85202,368.0074,478.01093,-0.33078003,-0.2876892,0,0,False,False,False
653,11,1295.8804,473.0188,1295.9088,473.05072,-0.04650879,-0.031280518,0,0,False,False,False
653,198,843.64874,253.46329,843.61316,253.3233,-0.09832764,0.17764282,0,0,False,False,False
653,189,891.6105,237.19661,891.41675,237.35435,0.09741211,0.012893677,0,0,False,False,False
653,185,446.65002,335.61838,446.7196,335.7443,-0.2232666,-0.12612915,0,0,False,False,False
653,116,367.67834,477.94537,367.8922,477.98798,-0.3305359,-0.20199585,0,0,False,False,False
654,11,1295.7274,472.81824,1295.8452,472.96936,-0.091796875,-0.08709717,0,0,False,False,False
654,198,843.62585,253.44838,843.61755,253.36707,0.0007324219,0.18286133,0,0,False,False,False
654,189,891.7317,236.5362,891.5269,237.068,0.2397461,-0.35983276,0,0,False,False,False
654,185,446.62708,335.35358,446.6872,335.60754,-0.16870117,-0.21929932,0,0,False,False,False
654,116,367.57855,477.32443,367.7824,477.75574,-0.31948853,-0.34075928,0,0,False,False,False
654,183,1276.6761,385.76764,1276.7473,386.91913,0.0073242188,-2.005188,-89.79072039190326,0,False,False,False
655,11,1295.6097,472.97723,1295.7628,472.9721,-0.16137695,-0.095825195,0,0,False,False,False
655,198,843.61847,253.54776,843.6178,253.4303,0.023803711,0.18235779,0,0,False,False,False
655,189,891.6185,236.33685,891.55896,236.81209,0.24645996,-0.6272125,0,0,False,False,False
655,185,446.5805,335.24182,446.64984,335.47952,-0.10723877,-0.33258057,0,0,False,False,False
655,116,367.56674,477.1223,367.7069,477.53406,-0.30047607,-0.47686768,0,0,False,False,False
656,11,1295.4443,472.78528,1295.6514,472.90668,-0.2574463,-0.14404297,0,0,False,False,False
656,198,843.7873,253.4137,843.6771,253.42448,0.063964844,0.10118103,0,0,False,False,False
656,189,891.65424,236.2012,891.5923,236.59827,0.17553711,-0.75608826,0,0,False,False,False
656,185,446.3963,335.28723,446.5611,335.4122,-0.1585083,-0.3320923,0,0,False,False,False
656,116,367.6839,476.60272,367.69885,477.20807,-0.19335938,-0.7799072,0,0,False,False,False
656,152,1597.3857,430.04333,1597.8501,430.29105,-0.10095215,-0.64035034,0,0,False,False,False
656,183,1276.7952,385.48615,1276.764,386.41757,0.029907227,-1.8872681,0,0,False,False,False
657,11,1295.3838,472.79846,1295.5576,472.8688,-0.28759766,-0.10055542,0,0,False,False,False
657,198,843.33997,253.34111,843.5591,253.3953,-0.05847168,0.02822876,0,0,False,False,False
657,189,891.6761,236.16968,891.6216,236.44824,0.09466553,-0.619751,0,0,False,False,False
657,185,446.5838,335.39172,446.56903,335.40503,-0.11816406,-0.20251465,0,0,False,False,False
657,116,367.84457,476.5061,367.74985,476.96237,-0.032562256,-0.7933655,0,0,False,False,False
657,152,1597.5938,430.18597,1597.7603,430.25427,-0.29736328,-0.3579712,0,0,False,False,False
657,183,1276.7631,385.37024,1276.7637,386.051,-0.022094727,-1.4881897,0,0,False,False,False
658,11,1295.4131,472.78976,1295.507,472.84113,-0.25585938,-0.13098145,0,0,False,False,False
658,198,842.8313,253.41321,843.3043,253.40155,-0.31347656,-0.028747559,0,0,False,False,False
658,189,891.5172,236.29597,891.585,236.39493,0.026062012,-0.41716003,0,0,False,False,False
658,185,446.68384,335.27094,446.6092,335.3581,-0.040649414,-0.12142944,0,0,False,False,False
658,116,367.99866,476.57574,367.8369,476.82706,0.13000488,-0.70700073,0,0,False,False,False
658,152,1597.7478,430.23264,1597.7559,430.24667,-0.34423828,-0.1777649,0,0,False,False,False
658,183,1276.7133,385.30823,1276.746,385.79102,-0.0013427734,-1.1281128,0,0,False,False,False
659,11,1295.2622,472.61963,1295.4213,472.76358,-0.23010254,-0.14309692,0,0,False,False,False
659,198,842.7221,253.17365,843.10046,253.32178,-0.57666016,-0.10270691,0,0,False,False,False
659,189,891.4059,236.40533,891.52234,236.39856,-0.06994629,-0.19970703,0,0,False,False,False
659,185,446.848,335.36304,446.69275,335.3598,0.13165283,-0.05239868,0,0,False,False,False
659,116,368.1869,476.723,367.95938,476.7906,0.26052856,-0.41748047,0,0,False,False,False
659,152,1597.917,430.52258,1597.8123,430.34326,-0.037841797,0.052215576,0,0,False,False,False
659,183,1276.7693,385.30933,1276.754,385.6224,-0.010009766,-0.795166,0,0,False,False,False
660,11,1295.3479,472.66876,1295.3955,472.7304,-0.16210938,-0.13839722,0,0,False,False,False
660,198,842.22864,253.115,842.7953,253.24939,-0.76379395,-0.14590454,0,0,False,False,False
660,189,891.18756,236.39156,891.40515,236.3961,-0.21643066,-0.052139282,0,0,False,False,False
660,185,446.87976,335.27588,446.75818,335.3304,0.18914795,-0.07461548,0,0,False,False,False
660,116,368.35995,476.8107,368.09955,476.7976,0.34970093,-0.1647644,0,0,False,False,False
660,152,1598.376,430.49664,1598.0095,430.39694,0.24926758,0.14266968,0,0,False,False,False
660,183,1276.7635,385.47507,1276.7573,385.57083,-0.0063476562,-0.48016357,0,0,False,False,False
661,11,1295.6084,471.98798,1295.47,472.47052,-0.036987305,-0.37060547,0,0,False,False,False
661,198,841.9787,253.22174,842.5094,253.2397,-0.7949219,-0.16184998,0,0,False,False,False
661,189,891.1959,235.9805,891.3319,236.25063,-0.2531128,-0.14430237,0,0,False,False,False
661,185,446.8511,335.10233,446.79068,335.25058,0.18148804,-0.10751343,0,0,False,False,False
661,116,368.13718,476.6083,368.1127,476.73132,0.27578735,-0.09573364,0,0,False,False,False
661,152,1598.5256,430.32526,1598.1902,430.37183,0.43432617,0.12515259,0,0,False,False,False
661,183,1276.731,385.53528,1276.748,385.55838,0.0020751953,-0.2326355,0,0,False,False,False
662,11,1295.696,471.43033,1295.5491,472.10645,0.12780762,-0.657135,0,0,False,False,False
662,198,841.9271,253.04668,842.3056,253.17215,-0.79486084,-0.14962769,0,0,False,False,False
662,189,891.07367,236.08917,891.2415,236.1941,-0.28082275,-0.20445251,0,0,False,False,False
662,185,447.05762,334.9639,446.8841,335.15024,0.19134521,-0.20956421,0,0,False,False,False
662,152,1598.8667,430.2175,1598.427,430.3178,0.6147461,-0.02545166,0,0,False,False,False
663,11,1295.7,471.0912,1295.6018,471.7511,0.20629883,-0.9793091,0,0,False,False,False
663,198,842.0185,253.14944,842.2051,253.16418,-0.59020996,-0.08520508,0,0,False,False,False
663,189,890.79926,236.34262,891.0867,236.2461,-0.31848145,-0.15000916,0,0,False,False,False
663,185,447.08252,334.84424,446.95352,335.04312,0.19534302,-0.28729248,0,0,False,False,False
663,152,1599.1755,430.15875,1598.689,430.26215,0.67944336,-0.13479614,0,0,False,False,False
663,216,1322.3159,413.95633,1322.3856,414.22784,-0.103027344,-0.4527588,0,0,False,False,False
663,116,368.14148,476.2945,368.12277,476.5784,0.16339111,-0.21218872,0,0,False,False,False
664,11,1295.7678,471.12897,1295.6599,471.53336,0.1899414,-0.9371643,0,0,False,False,False
664,198,842.0383,253.3412,842.1467,253.22614,-0.3626709,-0.0135650635,0,0,False,False,False
664,189,890.4868,236.54791,890.8767,236.35172,-0.4552002,0.10108948,0,0,False,False,False
664,185,447.30438,334.7827,447.0763,334.95197,0.285614,-0.2986145,0,0,False,False,False
664,152,1599.4167,430.2183,1598.9436,430.24677,0.75341797,-0.12506104,0,0,False,False,False
664,216,1322.2942,413.91498,1322.3535,414.11832,-0.12573242,-0.39596558,0,0,False,False,False
664,205,917.40515,231.57921,917.501,231.8011,-0.14538574,-0.2922058,0,0,False,False,False
665,11,1295.772,470.79767,1295.6991,471.27585,0.15002441,-0.8305969,0,0,False,False,False
665,198,842.0567,253.48453,842.1152,253.31656,-0.19042969,0.14440918,0,0,False,False,False
665,189,890.2908,236.81508,890.67163,236.51389,-0.56988525,0.31977844,0,0,False,False,False
665,185,447.43518,334.66638,447.2019,334.852,0.31781006,-0.2982483,0,0,False,False,False
665,152,1599.5208,430.21268,1599.1456,430.23483,0.7186279,-0.082977295,0,0,False,False,False
665,216,1322.2742,413.8816,1322.3257,414.03546,-0.09753418,-0.33862305,0,0,False,False,False
665,205,917.5191,232.19019,917.5073,231.93729,-0.12487793,-0.07936096,0,0,False,False,False
665,214,307.73682,416.11157,310.21704,416.5008,-3.1907043,-1.2787476,-158.16042916432033,0,False,False,False
666,11,1295.7618,470.5568,1295.7211,471.02417,0.119262695,-0.7269287,0,0,False,False,False
666,198,841.7042,253.59381,841.9713,253.4136,-0.23376465,0.24942017,0,0,False,False,False
666,189,890.144,237.00534,890.48694,236.68588,-0.59973145,0.43978882,0,0,False,False,False
666,185,447.61026,334.6444,447.3448,334.77933,0.39126587,-0.26379395,0,0,False,False,False
666,152,1599.5088,430.13577,1599.2727,430.20013,0.58374023,-0.06201172,0,0,False,False,False
666,216,1322.3068,413.86414,1322.3191,413.9755,-0.06652832,-0.25234985,0,0,False,False,False
666,205,917.73486,232.6802,917.5869,232.1973,0.034301758,0.27670288,0,0,False,False,False
666,214,309.50522,415.8243,309.9679,416.264,-2.7410583,-1.0103455,-159.76627267168612,-1.6058435073657904,False,False,False
667,11,1295.8334,470.54547,1295.7604,470.85663,0.10046387,-0.6767273,0,0,False,False,False
667,198,841.54114,253.74995,841.8207,253.53133,-0.3260498,0.30519104,0,0,False,False,False
667,189,889.9148,236.83673,890.2866,236.73868,-0.5900879,0.3869629,0,0,False,False,False
667,185,447.76636,334.3915,447.4923,334.6436,0.41601562,-0.30838013,0,0,False,False,False
667,216,1322.2573,413.5682,1322.2975,413.83295,-0.056030273,-0.28536987,0,0,False,False,False
667,205,917.70166,232.83939,917.6271,232.42203,0.12609863,0.6209259,0,0,False,False,False
667,214,313.2213,416.12515,311.10657,416.2154,-0.4459839,-0.49499512,0,0,False,False,False
668,11,1295.7268,470.30573,1295.7485,470.6638,0.049438477,-0.61206055,0,0,False,False,False
668,198,841.302,253.69858,841.6391,253.58984,-0.47607422,0.2732849,0,0,False,False,False
668,189,890.17615,237.14908,890.2479,236.88232,-0.42370605,0.36843872,0,0,False,False,False
668,185,447.87177,333.98413,447.62512,334.41278,0.42321777,-0.43920898,0,0,False,False,False
668,216,1322.0494,413.30084,1322.2107,413.64667,-0.114990234,-0.38879395,0,0,False,False,False
668,205,917.69604,232.99887,917.6512,232.62392,0.14385986,0.68663025,0,0,False,False,False
668,214,313.8551,415.8308,312.06854,416.0808,1.8515015,-0.4199829,0,0,False,False,False
669,11,1295.7876,470.05054,1295.7622,470.44916,0.041137695,-0.5750122,0,0,False,False,False
669,198,841.30707,253.9539,841.5228,253.71725,-0.44848633,0.3036499,0,0,False,False,False
669,189,890.00366,237.45547,890.1624,237.08292,-0.32452393,0.3970337,0,0,False,False,False
669,185,448.2342,333.4972,447.8383,334.09232,0.49349976,-0.6870117,0,0,False,False,False
669,205,917.65436,232.75919,917.6523,232.67125,0.06536865,0.47395325,0,0,False,False,False
670,11,1295.7097,469.7891,1295.7438,470.2181,-0.016601562,-0.6385193,0,0,False,False,False
670,198,841.1699,253.9241,841.3993,253.78964,-0.42138672,0.25831604,0,0,False,False,False
670,185,448.3966,333.3407,448.0337,333.82925,0.54138184,-0.81433105,0,0,False,False,False
670,205,917.7551,232.9527,917.68823,232.76974,0.061157227,0.3477173,0,0,False,False,False
671,11,1295.6543,469.74274,1295.7124,470.0517,-0.036132812,-0.61209106,0,0,False,False,False
671,198,840.8657,254.03845,841.2125,253.87671,-0.4265747,0.28686523,0,0,False,False,False
671,185,448.4745,333.39392,448.18796,333.67688,0.5628357,-0.7359009,0,0,False,False,False
671,205,917.745,232.99973,917.70807,232.85022,0.056884766,0.2263031,0,0,False,False,False
671,214,311.69785,414.89044,311.93878,415.66418,1.9708862,-0.599823,-16.92719533695684,0,False,False,False
671,189,889.582,238.02338,889.9592,237.41208,-0.32739258,0.6734009,0,0,False,False,False
672,11,1295.5625,469.7445,1295.6599,469.94415,-0.10229492,-0.5050049,0,0,False,False,False
672,198,840.5189,254.34335,840.9697,254.04002,-0.5531006,0.32276917,0,0,False,False,False
672,185,448.65744,333.30548,448.3523,333.54688,0.51400757,-0.5454407,0,0,False,False,False
672,205,917.84705,232.75826,917.75665,232.81802,0.10437012,0.14677429,0,0,False,False,False
672,214,307.62292,419.75067,310.42822,417.09442,-0.6783447,0.8790283,0,0,False,False,False
673,11,1295.5823,469.7746,1295.6327,469.8848,-0.111083984,-0.333313,0,0,False,False,False
673,198,840.10864,254.70401,840.66833,254.2724,-0.73095703,0.48275757,0,0,False,False,False
673,185,448.5408,333.04602,448.41827,333.37158,0.38458252,-0.45767212,0,0,False,False,False
673,205,917.72327,232.53601,917.74493,232.71931,0.05670166,-0.050430298,0,0,False,False,False
674,11,1295.6007,469.8486,1295.6215,469.87213,-0.09094238,-0.17956543,0,0,False,False,False
674,198,839.76404,254.91199,840.3518,254.49625,-0.8607178,0.61953735,0,0,False,False,False
674,185,448.52582,332.86353,448.4559,333.19376,0.26794434,-0.48312378,0,0,False,False,False
674,205,918.083,232.8801,917.8632,232.77557,0.15515137,-0.074645996,0,0,False,False,False
674,214,303.7472,415.20538,308.08984,416.43323,-3.9786987,0.352417,174.93818254357353,0,False,False,False
675,11,1295.583,469.7348,1295.6079,469.82404,-0.052001953,-0.12011719,0,0,False,False,False
675,198,839.5871,255.11163,840.0841,254.71164,-0.8856201,0.6716156,0,0,False,False,False
675,185,448.54376,332.96085,448.48663,333.1122,0.13433838,-0.43466187,0,0,False,False,False
675,205,918.1914,232.98811,917.978,232.84996,0.22137451,0.031936646,0,0,False,False,False
675,214,303.10922,413.21045,306.34662,415.30524,-5.592163,-0.35894775,-176.3273573991272,8.734460057299259,False,False,False
676,11,1295.834,469.69983,1295.687,469.78058,0.05432129,-0.10421753,0,0,False,False,False
676,185,448.32568,332.3753,448.4303,332.85428,0.012023926,-0.51730347,0,0,False,False,False
676,205,918.3596,233.12314,918.1116,232.94556,0.36663818,0.22624207,0,0,False,False,False
677,11,1295.8525,469.68097,1295.7449,469.7457,0.123413086,-0.12643433,0,0,False,False,False
677,185,448.1256,332.46857,448.32364,332.71927,-0.13226318,-0.4744873,0,0,False,False,False
678,11,1295.8755,469.61462,1295.7905,469.6998,0.18261719,-0.12423706,0,0,False,False,False
678,185,448.12607,332.72144,448.25446,332.72003,-0.23217773,-0.3921814,0,0,False,False,False
678,205,917.8686,233.26245,918.0265,233.05646,0.16326904,0.2808838,0,0,False,False,False
679,11,1295.8674,469.53976,1295.8174,469.6438,0.1303711,-0.13677979,0,0,False,False,False
679,185,448.14026,332.54803,448.21448,332.65982,-0.21582031,-0.19445801,0,0,False,False,False
679,205,917.7246,233.39789,917.92084,233.17596,-0.05718994,0.32600403,0,0,False,False,False
680,11,1295.9778,469.43378,1295.8735,469.57028,0.12866211,-0.17541504,0,0,False,False,False
680,185,447.81293,332.47095,448.0739,332.59372,-0.24972534,-0.12554932,0,0,False,False,False
680,205,918.1791,233.54976,918.01117,233.3068,-0.10040283,0.36123657,0,0,False,False,False
680,183,1277.0022,384.1747,1276.837,385.0741,0.08300781,-0.5483093,0,0,False,False,False
680,198,837.44653,255.75616,839.1609,255.07721,-1.5074463,0.8048096,0,0,False,False,False
681,11,1296.0338,469.47104,1295.9296,469.53552,0.13903809,-0.16427612,0,0,False,False,False
681,185,447.59222,332.7743,447.90533,332.65692,-0.3491211,-0.06311035,0,0,False,False,False
681,198,837.355,256.09216,838.5288,255.43243,-1.822998,0.93618774,152.81755554574454,-16.91957143294519,False,False,False
682,11,1296.0496,469.4479,1295.9716,469.50485,0.1541748,-0.13894653,0,0,False,False,False
682,198,837.33527,256.11728,838.1111,255.67212,-1.9730225,0.96047974,154.04288983176934,1.225334286024804,False,False,False
682,205,918.1824,233.87889,918.07104,233.50702,0.044555664,0.45056152,0,0,False,False,False
682,183,1276.9834,384.19208,1276.8882,384.76538,0.13085938,-0.80545044,0,0,False,False,False
683,11,1296.0454,469.24176,1295.9973,469.41275,0.1237793,-0.15753174,0,0,False,False,False
683,198,837.5318,255.90575,837.9083,255.75388,-1.2525635,0.67666626,0,0,False,False,False
683,205,918.0843,234.29514,918.0757,233.78285,0.15484619,0.6068878,0,0,False,False,False
683,183,1276.9824,384.21033,1276.9211,384.5711,0.1730957,-0.98727417,0,0,False,False,False
683,116,367.58435,475.45178,367.93433,476.18408,-0.16522217,-0.6135254,0,0,False,False,False
684,11,1296.1125,469.30362,1296.0376,469.37457,0.10803223,-0.1609497,0,0,False,False,False
684,198,837.56165,255.81476,837.787,255.77518,-0.7418213,0.34274292,0,0,False,False,False
684,205,918.1835,234.42047,918.11334,234.00601,0.10217285,0.69921875,0,0,False,False,False
684,183,1276.9844,384.13824,1276.9432,384.4196,0.10620117,-0.6545105,0,0,False,False,False
684,116,367.67633,475.55347,367.844,475.96338,-0.26870728,-0.76794434,0,0,False,False,False
684,185,445.84436,332.58865,447.18396,332.63303,-1.0305176,-0.026794434,0,0,False,False,False
685,11,1296.1267,469.3254,1296.0687,469.35736,0.09716797,-0.14749146,0,0,False,False,False
685,205,918.511,234.55666,918.25244,234.19873,0.18139648,0.6917114,0,0,False,False,False
685,116,367.7634,475.7206,367.8158,475.87842,-0.30697632,-0.6999817,0,0,False,False,False
685,189,889.77295,239.21341,889.894,238.04254,-0.35394287,1.1602173,0,0,False,False,False
686,11,1296.1945,469.35095,1296.1127,469.3551,0.115356445,-0.057647705,0,0,False,False,False
686,205,918.49646,234.35661,918.3378,234.25398,0.262146,0.47113037,0,0,False,False,False
686,116,367.71887,475.60788,367.78186,475.7837,-0.15246582,-0.40039062,0,0,False,False,False
686,189,889.938,238.86746,889.9094,238.33125,-0.25299072,1.2483368,0,0,False,False,False
686,183,1276.981,384.19955,1276.9564,384.3426,0.068237305,-0.42279053,0,0,False,False,False
686,185,423.0278,332.50024,438.72928,332.58655,-9.344635,-0.007171631,-179.95602780639746,0,False,False,False
687,11,1296.2954,469.55325,1296.1766,469.42444,0.13903809,0.049865723,0,0,False,False,False
687,205,918.6553,234.48203,918.44885,234.33379,0.33551025,0.32777405,0,0,False,False,False
687,116,367.72693,475.52536,367.76263,475.69327,-0.08135986,-0.27011108,0,0,False,False,False
687,189,890.3888,239.02615,890.07715,238.57446,0.11791992,1.162384,0,0,False,False,False
687,183,1276.9225,384.1419,1276.9446,384.27234,0.0234375,-0.2987671,0,0,False,False,False
687,185,418.66278,332.61325,431.706,332.5959,-16.19934,-0.061035156,-179.784124530379,0.1719032760184689,False,False,False
687,152,1597.2579,427.9422,1598.5675,429.40985,-0.37609863,-0.83691406,0,0,False,False,False
687,198,837.5443,255.4815,837.702,255.6724,-0.40905762,0.0002746582,0,0,False,False,False
688,11,1296.4163,469.55402,1296.2605,469.4698,0.19177246,0.11242676,0,0,False,False,False
688,205,918.6175,234.8421,918.5079,234.51169,0.25543213,0.31295776,0,0,False,False,False
688,116,367.77347,475.60315,367.76642,475.66174,-0.04937744,-0.2166748,0,0,False,False,False
688,189,890.2096,239.25574,890.1235,238.8129,0.22949219,0.7703552,0,0,False,False,False
688,183,1276.9692,384.1823,1276.9532,384.2408,0.010009766,-0.17877197,0,0,False,False,False
688,185,416.90094,332.89706,426.52423,332.7013,-20.659729,0.06826782,179.81067303180404,-0.40520243781696763,False,False,False
688,198,837.8511,255.48769,837.75415,255.60776,-0.1541748,-0.14611816,0,0,False,False,False
689,11,1296.4375,469.5506,1296.3224,469.49808,0.2097168,0.14297485,0,0,False,False,False
689,205,918.93945,235.55042,918.65894,234.87523,0.32110596,0.62124634,0,0,False,False,False
689,116,367.8051,475.5987,367.77994,475.63965,-0.0019226074,-0.14404297,0,0,False,False,False
689,189,889.62836,239.58763,889.9502,239.08405,0.040771484,0.75279236,0,0,False,False,False
689,183,1276.8704,384.2305,1276.9242,384.23718,-0.032226562,-0.105407715,0,0,False,False,False
689,185,415.89435,332.81604,422.80377,332.74146,-15.925507,0.15490723,179.44270216175318,-0.36797087005086837,False,False,False
690,11,1296.4766,469.5841,1296.3762,469.52817,0.19958496,0.10372925,0,0,False,False,False
690,205,919.09424,235.69238,918.8113,235.16122,0.36242676,0.82743835,0,0,False,False,False
690,116,367.86432,475.65674,367.80945,475.64563,0.046813965,-0.04763794,0,0,False,False,False
690,183,1276.9215,384.22705,1276.9232,384.23364,-0.021362305,-0.03869629,0,0,False,False,False
690,185,415.3215,332.78107,420.18497,332.7553,-11.521027,0.15942383,179.2072121810977,-0.23548998065547266,False,False,False
691,11,1296.3469,469.039,1296.366,469.35693,0.10546875,-0.112854004,0,0,False,False,False
691,205,918.3252,235.84473,918.6411,235.40045,0.13323975,0.8887634,0,0,False,False,False
691,116,367.61932,475.46326,367.7429,475.5818,-0.023529053,-0.079956055,0,0,False,False,False
691,183,1276.8744,384.22003,1276.9061,384.22888,-0.04711914,-0.011932373,0,0,False,False,False
691,189,889.19836,239.15797,889.687,239.10991,-0.39013672,0.53544617,0,0,False,False,False
692,11,1296.3552,468.76367,1296.3622,469.1493,0.039794922,-0.3487854,0,0,False,False,False
692,205,917.7875,235.74191,918.3423,235.51996,-0.3166504,0.6447296,0,0,False,False,False
692,116,367.59943,475.35272,367.69266,475.5016,-0.08728027,-0.13806152,0,0,False,False,False
692,183,1276.7931,384.2099,1276.8665,384.22223,-0.057739258,-0.014953613,0,0,False,False,False
692,189,889.2782,238.80478,889.5439,239.00311,-0.57958984,0.19021606,0,0,False,False,False
692,152,1597.9255,427.64212,1598.3428,428.79114,-0.80285645,-1.4436951,0,0,False,False,False
693,11,1296.331,468.6819,1296.3512,468.98566,-0.025024414,-0.542511,0,0,False,False,False
693,205,917.82666,235.26776,918.1618,235.43167,-0.6494751,0.27044678,0,0,False,False,False
693,116,367.53268,475.37888,367.63666,475.45862,-0.17279053,-0.18701172,0,0,False,False,False
693,183,1276.7002,384.23282,1276.8082,384.22595,-0.114990234,-0.0076904297,0,0,False,False,False
693,152,1598.0392,427.69147,1598.2365,428.40625,-1.0362549,-1.7938843,-120.01330051998897,0,False,False,False
693,198,837.077,256.6584,837.5171,255.97546,-0.26989746,0.20028687,0,0,False,False,False
693,185,416.428,332.61255,418.87,332.70532,-7.654236,0.0040283203,179.96984601259314,0.7626338314954353,False,False,False
694,11,1296.3354,468.65094,1296.3457,468.8685,-0.020263672,-0.48843384,0,0,False,False,False
694,205,917.7643,235.3893,918.0227,235.41684,-0.6184082,0.01638794,0,0,False,False,False
694,116,367.42926,475.34232,367.56406,475.4179,-0.17883301,-0.1638794,0,0,False,False,False
694,183,1276.7034,384.1328,1276.7715,384.19336,-0.13464355,-0.03552246,0,0,False,False,False
694,152,1598.1526,427.76245,1598.207,428.1809,-0.36047363,-1.2289429,0,0,False,False,False
694,198,836.4702,257.2564,837.15063,256.4238,-0.5513916,0.7514038,0,0,False,False,False
694,185,417.27094,332.5169,418.3103,332.63937,-4.493469,-0.1020813,-178.69859535922703,1.3315586281798346,False,False,False
695,11,1296.2754,468.6748,1296.321,468.80072,-0.041137695,-0.34857178,0,0,False,False,False
695,205,917.98804,235.18929,918.0105,235.33719,-0.3317871,-0.18276978,0,0,False,False,False
695,116,367.4079,475.31622,367.5094,475.38232,-0.18325806,-0.119262695,0,0,False,False,False
695,183,1276.7137,384.10007,1276.7512,384.1607,-0.115234375,-0.061523438,0,0,False,False,False
695,223,1547.327,440.47824,1547.3616,440.5449,-0.026733398,-0.08920288,0,0,False,False,False
695,152,1598.094,427.8188,1598.1674,428.05414,-0.17541504,-0.7369995,0,0,False,False,False
695,198,836.12573,257.10712,836.7919,256.66296,-0.9622803,1.0552063,0,0,False,False,False
696,11,1296.2673,468.7503,1296.3022,468.78308,-0.048950195,-0.20257568,0,0,False,False,False
696,205,917.8717,235.24016,917.9619,235.30322,-0.19989014,-0.12844849,0,0,False,False,False
696,116,367.37964,475.2474,367.464,475.33508,-0.17266846,-0.123535156,0,0,False,False,False
696,183,1276.7781,384.0997,1276.7605,384.13934,-0.047729492,-0.08660889,0,0,False,False,False
696,224,162.40088,412.3499,165.77727,411.50238,-4.731613,0.2598877,176.85614175176374,0,False,False,False
696,152,1598.1885,427.76697,1598.1747,427.9536,-0.061767578,-0.45263672,0,0,False,False,False
696,198,835.8085,257.6089,836.44763,256.99402,-1.069458,1.0185547,0,0,False,False,False
696,185,416.97437,332.17685,417.8427,332.47748,-2.3422546,-0.27783203,-173.23533491905388,5.463260440173144,False,False,False
697,11,1296.186,468.75842,1296.2615,468.7744,-0.084228516,-0.09408569,0,0,False,False,False
697,205,918.20605,235.62761,918.04736,235.41675,0.024658203,-9.1552734e-05,0,0,False,False,False
697,116,367.54422,475.26538,367.49207,475.31067,-0.07199097,-0.10723877,0,0,False,False,False
697,183,1276.8066,384.0982,1276.7766,384.12494,0.005126953,-0.06842041,0,0,False,False,False
697,224,157.86887,413.43512,163.00932,412.17883,-6.644699,1.231781,169.49784237110856,-7.358299380655183,False,False,False
697,152,1598.2349,427.94818,1598.1957,427.9517,-0.011352539,-0.22921753,0,0,False,False,False
697,198,835.685,257.70535,836.18066,257.24298,-0.9699707,0.81918335,0,0,False,False,False
697,185,417.00092,332.32623,417.54807,332.42453,-1.3219299,-0.28079224,0,0,False,False,False
697,223,1547.6141,440.6535,1547.45,440.5829,0.09814453,-0.041107178,0,0,False,False,False
697,215,1500.385,447.49658,1500.1562,447.37708,0.5019531,0.12286377,0,0,False,False,False
698,11,1296.1344,468.7092,1296.217,468.7516,-0.104003906,-0.0491333,0,0,False,False,False
698,205,918.2833,235.90001,918.12994,235.58588,0.1194458,0.24868774,0,0,False,False,False
698,116,367.58704,475.44043,367.52527,475.35608,0.01586914,-0.026245117,0,0,False,False,False
698,183,1276.8297,384.14087,1276.7952,384.1305,0.043945312,-0.030212402,0,0,False,False,False
698,224,154.1458,411.84735,159.90707,412.0628,-7.6882477,1.0167236,172.46669663515436,2.9688542640458024,False,False,False
698,152,1598.384,427.95123,1598.2615,427.9515,0.09411621,-0.102630615,0,0,False,False,False
698,198,835.3657,258.163,835.8954,257.56497,-0.8964844,0.90200806,0,0,False,False,False
698,185,417.3255,332.20306,417.47015,332.34702,-0.8401489,-0.2923584,0,0,False,False,False
698,223,1547.7566,440.63312,1547.5571,440.60046,0.17675781,0.019683838,0,0,False,False,False
698,189,886.6077,239.71002,888.51624,239.25052,-1.43396,0.16647339,0,0,False,False,False
699,11,1296.0779,468.82288,1296.1682,468.7765,-0.1340332,-0.006591797,0,0,False,False,False
699,205,918.33655,236.38315,918.2022,235.86491,0.24029541,0.5616913,0,0,False,False,False
699,116,367.58588,475.5009,367.54648,475.40674,0.08248901,0.07165527,0,0,False,False,False
699,183,1276.7598,384.07227,1276.7827,384.1101,0.022216797,-0.02923584,0,0,False,False,False
699,224,149.92491,410.8579,156.41331,411.64108,-9.363953,0.1387024,179.15137539930475,6.684678764150391,False,False,False
699,152,1598.0312,427.90802,1598.1808,427.93628,0.0061035156,-0.017333984,0,0,False,False,False
699,198,835.16724,258.46216,835.6405,257.87897,-0.8071289,0.88494873,0,0,False,False,False
699,185,416.56918,332.1084,417.1548,332.2635,-0.68792725,-0.21398926,0,0,False,False,False
699,223,1547.78,440.51453,1547.6351,440.57037,0.27355957,0.025482178,0,0,False,False,False
699,189,886.0088,239.87292,887.63855,239.46835,-2.048462,0.3584442,170.0747483567425,0,False,False,False
700,11,1296.0879,468.9069,1296.14,468.82214,-0.12145996,0.047729492,0,0,False,False,False
700,205,918.5757,237.20062,918.3329,236.33241,0.28552246,0.9156647,0,0,False,False,False
700,116,367.4876,475.5938,367.52588,475.4722,0.033813477,0.16152954,0,0,False,False,False
700,183,1276.8042,384.0636,1276.7903,384.0938,0.013671875,-0.03112793,0,0,False,False,False
700,224,147.50832,410.85968,153.29655,411.36755,-9.712769,-0.8112793,-175.2253335871571,5.623291013538164,False,False,False
700,152,1597.9857,427.95343,1598.1125,427.94226,-0.08312988,-0.009429932,0,0,False,False,False
700,198,835.1929,258.68637,835.4838,258.16156,-0.6968384,0.9185791,0,0,False,False,False
700,185,416.5489,332.3106,416.94272,332.27997,-0.6053467,-0.14456177,0,0,False,False,False
700,223,1547.8303,440.47028,1547.7034,440.53534,0.25341797,-0.047546387,0,0,False,False,False
700,189,885.8685,240.1745,887.01904,239.71548,-2.5248413,0.7123718,164.24384252012266,-5.8309058366198485,False,False,False
701,11,1296.01,468.9325,1296.0945,468.86075,-0.122558594,0.10916138,0,0,False,False,False
701,205,918.47705,237.80176,918.3833,236.84668,0.25335693,1.2608032,0,0,False,False,False
701,116,367.43384,475.64606,367.49365,475.53302,-0.03161621,0.17694092,0,0,False,False,False
701,183,1276.7883,384.03433,1276.7896,384.073,-0.0056152344,-0.057495117,0,0,False,False,False
701,224,145.45299,411.2301,150.5513,411.3194,-9.355774,-0.7434082,-175.4568327174132,-0.2314991302560827,False,False,False
701,152,1597.8916,427.9224,1598.0352,427.9353,-0.22631836,-0.016204834,0,0,False,False,False
701,198,834.964,258.9217,835.3019,258.4276,-0.59350586,0.8626404,0,0,False,False,False
701,185,416.46768,332.45673,416.77643,332.34183,-0.6937256,-0.0051879883,0,0,False,False,False
701,223,1547.8899,440.6405,1547.7686,440.57214,0.21142578,-0.028320312,0,0,False,False,False
701,189,885.5829,240.58084,886.51636,240.01836,-1.9998779,0.7678375,158.99609693615628,-5.247745583966378,False,False,False
702,11,1295.9275,469.0487,1296.036,468.9265,-0.13220215,0.15002441,0,0,False,False,False
702,205,918.0576,237.98079,918.2693,237.2436,0.06707764,1.3786926,0,0,False,False,False
702,116,367.3651,475.64017,367.44867,475.57053,-0.09780884,0.16378784,0,0,False,False,False
702,183,1276.8188,384.05237,1276.7998,384.06577,0.017089844,-0.04434204,0,0,False,False,False
702,224,141.56332,410.19897,147.4055,410.92725,-9.0078125,-0.71383667,-175.4689850884195,-0.012152371006294516,False,False,False
702,152,1598.0596,427.8636,1598.0437,427.9102,-0.13708496,-0.02609253,0,0,False,False,False
702,198,834.81494,258.8662,835.1315,258.58112,-0.5090332,0.70214844,0,0,False,False,False
702,185,416.6535,332.22028,416.7334,332.2993,-0.42138672,0.03579712,0,0,False,False,False
702,223,1547.7893,440.7575,1547.7758,440.63702,0.140625,0.06665039,0,0,False,False,False
702,189,885.3341,241.41061,886.10254,240.50565,-1.5360107,1.0372925,0,0,False,False,False
703,11,1295.9329,469.14783,1295.9999,469.00397,-0.14013672,0.18182373,0,0,False,False,False
703,205,916.96436,238.02992,917.8125,237.51881,-0.52038574,1.1864014,0,0,False,False,False
703,116,367.335,475.59567,367.40887,475.57928,-0.117004395,0.10708618,0,0,False,False,False
703,183,1276.8191,384.0799,1276.8065,384.07068,0.016235352,-0.023132324,0,0,False,False,False
703,224,136.00978,410.29294,143.41699,410.7052,-9.879562,-0.6623535,-176.1644702593127,-0.695485170893221,False,False,False
703,152,1598.1418,427.84637,1598.078,427.88782,-0.0345459,-0.05444336,0,0,False,False,False
703,198,834.4691,259.37396,834.89966,258.85858,-0.5841675,0.6970215,0,0,False,False,False
703,185,416.34198,332.23926,416.5964,332.27826,-0.34631348,-0.0017089844,0,0,False,False,False
703,223,1547.7224,440.7271,1547.7571,440.66855,0.053710938,0.13320923,0,0,False,False,False
703,189,885.33704,242.44113,885.8346,241.18304,-1.1844482,1.4675598,0,0,False,False,False
704,11,1295.9758,469.14398,1295.9915,469.05298,-0.103027344,0.19223022,0,0,False,False,False
704,205,916.44336,237.87827,917.33325,237.64462,-1.0500488,0.7979431,0,0,False,False,False
704,116,367.361,475.58206,367.3921,475.58026,-0.1015625,0.04724121,0,0,False,False,False
704,224,130.323,409.95544,138.83409,410.44278,-11.717209,-0.87661743,-175.72141423062936,0.44305602868334404,False,False,False
704,152,1598.2228,427.78766,1598.1287,427.85275,0.09350586,-0.08255005,0,0,False,False,False
704,198,834.5535,259.7996,834.77844,259.18793,-0.5234375,0.76031494,0,0,False,False,False
704,185,416.90344,332.16852,416.70386,332.23984,-0.0725708,-0.101989746,0,0,False,False,False
704,223,1547.7214,440.62164,1547.7446,440.6521,-0.023925781,0.079956055,0,0,False,False,False
704,189,885.229,243.07803,885.6226,241.84628,-0.8937378,1.8279266,116.05563981939841,0,False,False,False
705,11,1296.0658,469.1587,1296.0175,469.08997,-0.018554688,0.16345215,0,0,False,False,False
705,205,915.67194,238.34184,916.7518,237.88864,-1.5175171,0.6450348,0,0,False,False,False
705,116,367.36386,475.46378,367.3822,475.5395,-0.066467285,-0.031036377,0,0,False,False,False
705,198,834.3889,260.12695,834.6421,259.5166,-0.48937988,0.93548584,0,0,False,False,False
705,185,416.68774,332.13828,416.69818,332.20428,-0.035217285,-0.09500122,0,0,False,False,False
705,223,1547.5854,440.61517,1547.689,440.63916,-0.08679199,0.0021362305,0,0,False,False,False
705,189,884.97644,243.09438,885.3964,242.28311,-0.7061157,1.7774658,0,0,False,False,False
705,229,105.47655,412.5334,114.691315,413.7943,-11.405586,-2.3241577,-168.48232199372512,0,False,False,False
706,11,1296.0929,469.13727,1296.0438,469.1065,0.043945312,0.10253906,0,0,False,False,False
706,205,914.94275,238.4824,916.1185,238.09645,-1.6939697,0.5776367,0,0,False,False,False
706,116,367.34238,475.52695,367.36823,475.5351,-0.040649414,-0.044189453,0,0,False,False,False
706,198,833.9176,260.8357,834.3885,259.97827,-0.51116943,1.11969,0,0,False,False,False
706,185,416.6032,332.36902,416.66495,332.26193,0.06854248,-0.016326904,0,0,False,False,False
706,189,884.47,243.07259,885.07214,242.55942,-0.7624512,1.3763733,0,0,False,False,False
706,183,1276.8014,384.1487,1276.8047,384.09796,0.015136719,0.024963379,0,0,False,False,False
706,152,1597.9316,427.75882,1598.0596,427.8199,0.01586914,-0.09030151,0,0,False,False,False
707,11,1296.0349,469.31833,1296.0406,469.18063,0.049194336,0.12765503,0,0,False,False,False
707,205,914.64355,238.1423,915.6023,238.11249,-1.730957,0.467865,0,0,False,False,False
707,116,367.33777,475.5913,367.35754,475.55475,-0.0345459,-0.025512695,0,0,False,False,False
707,198,833.13416,261.76346,833.94946,260.6031,-0.8289795,1.4151611,0,0,False,False,False
707,185,416.72266,332.6723,416.68512,332.40555,-0.018737793,0.16571045,0,0,False,False,False
707,189,884.38306,242.84485,884.83093,242.65932,-0.791687,0.81303406,0,0,False,False,False
707,183,1276.8287,384.27,1276.8131,384.15814,0.013305664,0.09237671,0,0,False,False,False
707,223,1547.4314,440.59467,1547.5988,440.62357,-0.1583252,-0.04498291,0,0,False,False,False
707,229,97.92632,412.2849,108.82356,413.266,-14.385788,-2.123291,-171.60396540389678,-3.1216434101716573,False,False,False
708,11,1296.0352,469.18027,1296.0387,469.18048,0.021240234,0.09051514,0,0,False,False,False
708,205,914.8196,237.2909,915.32837,237.82492,-1.4234009,-0.0637207,0,0,False,False,False
708,116,367.46033,475.69806,367.3935,475.6049,0.011291504,0.06539917,0,0,False,False,False
708,198,833.1193,261.796,833.65894,261.0206,-0.9831543,1.5039978,0,0,False,False,False
708,223,1547.7393,440.77554,1547.648,440.67676,-0.09667969,0.024658203,0,0,False,False,False
708,229,95.96398,412.09265,104.32271,412.85532,-15.330414,-1.617981,-173.9752728682335,-2.3713074643367236,False,False,False
708,215,1499.9753,447.56702,1500.0928,447.44354,0.21606445,0.1532898,0,0,False,False,False
709,11,1296.0353,469.14694,1296.0375,469.16876,-0.0063476562,0.06225586,0,0,False,False,False
709,205,914.8933,238.27039,915.1761,237.98083,-0.94244385,-0.115615845,0,0,False,False,False
709,198,832.989,261.6189,833.42444,261.22998,-0.9640503,1.251709,0,0,False,False,False
709,223,1547.8215,440.7713,1547.7087,440.70984,0.01977539,0.07067871,0,0,False,False,False
709,229,92.29823,412.4117,100.11414,412.70007,-14.577171,-1.0942383,-175.70713189912445,-1.731859030890945,False,False,False
709,215,1499.9382,447.5805,1500.0386,447.49146,0.005493164,0.17871094,0,0,False,False,False
709,222,446.34735,333.01062,445.89508,332.8205,0.4107666,-0.079711914,0,0,False,False,False
710,11,1296.0731,469.0495,1296.0499,469.127,0.009277344,-0.053619385,0,0,False,False,False
710,205,915.1156,238.86108,915.1549,238.28891,-0.4473877,0.17642212,0,0,False,False,False
710,198,832.75134,261.89383,833.18884,261.46234,-0.7606201,0.8592529,0,0,False,False,False
710,223,1547.8439,440.7527,1547.756,440.72485,0.15722656,0.10128784,0,0,False,False,False
710,229,89.613235,411.11316,96.43882,412.14465,-12.384743,-1.1213379,-174.82643896189524,0.8806929372292132,False,False,False
710,222,446.11807,333.06714,445.9731,332.9068,0.3371277,0.118927,0,0,False,False,False
710,152,1599.2593,428.03735,1598.4794,427.896,0.4013672,0.008178711,0,0,False,False,False
711,11,1296.0693,468.89035,1296.0566,469.0442,0.017944336,-0.1362915,0,0,False,False,False
711,205,915.4608,240.48969,915.26196,239.05917,-0.06640625,1.2342529,0,0,False,False,False
711,198,832.18787,262.0584,832.8385,261.67096,-0.8204346,0.6503601,0,0,False,False,False
711,223,1547.7625,440.70575,1547.7582,440.71814,0.11022949,0.041381836,0,0,False,False,False
711,229,85.04187,410.87338,92.44988,411.6997,-11.872826,-1.1556091,-174.4407825054095,0.38565645648574787,False,False,False
711,116,367.5345,476.08588,367.4428,475.7732,0.07458496,0.23809814,0,0,False,False,False
712,11,1296.0352,468.98148,1296.0491,469.02222,0.01159668,-0.14654541,0,0,False,False,False
712,205,915.44653,241.09769,915.32654,239.77264,0.15045166,1.7918091,0,0,False,False,False
712,198,831.94434,262.5431,832.5255,261.9762,-0.8989258,0.7462158,0,0,False,False,False
712,223,1547.7264,440.74,1547.7471,440.72577,0.038330078,0.015930176,0,0,False,False,False
712,229,84.264656,410.1194,89.58505,411.14658,-10.529091,-1.5534973,-171.60694225871592,2.833840246693569,False,False,False
712,116,367.57294,476.1447,367.48834,475.9032,0.13079834,0.3484497,0,0,False,False,False
712,185,417.6681,333.0136,417.0291,332.61835,0.33093262,0.4140625,0,0,False,False,False
713,11,1296.0378,468.9261,1296.0452,468.9886,-0.004760742,-0.13842773,0,0,False,False,False
713,205,915.28,241.26968,915.3102,240.2966,0.15527344,2.0076904,85.5775860111951,0,False,False,False
713,198,831.64905,262.90137,832.2187,262.3,-0.9701538,0.8376465,0,0,False,False,False
713,223,1547.6606,440.77618,1547.7168,440.7434,-0.03918457,0.018554688,0,0,False,False,False
713,229,84.1995,409.72305,87.7001,410.64832,-8.738716,-1.4963379,-170.2834263560477,1.3235159026682197,False,False,False
714,11,1296.0769,468.88275,1296.0563,468.95154,-0.00036621094,-0.09265137,0,0,False,False,False
714,205,914.9164,240.79886,915.17236,240.47238,-0.08959961,1.413208,0,0,False,False,False
714,198,831.79834,263.15155,832.07153,262.59802,-0.7669678,0.927063,0,0,False,False,False
714,223,1547.6504,440.794,1547.6935,440.7611,-0.064697266,0.04296875,0,0,False,False,False
714,229,82.633255,409.79248,85.926704,410.34875,-6.523178,-1.3509521,-168.2994365061689,1.9839898498788102,False,False,False
714,183,1276.8932,384.14374,1276.8411,384.15308,0.0345459,0.08239746,0,0,False,False,False
714,185,417.919,332.0294,417.34058,332.4122,0.67562866,0.15026855,0,0,False,False,False
715,11,1295.9414,469.13385,1296.016,469.01532,-0.033081055,-0.0068969727,0,0,False,False,False
715,205,914.2482,240.67575,914.8489,240.54355,-0.47766113,0.77090454,0,0,False,False,False
715,198,831.8721,263.28256,832.0017,262.8376,-0.5238037,0.86138916,0,0,False,False,False
715,223,1547.6189,440.82886,1547.6674,440.78482,-0.079711914,0.059051514,0,0,False,False,False
715,229,79.54231,409.59912,83.69217,410.08636,-5.8928833,-1.0602112,-169.80080879730022,-1.5013722911313323,False,False,False
715,183,1276.925,384.10138,1276.8704,384.13498,0.06567383,0.037017822,0,0,False,False,False
715,185,418.14465,331.94345,417.622,332.2481,0.93688965,-0.15744019,0,0,False,False,False
715,189,882.5713,243.60742,884.04004,242.99115,-1.3563843,0.70803833,0,0,False,False,False
715,228,1037.1809,254.2346,1038.5945,255.42438,-2.666504,-1.6992493,-147.49237499120773,0,False,False,False
716,11,1295.8757,469.2878,1295.9668,469.1107,-0.07836914,0.12210083,0,0,False,False,False
716,205,914.2372,241.113,914.63477,240.74286,-0.67541504,0.44625854,0,0,False,False,False
716,198,832.3695,263.05264,832.1304,262.91284,-0.08831787,0.612854,0,0,False,False,False
716,229,76.72197,409.44995,81.252594,409.8636,-6.44751,-0.784729,-173.06063857021988,-3.259829772919659,False,False,False
716,183,1276.9216,384.26886,1276.8883,384.18182,0.07519531,0.02368164,0,0,False,False,False
716,189,881.97406,243.94687,883.3169,243.32565,-1.755249,0.76623535,0,0,False,False,False
716,228,1037.104,254.1889,1038.0728,254.99194,-2.1403809,-1.5524902,-144.04536015469137,3.4470148365163595,False,False,False
716,222,446.77563,332.7443,446.25397,332.8499,0.602417,0.13180542,0,0,False,False,False
717,11,1295.8782,469.24945,1295.9357,469.15924,-0.12060547,0.20770264,0,0,False,False,False
717,205,914.4466,241.47769,914.56885,241.00003,-0.6035156,0.5276489,0,0,False,False,False
717,198,832.2414,262.979,832.1692,262.93597,0.09765625,0.33795166,0,0,False,False,False
717,229,74.08031,409.8324,78.74229,409.85266,-7.1844177,-0.49609375,-176.04991916801868,-2.989280597798796,False,False,False
717,183,1276.9509,384.26624,1276.9102,384.21136,0.0690918,0.058288574,0,0,False,False,False
717,189,881.8386,244.0448,882.79944,243.57735,-2.0314941,0.9180298,155.68184597396717,0,False,False,False
717,228,1036.802,253.60107,1037.6279,254.50513,-1.7277832,-1.559906,-137.9231194130562,6.122240741635153,False,False,False
717,116,367.51605,476.32684,367.49805,476.05145,0.10455322,0.44656372,0,0,False,False,False
718,11,1295.8877,469.1855,1295.9188,469.1684,-0.09716797,0.15307617,0,0,False,False,False
718,205,914.5464,241.74005,914.5609,241.25903,-0.28796387,0.7154846,0,0,False,False,False
718,198,831.9127,263.38965,832.0794,263.09476,0.077697754,0.25717163,0,0,False,False,False
718,229,71.31582,409.77863,76.14302,409.82672,-7.5491486,-0.25964355,-178.03015956597608,-1.9802403979574024,False,False,False
718,183,1276.9458,384.1889,1276.9226,384.2035,0.052246094,0.06851196,0,0,False,False,False
718,189,881.599,244.08502,882.3793,243.75504,-1.6607666,0.7638855,0,0,False,False,False
718,116,367.56854,476.20587,367.5227,476.1055,0.07989502,0.3323059,0,0,False,False,False
719,11,1295.9442,469.17892,1295.9277,469.17206,-0.0390625,0.06137085,0,0,False,False,False
719,205,914.67236,241.10655,914.5999,241.20566,-0.034851074,0.46279907,0,0,False,False,False
719,198,831.41156,263.72546,831.8457,263.3155,-0.28466797,0.40264893,0,0,False,False,False
719,229,68.22396,410.33093,73.371346,410.00317,-7.8812485,0.1395874,178.98532155985419,-2.984518874169737,False,False,False
719,183,1276.9229,384.20975,1276.9227,384.20566,0.034423828,0.023834229,0,0,False,False,False
719,189,881.7882,244.14618,882.17236,243.89194,-1.1445312,0.5662842,0,0,False,False,False
719,228,1036.355,253.46066,1037.1824,254.13956,-1.4121094,-1.2848206,0,0,False,False,False
720,11,1295.9541,469.1993,1295.9369,469.18158,0.0012207031,0.022338867,0,0,False,False,False
720,205,914.6786,240.8862,914.62744,241.09384,0.05859375,0.093811035,0,0,False,False,False
720,198,830.56665,264.05743,831.3981,263.57516,-0.77111816,0.6391907,0,0,False,False,False
720,229,65.26922,410.03796,70.5356,410.01532,-8.206688,0.16265869,178.8645314038413,-0.12079015601287324,False,False,False
720,183,1276.9482,384.2022,1276.9316,384.20444,0.021484375,-0.0069274902,0,0,False,False,False
720,189,881.70886,244.27846,882.0101,244.02722,-0.7893677,0.44987488,0,0,False,False,False
720,228,1036.1865,253.60603,1036.8337,253.95282,-1.2390137,-1.0391235,0,0,False,False,False
720,116,367.47327,476.2282,367.5054,476.14844,0.017059326,0.24523926,0,0,False,False,False
721,11,1296.0459,469.1722,1295.975,469.17828,0.056152344,0.009887695,0,0,False,False,False
721,205,914.8932,239.98624,914.72046,240.70618,0.1595459,-0.55285645,0,0,False,False,False
721,198,829.7352,264.2082,830.81604,263.79672,-1.2633667,0.70196533,0,0,False,False,False
721,229,60.786694,409.6739,67.12348,409.8958,-9.019539,0.0690918,179.56110938873348,0.6965779848921727,False,False,False
721,189,881.55396,244.22903,881.8504,244.09785,-0.5288696,0.3428192,0,0,False,False,False
721,228,1036.0828,253.48888,1036.5708,253.79044,-1.0571289,-0.71469116,0,0,False,False,False
721,116,367.60706,475.99652,367.54095,476.09525,0.042907715,0.043792725,0,0,False,False,False
722,11,1296.0704,469.16476,1296.0083,469.17355,0.080566406,0.0014953613,0,0,False,False,False
722,205,914.8353,239.27052,914.7606,240.2037,0.16070557,-1.0019531,0,0,False,False,False
722,198,829.63086,264.374,830.4012,263.99878,-1.444519,0.6832886,0,0,False,False,False
722,229,57.620758,408.7013,63.797523,409.47772,-9.573822,-0.52545166,-176.85851820164842,3.5803724096181213,False,False,False
722,189,881.2247,244.22766,881.63135,244.14328,-0.5410156,0.25134277,0,0,False,False,False
722,116,367.63324,475.9286,367.57324,476.03687,0.05053711,-0.06863403,0,0,False,False,False
723,11,1296.1937,469.16238,1296.0731,469.16962,0.13623047,-0.011962891,0,0,False,False,False
723,205,914.8168,238.85907,914.7802,239.73306,0.152771,-1.3607788,0,0,False,False,False
723,198,829.6671,264.6433,830.1442,264.22437,-1.2538452,0.64920044,0,0,False,False,False
723,229,54.970318,408.0421,60.708,408.97528,-9.827599,-1.0400391,-173.95896468670907,2.899553514939356,False,False,False
723,189,881.05054,243.89044,881.42804,244.05478,-0.58203125,0.027557373,0,0,False,False,False
723,116,367.53952,475.60913,367.5614,475.88715,0.055999756,-0.2612915,0,0,False,False,False
723,223,1547.626,440.3245,1547.6528,440.62372,-0.063964844,-0.11968994,0,0,False,False,False
724,11,1296.248,469.07578,1296.1343,469.13675,0.15930176,-0.041534424,0,0,False,False,False
724,205,914.87274,238.63295,914.81256,239.34802,0.09210205,-1.3581543,0,0,False,False,False
724,198,829.6284,264.99805,829.9637,264.49515,-0.85235596,0.6984253,0,0,False,False,False
724,229,52.103848,408.1609,57.696545,408.69025,-9.426937,-1.2055664,-172.71227130787392,1.2466933788351469,False,False,False
724,189,880.8406,244.1499,881.2224,244.08807,-0.6279907,-0.009780884,0,0,False,False,False
724,116,367.3617,475.3287,367.4915,475.69168,-0.049468994,-0.40356445,0,0,False,False,False
724,223,1547.3545,440.29608,1547.5483,440.50903,-0.1451416,-0.2520752,0,0,False,False,False
724,183,1277.0002,383.97247,1276.9556,384.12323,0.032958984,-0.08026123,0,0,False,False,False
725,11,1296.3658,468.8352,1296.2153,469.0312,0.20703125,-0.1423645,0,0,False,False,False
725,205,914.8994,238.50769,914.8429,239.0539,0.08227539,-1.1498108,0,0,False,False,False
725,198,829.57214,265.078,829.82666,264.69916,-0.5745239,0.7003784,0,0,False,False,False
725,229,48.873455,408.20624,54.608463,408.5208,-9.18906,-0.9569092,-174.05489239847154,-1.3426210905976177,False,False,False
725,189,880.62,244.01414,881.01154,244.0622,-0.619812,-0.081085205,0,0,False,False,False
725,116,367.36273,475.24683,367.4464,475.53595,-0.12683105,-0.5009155,0,0,False,False,False
725,223,1547.0133,439.9884,1547.3611,440.3268,-0.3062744,-0.4580078,0,0,False,False,False
725,183,1276.9795,383.8608,1276.9639,384.03137,0.041137695,-0.17428589,0,0,False,False,False
725,233,163.26944,499.05963,171.17944,496.69626,-6.88443,1.0803833,171.08123331714654,0,False,False,False
726,11,1296.1467,468.87177,1296.1913,468.9754,0.11816406,-0.19421387,0,0,False,False,False
726,205,914.6869,238.70587,914.7883,238.93207,0.008117676,-0.8009949,0,0,False,False,False
726,198,829.04614,265.24744,829.55347,264.89105,-0.5907593,0.666687,0,0,False,False,False
726,229,46.245277,407.72998,51.681343,408.24402,-9.026657,-0.7312622,-175.3685024619941,-1.3136100635225603,False,False,False
726,189,880.31665,243.82535,880.7683,243.9793,-0.659729,-0.07548523,0,0,False,False,False
726,116,367.5833,474.95117,367.49432,475.33127,-0.06707764,-0.5558777,0,0,False,False,False
726,223,1546.749,439.68137,1547.1467,440.1009,-0.5061035,-0.52282715,0,0,False,False,False
726,183,1276.9182,383.77753,1276.9479,383.9425,0.016235352,-0.26193237,0,0,False,False,False
726,215,1499.6838,446.52155,1499.9143,447.15198,-0.24194336,-0.22509766,0,0,False,False,False
727,11,1296.0796,468.86792,1296.1521,468.9378,0.017822266,-0.19894409,0,0,False,False,False
727,205,914.5348,239.34634,914.6995,239.07706,-0.11303711,-0.27096558,0,0,False,False,False
727,198,828.8185,265.22824,829.29614,265.00906,-0.6675415,0.513916,0,0,False,False,False
727,229,43.04296,406.58917,48.65791,407.66483,-9.038635,-1.0254211,-173.52754351965507,1.8409589423390287,False,False,False
727,189,880.621,243.55286,880.71674,243.83003,-0.50567627,-0.25804138,0,0,False,False,False
727,116,367.71112,474.9386,367.5702,475.1938,0.078704834,-0.4978943,0,0,False,False,False
727,223,1546.6106,439.7578,1546.959,439.98083,-0.58935547,-0.52819824,0,0,False,False,False
727,183,1276.8418,383.8345,1276.9108,383.9047,-0.044799805,-0.21853638,0,0,False,False,False
727,215,1499.6869,446.30185,1499.8347,446.85443,-0.25805664,-0.5891113,0,0,False,False,False
727,152,1597.7275,427.40942,1598.2163,427.72568,0.087646484,-0.1270752,0,0,False,False,False
727,233,159.85864,500.84274,167.21716,498.14752,-9.533432,2.819275,163.5257304298434,-7.555502887303135,False,False,False
728,11,1296.0616,468.80936,1296.1204,468.89282,-0.0949707,-0.1383667,0,0,False,False,False
728,205,914.5603,239.97223,914.65076,239.39037,-0.19213867,0.33647156,0,0,False,False,False
728,198,828.7606,265.12448,829.1087,265.04944,-0.71795654,0.35028076,0,0,False,False,False
728,229,40.583485,405.50366,45.83186,406.9084,-8.776604,-1.6124268,-169.58977837471284,3.937765144942233,False,False,False
728,189,880.2368,243.36469,880.54877,243.66714,-0.46276855,-0.39505005,0,0,False,False,False
728,116,367.77002,474.9959,367.6401,475.1245,0.19369507,-0.411438,0,0,False,False,False
728,223,1546.5371,439.8048,1546.8113,439.9192,-0.5498047,-0.4076233,0,0,False,False,False
728,183,1276.8835,383.86902,1276.9011,383.8922,-0.06274414,-0.13916016,0,0,False,False,False
728,215,1499.6633,446.20105,1499.7747,446.62573,-0.26391602,-0.86572266,0,0,False,False,False
728,152,1597.7563,427.42886,1598.0553,427.62177,-0.004272461,-0.19812012,0,0,False,False,False
728,233,157.31726,500.7074,163.7522,499.04346,-11.686493,3.619751,162.79026004721237,-0.7354703826310356,False,False,False
729,11,1296.048,468.8523,1296.095,468.87863,-0.09631348,-0.09677124,0,0,False,False,False
729,198,828.6671,265.36835,828.9541,265.16107,-0.59936523,0.27001953,0,0,False,False,False
729,229,36.935837,406.29764,42.71825,406.69464,-8.963093,-1.5493774,-170.1926602151764,-0.6028818404635672,False,False,False
729,189,880.0349,243.56476,880.3689,243.6313,-0.39941406,-0.34799194,0,0,False,False,False
729,116,367.76862,475.03995,367.68506,475.0949,0.19073486,-0.23635864,0,0,False,False,False
729,223,1546.4009,439.6881,1546.6676,439.8383,-0.47912598,-0.26260376,0,0,False,False,False
729,183,1276.853,383.82507,1276.8843,383.8687,-0.06359863,-0.073791504,0,0,False,False,False
729,215,1499.7354,446.05923,1499.7609,446.42743,-0.15344238,-0.72454834,0,0,False,False,False
729,152,1597.6194,427.49588,1597.9027,427.5777,-0.57666016,-0.31829834,0,0,False,False,False
729,233,154.80917,501.9259,160.62213,500.0523,-10.557312,3.3560486,162.36513547297557,-0.42512457423680416,False,False,False
730,11,1296.0317,468.88174,1296.0728,468.8797,-0.0793457,-0.05810547,0,0,False,False,False
730,198,828.31964,266.0182,828.732,265.46106,-0.56414795,0.45199585,0,0,False,False,False
730,229,34.645447,406.26166,39.89277,406.5431,-8.765141,-1.1217346,-172.70711164479974,-2.5144514296233353,False,False,False
730,189,879.7344,243.6716,880.1467,243.64539,-0.5700073,-0.1846466,0,0,False,False,False
730,116,367.7915,474.94806,367.7223,475.0435,0.15209961,-0.15029907,0,0,False,False,False
730,223,1546.4211,439.68616,1546.5813,439.78503,-0.37768555,-0.19580078,0,0,False,False,False
730,183,1276.8716,383.80267,1276.8798,383.84558,-0.03100586,-0.05911255,0,0,False,False,False
730,215,1499.8008,446.08588,1499.7748,446.30786,-0.059936523,-0.5465698,0,0,False,False,False
730,152,1597.5833,427.44836,1597.7908,427.5324,-0.4255371,-0.19326782,0,0,False,False,False
730,233,152.8898,502.26166,157.9158,500.82556,-9.301361,2.6780396,163.93787954747458,1.5727440744990133,False,False,False
731,11,1295.981,468.52545,1296.0405,468.75568,-0.079833984,-0.137146,0,0,False,False,False
731,198,827.54614,266.6698,828.3169,265.8841,-0.7918091,0.83465576,0,0,False,False,False
731,189,879.40735,243.55273,879.88794,243.61295,-0.66082764,-0.05419922,0,0,False,False,False
731,116,367.78455,474.98932,367.74408,475.02454,0.10397339,-0.099975586,0,0,False,False,False
731,223,1546.418,439.5371,1546.5242,439.69824,-0.28710938,-0.22094727,0,0,False,False,False
731,183,1276.9028,383.5713,1276.8878,383.74957,-0.013305664,-0.14263916,0,0,False,False,False
731,215,1499.8678,445.9781,1499.8074,446.19244,0.032714844,-0.43328857,0,0,False,False,False
731,152,1597.5873,427.28806,1597.7195,427.44687,-0.33581543,-0.17489624,0,0,False,False,False
731,233,149.83685,501.4186,155.08817,501.03308,-8.664032,1.989624,167.0667284442035,3.1288488967289254,False,False,False
731,205,915.1135,240.7872,914.8127,239.87924,0.024353027,0.9471741,0,0,False,False,False
732,11,1295.894,468.4298,1295.9893,468.6416,-0.10571289,-0.23703003,0,0,False,False,False
732,198,826.54535,267.56113,827.6968,266.47107,-1.2573242,1.3099976,0,0,False,False,False
732,189,878.9678,243.3966,879.5658,243.53722,-0.8031006,-0.09408569,0,0,False,False,False
732,116,367.82263,475.12143,367.77155,475.0584,0.08648682,-0.036499023,0,0,False,False,False
732,223,1546.4844,439.55722,1546.5103,439.64886,-0.15734863,-0.1894226,0,0,False,False,False
732,183,1276.9194,383.5694,1276.8988,383.6865,0.014526367,-0.18222046,0,0,False,False,False
732,215,1499.7874,445.96292,1499.8003,446.11212,0.03942871,-0.31530762,0,0,False,False,False
732,152,1597.7216,427.1527,1597.7201,427.3439,-0.18261719,-0.23379517,0,0,False,False,False
732,233,148.79996,502.16638,152.88728,501.4297,-7.734848,1.3773804,169.90291432638435,2.8361858821808426,False,False,False
732,205,915.251,241.18753,914.96606,240.33714,0.26654053,1.260086,0,0,False,False,False
732,224,28.708225,405.54907,34.52507,405.71454,-6.2766,0.6034241,174.5085360375926,0,False,False,False
733,11,1295.8075,468.16827,1295.9257,468.47592,-0.14709473,-0.40377808,0,0,False,False,False
733,198,826.02167,267.9624,827.1105,266.99304,-1.621521,1.5319824,136.62638303206847,-17.41650679970087,True,True,False
733,189,878.7809,243.31503,879.2911,243.45944,-0.85565186,-0.1859436,0,0,False,False,False
733,116,367.98462,475.32056,367.84613,475.15015,0.12384033,0.106658936,0,0,False,False,False
733,223,1546.4608,439.4966,1546.4929,439.59558,-0.088378906,-0.18945312,0,0,False,False,False
733,183,1277.0134,383.54147,1276.9388,383.63574,0.05908203,-0.20983887,0,0,False,False,False
733,215,1499.856,445.85596,1499.8198,446.02246,0.045043945,-0.2854004,0,0,False,False,False
733,152,1597.9227,426.93286,1597.791,427.2,0.00024414062,-0.33239746,0,0,False,False,False
733,233,147.87491,502.98947,151.13295,501.9756,-6.782852,1.1500244,170.37708254410123,0.4741682177168798,False,False,False
733,205,915.17035,241.4271,915.03754,240.71861,0.3867798,1.3282471,0,0,False,False,False
733,224,25.825281,404.17828,31.480145,405.17685,-7.886875,-0.34353638,-177.50588794783462,7.985576014572757,False,False,False
734,11,1295.7084,468.0487,1295.8496,468.3264,-0.19091797,-0.42929077,0,0,False,False,False
734,198,826.22595,267.62183,826.80084,267.2131,-1.5160522,1.32901,138.76136971910537,2.1349866870369,True,True,False
734,189,878.98535,243.59122,879.1841,243.50555,-0.7038574,-0.10739136,0,0,False,False,False
734,116,368.1089,475.14255,367.93808,475.1475,0.19400024,0.12295532,0,0,False,False,False
734,183,1276.976,383.56018,1276.9518,383.60928,0.063964844,-0.1402893,0,0,False,False,False
734,215,1499.7288,445.90942,1499.7878,445.98288,-0.01953125,-0.20956421,0,0,False,False,False
734,152,1597.9463,426.9988,1597.8452,427.12958,0.12573242,-0.31729126,0,0,False,False,False
734,233,145.9684,502.47098,149.32535,502.14896,-5.7628174,1.1158752,169.04122977329982,-1.3358527708014094,False,False,False
734,205,915.0458,242.19644,915.0404,241.23584,0.22772217,1.3565979,0,0,False,False,False
734,224,22.76722,403.89755,28.43062,404.72906,-9.226603,-1.074585,-173.3569214389693,4.148966508865328,False,False,False
734,222,447.17334,332.65265,446.57574,332.78085,0.68066406,-0.039642334,0,0,False,False,False
735,11,1295.5205,467.92325,1295.7344,468.18527,-0.2548828,-0.45632935,0,0,False,False,False
735,198,826.13513,267.92584,826.5678,267.46255,-1.1289673,0.9914856,0,0,False,False,False
735,189,878.85315,243.76056,879.06824,243.5948,-0.4975586,0.05758667,0,0,False,False,False
735,116,368.2843,475.0132,368.05927,475.10046,0.28771973,0.042053223,0,0,False,False,False
735,183,1276.9521,383.5309,1276.9519,383.58185,0.053100586,-0.104644775,0,0,False,False,False
735,152,1597.9424,426.8407,1597.8792,427.02844,0.15905762,-0.3154602,0,0,False,False,False
735,233,141.12433,502.34058,146.45499,502.216,-6.4322968,0.7863159,173.03045914309624,3.989229369796419,False,False,False
735,205,915.00024,242.978,915.02637,241.84558,0.060302734,1.5084381,0,0,False,False,False
735,224,19.693426,404.18378,25.3726,404.5382,-9.15247,-1.1763306,-172.6761523278558,0.6807691111135057,False,False,False
735,222,447.78894,332.43924,447.00037,332.66125,1.0272522,-0.24554443,0,0,False,False,False
735,223,1546.4751,439.40015,1546.4866,439.52716,-0.037597656,-0.17108154,0,0,False,False,False
736,11,1295.4675,467.75204,1295.6409,468.03363,-0.28479004,-0.44229126,0,0,False,False,False
736,198,826.43164,267.4354,826.52014,267.45303,-0.59033203,0.45999146,0,0,False,False,False
736,189,878.6935,244.03317,878.9371,243.74821,-0.3540039,0.28877258,0,0,False,False,False
736,116,368.3371,475.09094,368.1565,475.0971,0.31036377,-0.05303955,0,0,False,False,False
736,183,1277.1531,383.44983,1277.0223,383.53564,0.083496094,-0.100097656,0,0,False,False,False
736,152,1598.2339,426.76376,1598.0033,426.9358,0.21228027,-0.2642212,0,0,False,False,False
736,233,137.60396,503.128,143.35712,502.5352,-7.775833,0.55960083,175.8837100231216,2.853250880025371,False,False,False
736,205,914.90674,244.02243,914.98444,242.60747,-0.053100586,1.888855,0,0,False,False,False
736,224,16.631004,403.92023,22.313042,404.3219,-9.167103,-0.85494995,-174.6718458037225,-1.995693475866716,False,False,False
736,222,448.00482,332.1518,447.35193,332.48294,1.0979614,-0.36697388,0,0,False,False,False
737,11,1295.5564,467.33398,1295.6112,467.78876,-0.23840332,-0.5376282,0,0,False,False,False
737,198,826.2549,267.5514,826.4273,267.48746,-0.37353516,0.27435303,0,0,False,False,False
737,189,878.52466,244.01941,878.7927,243.84314,-0.39135742,0.33758545,0,0,False,False,False
737,116,368.30637,475.12628,368.20892,475.1073,0.2708435,-0.04019165,0,0,False,False,False
737,183,1277.1057,383.42285,1277.0515,383.49615,0.099731445,-0.11312866,0,0,False,False,False
737,152,1598.4424,426.627,1598.157,426.8277,0.31176758,-0.30187988,0,0,False,False,False
737,233,135.42825,503.55707,140.582,502.89282,-8.743347,0.74386597,175.1371035030683,-0.7466065200533194,False,False,False
737,205,914.95447,244.04466,914.97394,243.11049,-0.066467285,1.874649,0,0,False,False,False
737,224,13.525557,404.90973,19.237421,404.52765,-9.193199,-0.20141602,-178.7448937576325,-4.073047953909992,False,False,False
737,222,448.07132,331.92108,447.6037,332.2863,1.0279541,-0.49456787,0,0,False,False,False
738,11,1295.6232,467.00598,1295.6154,467.51477,-0.119018555,-0.6705017,0,0,False,False,False
738,198,825.77264,267.66656,826.1981,267.55014,-0.36968994,0.08758545,0,0,False,False,False
738,189,878.0121,244.34528,878.51953,244.01888,-0.54870605,0.42407227,0,0,False,False,False
738,116,368.299,475.16614,368.24042,475.12787,0.18115234,0.027404785,0,0,False,False,False
738,183,1277.0754,382.98175,1277.0598,383.3161,0.107910156,-0.26574707,0,0,False,False,False
738,233,131.84903,503.66144,137.52545,503.1618,-8.929535,0.9458008,173.95387345371154,-1.1832300493567516,False,False,False
738,224,11.648646,405.46057,16.581348,404.85416,-8.791252,0.3159485,177.94173494590683,-3.313371296460673,False,False,False
738,222,447.798,331.58777,447.6717,332.0418,0.6713257,-0.6194458,0,0,False,False,False
739,11,1295.7103,466.98663,1295.6486,467.3299,0.0076904297,-0.70373535,0,0,False,False,False
739,198,824.9942,267.31512,825.77673,267.46786,-0.7434082,0.014831543,0,0,False,False,False
739,189,877.55396,244.78625,878.1815,244.28745,-0.7555542,0.53923035,0,0,False,False,False
739,116,368.25186,475.30853,368.24442,475.1911,0.08792114,0.09399414,0,0,False,False,False
739,183,1277.0449,382.94525,1277.0546,383.18628,0.032226562,-0.34936523,0,0,False,False,False
739,233,127.78035,503.2915,134.11465,503.2072,-9.242462,0.6720276,175.84129180860074,1.8874183548892063,False,False,False
739,222,447.74417,331.5857,447.69708,331.88214,0.3451538,-0.60079956,0,0,False,False,False
739,205,914.5708,245.7709,914.83276,244.04163,-0.19360352,2.196045,95.0381753895952,9.460589378400101,False,False,False
740,11,1295.674,467.2075,1295.6573,467.28705,0.046142578,-0.501709,0,0,False,False,False
740,198,824.5979,267.62375,825.36414,267.52243,-1.0631714,0.034973145,0,0,False,False,False
740,189,877.7943,245.48578,878.046,244.70685,-0.7467041,0.8637085,0,0,False,False,False
740,116,368.32996,475.38348,368.27435,475.25842,0.06542969,0.15112305,0,0,False,False,False
740,183,1277.0509,382.9851,1277.0532,383.11584,0.0017089844,-0.38031006,0,0,False,False,False
740,233,124.9809,503.7403,130.91785,503.3938,-9.664154,0.50097656,177.03252116276303,1.1912293541622887,False,False,False
740,222,447.82178,331.69296,447.74072,331.81592,0.13702393,-0.47036743,0,0,False,False,False
740,205,914.30273,245.7785,914.6472,244.64952,-0.33721924,2.0420532,99.37704540018872,4.338870010593524,False,False,False
741,11,1295.4872,467.43512,1295.5978,467.33887,-0.017578125,-0.17590332,0,0,False,False,False
741,198,824.4499,267.91577,825.0442,267.6601,-1.1539307,0.109954834,0,0,False,False,False
741,189,877.71533,245.44803,877.9303,244.96625,-0.5892334,0.94737244,0,0,False,False,False
741,116,368.38208,475.58038,368.31207,475.3711,0.07165527,0.2432251,0,0,False,False,False
741,183,1277.1042,383.0271,1277.071,383.08478,0.011230469,-0.23132324,0,0,False,False,False
741,233,122.38777,504.39612,127.93231,503.7446,-9.59314,0.5827942,176.5234886805383,-0.5090324822247396,False,False,False
741,222,447.63773,331.9389,447.70465,331.85895,0.032958984,-0.18286133,0,0,False,False,False
741,205,914.19135,245.69315,914.4877,245.01479,-0.4862671,1.9042969,0,0,False,False,False
742,11,1295.4365,467.38275,1295.5413,467.35422,-0.107299805,0.02432251,0,0,False,False,False
742,198,824.04535,268.19052,824.6946,267.84573,-1.0821533,0.37786865,0,0,False,False,False
742,189,877.51825,245.60747,877.786,245.19067,-0.3955078,0.90322876,0,0,False,False,False
742,116,368.3969,475.5622,368.34174,475.438,0.09732056,0.2468872,0,0,False,False,False
742,183,1277.1266,382.8661,1277.0905,383.00824,0.035888672,-0.17803955,0,0,False,False,False
742,233,120.49362,505.08667,125.328766,504.21432,-8.785889,1.0071106,173.46082905974754,-3.062659620790754,False,False,False
742,222,447.41037,331.63782,447.60165,331.78156,-0.09542847,-0.10058594,0,0,False,False,False
742,205,914.0784,245.22052,914.3445,245.08678,-0.48828125,1.0451508,0,0,False,False,False
743,11,1295.6012,467.12134,1295.5623,467.2727,-0.09509277,-0.014343262,0,0,False,False,False
743,198,823.7308,268.40982,824.3572,268.04315,-1.006958,0.52072144,0,0,False,False,False
743,116,368.41022,475.4956,368.3657,475.45813,0.09133911,0.19970703,0,0,False,False,False
743,233,117.3622,504.87933,122.54046,504.44705,-8.377388,1.0532532,172.8340460837406,-0.6267829760069503,False,False,False
743,222,447.52658,331.37506,447.57538,331.63928,-0.16534424,-0.17663574,0,0,False,False,False
743,205,913.876,245.7189,914.18054,245.30801,-0.4666748,0.65849304,0,0,False,False,False
744,11,1295.7332,467.08157,1295.6221,467.20578,0.024291992,-0.13308716,0,0,False,False,False
744,198,823.0829,268.46405,823.91113,268.19046,-1.1330566,0.530365,0,0,False,False,False
744,116,368.2403,475.4754,368.32178,475.46414,0.00970459,0.093048096,0,0,False,False,False
744,233,113.485016,505.23166,119.37105,504.72165,-8.561264,0.9770508,173.48931091404384,0.6552648303032527,False,False,False
744,222,447.33698,331.37463,447.4919,331.54663,-0.21273804,-0.3123169,0,0,False,False,False
744,205,913.7355,245.51254,914.0248,245.37961,-0.46289062,0.3648224,0,0,False,False,False
744,189,877.7123,245.25241,877.7602,245.21228,-0.28582764,0.5054321,0,0,False,False,False
745,11,1295.8203,467.0415,1295.6914,467.14825,0.15014648,-0.20596313,0,0,False,False,False
745,198,822.6361,268.89304,823.46484,268.43634,-1.2297363,0.5906067,0,0,False,False,False
745,116,368.08685,475.40417,368.23956,475.4431,-0.10217285,0.005126953,0,0,False,False,False
745,233,111.24046,505.8481,116.525345,505.1159,-8.803421,0.9015808,174.15257937921797,0.6632684651741272,False,False,False
745,222,447.34222,331.26318,447.4395,331.44742,-0.1621399,-0.33413696,0,0,False,False,False
745,205,913.20984,245.90155,913.7395,245.56229,-0.60498047,0.47550964,0,0,False,False,False
745,189,877.7658,244.98677,877.76215,245.13333,-0.16815186,0.16708374,0,0,False,False,False
746,11,1295.791,466.9986,1295.7263,467.0959,0.1640625,-0.17681885,0,0,False,False,False
746,198,822.2837,269.1541,823.0514,268.68756,-1.3057861,0.6444092,0,0,False,False,False
746,116,367.991,475.45898,368.15256,475.44867,-0.21313477,-0.009460449,0,0,False,False,False
746,233,107.03055,505.86954,113.20216,505.37964,-9.338295,0.93258667,174.29695692502898,0.14437754581101103,False,False,False
746,222,447.30768,331.23376,447.39334,331.37262,-0.18203735,-0.2666626,0,0,False,False,False
746,228,1029.4271,245.70496,1029.6826,246.20569,-0.5045166,-0.5933533,0,0,False,False,False
746,189,877.7197,244.79117,877.74725,245.01357,-0.038757324,-0.17710876,0,0,False,False,False
747,11,1295.7107,466.85413,1295.7208,467.01123,0.09875488,-0.19454956,0,0,False,False,False
747,198,821.9177,269.72278,822.6546,269.04987,-1.2565308,0.8594055,0,0,False,False,False
747,116,367.98132,475.4447,368.0926,475.44727,-0.22918701,-0.01687622,0,0,False,False,False
747,222,447.1859,331.21442,447.32074,331.31723,-0.1711731,-0.22940063,0,0,False,False,False
747,228,1029.4375,245.59543,1029.5968,245.9921,-0.41333008,-0.6498718,0,0,False,False,False
747,189,877.6642,245.19806,877.71814,245.07812,-0.042053223,-0.13415527,0,0,False,False,False
748,11,1295.7079,466.89853,1295.7163,466.97177,0.024902344,-0.17648315,0,0,False,False,False
748,198,821.6196,270.18335,822.29236,269.44656,-1.1724854,1.0102234,0,0,False,False,False
748,116,368.16882,475.6457,368.11926,475.5167,-0.12030029,0.07357788,0,0,False,False,False
748,222,447.0716,331.32214,447.23352,331.31894,-0.20599365,-0.128479,0,0,False,False,False
748,228,1029.4623,245.79837,1029.5497,245.92429,-0.27062988,-0.5510254,0,0,False,False,False
748,189,877.60913,245.74454,877.67993,245.31137,-0.082214355,0.17803955,0,0,False,False,False
748,233,99.80184,507.1059,108.512054,505.98383,-10.858994,1.2621765,173.37007355255926,-0.9268833724697174,False,False,False
749,11,1295.7139,466.9715,1295.7155,466.97168,-0.010864258,-0.12420654,0,0,False,False,False
749,198,821.4045,270.30826,821.98157,269.74814,-1.0698242,1.0605774,0,0,False,False,False
749,116,368.26434,475.68884,368.17004,475.57693,0.017486572,0.12826538,0,0,False,False,False
749,222,446.97192,331.20197,447.14197,331.27798,-0.2513733,-0.09463501,0,0,False,False,False
749,228,1029.4241,245.7818,1029.5057,245.87442,-0.17687988,-0.3312683,0,0,False,False,False
749,189,877.42773,245.85014,877.5917,245.49994,-0.15557861,0.4863739,0,0,False,False,False
749,233,96.98505,508.15808,104.4776,506.7448,-12.047745,1.6289062,172.3000595440545,-1.0700140085047565,False,False,False
750,11,1295.8442,466.8493,1295.7605,466.92883,0.03967285,-0.08239746,0,0,False,False,False
750,198,820.82776,269.89478,821.57776,269.79947,-1.0768433,0.7496033,0,0,False,False,False
750,116,368.11786,475.5636,368.15176,475.57227,0.059173584,0.125,0,0,False,False,False
750,222,446.80896,331.283,447.0254,331.27972,-0.29534912,-0.037506104,0,0,False,False,False
750,228,1029.3243,245.74564,1029.4423,245.82935,-0.15454102,-0.16275024,0,0,False,False,False
750,189,877.2844,245.90018,877.48413,245.64001,-0.23400879,0.56188965,0,0,False,False,False
751,11,1295.9722,466.52066,1295.8345,466.78595,0.11816406,-0.18582153,0,0,False,False,False
751,198,820.5779,270.68967,821.2278,270.11102,-1.0645752,0.6644592,0,0,False,False,False
751,116,367.91226,474.89893,368.06793,475.33655,-0.051330566,-0.18014526,0,0,False,False,False
751,222,446.51324,330.75085,446.84613,331.0946,-0.38739014,-0.22433472,0,0,False,False,False
751,228,1029.19,245.64655,1029.3539,245.76535,-0.19580078,-0.15893555,0,0,False,False,False
751,189,877.16364,246.08907,877.37195,245.79718,-0.3079834,0.48580933,0,0,False,False,False
751,233,89.28049,508.01053,99.15861,507.1878,-14.043556,1.8081665,172.6632932111982,0.3632336671437031,False,False,False
752,11,1295.9681,466.73245,1295.8812,466.7672,0.16577148,-0.20446777,0,0,False,False,False
752,198,820.3507,270.74207,820.9208,270.33188,-1.060791,0.58374023,0,0,False,False,False
752,116,367.84082,474.8688,367.9884,475.17285,-0.18164062,-0.40408325,0,0,False,False,False
752,222,446.2292,330.4489,446.6302,330.8686,-0.5117798,-0.4093933,0,0,False,False,False
752,228,1029.1716,245.54346,1029.29,245.68768,-0.21569824,-0.18673706,0,0,False,False,False
752,189,877.046,246.14243,877.2578,245.918,-0.3338623,0.4180603,0,0,False,False,False
752,238,1321.636,409.73575,1321.8983,410.27545,-0.45861816,-0.8050537,0,0,False,False,False
753,11,1295.8989,466.74695,1295.8873,466.76013,0.12683105,-0.16870117,0,0,False,False,False
753,198,820.26624,270.95508,820.69165,270.55,-0.8861084,0.7505188,0,0,False,False,False
753,116,367.66837,474.90747,367.8764,475.07996,-0.2753601,-0.49230957,0,0,False,False,False
753,222,446.01025,330.36774,446.4132,330.6933,-0.6121826,-0.5864258,0,0,False,False,False
753,228,1029.2897,245.56201,1029.2899,245.64369,-0.15234375,-0.18565369,0,0,False,False,False
753,189,877.38965,246.48236,877.3039,246.11551,-0.18023682,0.47549438,0,0,False,False,False
753,238,1321.6147,409.61337,1321.7991,410.04373,-0.34118652,-0.78549194,0,0,False,False,False
754,11,1295.914,466.67416,1295.8966,466.73004,0.06213379,-0.055908203,0,0,False,False,False
754,198,819.3875,271.59485,820.2351,270.91568,-0.9926758,0.804657,0,0,False,False,False
754,222,446.07,330.2223,446.2931,330.52844,-0.55303955,-0.5661621,0,0,False,False,False
754,228,1029.252,245.4788,1029.2766,245.58597,-0.07727051,-0.17938232,0,0,False,False,False
754,238,1321.6667,409.8169,1321.7527,409.96432,-0.28686523,-0.6017761,0,0,False,False,False
754,233,79.97313,510.96927,92.44369,508.5113,-16.068367,2.5274658,171.0609307517706,-1.60236245942761,False,False,False
755,11,1295.927,466.5625,1295.9072,466.6714,0.026000977,-0.095825195,0,0,False,False,False
755,198,818.8495,271.7439,819.7501,271.20554,-1.1706543,0.8736572,0,0,False,False,False
755,222,446.30096,330.05588,446.29584,330.36304,-0.3343506,-0.5055542,0,0,False,False,False
755,228,1029.074,245.10056,1029.2057,245.41608,-0.084350586,-0.27160645,0,0,False,False,False
755,238,1321.7092,409.7765,1321.7374,409.89856,-0.16088867,-0.3768921,0,0,False,False,False
755,240,1029.1018,245.05528,1029.2223,245.38658,0.001953125,-0.22633362,0,0,False,False,False
755,239,1381.2333,455.7685,1381.2316,456.21075,0.026245117,-0.74261475,0,0,False,False,False
756,11,1295.9028,466.4701,1295.9056,466.60092,0.018310547,-0.1592102,0,0,False,False,False
756,198,818.4392,271.72583,819.29126,271.38763,-1.4003906,0.8376465,0,0,False,False,False
756,222,446.38138,330.07996,446.32574,330.26395,-0.08746338,-0.4293518,0,0,False,False,False
756,228,1028.9136,244.72191,1029.1034,245.17311,-0.18652344,-0.47058105,0,0,False,False,False
756,238,1321.6995,409.74774,1321.7241,409.84576,-0.07495117,-0.19796753,0,0,False,False,False
756,240,1028.9302,244.66321,1029.12,245.13339,-0.15222168,-0.47546387,0,0,False,False,False
756,239,1381.2234,455.73386,1381.2286,456.04382,0.025512695,-0.77301025,0,0,False,False,False
757,11,1295.8875,466.45215,1295.8992,466.54883,0.0025634766,-0.18121338,0,0,False,False,False
757,198,818.03033,272.1588,818.8499,271.65753,-1.3851929,0.7418518,0,0,False,False,False
757,222,446.60333,330.02908,446.42288,330.18173,0.12979126,-0.3467102,0,0,False,False,False
757,228,1028.7434,244.17178,1028.9773,244.82263,-0.2993164,-0.7633362,0,0,False,False,False
757,238,1321.6738,409.7947,1321.7065,409.82788,-0.046142578,-0.13644409,0,0,False,False,False
757,240,1028.7532,244.10123,1028.9916,244.77213,-0.29553223,-0.7928467,0,0,False,False,False
757,239,1381.3066,455.77795,1381.2559,455.95074,0.025146484,-0.49816895,0,0,False,False,False
757,241,394.7361,333.78134,394.7567,333.7923,-0.07281494,-0.043273926,0,0,False,False,False
758,11,1295.9375,466.64636,1295.9126,466.58295,0.0053710938,-0.08843994,0,0,False,False,False
758,198,817.94696,271.97763,818.5339,271.76956,-1.2162476,0.5640259,0,0,False,False,False
758,222,446.07617,330.1247,446.3015,330.16174,0.0056762695,-0.20129395,0,0,False,False,False
758,228,1028.593,243.56793,1028.8428,244.38348,-0.36291504,-1.0325928,0,0,False,False,False
758,238,1321.5461,409.59686,1321.6504,409.747,-0.08703613,-0.1515503,0,0,False,False,False
758,240,1028.599,243.49762,1028.8541,244.32605,-0.36816406,-1.0605316,0,0,False,False,False
758,241,394.71045,333.3032,394.7405,333.6211,-0.01083374,-0.19232178,0,0,False,False,False
759,11,1296.0234,466.69232,1295.9513,466.62122,0.045654297,0.02029419,0,0,False,False,False
759,198,817.8524,272.0144,818.29535,271.85526,-0.99591064,0.46762085,0,0,False,False,False
759,222,446.29843,330.15668,446.3004,330.15994,-0.02532959,-0.104003906,0,0,False,False,False
759,238,1321.8235,409.4547,1321.7109,409.64468,-0.013183594,-0.20108032,0,0,False,False,False
759,189,875.895,248.2392,876.8108,246.8588,-0.5611572,1.061615,0,0,False,False,False
760,11,1296.0625,466.7834,1295.9901,466.67795,0.09094238,0.12911987,0,0,False,False,False
760,198,817.67126,272.13086,818.0769,271.9517,-0.77301025,0.29415894,0,0,False,False,False
760,222,446.46173,330.29984,446.35684,330.2089,-0.06604004,0.027160645,0,0,False,False,False
760,238,1321.9534,409.4946,1321.7958,409.59216,0.0892334,-0.23571777,0,0,False,False,False
760,189,875.7797,248.88614,876.4499,247.56836,-0.80792236,1.6503601,0,0,False,False,False
760,228,1028.1912,243.10565,1028.6147,243.93623,-0.48864746,-1.2368774,0,0,False,False,False
761,198,818.01587,272.25055,818.0555,272.05627,-0.47839355,0.28671265,0,0,False,False,False
761,222,446.85126,330.12036,446.52985,330.1779,0.22833252,0.016143799,0,0,False,False,False
761,238,1321.9614,409.5116,1321.8538,409.56396,0.20336914,-0.18304443,0,0,False,False,False
761,189,875.823,249.05008,876.23047,248.08696,-1.0734253,1.9714508,118.56762691367658,0,False,False,False
761,228,1027.8671,242.97583,1028.353,243.6001,-0.6242676,-1.2225342,0,0,False,False,False
762,198,818.55676,272.219,818.2309,272.11322,-0.064453125,0.2579651,0,0,False,False,False
762,222,447.0489,330.14703,446.7115,330.16708,0.41107178,0.0071411133,0,0,False,False,False
762,238,1321.903,409.6012,1321.8708,409.57697,0.15991211,-0.067718506,0,0,False,False,False
762,228,1027.5906,242.9487,1028.0862,243.3721,-0.7565918,-1.011383,0,0,False,False,False
762,116,367.89636,474.82623,367.88336,474.99115,-0.18457031,-0.34539795,0,0,False,False,False
762,239,1381.2976,455.70807,1381.2705,455.86578,0.03894043,-0.3449707,0,0,False,False,False
762,11,1296.2426,467.1382,1296.0784,466.83905,0.16577148,0.25610352,0,0,False,False,False
763,198,818.26984,273.28986,818.2445,272.52502,0.16760254,0.57333374,0,0,False,False,False
763,222,447.18106,330.26425,446.87582,330.20108,0.51898193,-0.0078125,0,0,False,False,False
763,238,1321.8685,409.56592,1321.87,409.57306,0.07421875,-0.019104004,0,0,False,False,False
763,228,1027.4395,242.9028,1027.8597,243.20784,-0.7550049,-0.72839355,0,0,False,False,False
763,116,367.7834,474.63644,367.84836,474.867,-0.14004517,-0.30584717,0,0,False,False,False
763,11,1296.1833,466.912,1296.1151,466.86456,0.16381836,0.24334717,0,0,False,False,False
763,189,874.6659,249.02867,875.68286,248.41655,-1.1279297,1.5577545,0,0,False,False,False
764,198,817.65125,273.87836,818.0368,272.9987,-0.018676758,0.94241333,0,0,False,False,False
764,222,447.45404,330.11395,447.0782,330.17056,0.54833984,-0.0073242188,0,0,False,False,False
764,238,1321.7815,409.6062,1321.839,409.58466,-0.014770508,0.020690918,0,0,False,False,False
764,228,1027.0367,242.88075,1027.5717,243.09335,-0.7813721,-0.5067444,0,0,False,False,False
764,116,367.82178,474.51553,367.83905,474.74396,-0.037353516,-0.33599854,0,0,False,False,False
764,11,1296.1266,466.7929,1296.1191,466.83948,0.12902832,0.16152954,0,0,False,False,False
765,238,1321.7578,409.63135,1321.8105,409.60098,-0.060302734,0.024017334,0,0,False,False,False
765,228,1026.6836,242.88553,1027.2609,243.02061,-0.8253174,-0.3514862,0,0,False,False,False
765,11,1296.0667,466.91882,1296.1007,466.86725,0.022338867,0.028198242,0,0,False,False,False
765,239,1381.2014,455.67703,1381.2463,455.79968,0.017700195,-0.24414062,0,0,False,False,False
765,189,874.39685,248.99391,875.2327,248.61862,-1.2171631,1.0502625,0,0,False,False,False
766,238,1321.7241,409.6463,1321.7803,409.61682,-0.08972168,0.043762207,0,0,False,False,False
766,228,1026.0697,242.93153,1026.844,242.98944,-1.0157471,-0.21839905,0,0,False,False,False
766,11,1295.98,466.85614,1296.0585,466.86334,-0.056640625,-0.0012207031,0,0,False,False,False
766,189,874.94006,248.81223,875.13025,248.68637,-1.1002197,0.599411,0,0,False,False,False
766,205,908.77124,256.07278,912.0006,249.24095,-2.1799316,3.9329376,118.99853696164108,19.62149156145236,False,False,False
766,241,394.53333,333.30588,394.66797,333.51074,-0.099853516,-0.28744507,0,0,False,False,False
766,198,815.161,277.41397,817.0302,274.54404,-1.2006836,2.4308167,116.28672249688928,0,True,True,False
766,222,447.02765,329.87283,447.0605,330.06635,0.34899902,-0.100738525,0,0,False,False,False
767,238,1321.6909,409.647,1321.749,409.62738,-0.08996582,0.04272461,0,0,False,False,False
767,228,1025.6975,242.75006,1026.4426,242.90564,-1.1290283,-0.18771362,0,0,False,False,False
767,11,1295.9661,466.8974,1296.0261,466.87524,-0.09301758,0.0357666,0,0,False,False,False
767,189,875.39545,248.65915,875.223,248.67683,-0.45983887,0.26028442,0,0,False,False,False
767,205,908.63165,255.99191,910.8214,251.60378,-3.2033691,6.224167,117.23335525882831,-1.765181702812768,False,False,False
767,198,814.6293,278.47717,816.1899,275.92062,-2.0546265,3.3955994,121.17750601055288,4.890783513663592,True,True,False
767,222,447.05,329.90314,447.0568,330.00922,0.18096924,-0.19186401,0,0,False,False,False
768,238,1321.5421,409.58746,1321.6765,409.6134,-0.1340332,0.012420654,0,0,False,False,False
768,228,1025.4243,242.60754,1026.0862,242.8013,-1.1746826,-0.21931458,0,0,False,False,False
768,11,1295.9628,466.93726,1296.0039,466.89694,-0.09680176,0.029693604,0,0,False,False,False
768,189,875.8235,248.43378,875.43317,248.59177,0.20043945,-0.026855469,0,0,False,False,False
768,205,908.6096,256.0707,910.04724,253.1672,-3.6922607,7.6049194,115.89701427444207,-1.33634098438624,False,False,False
768,198,814.6338,278.8208,815.6452,276.93567,-2.3916016,3.9369812,121.27746334703035,0.09995733647747329,False,False,False
768,222,447.4812,330.11462,447.20532,330.04608,0.12713623,-0.1244812,0,0,False,False,False
769,238,1321.5487,409.6101,1321.6318,409.61224,-0.1484375,-0.0045776367,0,0,False,False,False
769,228,1025.2421,242.59695,1025.7908,242.72978,-1.0532227,-0.2596588,0,0,False,False,False
769,11,1295.9401,466.90274,1295.9816,466.89896,-0.0769043,0.035614014,0,0,False,False,False
769,189,875.6577,248.76797,875.5117,248.65343,0.38146973,-0.032943726,0,0,False,False,False
769,205,907.91833,256.93787,909.3021,254.48694,-2.6984863,5.245987,117.22086351923855,1.3238492447964774,False,False,False
769,198,814.37964,278.72546,815.2023,277.56207,-1.8279419,3.018036,121.20214443503822,-0.07531891199212737,False,False,False
769,222,447.44037,330.23743,447.28757,330.11304,0.2270813,0.046691895,0,0,False,False,False
769,239,1381.2952,455.80402,1381.2634,455.80118,0.0075683594,-0.14956665,0,0,False,False,False
769,241,394.42844,333.4659,394.58414,333.49503,-0.1725769,-0.29727173,0,0,False,False,False
770,238,1321.4281,409.54758,1321.5605,409.5896,-0.18847656,-0.03778076,0,0,False,False,False
770,228,1025.0007,242.47249,1025.5142,242.63972,-0.9284668,-0.26591492,0,0,False,False,False
770,11,1295.9446,466.92242,1295.9686,466.90717,-0.057495117,0.031921387,0,0,False,False,False
770,205,907.4535,258.1611,908.6551,255.77289,-2.1663208,4.169113,117.45692521061702,0.23606169137846678,False,False,False
770,222,446.9267,330.38867,447.16125,330.2095,0.10446167,0.20028687,0,0,False,False,False
770,239,1381.2927,455.82004,1381.2737,455.80777,0.0031738281,-0.058013916,0,0,False,False,False
770,241,394.3542,333.3213,394.50363,333.4342,-0.23687744,-0.18688965,0,0,False,False,False
771,238,1321.4811,409.2843,1321.5327,409.48273,-0.14379883,-0.13067627,0,0,False,False,False
771,228,1024.7914,242.32932,1025.2611,242.53108,-0.82507324,-0.2702179,0,0,False,False,False
771,11,1295.9412,466.8749,1295.959,466.89587,-0.044921875,-0.0010681152,0,0,False,False,False
771,205,907.0421,258.6527,908.0905,256.78082,-1.9567261,3.613617,118.43496264540201,0.9780374347849943,True,True,False
771,222,446.35745,330.46295,446.87994,330.29822,-0.32537842,0.25213623,0,0,False,False,False
771,198,814.4392,278.3608,814.9352,277.8416,-1.2546997,1.92099,123.15066792828411,1.9485234932458866,False,False,False
772,238,1321.487,409.23383,1321.5167,409.3956,-0.115112305,-0.21664429,0,0,False,False,False
772,228,1024.5234,242.18634,1025.0029,242.41043,-0.7878418,-0.3193512,0,0,False,False,False
772,11,1295.9934,466.91547,1295.971,466.9027,-0.010620117,0.003753662,0,0,False,False,False
772,205,906.9192,259.6228,907.68054,257.7755,-1.621582,3.2885742,116.2477113516839,-2.1872512937181057,True,True,False
772,198,813.47656,278.8067,814.4246,278.17938,-1.220581,1.2437134,0,0,False,False,False
772,116,367.60727,474.80865,367.7579,474.7666,-0.12545776,-0.22454834,0,0,False,False,False
773,238,1321.506,409.27066,1321.513,409.35187,-0.047607422,-0.23773193,0,0,False,False,False
773,228,1024.2594,242.00488,1024.7427,242.26848,-0.7714844,-0.37124634,0,0,False,False,False
773,11,1295.9778,466.92572,1295.9734,466.91077,0.004760742,0.0036010742,0,0,False,False,False
773,205,906.4362,260.3011,907.245,258.65945,-1.4100952,2.8865662,116.03563162658376,-0.21207972510013917,False,False,False
773,198,812.8449,279.06662,813.8717,278.4899,-1.3305664,0.9278259,0,0,False,False,False
773,116,367.6444,474.88657,367.71817,474.80856,-0.13018799,-0.058441162,0,0,False,False,False
773,239,1381.2163,455.62762,1381.2535,455.7447,0.0072021484,-0.054992676,0,0,False,False,False
774,238,1321.5173,409.4749,1321.5144,409.39493,-0.018310547,-0.08779907,0,0,False,False,False
774,228,1024.074,242.06277,1024.5085,242.19647,-0.7525635,-0.33461,0,0,False,False,False
774,11,1295.9534,467.03024,1295.9663,466.95258,0.0073242188,0.05670166,0,0,False,False,False
774,205,906.0166,260.7959,906.81506,259.4072,-1.2754517,2.6263733,115.90270637375139,-0.13292525283237921,False,False,False
774,198,811.9167,279.49652,813.18744,278.84222,-1.7477417,1.0006104,150.2081657289022,0,False,False,False
774,116,367.69522,475.109,367.71014,474.9137,-0.12890625,0.16973877,0,0,False,False,False
774,239,1381.2651,455.9015,1381.2576,455.79956,-0.005859375,-0.0016174316,0,0,False,False,False
774,189,874.36487,256.3916,875.1103,251.36179,-0.11273193,2.6849518,92.40424150675558,0,False,False,False
774,222,445.96307,330.1022,446.55902,330.2296,-0.72854614,0.11657715,0,0,False,False,False
775,238,1321.5325,409.52374,1321.5206,409.44,0.00390625,0.044403076,0,0,False,False,False
775,228,1023.8958,241.93295,1024.2941,242.10423,-0.7088623,-0.30619812,0,0,False,False,False
775,11,1295.8827,466.99316,1295.937,466.96677,-0.033935547,0.0640564,0,0,False,False,False
775,205,905.65015,261.20135,906.4073,260.03516,-1.2732544,2.2596436,119.40020567975614,3.4974993060047552,False,False,False
775,198,811.7862,279.96783,812.697,279.23618,-1.7276001,1.0567932,148.5453861389465,-1.6627795899557043,False,False,False
775,116,367.76312,475.17072,367.72867,475.00363,-0.02923584,0.23703003,0,0,False,False,False
775,239,1381.2134,455.93658,1381.2421,455.84753,-0.03161621,0.039764404,0,0,False,False,False
775,189,874.2121,255.9638,874.7959,252.9725,-0.63726807,4.3807373,98.27678827395073,5.872546767195146,False,False,False
775,222,445.74875,330.32172,446.27542,330.26184,-0.88583374,0.052337646,0,0,False,False,False
776,238,1321.6006,409.6664,1321.5486,409.51923,0.03564453,0.1673584,0,0,False,False,False
776,228,1023.8557,241.90628,1024.1406,242.03494,-0.6020508,-0.23353577,0,0,False,False,False
776,11,1295.862,466.99988,1295.9108,466.97833,-0.06262207,0.06756592,0,0,False,False,False
776,205,905.2743,262.30957,906.01074,260.83118,-1.2342529,2.1717224,119.61082728386782,0.21062160411167952,False,False,False
776,198,811.9254,280.06488,812.42694,279.5262,-1.4447632,1.0363159,0,0,False,False,False
776,116,367.78253,475.23312,367.7475,475.08392,0.029327393,0.2753601,0,0,False,False,False
776,239,1381.1665,455.92108,1381.2156,455.87323,-0.037963867,0.12854004,0,0,False,False,False
776,189,874.22375,254.85571,874.5956,253.63162,-0.9161377,4.978195,100.42747593799892,2.150687664048192,False,False,False
776,222,445.85547,330.0856,446.12842,330.20013,-0.7515259,-0.098083496,0,0,False,False,False
777,238,1321.6191,409.59094,1321.5732,409.5443,0.05883789,0.14938354,0,0,False,False,False
777,228,1023.96796,241.8071,1024.0802,241.9552,-0.42834473,-0.24127197,0,0,False,False,False
777,11,1295.8735,466.8388,1295.8977,466.9295,-0.068603516,-0.023071289,0,0,False,False,False
777,205,905.1943,262.8838,905.725,261.54956,-1.0900879,2.1423645,116.96811439329969,-2.6427128905681343,False,False,False
777,198,812.2231,280.28757,812.3556,279.79266,-0.83184814,0.95043945,0,0,False,False,False
777,116,367.7281,475.33176,367.7407,475.17065,0.030548096,0.256958,0,0,False,False,False
777,189,874.3218,255.18405,874.49976,254.17496,-0.61053467,2.8131714,102.24485118882347,1.8173752508245542,False,False,False
777,222,445.9651,329.78467,446.07123,330.05472,-0.48779297,-0.17489624,0,0,False,False,False
778,238,1321.6669,409.46298,1321.606,409.51584,0.08532715,0.07583618,0,0,False,False,False
778,228,1024.0479,241.74765,1024.0688,241.88255,-0.22521973,-0.22167969,0,0,False,False,False
778,11,1295.9092,466.75183,1295.9017,466.8673,-0.03527832,-0.09945679,0,0,False,False,False
778,205,904.6936,263.48215,905.36395,262.22595,-1.043335,2.190796,115.46545172025742,-1.5026626730422663,False,False,False
778,198,811.9475,280.7878,812.21277,280.14096,-0.48425293,0.90478516,0,0,False,False,False
778,116,367.88168,475.45337,367.79004,475.2696,0.06137085,0.2659607,0,0,False,False,False
778,189,874.0667,255.83646,874.34814,254.75647,-0.4477539,1.7839661,0,0,False,False,False
778,239,1381.113,455.9283,1381.1797,455.89252,-0.07788086,0.09295654,0,0,False,False,False
779,238,1321.6974,409.57248,1321.638,409.53564,0.08935547,0.016418457,0,0,False,False,False
779,228,1024.1448,241.66632,1024.0953,241.80685,-0.045288086,-0.22808838,0,0,False,False,False
779,11,1295.9482,466.7711,1295.918,466.83362,0.0072021484,-0.14471436,0,0,False,False,False
779,205,904.5134,263.66794,905.0663,262.73065,-0.944458,1.8994751,116.43750789791837,0.9720561776609458,False,False,False
779,198,811.89703,280.60657,812.1023,280.3039,-0.324646,0.77767944,0,0,False,False,False
779,116,368.03067,475.38068,367.87427,475.30847,0.12677002,0.22454834,0,0,False,False,False
779,189,873.3829,256.09073,874.01025,255.22345,-0.58532715,1.5918274,0,0,False,False,False
779,239,1381.0483,456.2581,1381.1337,456.02045,-0.10839844,0.1729126,0,0,False,False,False
779,222,446.2469,329.82086,446.1327,329.97284,-0.14273071,-0.28900146,0,0,False,False,False
780,238,1321.825,409.55334,1321.7034,409.5418,0.13012695,-0.0025024414,0,0,False,False,False
780,228,1024.1357,241.54868,1024.1094,241.71649,0.029174805,-0.2387085,0,0,False,False,False
780,11,1296.0325,466.73895,1295.958,466.80048,0.060302734,-0.12902832,0,0,False,False,False
780,205,903.9064,264.0986,904.6603,263.2094,-1.0646973,1.6598511,0,0,False,False,False
780,198,811.3332,281.1121,811.83307,280.58676,-0.522522,0.7940979,0,0,False,False,False
780,116,368.09354,475.3156,367.951,475.31097,0.21029663,0.14031982,0,0,False,False,False
780,189,873.2517,255.29202,873.74475,255.24744,-0.7550049,1.0724792,0,0,False,False,False
780,239,1381.0273,456.2149,1381.0964,456.0885,-0.119140625,0.215271,0,0,False,False,False
781,238,1321.6796,410.0636,1321.6951,409.72443,0.08911133,0.20858765,0,0,False,False,False
781,228,1024.0322,241.44626,1024.0824,241.62189,0.013549805,-0.2606659,0,0,False,False,False
781,11,1295.9315,466.8118,1295.9487,466.8044,0.04699707,-0.06289673,0,0,False,False,False
781,205,903.3909,264.5996,904.216,263.69598,-1.1479492,1.4700317,0,0,False,False,False
781,198,810.6988,281.66656,811.43604,280.9647,-0.7767334,0.82373047,0,0,False,False,False
781,116,368.16687,475.4004,368.02655,475.34225,0.23651123,0.07266235,0,0,False,False,False
781,189,873.3588,255.20023,873.6097,255.2309,-0.73846436,0.47442627,0,0,False,False,False
782,238,1321.628,410.26108,1321.6716,409.91223,0.033691406,0.3765869,0,0,False,False,False
782,228,1023.9735,241.34535,1024.0442,241.52509,-0.05114746,-0.2817688,0,0,False,False,False
782,11,1295.9321,466.76294,1295.9429,466.78986,0.024902344,-0.043762207,0,0,False,False,False
782,205,902.89636,265.41153,903.7541,264.29642,-1.3121948,1.5657654,129.96480111894294,13.527293221024578,False,False,False
782,198,810.4834,282.14673,811.1026,281.3784,-0.9996948,1.0744934,0,0,False,False,False
782,116,368.25177,475.42194,368.10538,475.37012,0.23110962,0.061645508,0,0,False,False,False
782,189,873.41516,255.21536,873.54156,255.22545,-0.46868896,0.0019989014,0,0,False,False,False
783,238,1321.5897,410.32883,1321.643,410.058,-0.060424805,0.51620483,0,0,False,False,False
783,11,1295.9274,466.76016,1295.9375,466.77945,-0.020507812,-0.021026611,0,0,False,False,False
783,205,902.86816,265.9242,903.444,264.86612,-1.2163086,1.6567078,126.28507614849555,-3.6797249704473955,False,False,False
783,198,810.2132,282.60278,810.79126,281.80692,-1.0418091,1.2201538,0,0,False,False,False
783,116,368.2204,475.40924,368.14563,475.3838,0.19464111,0.07281494,0,0,False,False,False
783,189,873.2688,255.16232,873.44604,255.20334,-0.29870605,-0.0440979,0,0,False,False,False
784,238,1321.5791,410.35495,1321.6206,410.16193,-0.07446289,0.4375,0,0,False,False,False
784,11,1295.9111,466.82495,1295.9282,466.79535,-0.020507812,-0.009063721,0,0,False,False,False
784,205,902.6311,266.36832,903.1594,265.39188,-1.0565796,1.6958923,0,0,False,False,False
784,198,810.05176,282.643,810.53235,282.09955,-0.9036865,1.1348572,0,0,False,False,False
784,116,368.3521,475.36862,368.2179,475.37848,0.19134521,0.036224365,0,0,False,False,False
784,189,872.6468,254.48138,873.16626,254.95065,-0.4434204,-0.28024292,0,0,False,False,False
785,238,1321.6124,410.3461,1321.6177,410.22638,-0.053955078,0.31414795,0,0,False,False,False
785,11,1295.9001,466.7666,1295.9183,466.78528,-0.024536133,-0.0045776367,0,0,False,False,False
785,205,902.23096,266.88092,902.8344,265.91302,-0.91967773,1.6166077,0,0,False,False,False
785,198,809.9487,282.7068,810.32806,282.31207,-0.77453613,0.9336853,0,0,False,False,False
785,116,368.3547,475.39655,368.26578,475.3848,0.16040039,0.014678955,0,0,False,False,False
785,189,872.4601,253.9955,872.91907,254.61635,-0.62249756,-0.60910034,0,0,False,False,False
786,238,1321.6528,410.4206,1321.6299,410.2943,-0.013061523,0.2362976,0,0,False,False,False
786,11,1295.8596,466.724,1295.8977,466.76382,-0.039794922,-0.015625,0,0,False,False,False
786,205,901.9318,267.36603,902.5185,266.42157,-0.9254761,1.5554504,0,0,False,False,False
786,198,809.00696,283.05316,809.8656,282.57144,-0.9256592,0.76452637,0,0,False,False,False
786,116,368.4091,475.4464,368.31592,475.4063,0.17028809,0.022521973,0,0,False,False,False
786,189,872.67017,253.93396,872.8319,254.3775,-0.61413574,-0.8258362,0,0,False,False,False
787,238,1321.7981,410.62872,1321.6887,410.41132,0.068115234,0.24938965,0,0,False,False,False
787,11,1295.755,466.6792,1295.8478,466.7342,-0.080444336,-0.061157227,0,0,False,False,False
787,205,901.8069,267.458,902.2694,266.7843,-0.89001465,1.3924255,0,0,False,False,False
787,198,807.865,282.2633,809.16534,282.4636,-1.3670044,0.3640442,0,0,False,False,False
787,116,368.33588,475.4021,368.32288,475.40485,0.10498047,0.026367188,0,0,False,False,False
787,189,872.6737,254.24579,872.7765,254.33139,-0.3897705,-0.6192627,0,0,False,False,False
787,239,1380.8623,456.26996,1381.0144,456.152,-0.1652832,0.25949097,0,0,False,False,False
788,238,1321.9755,410.77383,1321.7891,410.53818,0.17138672,0.3117981,0,0,False,False,False
788,11,1295.8079,466.7256,1295.8337,466.7312,-0.08459473,-0.05407715,0,0,False,False,False
788,205,902.3989,268.1173,902.3147,267.25085,-0.51971436,1.3378296,0,0,False,False,False
788,198,807.3076,282.73813,808.51514,282.5597,-1.8129272,0.24761963,0,0,False,False,False
788,116,368.36926,475.4608,368.3391,475.42444,0.07333374,0.039642334,0,0,False,False,False
788,189,872.8867,254.43652,872.81506,254.36818,-0.104003906,-0.24816895,0,0,False,False,False
788,239,1380.8442,456.27936,1380.9548,456.19653,-0.17883301,0.17608643,0,0,False,False,False
789,238,1321.9379,410.84576,1321.8411,410.6458,0.21118164,0.35150146,0,0,False,False,False
789,11,1295.8235,466.6735,1295.8301,466.711,-0.06762695,-0.052825928,0,0,False,False,False
789,205,901.8502,268.6474,902.1521,267.73962,-0.36639404,1.3180542,0,0,False,False,False
789,198,807.476,283.23157,808.15137,282.79483,-1.7142334,0.22338867,0,0,False,False,False
789,116,368.4563,475.2464,368.38013,475.36212,0.064208984,-0.044189453,0,0,False,False,False
789,189,872.6758,255.04192,872.7663,254.60397,-0.06561279,0.22647095,0,0,False,False,False
789,239,1380.8788,456.35696,1380.9282,456.2527,-0.16821289,0.16418457,0,0,False,False,False
790,238,1321.8809,410.82355,1321.855,410.708,0.16625977,0.2966919,0,0,False,False,False
790,11,1295.8428,466.7472,1295.8345,466.72366,-0.013305664,-0.010528564,0,0,False,False,False
790,205,901.65625,268.95834,901.9785,268.16617,-0.29089355,1.3818665,0,0,False,False,False
790,198,808.08044,283.7218,808.12646,283.11926,-1.0388794,0.65567017,0,0,False,False,False
790,116,368.4655,475.2885,368.40997,475.33636,0.08709717,-0.068481445,0,0,False,False,False
790,189,872.9071,255.97847,872.81555,255.08505,0.0390625,0.7536621,0,0,False,False,False
791,238,1321.6925,410.71368,1321.7981,410.71,0.009033203,0.17181396,0,0,False,False,False
791,11,1295.8253,466.67786,1295.8312,466.7076,-0.0025634766,-0.023590088,0,0,False,False,False
791,205,901.149,268.86456,901.6881,268.41058,-0.6265869,1.159729,0,0,False,False,False
791,198,807.52124,283.8429,807.91455,283.37253,-0.60058594,0.8128357,0,0,False,False,False
791,116,368.49756,475.15042,368.4406,475.27127,0.101501465,-0.15316772,0,0,False,False,False
791,189,872.79596,256.4823,872.80865,255.5741,-0.0064086914,1.2059174,0,0,False,False,False
792,238,1321.5674,410.492,1321.7173,410.63367,-0.1237793,-0.012145996,0,0,False,False,False
792,11,1295.9751,466.50705,1295.8815,466.6374,0.0513916,-0.0736084,0,0,False,False,False
792,205,901.0504,268.82718,901.46484,268.5564,-0.68725586,0.81677246,0,0,False,False,False
792,198,806.7605,284.03113,807.5106,283.60303,-0.6407471,0.808197,0,0,False,False,False
792,116,368.33118,475.253,368.40228,475.26483,0.022155762,-0.09729004,0,0,False,False,False
792,189,872.8058,257.17197,872.8076,256.13333,0.0413208,1.5293579,0,0,False,False,False
792,239,1380.9822,456.19772,1380.947,456.23346,-0.06738281,0.081451416,0,0,False,False,False
793,238,1321.6224,410.45728,1321.6841,410.5719,-0.17089844,-0.1361084,0,0,False,False,False
793,11,1295.9854,466.52008,1295.9178,466.5963,0.08337402,-0.12734985,0,0,False,False,False
793,205,900.7446,268.96262,901.21277,268.69855,-0.7657471,0.53237915,0,0,False,False,False
793,198,805.59436,284.016,806.8399,283.74756,-1.28656,0.6282959,0,0,False,False,False
793,116,368.25833,475.3546,368.35187,475.29623,-0.05810547,-0.040130615,0,0,False,False,False
793,189,872.2145,257.59558,872.6,256.6451,-0.21557617,1.5600586,0,0,False,False,False
794,238,1321.6519,410.22424,1321.6727,410.4502,-0.12536621,-0.25979614,0,0,False,False,False
794,11,1295.968,466.6369,1295.9353,466.6105,0.10412598,-0.09710693,0,0,False,False,False
794,205,900.3104,269.47684,900.8969,268.97095,-0.79119873,0.56036377,0,0,False,False,False
794,198,805.2414,283.86423,806.2804,283.7884,-1.6341553,0.41586304,0,0,False,False,False
794,116,368.20538,475.35754,368.3006,475.3177,-0.14001465,0.046417236,0,0,False,False,False
794,189,872.04095,257.8292,872.4043,257.05954,-0.4043579,1.4854431,0,0,False,False,False
794,245,911.0324,235.39728,910.897,235.57254,0.3814087,-0.021148682,0,0,False,False,False
794,239,1381.1536,456.09912,1381.0193,456.1864,0.064453125,-0.010131836,0,0,False,False,False
795,238,1321.7224,410.15802,1321.6901,410.3479,-0.02722168,-0.2857666,0,0,False,False,False
795,11,1295.9583,466.69147,1295.9434,466.63882,0.06188965,0.0014343262,0,0,False,False,False
795,205,900.444,271.0895,900.73834,269.71243,-0.72650146,1.1560364,0,0,False,False,False
795,198,804.8921,283.93774,805.79443,283.84067,-1.7161865,0.23764038,0,0,False,False,False
795,116,368.09457,475.45474,368.2285,475.36566,-0.1737976,0.10083008,0,0,False,False,False
795,189,871.25916,257.87354,872.0034,257.34442,-0.8041992,1.2110901,0,0,False,False,False
795,245,911.27826,235.21623,911.0304,235.44783,0.32312012,-0.18354797,0,0,False,False,False
795,228,1022.61475,238.87042,1023.5439,240.59595,-0.5654907,-1.1205444,0,0,False,False,False
796,238,1321.6418,410.0842,1321.6731,410.2556,-0.010986328,-0.31628418,0,0,False,False,False
796,11,1295.9277,466.68365,1295.9379,466.65448,0.020019531,0.058166504,0,0,False,False,False
796,205,900.05743,271.67023,900.5,270.39764,-0.71276855,1.6990967,0,0,False,False,False
796,198,804.65985,284.17334,805.39734,283.9571,-1.4425659,0.20953369,0,0,False,False,False
796,116,367.8681,475.24557,368.10236,475.3236,-0.24951172,0.027374268,0,0,False,False,False
796,189,871.29834,258.5991,871.7566,257.78354,-0.8433838,1.1384277,0,0,False,False,False
796,245,910.9662,235.23033,911.00793,235.37169,0.18383789,-0.2952423,0,0,False,False,False
796,228,1022.6378,238.41756,1023.22675,239.8335,-0.85565186,-1.7883911,0,0,False,False,False
797,238,1321.6426,410.026,1321.6624,410.17523,-0.010375977,-0.27496338,0,0,False,False,False
797,11,1295.9159,466.7348,1295.9302,466.6826,-0.005126953,0.07208252,0,0,False,False,False
797,205,900.0454,270.6292,900.3408,270.4787,-0.5560913,1.5077515,0,0,False,False,False
797,198,804.5584,284.5763,805.10364,284.1738,-1.1767578,0.3854065,0,0,False,False,False
797,116,367.7976,475.22003,367.99567,475.28735,-0.30493164,-0.030334473,0,0,False,False,False
797,189,871.185,258.92212,871.5565,258.18204,-0.8477783,1.1224976,0,0,False,False,False
797,228,1022.59314,238.38524,1023.00494,239.3266,-1.0392456,-2.1984863,-115.30055126729276,0,False,False,False
798,238,1321.6833,410.0063,1321.6697,410.1161,-0.020385742,-0.23181152,0,0,False,False,False
798,11,1295.8295,466.7187,1295.8949,466.6952,-0.048461914,0.056365967,0,0,False,False,False
798,205,899.6447,270.08704,900.09717,270.3416,-0.6411743,0.6291809,0,0,False,False,False
798,198,804.6645,284.86365,804.9499,284.41525,-0.84454346,0.57458496,0,0,False,False,False
798,116,367.79095,475.268,367.924,475.28058,-0.30447388,-0.08508301,0,0,False,False,False
798,189,871.1557,259.1885,871.4162,258.5343,-0.58721924,1.1898804,0,0,False,False,False
798,228,1022.7,238.35509,1022.8982,238.98657,-0.6456909,-1.609375,0,0,False,False,False
798,239,1381.2554,455.8261,1381.1018,456.0603,0.17358398,-0.19238281,0,0,False,False,False
798,245,910.8168,235.03723,910.94104,235.25462,0.044067383,-0.31791687,0,0,False,False,False
799,238,1321.6195,409.95795,1321.6521,410.06073,-0.020996094,-0.19488525,0,0,False,False,False
799,11,1295.7454,466.7234,1295.8425,466.70505,-0.095336914,0.050567627,0,0,False,False,False
799,205,899.2792,270.21112,899.8108,270.29593,-0.689209,-0.10171509,0,0,False,False,False
799,198,804.4099,285.92877,804.76086,284.94498,-0.6364746,0.9878845,0,0,False,False,False
799,116,367.8216,475.2907,367.88815,475.28412,-0.21420288,-0.039489746,0,0,False,False,False
799,189,870.8971,258.49838,871.2345,258.52173,-0.5220947,0.7381897,0,0,False,False,False
799,228,1022.84125,238.14975,1022.87823,238.69366,-0.34851074,-1.1398315,0,0,False,False,False
799,245,910.8733,234.89725,910.91724,235.12953,-0.11315918,-0.31829834,0,0,False,False,False
800,238,1321.6748,409.51373,1321.66,409.86926,-0.002319336,-0.30596924,0,0,False,False,False
800,11,1295.9218,466.53223,1295.8702,466.64453,-0.059936523,-0.03805542,0,0,False,False,False
800,205,898.3114,270.0651,899.286,270.21515,-1.0548096,-0.2635498,0,0,False,False,False
800,198,803.55237,284.84723,804.3379,284.91077,-0.7657471,0.736969,0,0,False,False,False
800,189,870.6997,257.9484,871.04736,258.32104,-0.5091553,0.13900757,0,0,False,False,False
800,245,910.5239,234.61621,910.77954,234.94986,-0.22839355,-0.42182922,0,0,False,False,False
801,238,1321.7261,409.50262,1321.6831,409.7409,0.013427734,-0.3751831,0,0,False,False,False
801,11,1295.9926,466.5528,1295.913,466.61243,0.018066406,-0.08276367,0,0,False,False,False
801,205,898.69403,271.5609,899.0788,270.68616,-1.0183716,0.34454346,0,0,False,False,False
801,198,803.3238,285.06683,803.9829,284.9654,-0.96698,0.5501404,0,0,False,False,False
801,189,870.03687,257.87534,870.6937,258.16504,-0.72247314,-0.3692627,0,0,False,False,False
801,245,910.4562,234.34494,910.6663,234.73813,-0.27471924,-0.51649475,0,0,False,False,False
801,239,1381.2302,455.43134,1381.1467,455.84015,0.19970703,-0.39331055,0,0,False,False,False
802,238,1321.9968,409.01654,1321.7928,409.48737,0.14074707,-0.57336426,0,0,False,False,False
802,11,1296.1549,466.2545,1295.9976,466.48712,0.1550293,-0.21792603,0,0,False,False,False
802,205,899.0619,275.10962,899.0729,272.23438,-0.73791504,1.938446,110.8405030305349,-15.444573117960644,False,False,False
802,198,802.80835,285.33566,803.5718,285.09497,-1.1890869,0.1499939,0,0,False,False,False
802,189,869.8638,257.77325,870.4032,258.0279,-0.8312988,-0.49383545,0,0,False,False,False
802,245,910.6363,234.02,910.65576,234.48677,-0.2614746,-0.64276123,0,0,False,False,False
803,238,1322.2238,408.83322,1321.9436,409.25842,0.28356934,-0.61083984,0,0,False,False,False
803,11,1296.1968,466.21124,1296.0673,466.39056,0.19702148,-0.2539673,0,0,False,False,False
803,205,899.55676,276.708,899.2422,273.80014,-0.043823242,3.5849915,90.70035362671688,0,False,False,False
803,198,802.70605,285.91898,803.2688,285.38336,-1.0690918,0.4725952,0,0,False,False,False
803,189,869.4125,257.49167,870.05646,257.8402,-0.99090576,-0.48083496,0,0,False,False,False
803,245,910.72,233.93365,910.6782,234.29318,-0.10131836,-0.65667725,0,0,False,False,False
