class_name,file_name,x0,y0,z0,v0,x1,y1,z1,v1,x2,y2,z2,v2,x3,y3,z3,v3,x4,y4,z4,v4,x5,y5,z5,v5,x6,y6,z6,v6,x7,y7,z7,v7,x8,y8,z8,v8,x9,y9,z9,v9,x10,y10,z10,v10,x11,y11,z11,v11,x12,y12,z12,v12,x13,y13,z13,v13,x14,y14,z14,v14,x15,y15,z15,v15,x16,y16,z16,v16,x17,y17,z17,v17,x18,y18,z18,v18,x19,y19,z19,v19,x20,y20,z20,v20,x21,y21,z21,v21,x22,y22,z22,v22,x23,y23,z23,v23,x24,y24,z24,v24,x25,y25,z25,v25,x26,y26,z26,v26,x27,y27,z27,v27,x28,y28,z28,v28,x29,y29,z29,v29,x30,y30,z30,v30,x31,y31,z31,v31,x32,y32,z32,v32
tree,00000070.jpg,0.4678478240966797,0.29239434003829956,0.14872024953365326,0.9946368336677551,0.4569889307022095,0.2797742784023285,0.1039363294839859,0.9952279329299927,0.45031580328941345,0.27910131216049194,0.10389833897352219,0.9957994818687439,0.4440150856971741,0.27863940596580505,0.10386829823255539,0.9946392178535461,0.4745352864265442,0.28074291348457336,0.07659114897251129,0.9952758550643921,0.47986263036727905,0.2805632948875427,0.07664085924625397,0.9957734942436218,0.4861430823802948,0.28040483593940735,0.07643178105354309,0.993728756904602,0.429878830909729,0.2834915518760681,-0.008930559270083904,0.9968256950378418,0.48662829399108887,0.2863255441188812,-0.13888555765151978,0.9967779517173767,0.46035993099212646,0.3000156581401825,0.1250084638595581,0.9940090179443359,0.47585272789001465,0.30097541213035583,0.08657168596982956,0.991593599319458,0.34613850712776184,0.33629706501960754,0.041168149560689926,0.997840166091919,0.5224313735961914,0.3378012180328369,-0.2579885423183441,0.9932924509048462,0.37015432119369507,0.2367798388004303,0.11094648391008377,0.5987144708633423,0.49175047874450684,0.24309059977531433,-0.3629000186920166,0.7501462697982788,0.4369238018989563,0.1378800868988037,0.011016140691936016,0.7679384350776672,0.4477473199367523,0.14214056730270386,-0.45639580488204956,0.8804339170455933,0.42749762535095215,0.11200186610221863,-0.03098740428686142,0.7541092038154602,0.4443007707595825,0.11401516199111938,-0.5108000040054321,0.8713071346282959,0.4357018768787384,0.11250191926956177,-0.07216021418571472,0.7507034540176392,0.43793439865112305,0.1143394410610199,-0.5246416330337524,0.8681777119636536,0.43735024333000183,0.12322798371315002,-0.013194744475185871,0.7593806982040405,0.4389001429080963,0.12499812245368958,-0.46265292167663574,0.8390841484069824,0.42610928416252136,0.5729323029518127,0.10368736833333969,0.9999263286590576,0.5006214380264282,0.5623777508735657,-0.10429660975933075,0.9994111061096191,0.45529115200042725,0.7511443495750427,0.03814775124192238,0.9894500374794006,0.6946024894714355,0.6342551708221436,-0.10378581285476685,0.9464396834373474,0.46863019466400146,0.9240602254867554,0.007999747060239315,0.9510979652404785,0.5155909061431885,0.6752446889877319,0.35759851336479187,0.6346904635429382,0.47105541825294495,0.9467010498046875,0.0020706821233034134,0.9639784693717957,0.4793218970298767,0.6750598549842834,0.4140039086341858,0.8222373127937317,0.46229448914527893,0.9451922178268433,-0.07510946691036224,0.6731187701225281,0.48503378033638,0.6978259086608887,0.5316497087478638,0.37320858240127563
tree,00000071.jpg,0.5302633047103882,0.1484644114971161,-0.5573491454124451,0.9999521970748901,0.5431086421012878,0.13093480467796326,-0.5085515975952148,0.9999159574508667,0.5506884455680847,0.13062599301338196,-0.5086880326271057,0.9999021291732788,0.5598511695861816,0.13015109300613403,-0.5087350606918335,0.9999103546142578,0.5161731839179993,0.13119882345199585,-0.510115921497345,0.9998942613601685,0.5040383338928223,0.1314603090286255,-0.5102312564849854,0.9998855590820312,0.4922977685928345,0.1320093870162964,-0.5103406310081482,0.9999139308929443,0.5691455006599426,0.13541987538337708,-0.20065434277057648,0.9998167157173157,0.4750638008117676,0.13868144154548645,-0.20677588880062103,0.9999302625656128,0.5426138043403625,0.1664300262928009,-0.4395191967487335,0.9999521970748901,0.5084660649299622,0.16743680834770203,-0.4418981373310089,0.9999279975891113,0.6465974450111389,0.2360834926366806,-0.05178840085864067,0.999736487865448,0.4025565981864929,0.23901472985744476,-0.04626535624265671,0.9990658164024353,0.7294411063194275,0.34746259450912476,-0.36301136016845703,0.975122332572937,0.3557049632072449,0.35705238580703735,-0.28290778398513794,0.954602837562561,0.5617527365684509,0.2991272807121277,-0.8299172520637512,0.9395744204521179,0.529638409614563,0.28968095779418945,-0.6684753894805908,0.8969053626060486,0.5455945730209351,0.2730453610420227,-0.9109655618667603,0.8502825498580933,0.5517887473106384,0.2638346552848816,-0.7603250741958618,0.7945213913917542,0.5463215708732605,0.2611949145793915,-0.8678680658340454,0.8355705738067627,0.5470354557037354,0.25424543023109436,-0.7154172658920288,0.7619686126708984,0.5486173629760742,0.2694617807865143,-0.8190367817878723,0.7792819738388062,0.5416637659072876,0.2622838616371155,-0.6551827192306519,0.6889154314994812,0.5618956089019775,0.49575498700141907,-0.061693303287029266,0.9994069337844849,0.4296344518661499,0.4830000102519989,0.06215379014611244,0.9990586638450623,0.5349986553192139,0.6709109544754028,-0.0018549904925748706,0.9736496210098267,0.21687999367713928,0.5647441744804382,-0.4574759304523468,0.9934951663017273,0.4886705279350281,0.8304272890090942,0.3857261836528778,0.9854643940925598,0.4732178747653961,0.5819329619407654,0.18592318892478943,0.7358067035675049,0.4762222468852997,0.850380539894104,0.4128916561603546,0.8925805687904358,0.5117242932319641,0.5670009851455688,0.25171783566474915,0.675035834312439,0.49279943108558655,0.8950103521347046,0.09654385596513748,0.9785658717155457,0.5282999873161316,0.6549297571182251,0.13323239982128143,0.7405144572257996
tree,00000072.jpg,0.5566197037696838,0.24232584238052368,-0.12329314649105072,0.9786803722381592,0.5439628958702087,0.2315249741077423,-0.10270394384860992,0.9778709411621094,0.5419467091560364,0.23186179995536804,-0.10272901505231857,0.9679158329963684,0.5396522283554077,0.23207110166549683,-0.10267698764801025,0.9788112044334412,0.5425323843955994,0.2317182719707489,-0.16278600692749023,0.9815354347229004,0.5397005081176758,0.23202043771743774,-0.1627405732870102,0.9772415161132812,0.5366047620773315,0.23210972547531128,-0.1627892404794693,0.9818817973136902,0.5200116634368896,0.24297598004341125,0.007943362928926945,0.9718506932258606,0.5185801982879639,0.24344828724861145,-0.2677380442619324,0.9766765236854553,0.5524411797523499,0.2574461102485657,-0.07590478658676147,0.9794321060180664,0.5500644445419312,0.2569414973258972,-0.15557923913002014,0.9775589108467102,0.5131478905677795,0.3094257712364197,0.14288215339183807,0.9632651209831238,0.49959447979927063,0.30920130014419556,-0.390227347612381,0.9909294247627258,0.5125107169151306,0.20223885774612427,0.25955814123153687,0.11780781298875809,0.4953072667121887,0.19519087672233582,-0.6129177808761597,0.9699662923812866,0.49510106444358826,0.0860743522644043,0.09058339893817902,0.2843487560749054,0.4834469258785248,0.0686781108379364,-0.6767944693565369,0.9525808691978455,0.4819818139076233,0.05714195966720581,0.056163299828767776,0.31740686297416687,0.47465991973876953,0.04278653860092163,-0.7389286160469055,0.938290536403656,0.48012876510620117,0.05664500594139099,0.024622881785035133,0.31859391927719116,0.47069254517555237,0.042291998863220215,-0.7302433848381042,0.9255766868591309,0.48331353068351746,0.06736519932746887,0.06473688036203384,0.3360760807991028,0.4728561043739319,0.04980510473251343,-0.6740597486495972,0.897202730178833,0.5186293721199036,0.5535933375358582,0.18876172602176666,0.9909958243370056,0.5145147442817688,0.5637738704681396,-0.1888572722673416,0.991523027420044,0.504588782787323,0.7198458909988403,0.26118871569633484,0.17058296501636505,0.5023220181465149,0.7296621203422546,-0.14986419677734375,0.8852711319923401,0.47447219491004944,0.8908497095108032,0.42488446831703186,0.28690510988235474,0.47531750798225403,0.9031851291656494,-0.01185858529061079,0.8849659562110901,0.45186179876327515,0.9155991077423096,0.4334707260131836,0.4881017208099365,0.4507303833961487,0.9312840700149536,-0.005181138403713703,0.922655463218689,0.5295904278755188,0.9414275884628296,0.33878767490386963,0.34303978085517883,0.5294397473335266,0.9538851976394653,-0.16984926164150238,0.7965137958526611
tree,00000073.jpg,0.5069266557693481,0.27540042996406555,-0.25861743092536926,0.9986912608146667,0.5123094320297241,0.2629292607307434,-0.237904354929924,0.9987099170684814,0.5159497857093811,0.2627209722995758,-0.23789973556995392,0.9983761310577393,0.5191035866737366,0.26252707839012146,-0.23796702921390533,0.9990205764770508,0.5011191368103027,0.2635633051395416,-0.23132462799549103,0.9978451728820801,0.4972771406173706,0.2635357975959778,-0.23140092194080353,0.9967362284660339,0.49395546317100525,0.26346924901008606,-0.2315034419298172,0.9978824257850647,0.52531498670578,0.2705870270729065,-0.13676559925079346,0.9982807636260986,0.4907744526863098,0.27252861857414246,-0.1044839397072792,0.998313307762146,0.5149142742156982,0.28874436020851135,-0.22187824547290802,0.9979890584945679,0.501360297203064,0.2887439429759979,-0.21281671524047852,0.9961308240890503,0.5525705814361572,0.3328225612640381,-0.15636013448238373,0.9955556988716125,0.47299203276634216,0.33711689710617065,-0.07418852299451828,0.9892351031303406,0.5512208342552185,0.21751847863197327,-0.27540522813796997,0.9854472875595093,0.46797943115234375,0.22076481580734253,-0.11716613918542862,0.9647322297096252,0.5180486440658569,0.11702808737754822,-0.2972432076931,0.9414691925048828,0.49912577867507935,0.12038874626159668,-0.13159680366516113,0.917963981628418,0.5113705992698669,0.087869793176651,-0.328157514333725,0.8767765760421753,0.5057452917098999,0.0943814218044281,-0.16675955057144165,0.8345324397087097,0.5102534294128418,0.08624935150146484,-0.3184269368648529,0.8628655672073364,0.505340039730072,0.09241631627082825,-0.1556927114725113,0.8169499039649963,0.5112695097923279,0.0950421392917633,-0.29765748977661133,0.8588012456893921,0.5041110515594482,0.10128548741340637,-0.13477790355682373,0.8251625299453735,0.5209243893623352,0.5799530744552612,-0.03908457234501839,0.9988019466400146,0.46800538897514343,0.564389705657959,0.03906331956386566,0.997073769569397,0.49959596991539,0.7510412931442261,-0.000637648394331336,0.9364292621612549,0.36582016944885254,0.638215184211731,-0.10432786494493484,0.9662462472915649,0.4835612177848816,0.9040700197219849,0.18894238770008087,0.9743316769599915,0.4719266891479492,0.6425237059593201,0.1984236091375351,0.5948297381401062,0.47980204224586487,0.9249178171157837,0.20311406254768372,0.8670811653137207,0.4858866333961487,0.632902204990387,0.22915734350681305,0.5745140314102173,0.4822278320789337,0.94886314868927,0.08895957469940186,0.9461116194725037,0.4850856363773346,0.713900625705719,0.21052657067775726,0.5900540351867676
tree,00000074.jpg,0.529127299785614,0.25930193066596985,-0.40944379568099976,0.9982650876045227,0.5394122004508972,0.24326276779174805,-0.3626452386379242,0.9982682466506958,0.5459163784980774,0.2430787980556488,-0.36265328526496887,0.9978315234184265,0.5520086884498596,0.24333563446998596,-0.3628160357475281,0.9987371563911438,0.518324613571167,0.24412637948989868,-0.35030680894851685,0.9972537159919739,0.5106934905052185,0.24440902471542358,-0.3504267930984497,0.9954333901405334,0.5029590129852295,0.2448730170726776,-0.35059598088264465,0.997033953666687,0.5667656660079956,0.2534978687763214,-0.15387286245822906,0.9979865550994873,0.49872666597366333,0.25426536798477173,-0.09102046489715576,0.9976563453674316,0.5446276068687439,0.27533406019210815,-0.335043340921402,0.9972742199897766,0.5203960537910461,0.27510765194892883,-0.31730204820632935,0.9945883750915527,0.6211416125297546,0.32807111740112305,-0.22774919867515564,0.9949005246162415,0.46022742986679077,0.329678475856781,-0.026886554434895515,0.981864333152771,0.619274377822876,0.20480850338935852,-0.48235732316970825,0.9821845889091492,0.4429621994495392,0.20759782195091248,-0.11151453107595444,0.94028639793396,0.5422861576080322,0.09753307700157166,-0.5165371298789978,0.9143595695495605,0.503066897392273,0.10055375099182129,-0.1274344027042389,0.8559381365776062,0.5287286043167114,0.06923484802246094,-0.5790430903434753,0.8382908701896667,0.5176010131835938,0.07197803258895874,-0.19988346099853516,0.737047016620636,0.5267086029052734,0.06846091151237488,-0.5593389272689819,0.8207109570503235,0.5184559226036072,0.07075423002243042,-0.1711011826992035,0.712465763092041,0.5288109183311462,0.07703012228012085,-0.5181499123573303,0.8249276280403137,0.515489935874939,0.08060726523399353,-0.1339571475982666,0.7373908758163452,0.5567936897277832,0.5871834754943848,-0.09487678855657578,0.9981978535652161,0.4526618719100952,0.5767655968666077,0.09487888962030411,0.9948540329933167,0.542968213558197,0.7785477042198181,-0.08398271352052689,0.9268014430999756,0.2454981505870819,0.6701526641845703,-0.16510441899299622,0.9403791427612305,0.50731360912323,0.9369179606437683,0.21301798522472382,0.9656481742858887,0.4747319519519806,0.6718881130218506,0.48755326867103577,0.5131755471229553,0.4976086914539337,0.9591257572174072,0.23136702179908752,0.8085163235664368,0.5069785118103027,0.660795271396637,0.5528156161308289,0.5628986954689026,0.4869307577610016,0.9859226942062378,-0.020890291780233383,0.9199806451797485,0.5276426076889038,0.7529768943786621,0.5300254821777344,0.48911136388778687
tree,00000075.jpg,0.5274453163146973,0.3625429570674896,-0.21374265849590302,0.9987899661064148,0.5337074995040894,0.352703720331192,-0.18328125774860382,0.9982843995094299,0.5378957390785217,0.3532874882221222,-0.18326541781425476,0.9975301623344421,0.5416950583457947,0.35387665033340454,-0.18331298232078552,0.9985809326171875,0.5200729966163635,0.3518284559249878,-0.18079213798046112,0.9977409839630127,0.515333890914917,0.35196664929389954,-0.18088214099407196,0.9965453743934631,0.5107713937759399,0.3522264063358307,-0.1809358149766922,0.9980756044387817,0.5466791391372681,0.361689031124115,-0.05397769808769226,0.9964764714241028,0.5044389963150024,0.3610694408416748,-0.03971032798290253,0.9980759620666504,0.5358842611312866,0.37596720457077026,-0.1687033623456955,0.997266411781311,0.5191671848297119,0.3745352029800415,-0.16468985378742218,0.9963162541389465,0.5725366473197937,0.4204716086387634,-0.08467111736536026,0.995933473110199,0.4847952127456665,0.41868919134140015,-0.01563151925802231,0.9911983609199524,0.5872216820716858,0.3355364501476288,-0.21651268005371094,0.9818993806838989,0.477006196975708,0.32723045349121094,-0.11019255220890045,0.9763540029525757,0.5420207977294922,0.2569814920425415,-0.2470456063747406,0.9423954486846924,0.5113871097564697,0.2504405975341797,-0.1554727852344513,0.9469525814056396,0.5315451622009277,0.232760488986969,-0.28593701124191284,0.8749614357948303,0.5192614197731018,0.2285933792591095,-0.2039577215909958,0.875985860824585,0.5294591188430786,0.2319309115409851,-0.2719252407550812,0.8594603538513184,0.5189681053161621,0.22847577929496765,-0.18765728175640106,0.8596656322479248,0.5308853983879089,0.24019202589988708,-0.24808739125728607,0.8614885807037354,0.5176087617874146,0.23586687445640564,-0.15886685252189636,0.8698490858078003,0.552944540977478,0.604473352432251,-0.04647989198565483,0.9970040917396545,0.48765987157821655,0.5967959761619568,0.04660972207784653,0.9944254159927368,0.5298702716827393,0.7469170689582825,-0.054870832711458206,0.8939951658248901,0.38518425822257996,0.646622896194458,-0.18065766990184784,0.9225322604179382,0.5128294229507446,0.88277268409729,0.06525987386703491,0.9576813578605652,0.5045185089111328,0.6914479732513428,0.10483676940202713,0.6151756644248962,0.5100683569908142,0.8958967924118042,0.06876002997159958,0.7645199298858643,0.5198774933815002,0.68523770570755,0.13121339678764343,0.6183612942695618,0.5027614235877991,0.9188036322593689,-0.09504520893096924,0.9144365191459656,0.5180634260177612,0.7490495443344116,0.07627684623003006,0.6111286282539368
tree,00000076.jpg,0.5612298846244812,0.20867305994033813,-0.869260847568512,0.999998927116394,0.575239896774292,0.19158950448036194,-0.8279951214790344,0.9999984502792358,0.5850107669830322,0.19107139110565186,-0.8279213905334473,0.9999982118606567,0.5925047993659973,0.19071650505065918,-0.8280124068260193,0.9999985694885254,0.5455257892608643,0.19281145930290222,-0.8212355971336365,0.9999979734420776,0.536403477191925,0.1932646930217743,-0.8214114904403687,0.9999974966049194,0.5273104310035706,0.1939728856086731,-0.8213860392570496,0.9999980926513672,0.6089814901351929,0.1955755352973938,-0.5428031086921692,0.9999972581863403,0.5162413716316223,0.20171105861663818,-0.5220720171928406,0.9999984502792358,0.5848482847213745,0.22688376903533936,-0.7604122757911682,0.9999995231628418,0.5473004579544067,0.22983351349830627,-0.7543159127235413,0.9999991655349731,0.6952742338180542,0.2969088554382324,-0.3737407326698303,0.9999972581863403,0.45246243476867676,0.3002089560031891,-0.24205707013607025,0.9999430179595947,0.818671464920044,0.388112872838974,-0.29860496520996094,0.9989315867424011,0.3294048309326172,0.39318862557411194,-0.07692781835794449,0.9880226850509644,0.7429751753807068,0.4783485233783722,-0.5455220341682434,0.9934779405593872,0.41025954484939575,0.4826776385307312,-0.26368746161460876,0.9267189502716064,0.710788905620575,0.507588803768158,-0.6159029603004456,0.9779035449028015,0.43238210678100586,0.5097009539604187,-0.3243085741996765,0.840554416179657,0.6939052939414978,0.4933493137359619,-0.6465837359428406,0.9777486324310303,0.45502686500549316,0.4997328817844391,-0.35129716992378235,0.8358059525489807,0.6987602710723877,0.4846026599407196,-0.554025411605835,0.967170000076294,0.4509947896003723,0.4903743267059326,-0.2733132541179657,0.8076834082603455,0.6238514184951782,0.5436587929725647,-0.07849593460559845,0.9999018907546997,0.49200698733329773,0.5284416079521179,0.07842864096164703,0.9995878338813782,0.5806642770767212,0.7269622087478638,-0.07992862164974213,0.9519423246383667,0.25165215134620667,0.6348797678947449,-0.28477540612220764,0.9436542391777039,0.5474923849105835,0.8724395036697388,0.41025635600090027,0.9753246307373047,0.5074833035469055,0.6201097369194031,0.4421716034412384,0.41506335139274597,0.5385825037956238,0.8864177465438843,0.45225295424461365,0.9226453900337219,0.5388018488883972,0.6059620380401611,0.518900454044342,0.5065116882324219,0.5433740019798279,0.9408806562423706,0.22481809556484222,0.9609986543655396,0.5413964986801147,0.670924723148346,0.46980881690979004,0.4659292995929718
tree,00000077.jpg,0.39923471212387085,0.29076728224754333,-0.19622208178043365,0.9999066591262817,0.39127153158187866,0.28344374895095825,-0.1678369790315628,0.9996460676193237,0.39315715432167053,0.2821458578109741,-0.1678299903869629,0.9996473789215088,0.3951852321624756,0.2807222902774811,-0.1678207367658615,0.9997021555900574,0.3852776885032654,0.2896561920642853,-0.16597430408000946,0.9997968077659607,0.38275760412216187,0.29301926493644714,-0.16606463491916656,0.9998015761375427,0.3804459273815155,0.29636555910110474,-0.16607457399368286,0.9998553991317749,0.4017906188964844,0.29147782921791077,-0.037899449467659,0.9993594288825989,0.3793230950832367,0.31592559814453125,-0.030647503212094307,0.9998175501823425,0.41215255856513977,0.3010942339897156,-0.15089933574199677,0.999523401260376,0.4041282832622528,0.30819329619407654,-0.14816732704639435,0.999437153339386,0.48247450590133667,0.3123694062232971,-0.0950835719704628,0.9996838569641113,0.399339884519577,0.4077818989753723,0.06458956748247147,0.9974284768104553,0.465279221534729,0.19979476928710938,-0.21999940276145935,0.9969198703765869,0.4064406752586365,0.5123214721679688,0.0762784332036972,0.9106920957565308,0.37945568561553955,0.1497301459312439,-0.25436079502105713,0.9903565049171448,0.3310071527957916,0.5752886533737183,-0.06407666206359863,0.906974196434021,0.3545973002910614,0.14192205667495728,-0.30043724179267883,0.9661258459091187,0.30907607078552246,0.5950672030448914,-0.09169850498437881,0.8556327223777771,0.35049623250961304,0.14402323961257935,-0.28408491611480713,0.9602074027061462,0.30410540103912354,0.5905340313911438,-0.13688260316848755,0.8662044405937195,0.35857200622558594,0.1494361162185669,-0.2561741769313812,0.9678406715393066,0.31221890449523926,0.5835655331611633,-0.08903764933347702,0.8793845176696777,0.5410105586051941,0.5546591877937317,-0.0886402428150177,0.9987775683403015,0.47150492668151855,0.5455551147460938,0.08864576369524002,0.9963625073432922,0.524133563041687,0.7124077081680298,-0.0768810361623764,0.9783756136894226,0.3385883569717407,0.5976101160049438,0.03692431002855301,0.7896232604980469,0.48573410511016846,0.8632236123085022,0.04649471491575241,0.9796320796012878,0.4507102370262146,0.6097469329833984,0.2938191890716553,0.5448542833328247,0.4890434145927429,0.8812545537948608,0.053751397877931595,0.9055200219154358,0.47307848930358887,0.6019131541252136,0.3191412091255188,0.6854175329208374,0.4403568506240845,0.9051847457885742,-0.10069097578525543,0.9611915349960327,0.45502161979675293,0.6575720906257629,0.2672934830188751,0.6377298831939697
tree,00000078.jpg,0.3754242956638336,0.2772413492202759,-0.3755438029766083,0.9999288320541382,0.37916290760040283,0.26453566551208496,-0.3604079782962799,0.9998218417167664,0.38265928626060486,0.26387542486190796,-0.36036524176597595,0.9997953772544861,0.385936439037323,0.2634822130203247,-0.3604428768157959,0.9998443126678467,0.3686024844646454,0.2659027874469757,-0.3613378405570984,0.999790370464325,0.3649732768535614,0.2658963203430176,-0.3614584803581238,0.9997352957725525,0.3614622950553894,0.26582688093185425,-0.3615071475505829,0.9998024106025696,0.38855862617492676,0.2677876353263855,-0.2518361806869507,0.999636173248291,0.35562145709991455,0.2707221508026123,-0.25454238057136536,0.9997661709785461,0.38311243057250977,0.28826212882995605,-0.3328990340232849,0.9996854066848755,0.3687122166156769,0.28831204771995544,-0.33345645666122437,0.9994761347770691,0.41443678736686707,0.3180214762687683,-0.20283740758895874,0.999157190322876,0.337708979845047,0.32476580142974854,-0.18805278837680817,0.9953816533088684,0.4632893204689026,0.2590816020965576,-0.25149020552635193,0.9894589185714722,0.2802032232284546,0.27162301540374756,-0.22615428268909454,0.9882481694221497,0.5055713057518005,0.1858862042427063,-0.3521949350833893,0.9758598208427429,0.23443089425563812,0.19561338424682617,-0.3355005979537964,0.9707273244857788,0.5165319442749023,0.16529369354248047,-0.38298913836479187,0.9347960352897644,0.2208585888147354,0.17817610502243042,-0.3712904453277588,0.9153276085853577,0.5146017074584961,0.16225332021713257,-0.4019234776496887,0.9392857551574707,0.2222788780927658,0.1742648482322693,-0.3929421007633209,0.9185705780982971,0.5094753503799438,0.16885161399841309,-0.36842072010040283,0.9478920698165894,0.22763976454734802,0.180164635181427,-0.3526354730129242,0.9308028817176819,0.3881443738937378,0.5103662014007568,-0.032900869846343994,0.9974420070648193,0.33920714259147644,0.499319463968277,0.03303823247551918,0.9931360483169556,0.3705528676509857,0.6422885656356812,-0.013620119541883469,0.9321038126945496,0.24529770016670227,0.5394933819770813,-0.040153902024030685,0.9341192841529846,0.35061517357826233,0.7760170698165894,0.07693231850862503,0.9741368293762207,0.34256938099861145,0.5568076372146606,0.22063830494880676,0.5522093772888184,0.34607574343681335,0.7923643589019775,0.07931703329086304,0.8730827569961548,0.35616612434387207,0.551345705986023,0.24634993076324463,0.6593281626701355,0.3402320146560669,0.8053054809570312,-0.04771609976887703,0.9597026109695435,0.35628679394721985,0.616016685962677,0.22441154718399048,0.6251368522644043
tree,00000079.jpg,0.3756120800971985,0.17241591215133667,-0.2055065929889679,0.9999321699142456,0.37379539012908936,0.16307951509952545,-0.18441614508628845,0.9999092817306519,0.37502121925354004,0.16268351674079895,-0.18446090817451477,0.9998842477798462,0.3760647475719452,0.1622016578912735,-0.1844901144504547,0.999910831451416,0.36648139357566833,0.1636904925107956,-0.196548730134964,0.9998923540115356,0.3624660074710846,0.1639971286058426,-0.19660483300685883,0.9998639822006226,0.35801005363464355,0.16445577144622803,-0.19667263329029083,0.9999127388000488,0.3691924214363098,0.1648104041814804,-0.056321557611227036,0.9996771812438965,0.34398773312568665,0.168967604637146,-0.1118239313364029,0.9999338388442993,0.37687617540359497,0.18163426220417023,-0.15612562000751495,0.9999140501022339,0.3689500689506531,0.18315264582633972,-0.1723187118768692,0.9998835325241089,0.40371260046958923,0.2222038209438324,0.01381051167845726,0.9994093179702759,0.3140645921230316,0.22592884302139282,-0.06173577159643173,0.9987234473228455,0.445356547832489,0.28616970777511597,-0.11868178844451904,0.8279242515563965,0.32288411259651184,0.29843100905418396,-0.12282517552375793,0.9338768124580383,0.39776745438575745,0.25035810470581055,-0.34761175513267517,0.7847912907600403,0.38420969247817993,0.2536812424659729,-0.20529837906360626,0.8671755790710449,0.3898797333240509,0.233673095703125,-0.38406622409820557,0.6669940948486328,0.3919847309589386,0.23746803402900696,-0.23637501895427704,0.7742788195610046,0.3875318765640259,0.22712627053260803,-0.36794358491897583,0.6523852348327637,0.38815346360206604,0.23076298832893372,-0.22432228922843933,0.7456578016281128,0.388582319021225,0.23298735916614532,-0.34662744402885437,0.59206223487854,0.3857599198818207,0.23586276173591614,-0.20033499598503113,0.6756976842880249,0.3840441107749939,0.35438862442970276,-0.017286276444792747,0.9992586970329285,0.3296901285648346,0.35027503967285156,0.017503825947642326,0.9983331561088562,0.3652626574039459,0.4583447277545929,0.026962973177433014,0.9490721821784973,0.23889464139938354,0.40972864627838135,-0.16443318128585815,0.9854474067687988,0.35793545842170715,0.5580970644950867,0.1604297161102295,0.9773542284965515,0.3363776206970215,0.4017229974269867,0.1863764524459839,0.46733906865119934,0.35499218106269836,0.5696553587913513,0.16930527985095978,0.8535139560699463,0.35030290484428406,0.39236509799957275,0.22355149686336517,0.4694938361644745,0.3589305281639099,0.5821210145950317,0.046950265765190125,0.9738022089004517,0.3568319082260132,0.4444907605648041,0.20515139400959015,0.5571480393409729
tree,00000080.jpg,0.45079806447029114,0.25308600068092346,-0.3856998085975647,0.9999101161956787,0.45845112204551697,0.2375737726688385,-0.3465937077999115,0.9998015761375427,0.46361687779426575,0.23819774389266968,-0.34669604897499084,0.9997822642326355,0.46890994906425476,0.23925787210464478,-0.34696057438850403,0.9997727274894714,0.4401872754096985,0.23678770661354065,-0.3463227450847626,0.9998102784156799,0.43318718671798706,0.23700222373008728,-0.34630751609802246,0.9997439980506897,0.42574527859687805,0.2373197078704834,-0.3462056517601013,0.9996988773345947,0.47702091932296753,0.24857157468795776,-0.1573249101638794,0.9998114705085754,0.41830936074256897,0.246734619140625,-0.15313120186328888,0.9993681311607361,0.46260255575180054,0.2718825042247772,-0.3175310790538788,0.999626874923706,0.43932831287384033,0.2715415954589844,-0.3161950409412384,0.9996432065963745,0.5154398083686829,0.32395267486572266,-0.07260467857122421,0.999373733997345,0.3848310708999634,0.3167029023170471,-0.1104774922132492,0.9991477727890015,0.6031790375709534,0.23223811388015747,-0.09085620939731598,0.9936816692352295,0.31733018159866333,0.21737384796142578,-0.19520621001720428,0.9924889802932739,0.6873212456703186,0.13009655475616455,-0.25468337535858154,0.9889073371887207,0.26086974143981934,0.10794302821159363,-0.36464154720306396,0.9890351891517639,0.710997462272644,0.10240554809570312,-0.2956088185310364,0.9696344137191772,0.25029808282852173,0.07272595167160034,-0.41100895404815674,0.9713954925537109,0.7106821537017822,0.09538125991821289,-0.3311048746109009,0.9699609279632568,0.2531076669692993,0.06691354513168335,-0.42436888813972473,0.9705095291137695,0.7015933990478516,0.1045621931552887,-0.2817087769508362,0.9734587073326111,0.2581404447555542,0.08017399907112122,-0.3822392225265503,0.9716835021972656,0.49716973304748535,0.5609397888183594,0.03442741185426712,0.9996016621589661,0.41979923844337463,0.5843497514724731,-0.0341409407556057,0.9996854066848755,0.652624785900116,0.666778564453125,-0.15415368974208832,0.9439455270767212,0.45670974254608154,0.7617616653442383,-0.08483999967575073,0.956367552280426,0.48428988456726074,0.6452481746673584,0.24810604751110077,0.6193628311157227,0.4761390686035156,0.9315909147262573,0.17837919294834137,0.9585306644439697,0.46015480160713196,0.6256823539733887,0.2878013551235199,0.7290894389152527,0.4822094440460205,0.9502854347229004,0.19641388952732086,0.9052202105522156,0.4568714201450348,0.7243748903274536,0.20887555181980133,0.6841621994972229,0.45978042483329773,0.9769511222839355,0.014262589626014233,0.9331954717636108
tree,00000081.jpg,0.48938921093940735,0.26892369985580444,-0.83678138256073,0.9988999366760254,0.49543625116348267,0.2545641362667084,-0.7820637822151184,0.9989437460899353,0.5022040009498596,0.2543981671333313,-0.7820141315460205,0.998315691947937,0.5078166723251343,0.2542196810245514,-0.7822059392929077,0.9987990856170654,0.47178149223327637,0.25577685236930847,-0.8058962821960449,0.9991610050201416,0.46172744035720825,0.25620031356811523,-0.8061448931694031,0.9988671541213989,0.45289120078086853,0.25644853711128235,-0.8063295483589172,0.9991642236709595,0.5088862180709839,0.2610463798046112,-0.5061115026473999,0.9983686804771423,0.4364728629589081,0.26395541429519653,-0.6121514439582825,0.9988759160041809,0.5029088258743286,0.2836698591709137,-0.732208788394928,0.9980669617652893,0.473421573638916,0.28407344222068787,-0.7643787264823914,0.9988952875137329,0.5594364404678345,0.33055657148361206,-0.394148051738739,0.9930978417396545,0.39208775758743286,0.3361364006996155,-0.668195903301239,0.9991260170936584,0.576103687286377,0.2076128125190735,-0.5074005126953125,0.9611287713050842,0.39545753598213196,0.2140059471130371,-0.9888347387313843,0.991647481918335,0.5045068264007568,0.09544885158538818,-0.6177456974983215,0.9367474317550659,0.44928106665611267,0.09478753805160522,-0.9853147268295288,0.9729348421096802,0.4878394603729248,0.06369516253471375,-0.660133957862854,0.8871619701385498,0.4642259180545807,0.06551176309585571,-1.0515086650848389,0.9351926445960999,0.4833718240261078,0.06110572814941406,-0.6466186046600342,0.8721561431884766,0.4635765850543976,0.06379127502441406,-1.0050734281539917,0.9234826564788818,0.48536840081214905,0.07063928246498108,-0.6228830814361572,0.8675074577331543,0.4608847498893738,0.07353132963180542,-0.9747975468635559,0.9132739901542664,0.5530759692192078,0.5513862371444702,0.12303728610277176,0.9984709620475769,0.438374400138855,0.5664170384407043,-0.12340343743562698,0.999691367149353,0.7794325351715088,0.6435236930847168,-0.15272343158721924,0.8323968052864075,0.4733446538448334,0.7131590843200684,-0.6249558925628662,0.9833669662475586,0.5272759795188904,0.6463227272033691,0.4575190246105194,0.46398451924324036,0.5007123947143555,0.9101969003677368,-0.42219576239585876,0.9874334931373596,0.4826872646808624,0.6302376389503479,0.5177464485168457,0.45670372247695923,0.5008630752563477,0.9298073649406433,-0.4106508195400238,0.941206157207489,0.4796442985534668,0.7118854522705078,0.457296758890152,0.4854779839515686,0.5251045227050781,0.9537059664726257,-0.6930461525917053,0.9718683958053589
tree,00000082.jpg,0.5075705051422119,0.2571567893028259,-0.43361032009124756,0.999964714050293,0.5221832394599915,0.24185976386070251,-0.40185877680778503,0.9999469518661499,0.5294054746627808,0.2421361804008484,-0.4019394516944885,0.999942421913147,0.536237359046936,0.24261409044265747,-0.40197810530662537,0.9999494552612305,0.5019344687461853,0.24119946360588074,-0.3946133852005005,0.9999232292175293,0.49560031294822693,0.24088448286056519,-0.3946722447872162,0.9999111890792847,0.4894735515117645,0.2405727505683899,-0.3947446644306183,0.999930739402771,0.5500573515892029,0.2503732442855835,-0.1883568912744522,0.999849796295166,0.48544618487358093,0.24756145477294922,-0.15873415768146515,0.9999082088470459,0.5234827399253845,0.2740112245082855,-0.35217857360839844,0.9999581575393677,0.49498251080513,0.27121439576148987,-0.34420284628868103,0.999932050704956,0.6100283861160278,0.3361419439315796,-0.09351929277181625,0.9998677968978882,0.438167929649353,0.3337927460670471,-0.002359924139454961,0.9993090629577637,0.6292639970779419,0.45063909888267517,-0.2514650225639343,0.9780770540237427,0.38946056365966797,0.44752299785614014,-0.18386465311050415,0.9351653456687927,0.5311705470085144,0.4052179753780365,-0.5551745891571045,0.9723624587059021,0.48249542713165283,0.4026983380317688,-0.5962056517601013,0.9159621000289917,0.51508629322052,0.380515992641449,-0.6166819334030151,0.9410619139671326,0.5020552277565002,0.3794271945953369,-0.679442286491394,0.8446840643882751,0.5152459144592285,0.369110643863678,-0.6012355089187622,0.9373608231544495,0.5017818808555603,0.3688626289367676,-0.6592974066734314,0.8241879343986511,0.5185039043426514,0.37812525033950806,-0.5507586598396301,0.8991926908493042,0.4982511103153229,0.37670910358428955,-0.5959587693214417,0.7687391638755798,0.553532063961029,0.5441351532936096,-0.060313932597637177,0.9996004700660706,0.4588086009025574,0.5408315062522888,0.060297463089227676,0.9989297986030579,0.5596009492874146,0.7081378102302551,-0.05214354023337364,0.9834638237953186,0.2963206171989441,0.6411126255989075,-0.2562933564186096,0.9920111298561096,0.5658818483352661,0.8634658455848694,0.2251708209514618,0.9906841516494751,0.484910249710083,0.6274521946907043,0.32478511333465576,0.7462315559387207,0.563959002494812,0.8838392496109009,0.24320384860038757,0.8945425152778625,0.505293607711792,0.6116093397140503,0.3857719600200653,0.68513423204422,0.5559708476066589,0.9113250970840454,0.018354129046201706,0.9826683402061462,0.5163277387619019,0.6953684091567993,0.3414495289325714,0.7565927505493164
tree,00000083.jpg,0.5132724046707153,0.1268807351589203,-0.3504529893398285,0.9999719858169556,0.5239531397819519,0.10659521818161011,-0.31531745195388794,0.9999653100967407,0.5297247171401978,0.10620039701461792,-0.31535273790359497,0.9999579191207886,0.5361856818199158,0.10587790608406067,-0.3153621256351471,0.9999539852142334,0.5018413066864014,0.10807973146438599,-0.308554083108902,0.9999598264694214,0.4947558641433716,0.10917145013809204,-0.30865514278411865,0.9999573230743408,0.4886173605918884,0.11015021800994873,-0.30873122811317444,0.9999687671661377,0.5477065443992615,0.11372700333595276,-0.1045842170715332,0.9999222755432129,0.48117315769195557,0.12070098519325256,-0.0763995572924614,0.9999773502349854,0.5259924530982971,0.14900660514831543,-0.27036648988723755,0.9999778270721436,0.501675546169281,0.14941591024398804,-0.26229190826416016,0.999963641166687,0.6042168736457825,0.23290541768074036,-0.028677746653556824,0.9998840093612671,0.4320363402366638,0.23760154843330383,0.04767586290836334,0.9994866847991943,0.6641996502876282,0.34776124358177185,-0.23063597083091736,0.9819265007972717,0.3646719455718994,0.35557734966278076,-0.16088290512561798,0.9893404841423035,0.5287150740623474,0.3282178044319153,-0.5211144685745239,0.9541307687759399,0.48685523867607117,0.32803112268447876,-0.49598613381385803,0.9602895975112915,0.512172281742096,0.29806429147720337,-0.5755086541175842,0.8882974982261658,0.5067669153213501,0.2960083484649658,-0.5698429942131042,0.8976261615753174,0.5117713212966919,0.2921401262283325,-0.5540549755096436,0.876677393913269,0.5048834085464478,0.2911742627620697,-0.5305072069168091,0.8779972791671753,0.5152530074119568,0.301485151052475,-0.5141473412513733,0.8343948125839233,0.5019301772117615,0.30135002732276917,-0.4857586622238159,0.8360483050346375,0.5537599921226501,0.5143784284591675,-0.058717962354421616,0.9997208714485168,0.4553081691265106,0.49878305196762085,0.05884946510195732,0.9986187219619751,0.5347689390182495,0.7152484059333801,-0.09445895999670029,0.9629132151603699,0.28044551610946655,0.6241605281829834,-0.20688502490520477,0.9856045246124268,0.5062034130096436,0.9126842021942139,0.21618106961250305,0.976870059967041,0.4641457200050354,0.595318078994751,0.3781351149082184,0.4702203571796417,0.49574729800224304,0.9368728399276733,0.2390873283147812,0.8775261044502258,0.4954752027988434,0.5752407312393188,0.43959346413612366,0.5698831677436829,0.49403172731399536,0.9771196842193604,0.04964705929160118,0.968247652053833,0.5020219087600708,0.6773824095726013,0.41306179761886597,0.48314428329467773
tree,00000084.jpg,0.46769624948501587,0.26724493503570557,-0.3313720226287842,0.9979925155639648,0.4728362262248993,0.25289443135261536,-0.3058880865573883,0.9982226490974426,0.4772576093673706,0.25243979692459106,-0.3058839738368988,0.9973475933074951,0.48120397329330444,0.2520347237586975,-0.3060082793235779,0.9979702830314636,0.46075475215911865,0.2540584206581116,-0.3102739453315735,0.9981552958488464,0.45650237798690796,0.2541930675506592,-0.31031760573387146,0.9971798658370972,0.453167200088501,0.2547646760940552,-0.31038159132003784,0.9976673722267151,0.487236887216568,0.2587951719760895,-0.17736081779003143,0.9984822869300842,0.44932374358177185,0.26230359077453613,-0.19426947832107544,0.9964261651039124,0.4768016040325165,0.2821787893772125,-0.2833552360534668,0.9967818260192871,0.4606372117996216,0.2823726534843445,-0.2886774241924286,0.9966306090354919,0.5116804242134094,0.3293270170688629,-0.1276029646396637,0.9910141825675964,0.4323877990245819,0.3306809067726135,-0.21171899139881134,0.9974109530448914,0.5155118107795715,0.2023407518863678,-0.18956734240055084,0.9684856534004211,0.431818425655365,0.20825666189193726,-0.3313058912754059,0.9864354729652405,0.48457223176956177,0.0898459255695343,-0.24743404984474182,0.9278221726417542,0.4593003988265991,0.0909833014011383,-0.3505553901195526,0.9632255434989929,0.4793645739555359,0.061608076095581055,-0.2707175016403198,0.8517215251922607,0.46564140915870667,0.06384813785552979,-0.3823434114456177,0.9136819243431091,0.47763481736183167,0.0604914128780365,-0.2678874135017395,0.8335866332054138,0.46559613943099976,0.061700791120529175,-0.3677833378314972,0.9004682302474976,0.4782046377658844,0.07015898823738098,-0.25150278210639954,0.839932918548584,0.46458619832992554,0.07156261801719666,-0.34976890683174133,0.8946386575698853,0.5006889700889587,0.5509979128837585,0.036208245903253555,0.9991600513458252,0.448367714881897,0.5718609690666199,-0.03624703362584114,0.9995504021644592,0.6081287264823914,0.6323567032814026,-0.09330746531486511,0.8775160908699036,0.4683758318424225,0.7535326480865479,-0.07371044903993607,0.9443509578704834,0.49426719546318054,0.640931248664856,0.191341832280159,0.5149251818656921,0.4820367693901062,0.9305309057235718,0.1030195951461792,0.968323290348053,0.4747864007949829,0.6187220215797424,0.2193555384874344,0.6429049372673035,0.48832353949546814,0.9536352753639221,0.11495861411094666,0.92709881067276,0.46973589062690735,0.6957584023475647,0.17139458656311035,0.5298882722854614,0.4712534248828888,0.972979724407196,-0.007211762480437756,0.9278112649917603
tree,00000085.jpg,0.5425528883934021,0.2510663568973541,-0.48125654458999634,0.9997146725654602,0.5505761504173279,0.23954319953918457,-0.45378178358078003,0.999750554561615,0.5553057789802551,0.23960080742835999,-0.4537338614463806,0.9996629953384399,0.5596301555633545,0.23959356546401978,-0.453832745552063,0.9997654557228088,0.5341027975082397,0.23992428183555603,-0.45309367775917053,0.9996389150619507,0.527947723865509,0.24008294939994812,-0.4531872868537903,0.9994753003120422,0.5222272276878357,0.2402830719947815,-0.45327135920524597,0.9996596574783325,0.5660871267318726,0.24677586555480957,-0.30324167013168335,0.9994495511054993,0.5137161612510681,0.24640366435050964,-0.29739809036254883,0.9997135996818542,0.5523862838745117,0.26669883728027344,-0.42424148321151733,0.9993438124656677,0.5313876867294312,0.2674606740474701,-0.42278921604156494,0.9988418221473694,0.598362147808075,0.3166932463645935,-0.27540382742881775,0.9962685108184814,0.48536866903305054,0.317844033241272,-0.2503231167793274,0.9874308109283447,0.6197037100791931,0.21333855390548706,-0.39689937233924866,0.9353430271148682,0.4622572958469391,0.20837578177452087,-0.37352561950683594,0.9420723915100098,0.6305072903633118,0.10366526246070862,-0.48194408416748047,0.823084831237793,0.45166388154029846,0.10021865367889404,-0.5021219849586487,0.8819330930709839,0.6357570886611938,0.08305773138999939,-0.51984041929245,0.7375667691230774,0.4507884383201599,0.074535071849823,-0.5592787265777588,0.7970439195632935,0.6309497952461243,0.08300808072090149,-0.5233065485954285,0.7205322980880737,0.45461225509643555,0.07372331619262695,-0.5620978474617004,0.7824123501777649,0.6272428035736084,0.08689159154891968,-0.49098843336105347,0.7216147184371948,0.45620298385620117,0.08102574944496155,-0.5146531462669373,0.8065614104270935,0.5636885762214661,0.5295547842979431,-0.03716626763343811,0.9996246099472046,0.49323680996894836,0.526515781879425,0.036974262446165085,0.9987188577651978,0.5472249388694763,0.6829749345779419,0.0025178040377795696,0.9725214242935181,0.3692534267902374,0.6300793886184692,-0.12195983529090881,0.9774366617202759,0.5253783464431763,0.8474973440170288,0.17701198160648346,0.9908428192138672,0.5050938725471497,0.6285906434059143,0.36003556847572327,0.6597476005554199,0.5220234394073486,0.8626009225845337,0.18342673778533936,0.8514245748519897,0.5229010581970215,0.6122130751609802,0.4072856307029724,0.6061538457870483,0.5102318525314331,0.8939610719680786,-0.005504667293280363,0.9740642309188843,0.5275444388389587,0.684833288192749,0.3756919801235199,0.6519455313682556
tree,00000086.png,0.49246591329574585,0.15619197487831116,-0.17734801769256592,0.9987220168113708,0.49806272983551025,0.14230111241340637,-0.15026800334453583,0.9987253546714783,0.5012874603271484,0.14206719398498535,-0.15029197931289673,0.998160183429718,0.5043818354606628,0.14174887537956238,-0.15037313103675842,0.9983780384063721,0.486662358045578,0.14331325888633728,-0.15657323598861694,0.9992040991783142,0.48267489671707153,0.14329129457473755,-0.15659794211387634,0.9989364743232727,0.4793130159378052,0.14285168051719666,-0.15660974383354187,0.9991539716720581,0.50982666015625,0.14993315935134888,-0.005516396835446358,0.9982752799987793,0.473380982875824,0.15026724338531494,-0.03079226240515709,0.9988538026809692,0.499678373336792,0.17274218797683716,-0.1233355924487114,0.9993811845779419,0.48540231585502625,0.17191827297210693,-0.1306840032339096,0.999774158000946,0.5417819619178772,0.24767611920833588,0.07785334438085556,0.998282790184021,0.44240498542785645,0.24706397950649261,-0.004538750741630793,0.9996160268783569,0.5809324979782104,0.3544934093952179,-0.05629882588982582,0.9760233163833618,0.4036243259906769,0.3501196801662445,-0.13413937389850616,0.9714090824127197,0.5110467076301575,0.33163222670555115,-0.2907748520374298,0.9007970690727234,0.4793601334095001,0.3301769196987152,-0.29604724049568176,0.933872640132904,0.49797406792640686,0.30685722827911377,-0.3367665112018585,0.7750033736228943,0.4930195212364197,0.3123585879802704,-0.3361576497554779,0.8457106947898865,0.4974603056907654,0.3009180426597595,-0.31518396735191345,0.7472293972969055,0.4941786527633667,0.3083774447441101,-0.320157527923584,0.8220614790916443,0.500232994556427,0.305959552526474,-0.2870827913284302,0.6876088976860046,0.491163969039917,0.3131093382835388,-0.29043063521385193,0.7500866651535034,0.5237641930580139,0.47099846601486206,0.05277381092309952,0.996825098991394,0.46954062581062317,0.4859057068824768,-0.05278632417321205,0.9984639883041382,0.6327689290046692,0.5395601987838745,-0.06607645750045776,0.9521722197532654,0.4885588586330414,0.6774923801422119,-0.09398545324802399,0.9700247049331665,0.5178941488265991,0.5528412461280823,0.23942647874355316,0.5559055209159851,0.5085318684577942,0.8569733500480652,0.08916672319173813,0.97056645154953,0.5003454685211182,0.541286826133728,0.2696691155433655,0.5282620787620544,0.5134719014167786,0.8767052888870239,0.10231291502714157,0.888022780418396,0.4936293959617615,0.6300198435783386,0.22335465252399445,0.5403457880020142,0.5166776180267334,0.9197291135787964,-0.024807769805192947,0.9362452030181885
tree,00000087.jpg,0.5024093985557556,0.2549038231372833,-0.2584236264228821,0.9998003840446472,0.5084525942802429,0.2378201186656952,-0.23697219789028168,0.9996724128723145,0.5116361379623413,0.23776429891586304,-0.23691414296627045,0.9994530081748962,0.5137869715690613,0.23796728253364563,-0.23697493970394135,0.9996032118797302,0.49685701727867126,0.2384968101978302,-0.24008630216121674,0.9997597336769104,0.49272310733795166,0.2389034628868103,-0.24015067517757416,0.9995892643928528,0.4892210066318512,0.2393324375152588,-0.24017471075057983,0.9996742010116577,0.5180807709693909,0.24830180406570435,-0.13368146121501923,0.9996464252471924,0.4860171377658844,0.24743059277534485,-0.1459885984659195,0.9995977282524109,0.5086528658866882,0.27239876985549927,-0.2206738442182541,0.9995145797729492,0.4958895146846771,0.2731231153011322,-0.22444920241832733,0.9996851682662964,0.5412329435348511,0.32006627321243286,-0.10893896222114563,0.995989978313446,0.4675580859184265,0.31934022903442383,-0.14623451232910156,0.999426007270813,0.5612034797668457,0.1926940679550171,-0.17616525292396545,0.9948943853378296,0.4467087686061859,0.1956343948841095,-0.23787206411361694,0.9962804913520813,0.5150548219680786,0.10841095447540283,-0.20515073835849762,0.9691183567047119,0.4958108365535736,0.10460531711578369,-0.2255031168460846,0.9733625650405884,0.5063144564628601,0.07870543003082275,-0.22477051615715027,0.9077651500701904,0.5040717124938965,0.07617023587226868,-0.2483024299144745,0.9234853982925415,0.5046058297157288,0.07893422245979309,-0.21016007661819458,0.8909931778907776,0.5045626163482666,0.07894548773765564,-0.2278749793767929,0.9088149070739746,0.506242573261261,0.09143739938735962,-0.20243917405605316,0.8926141262054443,0.5032645463943481,0.09083497524261475,-0.22083720564842224,0.9058416485786438,0.5351950526237488,0.5471395254135132,0.020566800609230995,0.999313235282898,0.48857221007347107,0.5682187080383301,-0.020637674257159233,0.9997485280036926,0.617347776889801,0.662591814994812,-0.1248907744884491,0.932075023651123,0.4996984899044037,0.741016149520874,-0.08268088102340698,0.9573289155960083,0.5231360793113708,0.628990650177002,0.10121694952249527,0.588572084903717,0.515994668006897,0.8981517553329468,0.0960514098405838,0.9632696509361267,0.5117306113243103,0.6080315709114075,0.12539975345134735,0.7066921591758728,0.5208803415298462,0.918176531791687,0.10926169157028198,0.9134414792060852,0.49981334805488586,0.6625881791114807,0.09098773449659348,0.626521110534668,0.5076722502708435,0.9648259878158569,0.015884725376963615,0.9125955104827881
tree,00000088.jpg,0.5341911911964417,0.13688072562217712,-0.20258760452270508,0.9999709129333496,0.5424220561981201,0.12108349800109863,-0.17809291183948517,0.999968409538269,0.5470004677772522,0.1211395263671875,-0.17809970676898956,0.9999618530273438,0.5498714447021484,0.12135210633277893,-0.1781264990568161,0.9999662637710571,0.5283191204071045,0.12113288044929504,-0.17398551106452942,0.9999573230743408,0.5241458415985107,0.12116613984107971,-0.1740352213382721,0.9999512434005737,0.5200711488723755,0.12141260504722595,-0.17404791712760925,0.9999662637710571,0.5577871799468994,0.1301610767841339,-0.04081747308373451,0.9999252557754517,0.5153366327285767,0.13096821308135986,-0.023406798020005226,0.9999631643295288,0.5434480309486389,0.15591436624526978,-0.15108604729175568,0.9999682903289795,0.5260950922966003,0.1543872058391571,-0.14626452326774597,0.9999408721923828,0.5923043489456177,0.24189043045043945,0.004202347714453936,0.9998756647109985,0.48374080657958984,0.23735874891281128,0.05525713041424751,0.9991315007209778,0.623924732208252,0.36457350850105286,-0.11987414211034775,0.9845091700553894,0.4496142268180847,0.3530483543872833,-0.08233580738306046,0.9750356674194336,0.5495454668998718,0.31150883436203003,-0.27241605520248413,0.9568196535110474,0.5287060737609863,0.3039790093898773,-0.29075372219085693,0.9399585127830505,0.5400024056434631,0.28154128789901733,-0.3015720546245575,0.8857019543647766,0.5418888330459595,0.27682727575302124,-0.3375639319419861,0.8541977405548096,0.5392036437988281,0.2736663818359375,-0.28184354305267334,0.8718358874320984,0.5408077239990234,0.26877254247665405,-0.311105877161026,0.8274953365325928,0.5416281819343567,0.28286242485046387,-0.26471850275993347,0.8285804986953735,0.5374991297721863,0.2786949574947357,-0.2840557098388672,0.7727004289627075,0.5549166798591614,0.49231258034706116,-0.045170094817876816,0.9997430443763733,0.4926251471042633,0.4794601798057556,0.045220088213682175,0.9987928867340088,0.535739004611969,0.6866472363471985,-0.050015706568956375,0.969008207321167,0.37553441524505615,0.6007360816001892,-0.1287396103143692,0.9855755567550659,0.515250027179718,0.873339056968689,0.15326038002967834,0.9818724989891052,0.49584928154945374,0.5704330205917358,0.24499952793121338,0.5964855551719666,0.5093502402305603,0.8912683725357056,0.16853846609592438,0.8551560640335083,0.5116102695465088,0.5524072647094727,0.2849314510822296,0.6268397569656372,0.511063814163208,0.9288570284843445,0.04297356680035591,0.9704194068908691,0.5171793103218079,0.6367126703262329,0.27266088128089905,0.6016269326210022
tree,00000089.jpg,0.44541576504707336,0.2102312445640564,-0.45149654150009155,0.9997219443321228,0.45519253611564636,0.1967965066432953,-0.39288976788520813,0.9995900988578796,0.46189528703689575,0.19684097170829773,-0.3928070068359375,0.9993329644203186,0.4686431884765625,0.19692274928092957,-0.39295217394828796,0.9995399713516235,0.4315160810947418,0.19834354519844055,-0.40512117743492126,0.999685525894165,0.42239680886268616,0.19950878620147705,-0.4051724076271057,0.999459445476532,0.4136071503162384,0.20059412717819214,-0.4051770269870758,0.9996041655540466,0.4773125946521759,0.2074478566646576,-0.14807358384132385,0.999666690826416,0.4025668501853943,0.21179983019828796,-0.1979042887687683,0.999453604221344,0.46154800057411194,0.2277737557888031,-0.3662085235118866,0.9993789196014404,0.4291251301765442,0.22940433025360107,-0.3809245824813843,0.9995583891868591,0.5341744422912598,0.3001382350921631,-0.12145932763814926,0.993297278881073,0.3584534525871277,0.309360146522522,-0.2174680083990097,0.997534990310669,0.596179723739624,0.18845316767692566,-0.2857959270477295,0.993354082107544,0.28966987133026123,0.1928177773952484,-0.4299595057964325,0.9940876960754395,0.45744845271110535,0.11147314310073853,-0.3239924907684326,0.9553604125976562,0.41910111904144287,0.10644662380218506,-0.34617719054222107,0.9326853156089783,0.43882283568382263,0.08280247449874878,-0.369361013174057,0.861548662185669,0.4380435347557068,0.07762700319290161,-0.39716973900794983,0.8003255128860474,0.43423888087272644,0.08250442147254944,-0.32790857553482056,0.8358890414237976,0.43757882714271545,0.07819893956184387,-0.33439767360687256,0.7664377689361572,0.43712857365608215,0.09362930059432983,-0.3154529333114624,0.8399642705917358,0.43372926115989685,0.09002092480659485,-0.3306375741958618,0.7666698694229126,0.5182860493659973,0.540031373500824,0.04697094112634659,0.9988921284675598,0.40947285294532776,0.5550605654716492,-0.04719904810190201,0.999346911907196,0.7238138318061829,0.6367238759994507,-0.2534235417842865,0.97391676902771,0.43214988708496094,0.7495520114898682,-0.08787327259778976,0.9678090810775757,0.5087088346481323,0.6622288227081299,0.33263227343559265,0.708935022354126,0.48476386070251465,0.8855983018875122,0.33092185854911804,0.9623947739601135,0.474994957447052,0.6522209644317627,0.39382845163345337,0.696123480796814,0.49574947357177734,0.8990583419799805,0.3634142577648163,0.8606042861938477,0.4595836102962494,0.7456338405609131,0.30791887640953064,0.7158572673797607,0.4744766354560852,0.9483683109283447,0.1515427827835083,0.9168362617492676
tree,00000090.png,0.5707332491874695,0.16976028680801392,-0.14894624054431915,0.9999140501022339,0.5778623819351196,0.1536456048488617,-0.1310425102710724,0.9998784065246582,0.5823696851730347,0.15439200401306152,-0.13106273114681244,0.9998748302459717,0.5855570435523987,0.15482529997825623,-0.13109469413757324,0.9998732805252075,0.5653493404388428,0.15125805139541626,-0.12682431936264038,0.9998539686203003,0.5611482858657837,0.1511175036430359,-0.12684425711631775,0.9998427629470825,0.5574936270713806,0.15127569437026978,-0.12687376141548157,0.9998780488967896,0.5932798385620117,0.1626100242137909,-0.025944694876670837,0.9998477697372437,0.553720235824585,0.15913864970207214,-0.0040540145710110664,0.9999314546585083,0.5786088705062866,0.192844420671463,-0.10811062902212143,0.9999274015426636,0.5635405778884888,0.19191282987594604,-0.10215781629085541,0.999886155128479,0.6214113831520081,0.26753148436546326,-0.0002810032165143639,0.9999525547027588,0.526036262512207,0.25370094180107117,0.05488116294145584,0.9995787739753723,0.6461707949638367,0.38278114795684814,-0.14597368240356445,0.9865430593490601,0.48722127079963684,0.35457396507263184,-0.08478840440511703,0.977163553237915,0.5796706676483154,0.3263729214668274,-0.31408265233039856,0.9641158580780029,0.5560103058815002,0.3244146704673767,-0.269689679145813,0.9339678883552551,0.5716298818588257,0.30149024724960327,-0.3458152711391449,0.9094023108482361,0.568702220916748,0.3049401044845581,-0.3129017651081085,0.8274600505828857,0.569872260093689,0.296153724193573,-0.32545146346092224,0.8943389058113098,0.5685256123542786,0.29931551218032837,-0.2866780459880829,0.7933159470558167,0.5712819695472717,0.3048446774482727,-0.3075607419013977,0.8481498956680298,0.56618332862854,0.3059552311897278,-0.2636607885360718,0.7398629188537598,0.5894210934638977,0.5168672204017639,-0.04299825057387352,0.9997612833976746,0.527941107749939,0.501682460308075,0.04297443479299545,0.9993584752082825,0.5744501948356628,0.7040203809738159,-0.10317810624837875,0.9889516234397888,0.44553855061531067,0.6208710074424744,-0.15664854645729065,0.9942033886909485,0.565261721611023,0.8820126056671143,0.05398860573768616,0.991171658039093,0.5387998819351196,0.7300385236740112,0.11356719583272934,0.9177882075309753,0.5626381635665894,0.9044493436813354,0.06267975270748138,0.7891130447387695,0.548988938331604,0.7222123146057129,0.13980284333229065,0.8385044932365417,0.5564838647842407,0.953118622303009,-0.07353892922401428,0.9763650298118591,0.550807774066925,0.8115630149841309,0.08119645714759827,0.8930294513702393
tree,00000091.jpg,0.3786919116973877,0.26914674043655396,-0.542184591293335,0.9950311183929443,0.3911450505256653,0.2543991208076477,-0.4940241575241089,0.9946249127388,0.40003231167793274,0.2544591724872589,-0.4940541684627533,0.992155909538269,0.4073460102081299,0.2545458972454071,-0.49432557821273804,0.9943541288375854,0.363982230424881,0.2550744414329529,-0.5028822422027588,0.99429851770401,0.3553166687488556,0.25549426674842834,-0.5029870867729187,0.990871250629425,0.3470660150051117,0.25619396567344666,-0.5031066536903381,0.99237459897995,0.41517704725265503,0.2613735496997833,-0.2589912712574005,0.9958537817001343,0.33702120184898376,0.26494914293289185,-0.29500293731689453,0.9902059435844421,0.3969198763370514,0.28620320558547974,-0.4551127851009369,0.9936561584472656,0.36394694447517395,0.28721436858177185,-0.46627411246299744,0.9938780665397644,0.4610719680786133,0.3223138451576233,-0.2177358865737915,0.9928389191627502,0.2995108962059021,0.3357895612716675,-0.29848214983940125,0.9966225624084473,0.4701971113681793,0.20747336745262146,-0.3373062312602997,0.9738252758979797,0.28442811965942383,0.22146549820899963,-0.4952288269996643,0.9720192551612854,0.4072995185852051,0.12115725874900818,-0.41624191403388977,0.9251365065574646,0.3468452990055084,0.13266679644584656,-0.49549198150634766,0.90754234790802,0.39258626103401184,0.09981384873390198,-0.4643265902996063,0.851450502872467,0.3604690134525299,0.10993802547454834,-0.5502274632453918,0.8290751576423645,0.38780707120895386,0.09992632269859314,-0.44921961426734924,0.8321577906608582,0.3619788587093353,0.10872069001197815,-0.5164430141448975,0.8063948750495911,0.38952481746673584,0.1081613302230835,-0.4199402332305908,0.843859076499939,0.36056286096572876,0.1163744330406189,-0.4925262928009033,0.8170671463012695,0.4440118074417114,0.5495562553405762,0.05169614031910896,0.9988577365875244,0.3259410858154297,0.5609749555587769,-0.05181911215186119,0.9993919134140015,0.6447730660438538,0.6575741171836853,-0.12953399121761322,0.7935262322425842,0.3608280122280121,0.731965184211731,-0.10691201686859131,0.9002521634101868,0.4317421615123749,0.6230967044830322,0.5415551662445068,0.22961921989917755,0.3918878734111786,0.8764102458953857,0.31365153193473816,0.9126607179641724,0.39858531951904297,0.5950385928153992,0.6126453280448914,0.3370853662490845,0.3956823945045471,0.8930249214172363,0.3482135236263275,0.8265117406845093,0.3645033836364746,0.6562550663948059,0.5820373296737671,0.23164156079292297,0.40198084712028503,0.9260372519493103,0.13949057459831238,0.8188104033470154
tree,00000092.jpg,0.5075008273124695,0.27776435017585754,-0.426053911447525,0.9997380375862122,0.5169643759727478,0.25649499893188477,-0.39634081721305847,0.9997847676277161,0.5224515199661255,0.25684070587158203,-0.3962707221508026,0.9996751546859741,0.5262870192527771,0.2572716474533081,-0.39644357562065125,0.999821126461029,0.49937376379966736,0.25583648681640625,-0.39098072052001953,0.9997366070747375,0.493572860956192,0.25565874576568604,-0.3910811245441437,0.9995417594909668,0.48883306980133057,0.25552263855934143,-0.39112401008605957,0.9997221827507019,0.5358250141143799,0.26631149649620056,-0.23950636386871338,0.9997997879981995,0.485903263092041,0.26009371876716614,-0.2123500406742096,0.9998272061347961,0.5183708667755127,0.29776495695114136,-0.3684532940387726,0.999545156955719,0.49872100353240967,0.29781007766723633,-0.3614104986190796,0.9994737505912781,0.5737244486808777,0.3522249758243561,-0.23195387423038483,0.9983658194541931,0.45641443133354187,0.3488990366458893,-0.08912533521652222,0.9953905344009399,0.630474865436554,0.19752821326255798,-0.3339878022670746,0.9989318251609802,0.39411890506744385,0.216862291097641,-0.08703360706567764,0.9873377084732056,0.524376630783081,0.13539016246795654,-0.24644578993320465,0.9479950070381165,0.49018073081970215,0.13287848234176636,0.0010870913974940777,0.7424880862236023,0.5091521739959717,0.10167449712753296,-0.26849842071533203,0.7914063334465027,0.5037772059440613,0.09619826078414917,-0.012976627796888351,0.4881651699542999,0.5078309774398804,0.10969775915145874,-0.2306719571352005,0.774472713470459,0.5066190958023071,0.107921302318573,0.021406741812825203,0.45155414938926697,0.5107516050338745,0.12908673286437988,-0.2335025519132614,0.7699107527732849,0.5038241744041443,0.12480431795120239,0.008830309845507145,0.4834008812904358,0.548184871673584,0.6787828803062439,-0.07527364790439606,0.9992172718048096,0.47330018877983093,0.6626656651496887,0.07520147413015366,0.9987871050834656,0.526640772819519,0.8947267532348633,-0.2540832757949829,0.9576350450515747,0.31789112091064453,0.7434441447257996,-0.017673857510089874,0.9627232551574707,0.5297292470932007,0.8366208076477051,0.172178715467453,0.3124769628047943,0.4756912291049957,0.7608262896537781,0.2179493010044098,0.5859729647636414,0.5254233479499817,0.7769872546195984,0.22327245771884918,0.38754239678382874,0.49192288517951965,0.743320107460022,0.24962788820266724,0.5994178056716919,0.5085874199867249,0.8629915714263916,0.2784176766872406,0.25663670897483826,0.48388221859931946,0.825972318649292,0.2965550720691681,0.4664347469806671
tree,00000093.jpg,0.7905536890029907,0.2333245575428009,-0.2925223112106323,0.9995986819267273,0.7944061160087585,0.21849751472473145,-0.2732367515563965,0.9991674423217773,0.7977837324142456,0.2179214358329773,-0.27321356534957886,0.9990310668945312,0.8011783361434937,0.21783447265625,-0.27330705523490906,0.9991692304611206,0.7847413420677185,0.2186962366104126,-0.2759784460067749,0.9990059733390808,0.7808959484100342,0.21827226877212524,-0.2760531008243561,0.9986971020698547,0.7769351005554199,0.2178935408592224,-0.27607017755508423,0.9989224672317505,0.8039699196815491,0.22481882572174072,-0.16436997056007385,0.9980979561805725,0.7699298858642578,0.22300535440444946,-0.1777309775352478,0.9988400340080261,0.7961047291755676,0.24765563011169434,-0.2514943480491638,0.9985566735267639,0.7831751704216003,0.2460959553718567,-0.25492334365844727,0.9979841709136963,0.8271945714950562,0.28511056303977966,-0.13255050778388977,0.9981243014335632,0.7453568577766418,0.2883461117744446,-0.13856597244739532,0.9927030801773071,0.8723257780075073,0.2075766921043396,-0.17784377932548523,0.9874782562255859,0.7069300413131714,0.2063518464565277,-0.19576989114284515,0.9880158305168152,0.9107075929641724,0.10597699880599976,-0.2555733919143677,0.9772648811340332,0.6712784767150879,0.10088199377059937,-0.29227009415626526,0.9655570387840271,0.9218502044677734,0.08075225353240967,-0.2810541093349457,0.9352657198905945,0.6581119894981384,0.07525360584259033,-0.32547619938850403,0.9056617617607117,0.9189594984054565,0.07674267888069153,-0.29592791199684143,0.9366113543510437,0.6599270701408386,0.06996795535087585,-0.33751100301742554,0.9063385128974915,0.9144559502601624,0.08597621321678162,-0.26923760771751404,0.9483317732810974,0.6651971340179443,0.07829031348228455,-0.30539703369140625,0.9233548045158386,0.8041864633560181,0.5214148759841919,-0.012079298496246338,0.9976905584335327,0.7501971125602722,0.512525200843811,0.012234487570822239,0.9947636127471924,0.7874142527580261,0.6928510665893555,0.01565231941640377,0.90549236536026,0.6737366914749146,0.604407012462616,-0.10084757953882217,0.9328052997589111,0.7711017727851868,0.8449894189834595,0.1194012388586998,0.9488636255264282,0.7614679932594299,0.5764188170433044,0.17165206372737885,0.4603514075279236,0.7631834745407104,0.866131067276001,0.1246708482503891,0.8462575078010559,0.7744667530059814,0.5679111480712891,0.19856715202331543,0.46402373909950256,0.7817944288253784,0.8901005983352661,0.017938077449798584,0.9229153394699097,0.7880922555923462,0.633323609828949,0.17835377156734467,0.4680343568325043
tree,00000094.jpg,0.39923471212387085,0.29076728224754333,-0.19622208178043365,0.9999066591262817,0.39127153158187866,0.28344374895095825,-0.1678369790315628,0.9996460676193237,0.39315715432167053,0.2821458578109741,-0.1678299903869629,0.9996473789215088,0.3951852321624756,0.2807222902774811,-0.1678207367658615,0.9997021555900574,0.3852776885032654,0.2896561920642853,-0.16597430408000946,0.9997968077659607,0.38275760412216187,0.29301926493644714,-0.16606463491916656,0.9998015761375427,0.3804459273815155,0.29636555910110474,-0.16607457399368286,0.9998553991317749,0.4017906188964844,0.29147782921791077,-0.037899449467659,0.9993594288825989,0.3793230950832367,0.31592559814453125,-0.030647503212094307,0.9998175501823425,0.41215255856513977,0.3010942339897156,-0.15089933574199677,0.999523401260376,0.4041282832622528,0.30819329619407654,-0.14816732704639435,0.999437153339386,0.48247450590133667,0.3123694062232971,-0.0950835719704628,0.9996838569641113,0.399339884519577,0.4077818989753723,0.06458956748247147,0.9974284768104553,0.465279221534729,0.19979476928710938,-0.21999940276145935,0.9969198703765869,0.4064406752586365,0.5123214721679688,0.0762784332036972,0.9106920957565308,0.37945568561553955,0.1497301459312439,-0.25436079502105713,0.9903565049171448,0.3310071527957916,0.5752886533737183,-0.06407666206359863,0.906974196434021,0.3545973002910614,0.14192205667495728,-0.30043724179267883,0.9661258459091187,0.30907607078552246,0.5950672030448914,-0.09169850498437881,0.8556327223777771,0.35049623250961304,0.14402323961257935,-0.28408491611480713,0.9602074027061462,0.30410540103912354,0.5905340313911438,-0.13688260316848755,0.8662044405937195,0.35857200622558594,0.1494361162185669,-0.2561741769313812,0.9678406715393066,0.31221890449523926,0.5835655331611633,-0.08903764933347702,0.8793845176696777,0.5410105586051941,0.5546591877937317,-0.0886402428150177,0.9987775683403015,0.47150492668151855,0.5455551147460938,0.08864576369524002,0.9963625073432922,0.524133563041687,0.7124077081680298,-0.0768810361623764,0.9783756136894226,0.3385883569717407,0.5976101160049438,0.03692431002855301,0.7896232604980469,0.48573410511016846,0.8632236123085022,0.04649471491575241,0.9796320796012878,0.4507102370262146,0.6097469329833984,0.2938191890716553,0.5448542833328247,0.4890434145927429,0.8812545537948608,0.053751397877931595,0.9055200219154358,0.47307848930358887,0.6019131541252136,0.3191412091255188,0.6854175329208374,0.4403568506240845,0.9051847457885742,-0.10069097578525543,0.9611915349960327,0.45502161979675293,0.6575720906257629,0.2672934830188751,0.6377298831939697
tree,00000095.jpg,0.4800533354282379,0.20194047689437866,-0.3596172034740448,0.9993116855621338,0.4834384322166443,0.19143608212471008,-0.3092171549797058,0.9985710382461548,0.48790109157562256,0.19210931658744812,-0.3093626797199249,0.9986611604690552,0.492646723985672,0.1924702525138855,-0.30976784229278564,0.9985124468803406,0.4649280309677124,0.19149088859558105,-0.3179439902305603,0.9986587762832642,0.4570772647857666,0.1922847032546997,-0.31794676184654236,0.9984564781188965,0.4495256543159485,0.19325858354568481,-0.31787776947021484,0.9979897737503052,0.49671000242233276,0.20331886410713196,-0.1078992635011673,0.9990400671958923,0.43783271312713623,0.20630434155464172,-0.14526008069515228,0.9965484738349915,0.4913407564163208,0.22026076912879944,-0.2918446958065033,0.9979318380355835,0.4673979580402374,0.2205834984779358,-0.3020830452442169,0.9973228573799133,0.5583974719047546,0.29063987731933594,-0.06197042763233185,0.9986792206764221,0.39048629999160767,0.29910212755203247,-0.13330578804016113,0.9971440434455872,0.6733832359313965,0.2340739369392395,-0.06337501108646393,0.9861219525337219,0.28412437438964844,0.22258692979812622,-0.24167804419994354,0.9874196648597717,0.7700105905532837,0.1510728895664215,-0.20727021992206573,0.9797607660293579,0.1815299093723297,0.1391659677028656,-0.4176758825778961,0.9614396691322327,0.791432797908783,0.13086292147636414,-0.23440726101398468,0.9499217867851257,0.1479952037334442,0.12156710028648376,-0.455485999584198,0.9107990860939026,0.7912477850914001,0.12530288100242615,-0.2772923409938812,0.9528535008430481,0.1485467553138733,0.11467304825782776,-0.46993857622146606,0.9105688333511353,0.7832950353622437,0.13135921955108643,-0.23842501640319824,0.9601297974586487,0.161883145570755,0.12140053510665894,-0.43761613965034485,0.9190556406974792,0.5487952828407288,0.5311212539672852,0.04251880198717117,0.9984533786773682,0.44598886370658875,0.5525733232498169,-0.04239749163389206,0.9988493919372559,0.7260788679122925,0.6310122609138489,-0.1993037909269333,0.9171358942985535,0.48048561811447144,0.7318629622459412,-0.11413539946079254,0.9534572958946228,0.5372524857521057,0.6278567910194397,0.2851506471633911,0.3475523889064789,0.5007516741752625,0.8855823874473572,0.19734470546245575,0.9127225279808044,0.5004262924194336,0.6139299869537354,0.33328136801719666,0.44220787286758423,0.5032524466514587,0.9095423817634583,0.21940691769123077,0.824880063533783,0.4875201880931854,0.7038148641586304,0.27110233902931213,0.4146689176559448,0.5137907266616821,0.9320152997970581,0.039786066859960556,0.868145227432251
tree,00000096.jpg,0.3789953887462616,0.1746886521577835,-0.21239256858825684,0.99986732006073,0.3765549063682556,0.16562294960021973,-0.19131538271903992,0.9997738003730774,0.37756457924842834,0.1653963327407837,-0.19137796759605408,0.9997305274009705,0.37840262055397034,0.16509360074996948,-0.19140520691871643,0.9997931122779846,0.37042436003685,0.1659253090620041,-0.20138274133205414,0.9997342228889465,0.3668679893016815,0.1660832166671753,-0.20140916109085083,0.9996594190597534,0.3628530502319336,0.16637638211250305,-0.20148509740829468,0.9997560381889343,0.3714364767074585,0.1682344675064087,-0.07052364200353622,0.9993205070495605,0.34789732098579407,0.1722583770751953,-0.11543875187635422,0.9997881054878235,0.3806898891925812,0.18444520235061646,-0.1668466329574585,0.9998377561569214,0.373252272605896,0.18489907681941986,-0.17991919815540314,0.9997095465660095,0.4085974097251892,0.2285580337047577,-0.005310819949954748,0.9989495873451233,0.3167904019355774,0.23171979188919067,-0.0686819776892662,0.9970306158065796,0.44855833053588867,0.28894683718681335,-0.14011827111244202,0.8783288598060608,0.3254969120025635,0.3023904263973236,-0.14305470883846283,0.9363952875137329,0.40531885623931885,0.25669991970062256,-0.37743332982063293,0.8358527421951294,0.3852009177207947,0.26006320118904114,-0.2632642090320587,0.8987207412719727,0.39791423082351685,0.24045628309249878,-0.4130483865737915,0.7067034840583801,0.39242255687713623,0.2434811294078827,-0.2966381311416626,0.8159297704696655,0.395213782787323,0.23571732640266418,-0.3941461145877838,0.6897457838058472,0.38871094584465027,0.2375279814004898,-0.28425759077072144,0.7887149453163147,0.39627254009246826,0.24151094257831573,-0.3750297725200653,0.6247290372848511,0.38692331314086914,0.24361026287078857,-0.25931745767593384,0.7160701751708984,0.3847162425518036,0.3579588234424591,-0.014157249592244625,0.9986691474914551,0.33102431893348694,0.35280296206474304,0.014271111227571964,0.9970412850379944,0.3696095049381256,0.4610397517681122,0.018928159028291702,0.9426254034042358,0.2433902621269226,0.4126991629600525,-0.14217625558376312,0.9851714968681335,0.36188656091690063,0.5585079193115234,0.14769868552684784,0.9743080139160156,0.3385920822620392,0.4052707552909851,0.19799628853797913,0.44913560152053833,0.35674649477005005,0.5734721422195435,0.15606683492660522,0.8492376208305359,0.35009801387786865,0.3970502018928528,0.23321720957756042,0.4375683069229126,0.3629826605319977,0.5802733302116394,0.03486180678009987,0.9692389369010925,0.356599897146225,0.4470311999320984,0.20908330380916595,0.5241065621376038
tree,00000097.jpg,0.5030245780944824,0.1599169671535492,-0.19857731461524963,0.9999732971191406,0.5091809630393982,0.14182022213935852,-0.18105226755142212,0.9999665021896362,0.5117245316505432,0.14132621884346008,-0.18106740713119507,0.9999593496322632,0.5152286887168884,0.14088502526283264,-0.18106085062026978,0.9999576807022095,0.49747976660728455,0.14261218905448914,-0.1774434596300125,0.9999591112136841,0.4931468069553375,0.14303812384605408,-0.1774931699037552,0.9999526739120483,0.4896168112754822,0.1434718370437622,-0.17753063142299652,0.9999650716781616,0.5215768218040466,0.1486763060092926,-0.06785392761230469,0.9999172687530518,0.4850044846534729,0.15176215767860413,-0.05220768228173256,0.9999728202819824,0.5097402930259705,0.18125125765800476,-0.15457692742347717,0.9999785423278809,0.4958673119544983,0.1818028688430786,-0.1501924842596054,0.9999558925628662,0.5533351898193359,0.25939691066741943,-0.017854828387498856,0.9998973608016968,0.45598626136779785,0.2523745000362396,0.010506344959139824,0.9996757507324219,0.5800619721412659,0.3725561201572418,-0.1350659877061844,0.9798847436904907,0.43185877799987793,0.3721001148223877,-0.10158412903547287,0.9844673871994019,0.5162226557731628,0.3298436999320984,-0.3012233376502991,0.9633182287216187,0.49610254168510437,0.3272995054721832,-0.28200432658195496,0.9642563462257385,0.5051742792129517,0.30584871768951416,-0.3293992280960083,0.9130011200904846,0.5076385140419006,0.3038088381290436,-0.322104811668396,0.9139126539230347,0.5058324337005615,0.29169929027557373,-0.3184448182582855,0.9033178687095642,0.5044162273406982,0.29128631949424744,-0.30127671360969543,0.896411657333374,0.5081591606140137,0.30148887634277344,-0.29810795187950134,0.8695961833000183,0.5023803114891052,0.2998271584510803,-0.27670106291770935,0.8576158881187439,0.5199364423751831,0.5157533288002014,-0.03063488006591797,0.9997909665107727,0.4656410217285156,0.5051262974739075,0.03066384792327881,0.9988905787467957,0.5009804368019104,0.7218887805938721,-0.013138876296579838,0.9503238201141357,0.3811313807964325,0.6405751705169678,-0.10939471423625946,0.985194742679596,0.4862467348575592,0.9081032276153564,0.15367577970027924,0.964836597442627,0.47430139780044556,0.5866283178329468,0.24275089800357819,0.2584139108657837,0.48022177815437317,0.9287676811218262,0.16701145470142365,0.8102167248725891,0.4871671795845032,0.5639179944992065,0.2810850739479065,0.3972262442111969,0.48661163449287415,0.9549482464790344,0.06983085721731186,0.9588863253593445,0.4987539052963257,0.6582302451133728,0.2821790874004364,0.3230145573616028
tree,00000098.jpg,0.3509516716003418,0.27022942900657654,-0.543545663356781,0.997100293636322,0.3602350354194641,0.25781068205833435,-0.49862197041511536,0.9970970153808594,0.36777204275131226,0.2575695514678955,-0.4986305236816406,0.9959854483604431,0.37435102462768555,0.25744155049324036,-0.498853862285614,0.9966821074485779,0.33953848481178284,0.25851091742515564,-0.506644070148468,0.9969673752784729,0.3322735130786896,0.25851407647132874,-0.5067359209060669,0.9957478642463684,0.3266058564186096,0.2587278485298157,-0.5068506598472595,0.9963310360908508,0.38320425152778625,0.2633707821369171,-0.2740168571472168,0.9976054430007935,0.319914847612381,0.26550623774528503,-0.30561086535453796,0.9950971007347107,0.3657037615776062,0.28298068046569824,-0.45996174216270447,0.995327353477478,0.33863934874534607,0.2824710011482239,-0.4698479473590851,0.9955904483795166,0.4197806715965271,0.32357460260391235,-0.18678885698318481,0.9948269724845886,0.29075658321380615,0.3254604935646057,-0.3430260419845581,0.9985455274581909,0.4311714172363281,0.21680209040641785,-0.29168060421943665,0.9742521047592163,0.28948819637298584,0.22203081846237183,-0.5525071024894714,0.9901068210601807,0.3806973099708557,0.12131839990615845,-0.39191704988479614,0.9394221901893616,0.33336201310157776,0.12363764643669128,-0.5887195467948914,0.9718160033226013,0.3717672526836395,0.09636986255645752,-0.43187031149864197,0.8756944537162781,0.3450066149234772,0.09711846709251404,-0.6475256681442261,0.9326595067977905,0.36808502674102783,0.09428286552429199,-0.4275178611278534,0.8610576391220093,0.34455737471580505,0.09400138258934021,-0.6154252886772156,0.9229961633682251,0.36885109543800354,0.10440528392791748,-0.3994981646537781,0.8650705218315125,0.3436908721923828,0.10409596562385559,-0.5858848690986633,0.9168562889099121,0.40969282388687134,0.5170649290084839,0.06862065941095352,0.9994103908538818,0.3175922632217407,0.5358343720436096,-0.0686812475323677,0.9996639490127563,0.5929056406021118,0.5840873122215271,-0.25319379568099976,0.9182970523834229,0.35269513726234436,0.6819656491279602,-0.24148748815059662,0.9672542214393616,0.40992674231529236,0.5923606753349304,0.25839197635650635,0.5820271968841553,0.3781571388244629,0.8372566103935242,0.08348629623651505,0.9787148237228394,0.375470370054245,0.5656118988990784,0.30986908078193665,0.6857675909996033,0.38786181807518005,0.8550047278404236,0.10757344961166382,0.9351372718811035,0.3677174746990204,0.631922721862793,0.23480558395385742,0.6118046045303345,0.36971527338027954,0.8750720620155334,-0.10109613835811615,0.9554159045219421
tree,00000099.jpg,0.5069229602813721,0.21415144205093384,-0.3742125928401947,0.9998445510864258,0.51202791929245,0.19789542257785797,-0.3492914140224457,0.9998058676719666,0.516201376914978,0.19764497876167297,-0.34937000274658203,0.999761164188385,0.5201531648635864,0.19758781790733337,-0.3494550883769989,0.9997530579566956,0.4961564540863037,0.19974057376384735,-0.36061882972717285,0.9997716546058655,0.4889262020587921,0.20110762119293213,-0.3606482744216919,0.9997163414955139,0.4820469915866852,0.20270049571990967,-0.36069098114967346,0.9997393488883972,0.5237038135528564,0.20353469252586365,-0.18293744325637817,0.9997146725654602,0.4719153046607971,0.21050845086574554,-0.23272565007209778,0.9996658563613892,0.5129819512367249,0.22878776490688324,-0.3089858889579773,0.999874472618103,0.49744942784309387,0.23175092041492462,-0.32356011867523193,0.9999165534973145,0.5366106033325195,0.2819782793521881,-0.04039255902171135,0.9995630383491516,0.4545036256313324,0.28310155868530273,-0.15462614595890045,0.9993928670883179,0.5736599564552307,0.36583778262138367,-0.1258716881275177,0.880456268787384,0.3996410667896271,0.3669409155845642,-0.22350294888019562,0.9104743599891663,0.5050998330116272,0.37113773822784424,-0.3848605453968048,0.6023921966552734,0.48474645614624023,0.3741840720176697,-0.3779233396053314,0.65656977891922,0.4919283092021942,0.3570387065410614,-0.4356388747692108,0.47586143016815186,0.49752381443977356,0.3623044490814209,-0.42163702845573425,0.5283592939376831,0.4929252564907074,0.3483011722564697,-0.4341077506542206,0.4567972421646118,0.49716198444366455,0.3540947437286377,-0.42078566551208496,0.5008163452148438,0.4973500072956085,0.35442546010017395,-0.38970786333084106,0.405756413936615,0.49503329396247864,0.3585498631000519,-0.3781014680862427,0.42316558957099915,0.5128435492515564,0.45082685351371765,0.052438948303461075,0.9970030188560486,0.4704325199127197,0.4541231691837311,-0.05248934030532837,0.9949724674224854,0.5937922596931458,0.5373193025588989,-0.06296740472316742,0.9462040662765503,0.49888649582862854,0.5931622385978699,-0.06324858963489532,0.9631211757659912,0.5192436575889587,0.627335786819458,0.23339147865772247,0.9070775508880615,0.4968375861644745,0.7255733013153076,0.1630767285823822,0.9643027782440186,0.5052985548973083,0.6315621137619019,0.25545448064804077,0.7790646553039551,0.4986220896244049,0.7396617531776428,0.1776382178068161,0.8387051224708557,0.5048485398292542,0.6862542629241943,0.1272503286600113,0.8929334282875061,0.47943973541259766,0.7573630213737488,0.015860548242926598,0.9394485950469971
tree,00000100.jpg,0.47668442130088806,0.26159921288490295,-0.24819675087928772,0.9999535083770752,0.4892268776893616,0.24129417538642883,-0.21303467452526093,0.9999004602432251,0.4968143701553345,0.2402825951576233,-0.21306867897510529,0.9999065399169922,0.5029619932174683,0.23962068557739258,-0.21317557990550995,0.9998941421508789,0.467263787984848,0.24343341588974,-0.20082762837409973,0.99982088804245,0.46046265959739685,0.24382784962654114,-0.2008543759584427,0.9997825026512146,0.454068124294281,0.24430513381958008,-0.200831338763237,0.9997681975364685,0.5150471329689026,0.24366077780723572,-0.053556181490421295,0.9999020099639893,0.44841083884239197,0.2473657727241516,0.009675726294517517,0.9997919201850891,0.4912799298763275,0.27863243222236633,-0.19108359515666962,0.9998667240142822,0.4662502408027649,0.27950921654701233,-0.1728132963180542,0.999804675579071,0.5573530197143555,0.30562230944633484,-0.0686490535736084,0.9998534917831421,0.4277762472629547,0.31308513879776,0.06746197491884232,0.9987467527389526,0.602269172668457,0.23240140080451965,-0.29697635769844055,0.9954177141189575,0.363373339176178,0.2464834451675415,-0.01782756857573986,0.994934618473053,0.6541351079940796,0.12193682789802551,-0.5563005208969116,0.9910292625427246,0.3003928065299988,0.13854926824569702,-0.17323888838291168,0.9913131594657898,0.6769089698791504,0.09024092555046082,-0.635219156742096,0.9765467643737793,0.28335005044937134,0.11200538277626038,-0.23985472321510315,0.969645619392395,0.6732748746871948,0.08611893653869629,-0.6542625427246094,0.9765301942825317,0.28898555040359497,0.10391005873680115,-0.2476131021976471,0.9699223041534424,0.6648967266082764,0.0955759584903717,-0.581365704536438,0.9798179864883423,0.2958177328109741,0.11144718527793884,-0.1943017840385437,0.973914384841919,0.5359039306640625,0.569292426109314,-0.05559876933693886,0.9995077848434448,0.4479656219482422,0.5689288973808289,0.05581168457865715,0.9989437460899353,0.5391598343849182,0.7307243943214417,-0.3066003620624542,0.9930261373519897,0.39919906854629517,0.7270821928977966,-0.1635873019695282,0.9959273934364319,0.5203995108604431,0.8610523343086243,0.10680946707725525,0.9776572585105896,0.47802504897117615,0.849053144454956,0.20329271256923676,0.9810791015625,0.5228586792945862,0.8619992136955261,0.13666749000549316,0.8253445625305176,0.4963603615760803,0.8496225476264954,0.22919245064258575,0.9127845764160156,0.5072488188743591,0.9407193660736084,-0.0974593460559845,0.9605041146278381,0.4788762032985687,0.9320505857467651,0.05135194584727287,0.9681234955787659
tree,00000101.jpg,0.5347598791122437,0.0920092761516571,-0.525704562664032,0.9999451637268066,0.5521959066390991,0.07203516364097595,-0.4756813943386078,0.999930739402771,0.5629061460494995,0.07236608862876892,-0.4758220314979553,0.9999151229858398,0.5697206258773804,0.0727093517780304,-0.4758424162864685,0.9999117851257324,0.5167596340179443,0.07295504212379456,-0.4664996266365051,0.9999006986618042,0.50501549243927,0.07417604327201843,-0.4665386974811554,0.9998811483383179,0.4955039918422699,0.07578396797180176,-0.46667367219924927,0.9999041557312012,0.5860489010810852,0.08605960011482239,-0.19216838479042053,0.9998812675476074,0.48623472452163696,0.08927759528160095,-0.1490911841392517,0.999915361404419,0.5579878687858582,0.1161159873008728,-0.4207911789417267,0.9999573230743408,0.5158164501190186,0.11745661497116089,-0.4090169370174408,0.9998948574066162,0.6789407730102539,0.23033177852630615,-0.10102548450231552,0.9995996356010437,0.4134064018726349,0.2430826723575592,-0.006116067990660667,0.9983273148536682,0.726662278175354,0.3862524926662445,-0.39974966645240784,0.981906533241272,0.3772974908351898,0.3986402750015259,-0.3143104910850525,0.9504155516624451,0.5531117916107178,0.2922739088535309,-0.8042235374450684,0.963654637336731,0.5195565819740295,0.28903108835220337,-0.8301851153373718,0.9435263872146606,0.5308488011360168,0.2509985566139221,-0.8612343072891235,0.9061524271965027,0.532467782497406,0.24702966213226318,-0.9329787492752075,0.8779207468032837,0.5388813018798828,0.24014446139335632,-0.8105559349060059,0.8932694792747498,0.5244799852371216,0.23646420240402222,-0.8719568848609924,0.8503162860870361,0.5424962043762207,0.25236356258392334,-0.7845582962036133,0.8606321215629578,0.5235837697982788,0.24935093522071838,-0.8159416317939758,0.7980137467384338,0.5816998481750488,0.5327965617179871,-0.07168924063444138,0.9995993971824646,0.44130730628967285,0.5202499032020569,0.07167401909828186,0.998475968837738,0.5493162274360657,0.7509955167770386,-0.05380617454648018,0.941891074180603,0.18040120601654053,0.6476343870162964,-0.31148964166641235,0.980767548084259,0.5196408629417419,0.9327442646026611,0.44794267416000366,0.9487011432647705,0.4703431725502014,0.6300317049026489,0.45019978284835815,0.35457471013069153,0.5057808756828308,0.9533131122589111,0.4898582398891449,0.7886725664138794,0.5010309219360352,0.6083356142044067,0.530996561050415,0.41944852471351624,0.5310284495353699,0.9953696727752686,0.22973228991031647,0.9290741086006165,0.514723002910614,0.7071083784103394,0.48200592398643494,0.37140893936157227
tree,00000102.jpg,0.4402230679988861,0.2902216911315918,-0.4491218030452728,0.9997218251228333,0.4461181163787842,0.2780679762363434,-0.407436728477478,0.999618411064148,0.45172935724258423,0.27776578068733215,-0.4074665606021881,0.9995811581611633,0.45668846368789673,0.27777519822120667,-0.40771156549453735,0.9995784163475037,0.4299945533275604,0.27941077947616577,-0.41190868616104126,0.9996213912963867,0.42298927903175354,0.27984553575515747,-0.4119017422199249,0.9995077848434448,0.41709595918655396,0.28038471937179565,-0.41185277700424194,0.9994182586669922,0.46424633264541626,0.2853221297264099,-0.21886754035949707,0.9996471405029297,0.41112709045410156,0.28734901547431946,-0.23641295731067657,0.99896240234375,0.4509696066379547,0.3013831079006195,-0.381898432970047,0.9991521835327148,0.4316259026527405,0.3025279641151428,-0.3870881199836731,0.9991679191589355,0.5041545033454895,0.348416268825531,-0.16100987792015076,0.9992457628250122,0.38014280796051025,0.3468853235244751,-0.2486683428287506,0.9991681575775146,0.5546117424964905,0.26441502571105957,-0.20285536348819733,0.9916315674781799,0.34142231941223145,0.25878095626831055,-0.40809527039527893,0.9911643862724304,0.5796550512313843,0.16870179772377014,-0.2846747934818268,0.9896082282066345,0.3274742364883423,0.1630466878414154,-0.5338392853736877,0.9847373366355896,0.5909078121185303,0.14195016026496887,-0.31980302929878235,0.9731142520904541,0.319034218788147,0.13893461227416992,-0.5850461721420288,0.9628172516822815,0.58420729637146,0.13646015524864197,-0.3366788327693939,0.9703158736228943,0.32739609479904175,0.1342761218547821,-0.5723717212677002,0.9586317539215088,0.5771673321723938,0.14816814661026,-0.3008820116519928,0.9712597131729126,0.33417731523513794,0.1432020664215088,-0.5402535796165466,0.9593501091003418,0.48342034220695496,0.5198758244514465,0.05059143528342247,0.9997201561927795,0.4053843915462494,0.5292031168937683,-0.0505223274230957,0.9998276233673096,0.6429417133331299,0.6032677292823792,-0.14851920306682587,0.9692162275314331,0.43609875440597534,0.6630316972732544,-0.13827908039093018,0.982136070728302,0.4793696701526642,0.5852795243263245,0.3021320700645447,0.6570531725883484,0.4539283514022827,0.7856507301330566,0.14398527145385742,0.9814017415046692,0.45298832654953003,0.5672764182090759,0.34820154309272766,0.7246750593185425,0.46067893505096436,0.8028035163879395,0.16525009274482727,0.937624454498291,0.4372459650039673,0.6236625909805298,0.3061254620552063,0.7045468091964722,0.45419740676879883,0.8299971222877502,0.0015335303032770753,0.9663011431694031
tree,00000103.jpg,0.5185951590538025,0.24589237570762634,-0.34594058990478516,0.9999037981033325,0.5241861343383789,0.23441773653030396,-0.30211466550827026,0.9999018907546997,0.5304687023162842,0.23444464802742004,-0.30221977829933167,0.9998699426651001,0.5350964069366455,0.23430678248405457,-0.30230778455734253,0.9998903274536133,0.5012103319168091,0.23543033003807068,-0.3031567335128784,0.9998540878295898,0.4920956492424011,0.23642674088478088,-0.3031860291957855,0.9998086094856262,0.48405081033706665,0.23731791973114014,-0.3032328188419342,0.9998672008514404,0.5439602732658386,0.2412773072719574,-0.0644543319940567,0.9997443556785583,0.47020724415779114,0.2480466365814209,-0.0710730329155922,0.9998824596405029,0.5324913859367371,0.26151758432388306,-0.25834712386131287,0.9999076128005981,0.5034070014953613,0.26160454750061035,-0.26011422276496887,0.9997990727424622,0.6074811220169067,0.330230712890625,0.02801964245736599,0.9997742772102356,0.42148107290267944,0.33018723130226135,0.024847576394677162,0.9981842637062073,0.6595451831817627,0.43083441257476807,-0.2421455681324005,0.9646098613739014,0.39500755071640015,0.43998852372169495,-0.24817577004432678,0.9417977929115295,0.5427829623222351,0.36419063806533813,-0.6211931705474854,0.97169029712677,0.49288931488990784,0.3674715757369995,-0.6557945609092712,0.9473050832748413,0.533161461353302,0.3400081992149353,-0.6848536729812622,0.9337143301963806,0.5029653310775757,0.3416551947593689,-0.7439189553260803,0.8926634192466736,0.5293881297111511,0.3325250446796417,-0.6439847350120544,0.9255149364471436,0.49874719977378845,0.33380126953125,-0.7006250619888306,0.871294379234314,0.5315521359443665,0.3406161069869995,-0.6098352074623108,0.8952784538269043,0.49820244312286377,0.34262609481811523,-0.6466906070709229,0.8292165994644165,0.5506617426872253,0.5303258895874023,-0.033367883414030075,0.9997007846832275,0.4446815848350525,0.5121963024139404,0.033501558005809784,0.9981690645217896,0.5160855650901794,0.6908871531486511,-0.016986213624477386,0.8982449173927307,0.25435543060302734,0.6111837029457092,-0.2455848604440689,0.9467054009437561,0.48546144366264343,0.8282990455627441,0.27418509125709534,0.9244149327278137,0.43996548652648926,0.5856788158416748,0.4704548418521881,0.12504640221595764,0.4730047285556793,0.8450543880462646,0.2971017360687256,0.7052201628684998,0.4712385833263397,0.5694165229797363,0.5482878088951111,0.1897897720336914,0.5031343698501587,0.867849588394165,0.09729475528001785,0.9026423096656799,0.4836563467979431,0.6303831338882446,0.5539844632148743,0.15804336965084076
tree,00000104.jpg,0.4915027618408203,0.2561275362968445,-0.23760534822940826,0.9976074695587158,0.49594032764434814,0.2418886423110962,-0.21712294220924377,0.9971465468406677,0.49904167652130127,0.24182602763175964,-0.2171298712491989,0.9963879585266113,0.5019921064376831,0.24191707372665405,-0.2172589898109436,0.9969466328620911,0.48564985394477844,0.24236911535263062,-0.22463101148605347,0.9971781969070435,0.481832355260849,0.24226975440979004,-0.2246764451265335,0.9959197044372559,0.4786182940006256,0.24251309037208557,-0.22469156980514526,0.9960552453994751,0.5044491291046143,0.2507689595222473,-0.11701621860265732,0.9980584979057312,0.4724634885787964,0.25265416502952576,-0.14869937300682068,0.9955986738204956,0.49762997031211853,0.27166441082954407,-0.20000967383384705,0.9951480031013489,0.4849834442138672,0.2708349823951721,-0.20939801633358002,0.995417594909668,0.5170667767524719,0.31575900316238403,-0.09423413127660751,0.9974606037139893,0.45591530203819275,0.31357401609420776,-0.15920676290988922,0.9988970756530762,0.5221837759017944,0.19012820720672607,-0.13280357420444489,0.9752039909362793,0.4656880497932434,0.19399479031562805,-0.2538481056690216,0.9906668066978455,0.5048211812973022,0.08385640382766724,-0.1572752147912979,0.9498683214187622,0.485807865858078,0.0851646363735199,-0.24792972207069397,0.9724301099777222,0.49729129672050476,0.05762341618537903,-0.17565862834453583,0.8918898701667786,0.4911119043827057,0.05781680345535278,-0.2683793306350708,0.933087944984436,0.4962765574455261,0.05660530924797058,-0.16780567169189453,0.8766894936561584,0.49155834317207336,0.056280314922332764,-0.2508135735988617,0.9216545820236206,0.49779826402664185,0.06547263264656067,-0.15873844921588898,0.88914555311203,0.49096155166625977,0.06585890054702759,-0.24497774243354797,0.9226199388504028,0.5187397599220276,0.5372294187545776,0.030233493074774742,0.9994805455207825,0.470856249332428,0.5547103881835938,-0.030269348993897438,0.9997139573097229,0.6078869700431824,0.6369845867156982,-0.07263217121362686,0.9209298491477966,0.48485881090164185,0.7300986647605896,-0.032582372426986694,0.9324898719787598,0.5146949291229248,0.5983410477638245,0.14719915390014648,0.4436088502407074,0.4980384111404419,0.892791748046875,0.14138327538967133,0.9293648600578308,0.5002562403678894,0.5685108304023743,0.1722286343574524,0.5616198778152466,0.4987826943397522,0.9095689058303833,0.15609276294708252,0.870998740196228,0.4891032874584198,0.6313914060592651,0.16476689279079437,0.467453271150589,0.49832165241241455,0.9394208192825317,0.08327127248048782,0.8674423098564148
tree,00000105.jpg,0.505103588104248,0.19604581594467163,-0.6089079976081848,0.9998779296875,0.5166543126106262,0.17955774068832397,-0.5688761472702026,0.9998522996902466,0.5242260098457336,0.1802714467048645,-0.5686653852462769,0.9997900128364563,0.5305013060569763,0.1809464991092682,-0.5687571167945862,0.9998881816864014,0.49350202083587646,0.1792144477367401,-0.55253005027771,0.9997901320457458,0.4845374822616577,0.17959251999855042,-0.5526496171951294,0.9996086955070496,0.4764811098575592,0.1803394854068756,-0.5527371764183044,0.9998074173927307,0.5426539182662964,0.18971702456474304,-0.3354422152042389,0.9997822642326355,0.47110435366630554,0.18932336568832397,-0.2523816227912903,0.9998736381530762,0.5209110975265503,0.2130335569381714,-0.5226527452468872,0.9998036026954651,0.49214276671409607,0.21385234594345093,-0.4992792010307312,0.9997233748435974,0.608996570110321,0.268554151058197,-0.3015798330307007,0.999603807926178,0.4243549406528473,0.26988235116004944,-0.060829177498817444,0.9959993362426758,0.6881479024887085,0.14347997307777405,-0.5138917565345764,0.9978304505348206,0.3193250298500061,0.1522127091884613,0.025605319067835808,0.9930220246315002,0.5191027522087097,0.10059550404548645,-0.41711848974227905,0.9408477544784546,0.4645482003688812,0.09405288100242615,0.2171122431755066,0.8833823800086975,0.5020608305931091,0.07538974285125732,-0.46076735854148865,0.7738842368125916,0.4977916479110718,0.06932249665260315,0.1823488175868988,0.6527770161628723,0.49725860357284546,0.08129733800888062,-0.40777257084846497,0.7449964880943298,0.4978296458721161,0.07439625263214111,0.2496635913848877,0.6132745742797852,0.49921929836273193,0.09492260217666626,-0.4025427997112274,0.7430939078330994,0.48878809809684753,0.08793070912361145,0.2353343665599823,0.6285547614097595,0.5302278995513916,0.5366997122764587,-0.12487652897834778,0.9991409778594971,0.4118198752403259,0.5206645727157593,0.12469147890806198,0.9970691800117493,0.48871684074401855,0.7300997376441956,-0.18803228437900543,0.9685189723968506,0.2134954333305359,0.6133996248245239,-0.11509062349796295,0.9666067957878113,0.46225613355636597,0.9024502038955688,0.08539489656686783,0.9822180867195129,0.42139771580696106,0.6848306059837341,0.5161536335945129,0.7085815668106079,0.45807260274887085,0.9231212139129639,0.10416751354932785,0.8911315202713013,0.45759421586990356,0.6774342060089111,0.5811678767204285,0.7132996320724487,0.4580341875553131,0.9676889181137085,-0.1666334569454193,0.9663339853286743,0.46641793847084045,0.7685904502868652,0.5266951322555542,0.7191905975341797
tree,00000106.jpg,0.5560709238052368,0.4781710207462311,-0.014048472978174686,0.9754729866981506,0.5562537312507629,0.47236037254333496,-0.0019555629696696997,0.9729624390602112,0.5562954545021057,0.47211945056915283,-0.0020527455490082502,0.9691537022590637,0.5566698908805847,0.471920907497406,-0.0021364083513617516,0.9763487577438354,0.5560463070869446,0.4733162522315979,-0.03534179925918579,0.9768157005310059,0.5556933879852295,0.47355806827545166,-0.035278234630823135,0.9723889827728271,0.5556930899620056,0.4737100601196289,-0.035386789590120316,0.9729571342468262,0.5471379160881042,0.47340112924575806,0.068109430372715,0.9749540686607361,0.5389086008071899,0.47302794456481934,-0.08293018490076065,0.9674578905105591,0.5549169182777405,0.4872469902038574,0.01695091463625431,0.9559187889099121,0.5547135472297668,0.48799246549606323,-0.026903459802269936,0.9454607367515564,0.5255623459815979,0.5293490886688232,0.16218949854373932,0.985475480556488,0.5187966823577881,0.5152003765106201,-0.1589348465204239,0.9865846037864685,0.5418519973754883,0.5554717779159546,0.22240154445171356,0.06639760732650757,0.5403820872306824,0.48678141832351685,-0.31156179308891296,0.8356245756149292,0.5547466278076172,0.571223795413971,0.13027772307395935,0.04710613191127777,0.583502471446991,0.43783456087112427,-0.36105605959892273,0.6438912749290466,0.5541850924491882,0.5791935920715332,0.12229590862989426,0.056930720806121826,0.59346604347229,0.4276304841041565,-0.3977832794189453,0.5745764970779419,0.5536128878593445,0.575524628162384,0.0884794145822525,0.06030041724443436,0.5899796485900879,0.42642664909362793,-0.3803650736808777,0.5440206527709961,0.5547232627868652,0.5732182264328003,0.1130954921245575,0.06626398861408234,0.5846837759017944,0.430549681186676,-0.35487526655197144,0.49530625343322754,0.5009167790412903,0.6673570275306702,0.10937231779098511,0.9983471632003784,0.5081703662872314,0.6671009063720703,-0.10952699929475784,0.9964612126350403,0.5115858316421509,0.7809833884239197,0.07875847071409225,0.6455655694007874,0.6168637275695801,0.7209268808364868,-0.13063162565231323,0.9279787540435791,0.4810935854911804,0.8802738189697266,0.08535050600767136,0.704494833946228,0.5241757035255432,0.7810219526290894,0.08777157962322235,0.6390178203582764,0.45958831906318665,0.8917084336280823,0.08341483026742935,0.7356203198432922,0.5179142355918884,0.8011248111724854,0.11277284473180771,0.6116369366645813,0.5103329420089722,0.9243420958518982,0.05006753280758858,0.6957857012748718,0.5538299679756165,0.8435092568397522,0.14544928073883057,0.606875479221344
tree,00000107.jpg,0.5261269807815552,0.24909433722496033,-0.38882580399513245,0.999546468257904,0.5354360938072205,0.23869356513023376,-0.34852898120880127,0.9993473887443542,0.5409673452377319,0.2387804090976715,-0.3484841287136078,0.999180018901825,0.5463356971740723,0.23875311017036438,-0.34853097796440125,0.99947589635849,0.5191047191619873,0.23861932754516602,-0.3371659219264984,0.9990873336791992,0.5142256617546082,0.23900771141052246,-0.337274432182312,0.9986530542373657,0.5079085826873779,0.23946475982666016,-0.3373964726924896,0.999219536781311,0.5499298572540283,0.24631085991859436,-0.158371701836586,0.9991881251335144,0.5034075379371643,0.2498033046722412,-0.10438292473554611,0.99947589635849,0.5381064414978027,0.26080578565597534,-0.32376644015312195,0.9991003274917603,0.51852947473526,0.26207485795021057,-0.30824339389801025,0.9986007809638977,0.6002368330955505,0.31822729110717773,-0.1690821349620819,0.9973006844520569,0.4434690475463867,0.3201776146888733,-0.010378871113061905,0.9847378134727478,0.6597568988800049,0.21799656748771667,-0.3591127395629883,0.9931676983833313,0.38628950715065,0.22725388407707214,-0.03878181427717209,0.9745896458625793,0.543743371963501,0.1744314432144165,-0.3319670259952545,0.8587552309036255,0.49834007024765015,0.17373165488243103,0.044646307826042175,0.7669475674629211,0.5253262519836426,0.15618586540222168,-0.37581244111061096,0.6185935139656067,0.5125808119773865,0.1558346450328827,0.004865037277340889,0.529770016670227,0.5209453701972961,0.16370943188667297,-0.3389788568019867,0.5798250436782837,0.5124517679214478,0.15957680344581604,0.04786422848701477,0.48525190353393555,0.5281251072883606,0.17195606231689453,-0.3233916163444519,0.5801337361335754,0.5101088881492615,0.1702294945716858,0.05327272787690163,0.49496713280677795,0.5417346954345703,0.5280243754386902,-0.06893139332532883,0.9991207718849182,0.45180368423461914,0.5153849720954895,0.06898722052574158,0.9965429902076721,0.5146654844284058,0.6935869455337524,-0.08793718367815018,0.9363516569137573,0.27595508098602295,0.5922266244888306,-0.14898410439491272,0.947046160697937,0.4818396270275116,0.8458904027938843,0.04706913232803345,0.9801716804504395,0.4814651906490326,0.6248829364776611,0.3131742775440216,0.5023573040962219,0.47168922424316406,0.8582512736320496,0.0504666343331337,0.9125383496284485,0.5058234930038452,0.6223791241645813,0.35937100648880005,0.5230709910392761,0.49290764331817627,0.884215772151947,-0.20371805131435394,0.9608123898506165,0.5071045160293579,0.6701129078865051,0.28784915804862976,0.5018312335014343
tree,00000108.jpg,0.5084817409515381,0.14418205618858337,-0.22335274517536163,0.999962568283081,0.5146552324295044,0.12261068820953369,-0.20301808416843414,0.9999353885650635,0.5183342099189758,0.12203800678253174,-0.203069269657135,0.999921441078186,0.5212604999542236,0.12156867980957031,-0.20308934152126312,0.9999269247055054,0.5006615519523621,0.1235555112361908,-0.2015860378742218,0.9999253749847412,0.4957340359687805,0.12387898564338684,-0.2016187161207199,0.9999173879623413,0.49111849069595337,0.12420648336410522,-0.20166096091270447,0.9999366998672485,0.5287325978279114,0.1289433240890503,-0.08110910654067993,0.9998550415039062,0.48662227392196655,0.13121113181114197,-0.07499990612268448,0.9999514818191528,0.5161545276641846,0.16376984119415283,-0.17737512290477753,0.9999620914459229,0.5006091594696045,0.16359266638755798,-0.17584051191806793,0.999951958656311,0.5575050115585327,0.23473817110061646,-0.031233999878168106,0.9997026324272156,0.4622272551059723,0.23513087630271912,-0.012015248648822308,0.9991378784179688,0.5943031907081604,0.3448634743690491,-0.16780750453472137,0.9826975464820862,0.427200049161911,0.3496043086051941,-0.13759072124958038,0.9714979529380798,0.5185753107070923,0.28765735030174255,-0.3441143035888672,0.9538583159446716,0.500043511390686,0.2867274880409241,-0.31879371404647827,0.9087774157524109,0.5098501443862915,0.25235074758529663,-0.3751061260700226,0.8724687099456787,0.5094833374023438,0.25170308351516724,-0.3578425645828247,0.7862905263900757,0.5108446478843689,0.24541641771793365,-0.353904128074646,0.8565486073493958,0.5076149702072144,0.2439497858285904,-0.33527567982673645,0.7476410865783691,0.5133302807807922,0.25718504190444946,-0.3377208411693573,0.8011232614517212,0.5064846277236938,0.2552003264427185,-0.31258416175842285,0.6781608462333679,0.5268808603286743,0.5114637017250061,-0.023130295798182487,0.9996464252471924,0.4746934771537781,0.4934525191783905,0.023227017372846603,0.9992936849594116,0.5270025730133057,0.6986130475997925,-0.014334185048937798,0.9725065231323242,0.39771559834480286,0.5886791944503784,-0.16954894363880157,0.9915241003036499,0.515103816986084,0.8718019723892212,0.16295138001441956,0.9748803973197937,0.4875917434692383,0.5977224707603455,0.12476878613233566,0.5489985346794128,0.5099458694458008,0.8884217739105225,0.17673617601394653,0.8213865160942078,0.49916282296180725,0.581688642501831,0.1553381085395813,0.5136175751686096,0.5098696351051331,0.9270890951156616,0.06065313518047333,0.9618199467658997,0.5149609446525574,0.6779971122741699,0.12176152318716049,0.5680853724479675
tree,00000109.jpg,0.3999393880367279,0.22259923815727234,-0.2613738179206848,0.9996333122253418,0.4103354513645172,0.21397414803504944,-0.20420241355895996,0.9994603991508484,0.4174032509326935,0.21470609307289124,-0.2040899395942688,0.9990769624710083,0.4241470992565155,0.2154054045677185,-0.2041846662759781,0.9994636178016663,0.3888794183731079,0.21363508701324463,-0.21524889767169952,0.9995444416999817,0.3814714848995209,0.21424442529678345,-0.21530099213123322,0.9992050528526306,0.3740963041782379,0.21465584635734558,-0.21536436676979065,0.9995025396347046,0.43026769161224365,0.22592279314994812,0.017651017755270004,0.9994716048240662,0.36268773674964905,0.22284206748008728,-0.027069734409451485,0.9993485808372498,0.4122033715248108,0.23574581742286682,-0.18537533283233643,0.9992625117301941,0.387252539396286,0.2356136441230774,-0.1987953931093216,0.9995361566543579,0.474277138710022,0.28338462114334106,0.04186851158738136,0.9975398778915405,0.3144325911998749,0.2805759906768799,-0.06076507642865181,0.9985219836235046,0.5388375520706177,0.1882220208644867,-0.08547967672348022,0.9969490170478821,0.2672351598739624,0.1808713972568512,-0.23341788351535797,0.9978088736534119,0.4419698715209961,0.11230114102363586,-0.14098437130451202,0.9865147471427917,0.3562275171279907,0.12062403559684753,-0.17845399677753448,0.9761093854904175,0.42294415831565857,0.09028825163841248,-0.19026702642440796,0.9527932405471802,0.3822506070137024,0.0981563925743103,-0.22657443583011627,0.9133238196372986,0.414386510848999,0.09427765011787415,-0.16266311705112457,0.9435409903526306,0.38714322447776794,0.10392719507217407,-0.1845598816871643,0.8982773423194885,0.4185079336166382,0.10352927446365356,-0.1386239230632782,0.9406741261482239,0.38327860832214355,0.11280348896980286,-0.17125622928142548,0.8987828493118286,0.4581056237220764,0.4891459345817566,0.05147597938776016,0.9975754618644714,0.36001235246658325,0.4911994934082031,-0.05154130980372429,0.9984050393104553,0.6246920228004456,0.5874635577201843,-0.30423542857170105,0.9731249809265137,0.39236247539520264,0.6502848267555237,-0.274662584066391,0.954483687877655,0.4517810046672821,0.67636638879776,0.08858692646026611,0.7844759225845337,0.41420212388038635,0.8089159727096558,-0.05961637571454048,0.9506584405899048,0.4160268008708954,0.6731747984886169,0.12301034480333328,0.6438158750534058,0.4184074103832245,0.8250997066497803,-0.05058782175183296,0.762409508228302,0.4191323220729828,0.7397535443305969,-0.019692184403538704,0.7361889481544495,0.4178623557090759,0.858087956905365,-0.29246801137924194,0.9005088210105896
tree,00000110.jpg,0.5284077525138855,0.3620595335960388,-0.21248361468315125,0.9991288781166077,0.5349740982055664,0.35219690203666687,-0.180954247713089,0.9988168478012085,0.539060115814209,0.35284093022346497,-0.18093973398208618,0.9982902407646179,0.5425863862037659,0.3534890115261078,-0.18098127841949463,0.999022364616394,0.5212764739990234,0.3510681390762329,-0.17976389825344086,0.9984084963798523,0.5162029266357422,0.3510856628417969,-0.1798500120639801,0.9975581169128418,0.5114420652389526,0.3512900173664093,-0.17989999055862427,0.9986034035682678,0.5471316576004028,0.36169499158859253,-0.04795808345079422,0.9974859952926636,0.5045943260192871,0.35980144143104553,-0.040656618773937225,0.9985523819923401,0.5360736846923828,0.3751731514930725,-0.16627639532089233,0.9980064034461975,0.5192819237709045,0.3736620843410492,-0.16427384316921234,0.9971638321876526,0.5713006854057312,0.42052310705184937,-0.07874590903520584,0.9965193271636963,0.48317497968673706,0.41923683881759644,-0.017382817342877388,0.989978551864624,0.5868388414382935,0.3350396156311035,-0.20860731601715088,0.9813685417175293,0.477137953042984,0.3265236020088196,-0.11606523394584656,0.9764386415481567,0.543433427810669,0.2552490830421448,-0.2529129385948181,0.9465792179107666,0.5086272954940796,0.24820476770401,-0.16904400289058685,0.952389657497406,0.5334213376045227,0.23097360134124756,-0.29471254348754883,0.8842189311981201,0.5173557996749878,0.22595176100730896,-0.21927256882190704,0.889345645904541,0.5309733748435974,0.23012441396713257,-0.2833801209926605,0.870246410369873,0.5173099637031555,0.22639212012290955,-0.20479896664619446,0.8738963603973389,0.532148003578186,0.23849138617515564,-0.2555099129676819,0.87356036901474,0.516136884689331,0.23411783576011658,-0.17305471003055573,0.8816865086555481,0.5520487427711487,0.6031683087348938,-0.046517837792634964,0.9973856806755066,0.48777827620506287,0.5957953929901123,0.046681568026542664,0.993913471698761,0.5301481485366821,0.7451175451278687,-0.06276531517505646,0.895616352558136,0.383303701877594,0.6452180743217468,-0.1509493738412857,0.9163112044334412,0.5124072432518005,0.8867750763893127,0.04638369753956795,0.9602693915367126,0.5019178986549377,0.6891826391220093,0.1403736174106598,0.6257648468017578,0.5088986158370972,0.9005303978919983,0.04843718186020851,0.7929003238677979,0.5193246006965637,0.682822585105896,0.16718068718910217,0.649005115032196,0.5032068490982056,0.9210447072982788,-0.11715585738420486,0.922937273979187,0.5154165625572205,0.747212290763855,0.11304014921188354,0.6208564639091492
tree,00000111.jpg,0.4997433125972748,0.21179628372192383,-0.11806904524564743,0.9990729093551636,0.507125735282898,0.19427859783172607,-0.09977805614471436,0.9992150068283081,0.5114303231239319,0.19466736912727356,-0.09980322420597076,0.9988962411880493,0.5148751139640808,0.19566476345062256,-0.09987348318099976,0.9992547631263733,0.49207815527915955,0.19485661387443542,-0.10329197347164154,0.9989590644836426,0.4869888424873352,0.195969820022583,-0.10332775861024857,0.9984092116355896,0.4833003580570221,0.19756940007209778,-0.10337547957897186,0.9984796643257141,0.5204150080680847,0.20649230480194092,0.0028085503727197647,0.999729335308075,0.47751563787460327,0.20907926559448242,-0.008079418912529945,0.9993982315063477,0.5087822079658508,0.2353426218032837,-0.08008293062448502,0.9997496008872986,0.49076974391937256,0.23514774441719055,-0.08323843777179718,0.9997569918632507,0.5446008443832397,0.3237330913543701,0.030611984431743622,0.9977717995643616,0.45817574858665466,0.3090095818042755,0.008521318435668945,0.9993950128555298,0.5284200310707092,0.37534236907958984,-0.010634171776473522,0.4756915271282196,0.4543982148170471,0.20444700121879578,-0.00375495757907629,0.8152344822883606,0.4938616454601288,0.3766297698020935,-0.05900998413562775,0.06494883447885513,0.4712040424346924,0.15259918570518494,0.10280891507863998,0.20723752677440643,0.48458898067474365,0.3808836042881012,-0.0807671919465065,0.07483376562595367,0.4758923053741455,0.1375921368598938,0.10343285650014877,0.20143438875675201,0.48571568727493286,0.37530842423439026,-0.08047154545783997,0.07542131841182709,0.46915385127067566,0.14952442049980164,0.09774786978960037,0.17808344960212708,0.4870404303073883,0.3743242025375366,-0.06309299170970917,0.08109661191701889,0.46928250789642334,0.15710505843162537,0.09992875158786774,0.22578412294387817,0.5327454805374146,0.5868475437164307,0.0324954092502594,0.9995743632316589,0.4779662489891052,0.5904984474182129,-0.03239903226494789,0.9999489784240723,0.5699580907821655,0.7835562229156494,-0.05233399197459221,0.9433890581130981,0.48983368277549744,0.8180181980133057,-0.06585147976875305,0.9904364943504333,0.47805508971214294,0.64833003282547,0.22223567962646484,0.41410312056541443,0.49835655093193054,0.9834854602813721,0.08005602657794952,0.9800540804862976,0.46185195446014404,0.6238104701042175,0.25286954641342163,0.5404963493347168,0.49972909688949585,0.9930856227874756,0.09201749414205551,0.903472363948822,0.43916529417037964,0.6511711478233337,0.23370519280433655,0.5159658789634705,0.5179622173309326,1.038473129272461,0.0018472776282578707,0.9526800513267517
tree,00000112.jpg,0.49091964960098267,0.13761892914772034,-0.17842209339141846,0.9999772310256958,0.4967619478702545,0.1208355724811554,-0.15839384496212006,0.999972939491272,0.4996058940887451,0.12040248513221741,-0.15841011703014374,0.9999674558639526,0.503125786781311,0.12005031108856201,-0.15842153131961823,0.9999674558639526,0.4851509928703308,0.12102028727531433,-0.1545899212360382,0.9999712705612183,0.4812603294849396,0.12074968218803406,-0.15464653074741364,0.9999679327011108,0.4776441752910614,0.12023061513900757,-0.1546962857246399,0.999976634979248,0.5083451271057129,0.1264539659023285,-0.03985390439629555,0.9999394416809082,0.47230979800224304,0.12719765305519104,-0.0242597758769989,0.9999827146530151,0.49721622467041016,0.15676653385162354,-0.1331668347120285,0.9999743700027466,0.4838733375072479,0.15511798858642578,-0.12884469330310822,0.9999572038650513,0.5378395318984985,0.23350024223327637,-0.007706213276833296,0.9998248219490051,0.4411454498767853,0.23003613948822021,0.04113386943936348,0.9993066787719727,0.5723778009414673,0.3372958302497864,-0.14875389635562897,0.9828926920890808,0.40864211320877075,0.33017557859420776,-0.10441499948501587,0.9862853288650513,0.4980231821537018,0.28953880071640015,-0.3089343309402466,0.9508000016212463,0.4768868684768677,0.2935670018196106,-0.29019805788993835,0.9464356303215027,0.48883870244026184,0.2620883584022522,-0.3387890160083771,0.8738222718238831,0.48717960715293884,0.26399755477905273,-0.33258935809135437,0.8584879040718079,0.48903512954711914,0.25269851088523865,-0.3223349452018738,0.8586928844451904,0.4864540100097656,0.25892460346221924,-0.30384013056755066,0.8299267292022705,0.49182575941085815,0.2629817724227905,-0.3036474585533142,0.8143531084060669,0.4853888154029846,0.2694321274757385,-0.2825891375541687,0.773833692073822,0.5048273801803589,0.5003741979598999,-0.0403202623128891,0.9996898174285889,0.45063072443008423,0.48117852210998535,0.04038991034030914,0.9985674619674683,0.4948715567588806,0.7128397822380066,-0.053065184503793716,0.9753901362419128,0.355713427066803,0.5908075571060181,-0.09324473142623901,0.9907834529876709,0.47469988465309143,0.9013351798057556,0.10472665727138519,0.9883184432983398,0.46015670895576477,0.583056628704071,0.22622635960578918,0.6527315378189087,0.4705231189727783,0.9272651672363281,0.11550889164209366,0.9184904098510742,0.47514671087265015,0.5580925345420837,0.25923603773117065,0.6861083507537842,0.46910297870635986,0.9404286742210388,0.005216744262725115,0.9829864501953125,0.4776993989944458,0.6701748967170715,0.24254295229911804,0.6405047178268433
tree,00000113.jpg,0.4707854092121124,0.09647232294082642,-0.5259476900100708,0.9998533725738525,0.4859645664691925,0.08292680978775024,-0.46446433663368225,0.9996979236602783,0.49484983086586,0.0837976336479187,-0.4646539092063904,0.9996335506439209,0.5024210810661316,0.08476907014846802,-0.464793860912323,0.9996939897537231,0.4529300928115845,0.08329272270202637,-0.46106985211372375,0.9997374415397644,0.4409339427947998,0.08454003930091858,-0.4611679017543793,0.9997172951698303,0.43039339780807495,0.08619827032089233,-0.4612652659416199,0.9998019337654114,0.5196906328201294,0.09857815504074097,-0.1370164304971695,0.9993627667427063,0.4152609705924988,0.10158491134643555,-0.12235242128372192,0.9998251795768738,0.4939250648021698,0.11959731578826904,-0.40543892979621887,0.9998313188552856,0.45071253180503845,0.11960706114768982,-0.40144360065460205,0.9998218417167664,0.6134377717971802,0.21364238858222961,-0.0259292833507061,0.9993467926979065,0.33794450759887695,0.22284641861915588,0.035419024527072906,0.9990406632423401,0.7132329940795898,0.33140838146209717,-0.386066734790802,0.9682216048240662,0.2606890797615051,0.34856557846069336,-0.3004511296749115,0.9463634490966797,0.5290769934654236,0.3003082871437073,-0.9036080241203308,0.9114997386932373,0.4448155164718628,0.3061790466308594,-0.8401720523834229,0.9046568274497986,0.4974348545074463,0.27780163288116455,-1.0067858695983887,0.8031435012817383,0.4794912040233612,0.27624577283859253,-0.9627169966697693,0.8113744854927063,0.49124133586883545,0.26582396030426025,-0.9562656879425049,0.7844769358634949,0.47854259610176086,0.26795944571495056,-0.9101095795631409,0.7845436930656433,0.4993234872817993,0.272571325302124,-0.8912007808685303,0.7186523675918579,0.47362664341926575,0.2771407961845398,-0.8291399478912354,0.7153161764144897,0.5277307033538818,0.49056074023246765,-0.07566359639167786,0.9990177154541016,0.3814331889152527,0.47037428617477417,0.07589622586965561,0.999313235282898,0.47707903385162354,0.7028758525848389,-0.09043775498867035,0.9517496228218079,0.1648503541946411,0.5556163191795349,-0.5786556601524353,0.990858256816864,0.4188687801361084,0.8922284841537476,0.4238942563533783,0.9769969582557678,0.387979656457901,0.7010096311569214,0.018809683620929718,0.9118430614471436,0.40740177035331726,0.9203052520751953,0.45886364579200745,0.8710049986839294,0.4353659451007843,0.7070228457450867,0.07120557129383087,0.8156554698944092,0.4254247844219208,0.9424481987953186,0.08858498930931091,0.9608522057533264,0.4064989686012268,0.7978622913360596,-0.17576400935649872,0.8877606987953186
tree,00000114.jpg,0.5707250237464905,0.4428834319114685,0.048629049211740494,0.9963527917861938,0.5683993101119995,0.43460607528686523,0.037944722920656204,0.9971715807914734,0.5665596723556519,0.4343602657318115,0.03796430677175522,0.997338593006134,0.5647538304328918,0.4341138005256653,0.03798522800207138,0.996938943862915,0.5728672742843628,0.43468236923217773,0.025629540905356407,0.9972508549690247,0.5741766095161438,0.434465229511261,0.02562660351395607,0.997560977935791,0.5755777359008789,0.43428024649620056,0.02554788999259472,0.9967419505119324,0.5609075427055359,0.4364240765571594,0.014490082859992981,0.9979002475738525,0.5764869451522827,0.4379287362098694,-0.04225964844226837,0.9982771873474121,0.5689216256141663,0.4500651955604553,0.04565439373254776,0.9960060715675354,0.5729016065597534,0.4509650468826294,0.029050128534436226,0.9947263598442078,0.5497946739196777,0.4769006371498108,0.05096680298447609,0.9982389211654663,0.5867397785186768,0.4728362560272217,-0.08832813799381256,0.998330295085907,0.550117552280426,0.40214669704437256,0.09897127747535706,0.527967631816864,0.5819357633590698,0.396884948015213,-0.09443297237157822,0.8789170980453491,0.558408796787262,0.3329126834869385,0.08435559272766113,0.6727834343910217,0.5689276456832886,0.3288230001926422,-0.05599015951156616,0.940176248550415,0.5557035207748413,0.31654947996139526,0.0805065780878067,0.6633521318435669,0.5678145289421082,0.3118252158164978,-0.06163151562213898,0.926527202129364,0.559399425983429,0.3172976076602936,0.06689022481441498,0.6521242260932922,0.5662201642990112,0.31148621439933777,-0.06587130576372147,0.918807327747345,0.5608707070350647,0.3255513608455658,0.07715251296758652,0.6538330912590027,0.5663579106330872,0.3207601010799408,-0.05505586415529251,0.9019742012023926,0.5675036311149597,0.6468294858932495,0.04856610298156738,0.999897837638855,0.5941841006278992,0.6338529586791992,-0.048935383558273315,0.9996416568756104,0.5767694711685181,0.7597066164016724,0.07503839582204819,0.9782056212425232,0.6553919911384583,0.6853144764900208,-0.0465313084423542,0.9693678617477417,0.5832343697547913,0.8657705187797546,0.09294447302818298,0.9415270686149597,0.5835250020027161,0.6729422807693481,0.11073718219995499,0.6951941847801208,0.5821196436882019,0.8785870671272278,0.09476114809513092,0.9538130164146423,0.5751520395278931,0.6670159101486206,0.1305151879787445,0.8626956939697266,0.5867924094200134,0.8704413771629333,0.09674159437417984,0.7039390802383423,0.5720362067222595,0.6786572933197021,0.1841772198677063,0.47918111085891724
tree,00000115.jpg,0.5261269807815552,0.24909433722496033,-0.38882580399513245,0.999546468257904,0.5354360938072205,0.23869356513023376,-0.34852898120880127,0.9993473887443542,0.5409673452377319,0.2387804090976715,-0.3484841287136078,0.999180018901825,0.5463356971740723,0.23875311017036438,-0.34853097796440125,0.99947589635849,0.5191047191619873,0.23861932754516602,-0.3371659219264984,0.9990873336791992,0.5142256617546082,0.23900771141052246,-0.337274432182312,0.9986530542373657,0.5079085826873779,0.23946475982666016,-0.3373964726924896,0.999219536781311,0.5499298572540283,0.24631085991859436,-0.158371701836586,0.9991881251335144,0.5034075379371643,0.2498033046722412,-0.10438292473554611,0.99947589635849,0.5381064414978027,0.26080578565597534,-0.32376644015312195,0.9991003274917603,0.51852947473526,0.26207485795021057,-0.30824339389801025,0.9986007809638977,0.6002368330955505,0.31822729110717773,-0.1690821349620819,0.9973006844520569,0.4434690475463867,0.3201776146888733,-0.010378871113061905,0.9847378134727478,0.6597568988800049,0.21799656748771667,-0.3591127395629883,0.9931676983833313,0.38628950715065,0.22725388407707214,-0.03878181427717209,0.9745896458625793,0.543743371963501,0.1744314432144165,-0.3319670259952545,0.8587552309036255,0.49834007024765015,0.17373165488243103,0.044646307826042175,0.7669475674629211,0.5253262519836426,0.15618586540222168,-0.37581244111061096,0.6185935139656067,0.5125808119773865,0.1558346450328827,0.004865037277340889,0.529770016670227,0.5209453701972961,0.16370943188667297,-0.3389788568019867,0.5798250436782837,0.5124517679214478,0.15957680344581604,0.04786422848701477,0.48525190353393555,0.5281251072883606,0.17195606231689453,-0.3233916163444519,0.5801337361335754,0.5101088881492615,0.1702294945716858,0.05327272787690163,0.49496713280677795,0.5417346954345703,0.5280243754386902,-0.06893139332532883,0.9991207718849182,0.45180368423461914,0.5153849720954895,0.06898722052574158,0.9965429902076721,0.5146654844284058,0.6935869455337524,-0.08793718367815018,0.9363516569137573,0.27595508098602295,0.5922266244888306,-0.14898410439491272,0.947046160697937,0.4818396270275116,0.8458904027938843,0.04706913232803345,0.9801716804504395,0.4814651906490326,0.6248829364776611,0.3131742775440216,0.5023573040962219,0.47168922424316406,0.8582512736320496,0.0504666343331337,0.9125383496284485,0.5058234930038452,0.6223791241645813,0.35937100648880005,0.5230709910392761,0.49290764331817627,0.884215772151947,-0.20371805131435394,0.9608123898506165,0.5071045160293579,0.6701129078865051,0.28784915804862976,0.5018312335014343
tree,00000116.jpg,0.3786919116973877,0.26914674043655396,-0.542184591293335,0.9950311183929443,0.3911450505256653,0.2543991208076477,-0.4940241575241089,0.9946249127388,0.40003231167793274,0.2544591724872589,-0.4940541684627533,0.992155909538269,0.4073460102081299,0.2545458972454071,-0.49432557821273804,0.9943541288375854,0.363982230424881,0.2550744414329529,-0.5028822422027588,0.99429851770401,0.3553166687488556,0.25549426674842834,-0.5029870867729187,0.990871250629425,0.3470660150051117,0.25619396567344666,-0.5031066536903381,0.99237459897995,0.41517704725265503,0.2613735496997833,-0.2589912712574005,0.9958537817001343,0.33702120184898376,0.26494914293289185,-0.29500293731689453,0.9902059435844421,0.3969198763370514,0.28620320558547974,-0.4551127851009369,0.9936561584472656,0.36394694447517395,0.28721436858177185,-0.46627411246299744,0.9938780665397644,0.4610719680786133,0.3223138451576233,-0.2177358865737915,0.9928389191627502,0.2995108962059021,0.3357895612716675,-0.29848214983940125,0.9966225624084473,0.4701971113681793,0.20747336745262146,-0.3373062312602997,0.9738252758979797,0.28442811965942383,0.22146549820899963,-0.4952288269996643,0.9720192551612854,0.4072995185852051,0.12115725874900818,-0.41624191403388977,0.9251365065574646,0.3468452990055084,0.13266679644584656,-0.49549198150634766,0.90754234790802,0.39258626103401184,0.09981384873390198,-0.4643265902996063,0.851450502872467,0.3604690134525299,0.10993802547454834,-0.5502274632453918,0.8290751576423645,0.38780707120895386,0.09992632269859314,-0.44921961426734924,0.8321577906608582,0.3619788587093353,0.10872069001197815,-0.5164430141448975,0.8063948750495911,0.38952481746673584,0.1081613302230835,-0.4199402332305908,0.843859076499939,0.36056286096572876,0.1163744330406189,-0.4925262928009033,0.8170671463012695,0.4440118074417114,0.5495562553405762,0.05169614031910896,0.9988577365875244,0.3259410858154297,0.5609749555587769,-0.05181911215186119,0.9993919134140015,0.6447730660438538,0.6575741171836853,-0.12953399121761322,0.7935262322425842,0.3608280122280121,0.731965184211731,-0.10691201686859131,0.9002521634101868,0.4317421615123749,0.6230967044830322,0.5415551662445068,0.22961921989917755,0.3918878734111786,0.8764102458953857,0.31365153193473816,0.9126607179641724,0.39858531951904297,0.5950385928153992,0.6126453280448914,0.3370853662490845,0.3956823945045471,0.8930249214172363,0.3482135236263275,0.8265117406845093,0.3645033836364746,0.6562550663948059,0.5820373296737671,0.23164156079292297,0.40198084712028503,0.9260372519493103,0.13949057459831238,0.8188104033470154
tree,00000117.jpg,0.4800533354282379,0.20194047689437866,-0.3596172034740448,0.9993116855621338,0.4834384322166443,0.19143608212471008,-0.3092171549797058,0.9985710382461548,0.48790109157562256,0.19210931658744812,-0.3093626797199249,0.9986611604690552,0.492646723985672,0.1924702525138855,-0.30976784229278564,0.9985124468803406,0.4649280309677124,0.19149088859558105,-0.3179439902305603,0.9986587762832642,0.4570772647857666,0.1922847032546997,-0.31794676184654236,0.9984564781188965,0.4495256543159485,0.19325858354568481,-0.31787776947021484,0.9979897737503052,0.49671000242233276,0.20331886410713196,-0.1078992635011673,0.9990400671958923,0.43783271312713623,0.20630434155464172,-0.14526008069515228,0.9965484738349915,0.4913407564163208,0.22026076912879944,-0.2918446958065033,0.9979318380355835,0.4673979580402374,0.2205834984779358,-0.3020830452442169,0.9973228573799133,0.5583974719047546,0.29063987731933594,-0.06197042763233185,0.9986792206764221,0.39048629999160767,0.29910212755203247,-0.13330578804016113,0.9971440434455872,0.6733832359313965,0.2340739369392395,-0.06337501108646393,0.9861219525337219,0.28412437438964844,0.22258692979812622,-0.24167804419994354,0.9874196648597717,0.7700105905532837,0.1510728895664215,-0.20727021992206573,0.9797607660293579,0.1815299093723297,0.1391659677028656,-0.4176758825778961,0.9614396691322327,0.791432797908783,0.13086292147636414,-0.23440726101398468,0.9499217867851257,0.1479952037334442,0.12156710028648376,-0.455485999584198,0.9107990860939026,0.7912477850914001,0.12530288100242615,-0.2772923409938812,0.9528535008430481,0.1485467553138733,0.11467304825782776,-0.46993857622146606,0.9105688333511353,0.7832950353622437,0.13135921955108643,-0.23842501640319824,0.9601297974586487,0.161883145570755,0.12140053510665894,-0.43761613965034485,0.9190556406974792,0.5487952828407288,0.5311212539672852,0.04251880198717117,0.9984533786773682,0.44598886370658875,0.5525733232498169,-0.04239749163389206,0.9988493919372559,0.7260788679122925,0.6310122609138489,-0.1993037909269333,0.9171358942985535,0.48048561811447144,0.7318629622459412,-0.11413539946079254,0.9534572958946228,0.5372524857521057,0.6278567910194397,0.2851506471633911,0.3475523889064789,0.5007516741752625,0.8855823874473572,0.19734470546245575,0.9127225279808044,0.5004262924194336,0.6139299869537354,0.33328136801719666,0.44220787286758423,0.5032524466514587,0.9095423817634583,0.21940691769123077,0.824880063533783,0.4875201880931854,0.7038148641586304,0.27110233902931213,0.4146689176559448,0.5137907266616821,0.9320152997970581,0.039786066859960556,0.868145227432251
tree,00000118.jpg,0.49091964960098267,0.13761892914772034,-0.17842209339141846,0.9999772310256958,0.4967619478702545,0.1208355724811554,-0.15839384496212006,0.999972939491272,0.4996058940887451,0.12040248513221741,-0.15841011703014374,0.9999674558639526,0.503125786781311,0.12005031108856201,-0.15842153131961823,0.9999674558639526,0.4851509928703308,0.12102028727531433,-0.1545899212360382,0.9999712705612183,0.4812603294849396,0.12074968218803406,-0.15464653074741364,0.9999679327011108,0.4776441752910614,0.12023061513900757,-0.1546962857246399,0.999976634979248,0.5083451271057129,0.1264539659023285,-0.03985390439629555,0.9999394416809082,0.47230979800224304,0.12719765305519104,-0.0242597758769989,0.9999827146530151,0.49721622467041016,0.15676653385162354,-0.1331668347120285,0.9999743700027466,0.4838733375072479,0.15511798858642578,-0.12884469330310822,0.9999572038650513,0.5378395318984985,0.23350024223327637,-0.007706213276833296,0.9998248219490051,0.4411454498767853,0.23003613948822021,0.04113386943936348,0.9993066787719727,0.5723778009414673,0.3372958302497864,-0.14875389635562897,0.9828926920890808,0.40864211320877075,0.33017557859420776,-0.10441499948501587,0.9862853288650513,0.4980231821537018,0.28953880071640015,-0.3089343309402466,0.9508000016212463,0.4768868684768677,0.2935670018196106,-0.29019805788993835,0.9464356303215027,0.48883870244026184,0.2620883584022522,-0.3387890160083771,0.8738222718238831,0.48717960715293884,0.26399755477905273,-0.33258935809135437,0.8584879040718079,0.48903512954711914,0.25269851088523865,-0.3223349452018738,0.8586928844451904,0.4864540100097656,0.25892460346221924,-0.30384013056755066,0.8299267292022705,0.49182575941085815,0.2629817724227905,-0.3036474585533142,0.8143531084060669,0.4853888154029846,0.2694321274757385,-0.2825891375541687,0.773833692073822,0.5048273801803589,0.5003741979598999,-0.0403202623128891,0.9996898174285889,0.45063072443008423,0.48117852210998535,0.04038991034030914,0.9985674619674683,0.4948715567588806,0.7128397822380066,-0.053065184503793716,0.9753901362419128,0.355713427066803,0.5908075571060181,-0.09324473142623901,0.9907834529876709,0.47469988465309143,0.9013351798057556,0.10472665727138519,0.9883184432983398,0.46015670895576477,0.583056628704071,0.22622635960578918,0.6527315378189087,0.4705231189727783,0.9272651672363281,0.11550889164209366,0.9184904098510742,0.47514671087265015,0.5580925345420837,0.25923603773117065,0.6861083507537842,0.46910297870635986,0.9404286742210388,0.005216744262725115,0.9829864501953125,0.4776993989944458,0.6701748967170715,0.24254295229911804,0.6405047178268433
tree,00000119.jpg,0.45453983545303345,0.25338706374168396,-0.3777676224708557,0.9986860156059265,0.4627722203731537,0.24035567045211792,-0.33029356598854065,0.9987704157829285,0.46918797492980957,0.24041420221328735,-0.33035460114479065,0.9981595873832703,0.47449246048927307,0.24065044522285461,-0.33062514662742615,0.9985803365707397,0.441901832818985,0.2415488064289093,-0.3383949398994446,0.998791515827179,0.433574914932251,0.24266377091407776,-0.3384317457675934,0.9980199337005615,0.42639198899269104,0.24361589550971985,-0.3384365439414978,0.9982545971870422,0.48043617606163025,0.24761778116226196,-0.12125324457883835,0.9992430210113525,0.41616910696029663,0.25136759877204895,-0.15512366592884064,0.9980720281600952,0.47044897079467773,0.26773715019226074,-0.30354738235473633,0.9984726309776306,0.44226202368736267,0.268868625164032,-0.31363576650619507,0.998675525188446,0.5291872024536133,0.314369797706604,-0.12244411557912827,0.9972330927848816,0.3816627264022827,0.32202404737472534,-0.18696071207523346,0.9985067248344421,0.5249603390693665,0.2022724747657776,-0.23696164786815643,0.9868679046630859,0.37314194440841675,0.2093389630317688,-0.38853245973587036,0.9782936573028564,0.5143371820449829,0.0963546633720398,-0.3220033645629883,0.9721474647521973,0.3689536154270172,0.1030963659286499,-0.4492475986480713,0.9587790369987488,0.5165796279907227,0.06509116291999817,-0.37902867794036865,0.9389925003051758,0.3649030923843384,0.07779619097709656,-0.5103808045387268,0.9127528667449951,0.511016845703125,0.06396907567977905,-0.379682332277298,0.930243968963623,0.3696973919868469,0.07336503267288208,-0.4970817267894745,0.9015272259712219,0.5051368474960327,0.07358798384666443,-0.33412715792655945,0.9399005770683289,0.37416523694992065,0.07988277077674866,-0.45700380206108093,0.9123101830482483,0.5393299460411072,0.5381726622581482,0.03738144785165787,0.9993739724159241,0.4389798939228058,0.5594363808631897,-0.037066247314214706,0.9996784925460815,0.7284504175186157,0.6434812545776367,-0.09775551408529282,0.851920485496521,0.47435420751571655,0.7566556334495544,-0.0703088566660881,0.9185463786125183,0.544015645980835,0.6214894652366638,0.4635314643383026,0.1992945820093155,0.5069851279258728,0.9062272310256958,0.25753745436668396,0.9098502993583679,0.5133951902389526,0.6018096804618835,0.5221542119979858,0.2783361077308655,0.5143108367919922,0.9211976528167725,0.281643807888031,0.8131911158561707,0.48969534039497375,0.6679717302322388,0.5017271637916565,0.20204037427902222,0.5006819367408752,0.9495906829833984,0.09223847836256027,0.8033851385116577
tree,00000120.jpg,0.5049152374267578,0.30816078186035156,-0.43258190155029297,0.9948864579200745,0.5139826536178589,0.2946769595146179,-0.3900682330131531,0.9956525564193726,0.5218144655227661,0.29391226172447205,-0.39005157351493835,0.9948411583900452,0.5284956097602844,0.29327672719955444,-0.39020636677742004,0.9962965846061707,0.4919224679470062,0.29630178213119507,-0.38040924072265625,0.9933833479881287,0.48362183570861816,0.2969057559967041,-0.3806288242340088,0.9908863306045532,0.47559595108032227,0.29767969250679016,-0.3809968829154968,0.9935005307197571,0.5406643152236938,0.2969605326652527,-0.19785842299461365,0.9936715364456177,0.4687870442867279,0.3049141466617584,-0.1471417248249054,0.9938365817070007,0.522173285484314,0.3226318657398224,-0.361683189868927,0.9922865629196167,0.4932316243648529,0.3231427073478699,-0.3473219871520996,0.9846071600914001,0.5887930393218994,0.338884174823761,-0.2632112205028534,0.9896237254142761,0.4399159252643585,0.3504107594490051,-0.15078407526016235,0.9746034741401672,0.5650218725204468,0.231719970703125,-0.5239022374153137,0.9726911187171936,0.43661943078041077,0.24835917353630066,-0.3192138075828552,0.9436393976211548,0.5258699655532837,0.12589296698570251,-0.5707160234451294,0.9069766402244568,0.46663451194763184,0.1340579390525818,-0.3664003014564514,0.9093083739280701,0.5161430239677429,0.10102924704551697,-0.6231649518013,0.8408092260360718,0.4826527237892151,0.11146947741508484,-0.4387064278125763,0.8388236165046692,0.512798011302948,0.10069149732589722,-0.6074373126029968,0.8205886483192444,0.48286697268486023,0.10866621136665344,-0.4123135507106781,0.8229728937149048,0.5136085152626038,0.10858702659606934,-0.5742884874343872,0.8349992036819458,0.48120996356010437,0.11613520979881287,-0.3728778064250946,0.8442319631576538,0.5552475452423096,0.5831252336502075,-0.08493262529373169,0.9964852333068848,0.44594526290893555,0.5818284153938293,0.08480609953403473,0.9904515743255615,0.5298435688018799,0.7472953796386719,-0.056996721774339676,0.945830225944519,0.24704986810684204,0.6719505190849304,-0.14142175018787384,0.9451293349266052,0.5081825256347656,0.8844614028930664,0.29128727316856384,0.9666946530342102,0.4684848189353943,0.6426742672920227,0.531448245048523,0.5414666533470154,0.4987644553184509,0.9054419994354248,0.31539422273635864,0.843021035194397,0.49777284264564514,0.6305484771728516,0.6014091372489929,0.5895438194274902,0.49514123797416687,0.9276583790779114,0.10179062932729721,0.9249145984649658,0.518757700920105,0.703380286693573,0.6120601296424866,0.5055174231529236
tree,00000121.jpg,0.4997433125972748,0.21179628372192383,-0.11806904524564743,0.9990729093551636,0.507125735282898,0.19427859783172607,-0.09977805614471436,0.9992150068283081,0.5114303231239319,0.19466736912727356,-0.09980322420597076,0.9988962411880493,0.5148751139640808,0.19566476345062256,-0.09987348318099976,0.9992547631263733,0.49207815527915955,0.19485661387443542,-0.10329197347164154,0.9989590644836426,0.4869888424873352,0.195969820022583,-0.10332775861024857,0.9984092116355896,0.4833003580570221,0.19756940007209778,-0.10337547957897186,0.9984796643257141,0.5204150080680847,0.20649230480194092,0.0028085503727197647,0.999729335308075,0.47751563787460327,0.20907926559448242,-0.008079418912529945,0.9993982315063477,0.5087822079658508,0.2353426218032837,-0.08008293062448502,0.9997496008872986,0.49076974391937256,0.23514774441719055,-0.08323843777179718,0.9997569918632507,0.5446008443832397,0.3237330913543701,0.030611984431743622,0.9977717995643616,0.45817574858665466,0.3090095818042755,0.008521318435668945,0.9993950128555298,0.5284200310707092,0.37534236907958984,-0.010634171776473522,0.4756915271282196,0.4543982148170471,0.20444700121879578,-0.00375495757907629,0.8152344822883606,0.4938616454601288,0.3766297698020935,-0.05900998413562775,0.06494883447885513,0.4712040424346924,0.15259918570518494,0.10280891507863998,0.20723752677440643,0.48458898067474365,0.3808836042881012,-0.0807671919465065,0.07483376562595367,0.4758923053741455,0.1375921368598938,0.10343285650014877,0.20143438875675201,0.48571568727493286,0.37530842423439026,-0.08047154545783997,0.07542131841182709,0.46915385127067566,0.14952442049980164,0.09774786978960037,0.17808344960212708,0.4870404303073883,0.3743242025375366,-0.06309299170970917,0.08109661191701889,0.46928250789642334,0.15710505843162537,0.09992875158786774,0.22578412294387817,0.5327454805374146,0.5868475437164307,0.0324954092502594,0.9995743632316589,0.4779662489891052,0.5904984474182129,-0.03239903226494789,0.9999489784240723,0.5699580907821655,0.7835562229156494,-0.05233399197459221,0.9433890581130981,0.48983368277549744,0.8180181980133057,-0.06585147976875305,0.9904364943504333,0.47805508971214294,0.64833003282547,0.22223567962646484,0.41410312056541443,0.49835655093193054,0.9834854602813721,0.08005602657794952,0.9800540804862976,0.46185195446014404,0.6238104701042175,0.25286954641342163,0.5404963493347168,0.49972909688949585,0.9930856227874756,0.09201749414205551,0.903472363948822,0.43916529417037964,0.6511711478233337,0.23370519280433655,0.5159658789634705,0.5179622173309326,1.038473129272461,0.0018472776282578707,0.9526800513267517
tree,00000122.jpg,0.7905536890029907,0.2333245575428009,-0.2925223112106323,0.9995986819267273,0.7944061160087585,0.21849751472473145,-0.2732367515563965,0.9991674423217773,0.7977837324142456,0.2179214358329773,-0.27321356534957886,0.9990310668945312,0.8011783361434937,0.21783447265625,-0.27330705523490906,0.9991692304611206,0.7847413420677185,0.2186962366104126,-0.2759784460067749,0.9990059733390808,0.7808959484100342,0.21827226877212524,-0.2760531008243561,0.9986971020698547,0.7769351005554199,0.2178935408592224,-0.27607017755508423,0.9989224672317505,0.8039699196815491,0.22481882572174072,-0.16436997056007385,0.9980979561805725,0.7699298858642578,0.22300535440444946,-0.1777309775352478,0.9988400340080261,0.7961047291755676,0.24765563011169434,-0.2514943480491638,0.9985566735267639,0.7831751704216003,0.2460959553718567,-0.25492334365844727,0.9979841709136963,0.8271945714950562,0.28511056303977966,-0.13255050778388977,0.9981243014335632,0.7453568577766418,0.2883461117744446,-0.13856597244739532,0.9927030801773071,0.8723257780075073,0.2075766921043396,-0.17784377932548523,0.9874782562255859,0.7069300413131714,0.2063518464565277,-0.19576989114284515,0.9880158305168152,0.9107075929641724,0.10597699880599976,-0.2555733919143677,0.9772648811340332,0.6712784767150879,0.10088199377059937,-0.29227009415626526,0.9655570387840271,0.9218502044677734,0.08075225353240967,-0.2810541093349457,0.9352657198905945,0.6581119894981384,0.07525360584259033,-0.32547619938850403,0.9056617617607117,0.9189594984054565,0.07674267888069153,-0.29592791199684143,0.9366113543510437,0.6599270701408386,0.06996795535087585,-0.33751100301742554,0.9063385128974915,0.9144559502601624,0.08597621321678162,-0.26923760771751404,0.9483317732810974,0.6651971340179443,0.07829031348228455,-0.30539703369140625,0.9233548045158386,0.8041864633560181,0.5214148759841919,-0.012079298496246338,0.9976905584335327,0.7501971125602722,0.512525200843811,0.012234487570822239,0.9947636127471924,0.7874142527580261,0.6928510665893555,0.01565231941640377,0.90549236536026,0.6737366914749146,0.604407012462616,-0.10084757953882217,0.9328052997589111,0.7711017727851868,0.8449894189834595,0.1194012388586998,0.9488636255264282,0.7614679932594299,0.5764188170433044,0.17165206372737885,0.4603514075279236,0.7631834745407104,0.866131067276001,0.1246708482503891,0.8462575078010559,0.7744667530059814,0.5679111480712891,0.19856715202331543,0.46402373909950256,0.7817944288253784,0.8901005983352661,0.017938077449798584,0.9229153394699097,0.7880922555923462,0.633323609828949,0.17835377156734467,0.4680343568325043
tree,00000123.jpg,0.46635252237319946,0.3596210777759552,-0.3664108216762543,0.9975757002830505,0.4745258390903473,0.34939897060394287,-0.32259601354599,0.9975405931472778,0.4800453186035156,0.3490745425224304,-0.32257431745529175,0.9967585206031799,0.48541155457496643,0.3488723933696747,-0.32263731956481934,0.9979089498519897,0.4564557373523712,0.35113880038261414,-0.3190179765224457,0.9961991906166077,0.4504871666431427,0.3516730070114136,-0.31919047236442566,0.9946417808532715,0.444627046585083,0.3522592782974243,-0.319408655166626,0.9966214895248413,0.4941949248313904,0.3579287528991699,-0.13224025070667267,0.9960498213768005,0.4393256902694702,0.36129701137542725,-0.11247438937425613,0.9966938495635986,0.4796528220176697,0.3751177191734314,-0.2988995909690857,0.994351863861084,0.4565516412258148,0.37515944242477417,-0.2934008240699768,0.9905728697776794,0.5430264472961426,0.4138573706150055,-0.1775464117527008,0.9916003942489624,0.4042593836784363,0.4243893623352051,-0.09626734256744385,0.9811407327651978,0.5253615379333496,0.3146255910396576,-0.3662373423576355,0.9612709879875183,0.4017060399055481,0.32503142952919006,-0.250651478767395,0.9718984365463257,0.4916614294052124,0.23070251941680908,-0.4241814911365509,0.8999955058097839,0.4365837574005127,0.2288912534713745,-0.3148271143436432,0.9516192078590393,0.48009756207466125,0.20485472679138184,-0.4785500168800354,0.8190944790840149,0.44831761717796326,0.20698797702789307,-0.3810062110424042,0.8959628343582153,0.47735172510147095,0.20287290215492249,-0.46588271856307983,0.8029738664627075,0.44829967617988586,0.20448791980743408,-0.3670581579208374,0.8842477202415466,0.4782905876636505,0.21136558055877686,-0.42993441224098206,0.815494179725647,0.4468308091163635,0.21211427450180054,-0.3230569362640381,0.8914454579353333,0.4873645007610321,0.6196036338806152,-0.0747116357088089,0.9970393180847168,0.39961007237434387,0.6109198331832886,0.07491172850131989,0.9927312731742859,0.4595851004123688,0.7698588967323303,-0.0639866515994072,0.89995276927948,0.22300486266613007,0.6705582737922668,-0.1580195277929306,0.9244486689567566,0.4248284697532654,0.9118773937225342,0.15870198607444763,0.9654632806777954,0.4182894825935364,0.6862139701843262,0.2901066243648529,0.6254626512527466,0.4103449881076813,0.9327384233474731,0.1698155403137207,0.8680808544158936,0.44061946868896484,0.6812893748283386,0.33398938179016113,0.668953537940979,0.4379135072231293,0.957265317440033,-0.0459599532186985,0.9359683394432068,0.46115055680274963,0.746620237827301,0.28432950377464294,0.6002413630485535
tree,00000124.jpg,0.3509516716003418,0.27022942900657654,-0.543545663356781,0.997100293636322,0.3602350354194641,0.25781068205833435,-0.49862197041511536,0.9970970153808594,0.36777204275131226,0.2575695514678955,-0.4986305236816406,0.9959854483604431,0.37435102462768555,0.25744155049324036,-0.498853862285614,0.9966821074485779,0.33953848481178284,0.25851091742515564,-0.506644070148468,0.9969673752784729,0.3322735130786896,0.25851407647132874,-0.5067359209060669,0.9957478642463684,0.3266058564186096,0.2587278485298157,-0.5068506598472595,0.9963310360908508,0.38320425152778625,0.2633707821369171,-0.2740168571472168,0.9976054430007935,0.319914847612381,0.26550623774528503,-0.30561086535453796,0.9950971007347107,0.3657037615776062,0.28298068046569824,-0.45996174216270447,0.995327353477478,0.33863934874534607,0.2824710011482239,-0.4698479473590851,0.9955904483795166,0.4197806715965271,0.32357460260391235,-0.18678885698318481,0.9948269724845886,0.29075658321380615,0.3254604935646057,-0.3430260419845581,0.9985455274581909,0.4311714172363281,0.21680209040641785,-0.29168060421943665,0.9742521047592163,0.28948819637298584,0.22203081846237183,-0.5525071024894714,0.9901068210601807,0.3806973099708557,0.12131839990615845,-0.39191704988479614,0.9394221901893616,0.33336201310157776,0.12363764643669128,-0.5887195467948914,0.9718160033226013,0.3717672526836395,0.09636986255645752,-0.43187031149864197,0.8756944537162781,0.3450066149234772,0.09711846709251404,-0.6475256681442261,0.9326595067977905,0.36808502674102783,0.09428286552429199,-0.4275178611278534,0.8610576391220093,0.34455737471580505,0.09400138258934021,-0.6154252886772156,0.9229961633682251,0.36885109543800354,0.10440528392791748,-0.3994981646537781,0.8650705218315125,0.3436908721923828,0.10409596562385559,-0.5858848690986633,0.9168562889099121,0.40969282388687134,0.5170649290084839,0.06862065941095352,0.9994103908538818,0.3175922632217407,0.5358343720436096,-0.0686812475323677,0.9996639490127563,0.5929056406021118,0.5840873122215271,-0.25319379568099976,0.9182970523834229,0.35269513726234436,0.6819656491279602,-0.24148748815059662,0.9672542214393616,0.40992674231529236,0.5923606753349304,0.25839197635650635,0.5820271968841553,0.3781571388244629,0.8372566103935242,0.08348629623651505,0.9787148237228394,0.375470370054245,0.5656118988990784,0.30986908078193665,0.6857675909996033,0.38786181807518005,0.8550047278404236,0.10757344961166382,0.9351372718811035,0.3677174746990204,0.631922721862793,0.23480558395385742,0.6118046045303345,0.36971527338027954,0.8750720620155334,-0.10109613835811615,0.9554159045219421
tree,00000125.jpg,0.5069229602813721,0.21415144205093384,-0.3742125928401947,0.9998445510864258,0.51202791929245,0.19789542257785797,-0.3492914140224457,0.9998058676719666,0.516201376914978,0.19764497876167297,-0.34937000274658203,0.999761164188385,0.5201531648635864,0.19758781790733337,-0.3494550883769989,0.9997530579566956,0.4961564540863037,0.19974057376384735,-0.36061882972717285,0.9997716546058655,0.4889262020587921,0.20110762119293213,-0.3606482744216919,0.9997163414955139,0.4820469915866852,0.20270049571990967,-0.36069098114967346,0.9997393488883972,0.5237038135528564,0.20353469252586365,-0.18293744325637817,0.9997146725654602,0.4719153046607971,0.21050845086574554,-0.23272565007209778,0.9996658563613892,0.5129819512367249,0.22878776490688324,-0.3089858889579773,0.999874472618103,0.49744942784309387,0.23175092041492462,-0.32356011867523193,0.9999165534973145,0.5366106033325195,0.2819782793521881,-0.04039255902171135,0.9995630383491516,0.4545036256313324,0.28310155868530273,-0.15462614595890045,0.9993928670883179,0.5736599564552307,0.36583778262138367,-0.1258716881275177,0.880456268787384,0.3996410667896271,0.3669409155845642,-0.22350294888019562,0.9104743599891663,0.5050998330116272,0.37113773822784424,-0.3848605453968048,0.6023921966552734,0.48474645614624023,0.3741840720176697,-0.3779233396053314,0.65656977891922,0.4919283092021942,0.3570387065410614,-0.4356388747692108,0.47586143016815186,0.49752381443977356,0.3623044490814209,-0.42163702845573425,0.5283592939376831,0.4929252564907074,0.3483011722564697,-0.4341077506542206,0.4567972421646118,0.49716198444366455,0.3540947437286377,-0.42078566551208496,0.5008163452148438,0.4973500072956085,0.35442546010017395,-0.38970786333084106,0.405756413936615,0.49503329396247864,0.3585498631000519,-0.3781014680862427,0.42316558957099915,0.5128435492515564,0.45082685351371765,0.052438948303461075,0.9970030188560486,0.4704325199127197,0.4541231691837311,-0.05248934030532837,0.9949724674224854,0.5937922596931458,0.5373193025588989,-0.06296740472316742,0.9462040662765503,0.49888649582862854,0.5931622385978699,-0.06324858963489532,0.9631211757659912,0.5192436575889587,0.627335786819458,0.23339147865772247,0.9070775508880615,0.4968375861644745,0.7255733013153076,0.1630767285823822,0.9643027782440186,0.5052985548973083,0.6315621137619019,0.25545448064804077,0.7790646553039551,0.4986220896244049,0.7396617531776428,0.1776382178068161,0.8387051224708557,0.5048485398292542,0.6862542629241943,0.1272503286600113,0.8929334282875061,0.47943973541259766,0.7573630213737488,0.015860548242926598,0.9394485950469971
tree,00000126.jpg,0.45359116792678833,0.3151407837867737,-0.0951172336935997,0.9999308586120605,0.4499785006046295,0.3101109266281128,-0.0824623703956604,0.9996868371963501,0.4506877064704895,0.3089374005794525,-0.0824732556939125,0.9996979236602783,0.45139187574386597,0.3077022135257721,-0.0824664756655693,0.9997267127037048,0.4475111961364746,0.31576940417289734,-0.08077613264322281,0.9998362064361572,0.446574866771698,0.3185056447982788,-0.0808148980140686,0.999848484992981,0.44547098875045776,0.32159772515296936,-0.08084532618522644,0.9998950958251953,0.45296710729599,0.31498241424560547,-0.020200422033667564,0.9995180368423462,0.44377270340919495,0.3369523882865906,-0.012988289818167686,0.9998965263366699,0.45899325609207153,0.3227166533470154,-0.07301530241966248,0.9996929168701172,0.45529651641845703,0.3293614387512207,-0.07063721865415573,0.9995688796043396,0.48817017674446106,0.3347495198249817,-0.03287724778056145,0.9997524619102478,0.45334887504577637,0.4218350052833557,0.03698086738586426,0.9969179630279541,0.48439162969589233,0.23669135570526123,-0.0781203955411911,0.9951942563056946,0.4580524265766144,0.5104029774665833,0.04741893336176872,0.832374632358551,0.44413402676582336,0.19406485557556152,-0.09708716720342636,0.9772782921791077,0.4225766062736511,0.566680371761322,-0.03229363262653351,0.8601176738739014,0.4344477355480194,0.1908714473247528,-0.11601001769304276,0.9299794435501099,0.4139353632926941,0.5856876969337463,-0.046467725187540054,0.8269100189208984,0.4322311580181122,0.19134584069252014,-0.11043576151132584,0.9201650023460388,0.41123148798942566,0.5803542733192444,-0.06863172352313995,0.843092679977417,0.43512704968452454,0.1930617392063141,-0.0979917049407959,0.9313341975212097,0.4136863946914673,0.5752747058868408,-0.04421207308769226,0.8442235589027405,0.5169073343276978,0.5404927730560303,-0.04029333218932152,0.9994256496429443,0.48597031831741333,0.5323291420936584,0.04028497263789177,0.9977974891662598,0.5124185085296631,0.6817244291305542,-0.046414636075496674,0.9819532632827759,0.42841774225234985,0.5885401964187622,0.005386154167354107,0.8435580134391785,0.49349749088287354,0.81768798828125,0.008440318517386913,0.9919496774673462,0.4836282730102539,0.5908694267272949,0.14259806275367737,0.555221676826477,0.49433648586273193,0.8354892134666443,0.011451942846179008,0.9603183269500732,0.4914054274559021,0.5775916576385498,0.15611276030540466,0.7039082050323486,0.47452512383461,0.854388952255249,-0.06342653185129166,0.9802960753440857,0.49130192399024963,0.6272156834602356,0.12931284308433533,0.6062248945236206
tree,00000127.jpg,0.5030245780944824,0.1599169671535492,-0.19857731461524963,0.9999732971191406,0.5091809630393982,0.14182022213935852,-0.18105226755142212,0.9999665021896362,0.5117245316505432,0.14132621884346008,-0.18106740713119507,0.9999593496322632,0.5152286887168884,0.14088502526283264,-0.18106085062026978,0.9999576807022095,0.49747976660728455,0.14261218905448914,-0.1774434596300125,0.9999591112136841,0.4931468069553375,0.14303812384605408,-0.1774931699037552,0.9999526739120483,0.4896168112754822,0.1434718370437622,-0.17753063142299652,0.9999650716781616,0.5215768218040466,0.1486763060092926,-0.06785392761230469,0.9999172687530518,0.4850044846534729,0.15176215767860413,-0.05220768228173256,0.9999728202819824,0.5097402930259705,0.18125125765800476,-0.15457692742347717,0.9999785423278809,0.4958673119544983,0.1818028688430786,-0.1501924842596054,0.9999558925628662,0.5533351898193359,0.25939691066741943,-0.017854828387498856,0.9998973608016968,0.45598626136779785,0.2523745000362396,0.010506344959139824,0.9996757507324219,0.5800619721412659,0.3725561201572418,-0.1350659877061844,0.9798847436904907,0.43185877799987793,0.3721001148223877,-0.10158412903547287,0.9844673871994019,0.5162226557731628,0.3298436999320984,-0.3012233376502991,0.9633182287216187,0.49610254168510437,0.3272995054721832,-0.28200432658195496,0.9642563462257385,0.5051742792129517,0.30584871768951416,-0.3293992280960083,0.9130011200904846,0.5076385140419006,0.3038088381290436,-0.322104811668396,0.9139126539230347,0.5058324337005615,0.29169929027557373,-0.3184448182582855,0.9033178687095642,0.5044162273406982,0.29128631949424744,-0.30127671360969543,0.896411657333374,0.5081591606140137,0.30148887634277344,-0.29810795187950134,0.8695961833000183,0.5023803114891052,0.2998271584510803,-0.27670106291770935,0.8576158881187439,0.5199364423751831,0.5157533288002014,-0.03063488006591797,0.9997909665107727,0.4656410217285156,0.5051262974739075,0.03066384792327881,0.9988905787467957,0.5009804368019104,0.7218887805938721,-0.013138876296579838,0.9503238201141357,0.3811313807964325,0.6405751705169678,-0.10939471423625946,0.985194742679596,0.4862467348575592,0.9081032276153564,0.15367577970027924,0.964836597442627,0.47430139780044556,0.5866283178329468,0.24275089800357819,0.2584139108657837,0.48022177815437317,0.9287676811218262,0.16701145470142365,0.8102167248725891,0.4871671795845032,0.5639179944992065,0.2810850739479065,0.3972262442111969,0.48661163449287415,0.9549482464790344,0.06983085721731186,0.9588863253593445,0.4987539052963257,0.6582302451133728,0.2821790874004364,0.3230145573616028
tree,00000128.jpg,0.47668442130088806,0.26159921288490295,-0.24819675087928772,0.9999535083770752,0.4892268776893616,0.24129417538642883,-0.21303467452526093,0.9999004602432251,0.4968143701553345,0.2402825951576233,-0.21306867897510529,0.9999065399169922,0.5029619932174683,0.23962068557739258,-0.21317557990550995,0.9998941421508789,0.467263787984848,0.24343341588974,-0.20082762837409973,0.99982088804245,0.46046265959739685,0.24382784962654114,-0.2008543759584427,0.9997825026512146,0.454068124294281,0.24430513381958008,-0.200831338763237,0.9997681975364685,0.5150471329689026,0.24366077780723572,-0.053556181490421295,0.9999020099639893,0.44841083884239197,0.2473657727241516,0.009675726294517517,0.9997919201850891,0.4912799298763275,0.27863243222236633,-0.19108359515666962,0.9998667240142822,0.4662502408027649,0.27950921654701233,-0.1728132963180542,0.999804675579071,0.5573530197143555,0.30562230944633484,-0.0686490535736084,0.9998534917831421,0.4277762472629547,0.31308513879776,0.06746197491884232,0.9987467527389526,0.602269172668457,0.23240140080451965,-0.29697635769844055,0.9954177141189575,0.363373339176178,0.2464834451675415,-0.01782756857573986,0.994934618473053,0.6541351079940796,0.12193682789802551,-0.5563005208969116,0.9910292625427246,0.3003928065299988,0.13854926824569702,-0.17323888838291168,0.9913131594657898,0.6769089698791504,0.09024092555046082,-0.635219156742096,0.9765467643737793,0.28335005044937134,0.11200538277626038,-0.23985472321510315,0.969645619392395,0.6732748746871948,0.08611893653869629,-0.6542625427246094,0.9765301942825317,0.28898555040359497,0.10391005873680115,-0.2476131021976471,0.9699223041534424,0.6648967266082764,0.0955759584903717,-0.581365704536438,0.9798179864883423,0.2958177328109741,0.11144718527793884,-0.1943017840385437,0.973914384841919,0.5359039306640625,0.569292426109314,-0.05559876933693886,0.9995077848434448,0.4479656219482422,0.5689288973808289,0.05581168457865715,0.9989437460899353,0.5391598343849182,0.7307243943214417,-0.3066003620624542,0.9930261373519897,0.39919906854629517,0.7270821928977966,-0.1635873019695282,0.9959273934364319,0.5203995108604431,0.8610523343086243,0.10680946707725525,0.9776572585105896,0.47802504897117615,0.849053144454956,0.20329271256923676,0.9810791015625,0.5228586792945862,0.8619992136955261,0.13666749000549316,0.8253445625305176,0.4963603615760803,0.8496225476264954,0.22919245064258575,0.9127845764160156,0.5072488188743591,0.9407193660736084,-0.0974593460559845,0.9605041146278381,0.4788762032985687,0.9320505857467651,0.05135194584727287,0.9681234955787659
tree,00000129.jpg,0.5347598791122437,0.0920092761516571,-0.525704562664032,0.9999451637268066,0.5521959066390991,0.07203516364097595,-0.4756813943386078,0.999930739402771,0.5629061460494995,0.07236608862876892,-0.4758220314979553,0.9999151229858398,0.5697206258773804,0.0727093517780304,-0.4758424162864685,0.9999117851257324,0.5167596340179443,0.07295504212379456,-0.4664996266365051,0.9999006986618042,0.50501549243927,0.07417604327201843,-0.4665386974811554,0.9998811483383179,0.4955039918422699,0.07578396797180176,-0.46667367219924927,0.9999041557312012,0.5860489010810852,0.08605960011482239,-0.19216838479042053,0.9998812675476074,0.48623472452163696,0.08927759528160095,-0.1490911841392517,0.999915361404419,0.5579878687858582,0.1161159873008728,-0.4207911789417267,0.9999573230743408,0.5158164501190186,0.11745661497116089,-0.4090169370174408,0.9998948574066162,0.6789407730102539,0.23033177852630615,-0.10102548450231552,0.9995996356010437,0.4134064018726349,0.2430826723575592,-0.006116067990660667,0.9983273148536682,0.726662278175354,0.3862524926662445,-0.39974966645240784,0.981906533241272,0.3772974908351898,0.3986402750015259,-0.3143104910850525,0.9504155516624451,0.5531117916107178,0.2922739088535309,-0.8042235374450684,0.963654637336731,0.5195565819740295,0.28903108835220337,-0.8301851153373718,0.9435263872146606,0.5308488011360168,0.2509985566139221,-0.8612343072891235,0.9061524271965027,0.532467782497406,0.24702966213226318,-0.9329787492752075,0.8779207468032837,0.5388813018798828,0.24014446139335632,-0.8105559349060059,0.8932694792747498,0.5244799852371216,0.23646420240402222,-0.8719568848609924,0.8503162860870361,0.5424962043762207,0.25236356258392334,-0.7845582962036133,0.8606321215629578,0.5235837697982788,0.24935093522071838,-0.8159416317939758,0.7980137467384338,0.5816998481750488,0.5327965617179871,-0.07168924063444138,0.9995993971824646,0.44130730628967285,0.5202499032020569,0.07167401909828186,0.998475968837738,0.5493162274360657,0.7509955167770386,-0.05380617454648018,0.941891074180603,0.18040120601654053,0.6476343870162964,-0.31148964166641235,0.980767548084259,0.5196408629417419,0.9327442646026611,0.44794267416000366,0.9487011432647705,0.4703431725502014,0.6300317049026489,0.45019978284835815,0.35457471013069153,0.5057808756828308,0.9533131122589111,0.4898582398891449,0.7886725664138794,0.5010309219360352,0.6083356142044067,0.530996561050415,0.41944852471351624,0.5310284495353699,0.9953696727752686,0.22973228991031647,0.9290741086006165,0.514723002910614,0.7071083784103394,0.48200592398643494,0.37140893936157227
tree,00000130.jpg,0.4402230679988861,0.2902216911315918,-0.4491218030452728,0.9997218251228333,0.4461181163787842,0.2780679762363434,-0.407436728477478,0.999618411064148,0.45172935724258423,0.27776578068733215,-0.4074665606021881,0.9995811581611633,0.45668846368789673,0.27777519822120667,-0.40771156549453735,0.9995784163475037,0.4299945533275604,0.27941077947616577,-0.41190868616104126,0.9996213912963867,0.42298927903175354,0.27984553575515747,-0.4119017422199249,0.9995077848434448,0.41709595918655396,0.28038471937179565,-0.41185277700424194,0.9994182586669922,0.46424633264541626,0.2853221297264099,-0.21886754035949707,0.9996471405029297,0.41112709045410156,0.28734901547431946,-0.23641295731067657,0.99896240234375,0.4509696066379547,0.3013831079006195,-0.381898432970047,0.9991521835327148,0.4316259026527405,0.3025279641151428,-0.3870881199836731,0.9991679191589355,0.5041545033454895,0.348416268825531,-0.16100987792015076,0.9992457628250122,0.38014280796051025,0.3468853235244751,-0.2486683428287506,0.9991681575775146,0.5546117424964905,0.26441502571105957,-0.20285536348819733,0.9916315674781799,0.34142231941223145,0.25878095626831055,-0.40809527039527893,0.9911643862724304,0.5796550512313843,0.16870179772377014,-0.2846747934818268,0.9896082282066345,0.3274742364883423,0.1630466878414154,-0.5338392853736877,0.9847373366355896,0.5909078121185303,0.14195016026496887,-0.31980302929878235,0.9731142520904541,0.319034218788147,0.13893461227416992,-0.5850461721420288,0.9628172516822815,0.58420729637146,0.13646015524864197,-0.3366788327693939,0.9703158736228943,0.32739609479904175,0.1342761218547821,-0.5723717212677002,0.9586317539215088,0.5771673321723938,0.14816814661026,-0.3008820116519928,0.9712597131729126,0.33417731523513794,0.1432020664215088,-0.5402535796165466,0.9593501091003418,0.48342034220695496,0.5198758244514465,0.05059143528342247,0.9997201561927795,0.4053843915462494,0.5292031168937683,-0.0505223274230957,0.9998276233673096,0.6429417133331299,0.6032677292823792,-0.14851920306682587,0.9692162275314331,0.43609875440597534,0.6630316972732544,-0.13827908039093018,0.982136070728302,0.4793696701526642,0.5852795243263245,0.3021320700645447,0.6570531725883484,0.4539283514022827,0.7856507301330566,0.14398527145385742,0.9814017415046692,0.45298832654953003,0.5672764182090759,0.34820154309272766,0.7246750593185425,0.46067893505096436,0.8028035163879395,0.16525009274482727,0.937624454498291,0.4372459650039673,0.6236625909805298,0.3061254620552063,0.7045468091964722,0.45419740676879883,0.8299971222877502,0.0015335303032770753,0.9663011431694031
tree,00000131.png,0.5707332491874695,0.16976028680801392,-0.14894624054431915,0.9999140501022339,0.5778623819351196,0.1536456048488617,-0.1310425102710724,0.9998784065246582,0.5823696851730347,0.15439200401306152,-0.13106273114681244,0.9998748302459717,0.5855570435523987,0.15482529997825623,-0.13109469413757324,0.9998732805252075,0.5653493404388428,0.15125805139541626,-0.12682431936264038,0.9998539686203003,0.5611482858657837,0.1511175036430359,-0.12684425711631775,0.9998427629470825,0.5574936270713806,0.15127569437026978,-0.12687376141548157,0.9998780488967896,0.5932798385620117,0.1626100242137909,-0.025944694876670837,0.9998477697372437,0.553720235824585,0.15913864970207214,-0.0040540145710110664,0.9999314546585083,0.5786088705062866,0.192844420671463,-0.10811062902212143,0.9999274015426636,0.5635405778884888,0.19191282987594604,-0.10215781629085541,0.999886155128479,0.6214113831520081,0.26753148436546326,-0.0002810032165143639,0.9999525547027588,0.526036262512207,0.25370094180107117,0.05488116294145584,0.9995787739753723,0.6461707949638367,0.38278114795684814,-0.14597368240356445,0.9865430593490601,0.48722127079963684,0.35457396507263184,-0.08478840440511703,0.977163553237915,0.5796706676483154,0.3263729214668274,-0.31408265233039856,0.9641158580780029,0.5560103058815002,0.3244146704673767,-0.269689679145813,0.9339678883552551,0.5716298818588257,0.30149024724960327,-0.3458152711391449,0.9094023108482361,0.568702220916748,0.3049401044845581,-0.3129017651081085,0.8274600505828857,0.569872260093689,0.296153724193573,-0.32545146346092224,0.8943389058113098,0.5685256123542786,0.29931551218032837,-0.2866780459880829,0.7933159470558167,0.5712819695472717,0.3048446774482727,-0.3075607419013977,0.8481498956680298,0.56618332862854,0.3059552311897278,-0.2636607885360718,0.7398629188537598,0.5894210934638977,0.5168672204017639,-0.04299825057387352,0.9997612833976746,0.527941107749939,0.501682460308075,0.04297443479299545,0.9993584752082825,0.5744501948356628,0.7040203809738159,-0.10317810624837875,0.9889516234397888,0.44553855061531067,0.6208710074424744,-0.15664854645729065,0.9942033886909485,0.565261721611023,0.8820126056671143,0.05398860573768616,0.991171658039093,0.5387998819351196,0.7300385236740112,0.11356719583272934,0.9177882075309753,0.5626381635665894,0.9044493436813354,0.06267975270748138,0.7891130447387695,0.548988938331604,0.7222123146057129,0.13980284333229065,0.8385044932365417,0.5564838647842407,0.953118622303009,-0.07353892922401428,0.9763650298118591,0.550807774066925,0.8115630149841309,0.08119645714759827,0.8930294513702393
tree,00000132.jpg,0.4915027618408203,0.2561275362968445,-0.23760534822940826,0.9976074695587158,0.49594032764434814,0.2418886423110962,-0.21712294220924377,0.9971465468406677,0.49904167652130127,0.24182602763175964,-0.2171298712491989,0.9963879585266113,0.5019921064376831,0.24191707372665405,-0.2172589898109436,0.9969466328620911,0.48564985394477844,0.24236911535263062,-0.22463101148605347,0.9971781969070435,0.481832355260849,0.24226975440979004,-0.2246764451265335,0.9959197044372559,0.4786182940006256,0.24251309037208557,-0.22469156980514526,0.9960552453994751,0.5044491291046143,0.2507689595222473,-0.11701621860265732,0.9980584979057312,0.4724634885787964,0.25265416502952576,-0.14869937300682068,0.9955986738204956,0.49762997031211853,0.27166441082954407,-0.20000967383384705,0.9951480031013489,0.4849834442138672,0.2708349823951721,-0.20939801633358002,0.995417594909668,0.5170667767524719,0.31575900316238403,-0.09423413127660751,0.9974606037139893,0.45591530203819275,0.31357401609420776,-0.15920676290988922,0.9988970756530762,0.5221837759017944,0.19012820720672607,-0.13280357420444489,0.9752039909362793,0.4656880497932434,0.19399479031562805,-0.2538481056690216,0.9906668066978455,0.5048211812973022,0.08385640382766724,-0.1572752147912979,0.9498683214187622,0.485807865858078,0.0851646363735199,-0.24792972207069397,0.9724301099777222,0.49729129672050476,0.05762341618537903,-0.17565862834453583,0.8918898701667786,0.4911119043827057,0.05781680345535278,-0.2683793306350708,0.933087944984436,0.4962765574455261,0.05660530924797058,-0.16780567169189453,0.8766894936561584,0.49155834317207336,0.056280314922332764,-0.2508135735988617,0.9216545820236206,0.49779826402664185,0.06547263264656067,-0.15873844921588898,0.88914555311203,0.49096155166625977,0.06585890054702759,-0.24497774243354797,0.9226199388504028,0.5187397599220276,0.5372294187545776,0.030233493074774742,0.9994805455207825,0.470856249332428,0.5547103881835938,-0.030269348993897438,0.9997139573097229,0.6078869700431824,0.6369845867156982,-0.07263217121362686,0.9209298491477966,0.48485881090164185,0.7300986647605896,-0.032582372426986694,0.9324898719787598,0.5146949291229248,0.5983410477638245,0.14719915390014648,0.4436088502407074,0.4980384111404419,0.892791748046875,0.14138327538967133,0.9293648600578308,0.5002562403678894,0.5685108304023743,0.1722286343574524,0.5616198778152466,0.4987826943397522,0.9095689058303833,0.15609276294708252,0.870998740196228,0.4891032874584198,0.6313914060592651,0.16476689279079437,0.467453271150589,0.49832165241241455,0.9394208192825317,0.08327127248048782,0.8674423098564148
tree,00000133.jpg,0.505103588104248,0.19604581594467163,-0.6089079976081848,0.9998779296875,0.5166543126106262,0.17955774068832397,-0.5688761472702026,0.9998522996902466,0.5242260098457336,0.1802714467048645,-0.5686653852462769,0.9997900128364563,0.5305013060569763,0.1809464991092682,-0.5687571167945862,0.9998881816864014,0.49350202083587646,0.1792144477367401,-0.55253005027771,0.9997901320457458,0.4845374822616577,0.17959251999855042,-0.5526496171951294,0.9996086955070496,0.4764811098575592,0.1803394854068756,-0.5527371764183044,0.9998074173927307,0.5426539182662964,0.18971702456474304,-0.3354422152042389,0.9997822642326355,0.47110435366630554,0.18932336568832397,-0.2523816227912903,0.9998736381530762,0.5209110975265503,0.2130335569381714,-0.5226527452468872,0.9998036026954651,0.49214276671409607,0.21385234594345093,-0.4992792010307312,0.9997233748435974,0.608996570110321,0.268554151058197,-0.3015798330307007,0.999603807926178,0.4243549406528473,0.26988235116004944,-0.060829177498817444,0.9959993362426758,0.6881479024887085,0.14347997307777405,-0.5138917565345764,0.9978304505348206,0.3193250298500061,0.1522127091884613,0.025605319067835808,0.9930220246315002,0.5191027522087097,0.10059550404548645,-0.41711848974227905,0.9408477544784546,0.4645482003688812,0.09405288100242615,0.2171122431755066,0.8833823800086975,0.5020608305931091,0.07538974285125732,-0.46076735854148865,0.7738842368125916,0.4977916479110718,0.06932249665260315,0.1823488175868988,0.6527770161628723,0.49725860357284546,0.08129733800888062,-0.40777257084846497,0.7449964880943298,0.4978296458721161,0.07439625263214111,0.2496635913848877,0.6132745742797852,0.49921929836273193,0.09492260217666626,-0.4025427997112274,0.7430939078330994,0.48878809809684753,0.08793070912361145,0.2353343665599823,0.6285547614097595,0.5302278995513916,0.5366997122764587,-0.12487652897834778,0.9991409778594971,0.4118198752403259,0.5206645727157593,0.12469147890806198,0.9970691800117493,0.48871684074401855,0.7300997376441956,-0.18803228437900543,0.9685189723968506,0.2134954333305359,0.6133996248245239,-0.11509062349796295,0.9666067957878113,0.46225613355636597,0.9024502038955688,0.08539489656686783,0.9822180867195129,0.42139771580696106,0.6848306059837341,0.5161536335945129,0.7085815668106079,0.45807260274887085,0.9231212139129639,0.10416751354932785,0.8911315202713013,0.45759421586990356,0.6774342060089111,0.5811678767204285,0.7132996320724487,0.4580341875553131,0.9676889181137085,-0.1666334569454193,0.9663339853286743,0.46641793847084045,0.7685904502868652,0.5266951322555542,0.7191905975341797
tree,00000134.jpg,0.5560709238052368,0.4781710207462311,-0.014048472978174686,0.9754729866981506,0.5562537312507629,0.47236037254333496,-0.0019555629696696997,0.9729624390602112,0.5562954545021057,0.47211945056915283,-0.0020527455490082502,0.9691537022590637,0.5566698908805847,0.471920907497406,-0.0021364083513617516,0.9763487577438354,0.5560463070869446,0.4733162522315979,-0.03534179925918579,0.9768157005310059,0.5556933879852295,0.47355806827545166,-0.035278234630823135,0.9723889827728271,0.5556930899620056,0.4737100601196289,-0.035386789590120316,0.9729571342468262,0.5471379160881042,0.47340112924575806,0.068109430372715,0.9749540686607361,0.5389086008071899,0.47302794456481934,-0.08293018490076065,0.9674578905105591,0.5549169182777405,0.4872469902038574,0.01695091463625431,0.9559187889099121,0.5547135472297668,0.48799246549606323,-0.026903459802269936,0.9454607367515564,0.5255623459815979,0.5293490886688232,0.16218949854373932,0.985475480556488,0.5187966823577881,0.5152003765106201,-0.1589348465204239,0.9865846037864685,0.5418519973754883,0.5554717779159546,0.22240154445171356,0.06639760732650757,0.5403820872306824,0.48678141832351685,-0.31156179308891296,0.8356245756149292,0.5547466278076172,0.571223795413971,0.13027772307395935,0.04710613191127777,0.583502471446991,0.43783456087112427,-0.36105605959892273,0.6438912749290466,0.5541850924491882,0.5791935920715332,0.12229590862989426,0.056930720806121826,0.59346604347229,0.4276304841041565,-0.3977832794189453,0.5745764970779419,0.5536128878593445,0.575524628162384,0.0884794145822525,0.06030041724443436,0.5899796485900879,0.42642664909362793,-0.3803650736808777,0.5440206527709961,0.5547232627868652,0.5732182264328003,0.1130954921245575,0.06626398861408234,0.5846837759017944,0.430549681186676,-0.35487526655197144,0.49530625343322754,0.5009167790412903,0.6673570275306702,0.10937231779098511,0.9983471632003784,0.5081703662872314,0.6671009063720703,-0.10952699929475784,0.9964612126350403,0.5115858316421509,0.7809833884239197,0.07875847071409225,0.6455655694007874,0.6168637275695801,0.7209268808364868,-0.13063162565231323,0.9279787540435791,0.4810935854911804,0.8802738189697266,0.08535050600767136,0.704494833946228,0.5241757035255432,0.7810219526290894,0.08777157962322235,0.6390178203582764,0.45958831906318665,0.8917084336280823,0.08341483026742935,0.7356203198432922,0.5179142355918884,0.8011248111724854,0.11277284473180771,0.6116369366645813,0.5103329420089722,0.9243420958518982,0.05006753280758858,0.6957857012748718,0.5538299679756165,0.8435092568397522,0.14544928073883057,0.606875479221344
tree,00000135.jpg,0.3785003423690796,0.2020207643508911,-0.20622743666172028,0.9975444674491882,0.37450873851776123,0.18488556146621704,-0.18686282634735107,0.9949001669883728,0.37331998348236084,0.18416163325309753,-0.18710169196128845,0.9954865574836731,0.3718477487564087,0.1832883059978485,-0.1872628629207611,0.9957079887390137,0.3702508211135864,0.18471688032150269,-0.2625793218612671,0.9966055154800415,0.36597758531570435,0.18401026725769043,-0.26257768273353577,0.9968894124031067,0.3606182932853699,0.18316680192947388,-0.26266613602638245,0.9968992471694946,0.3397180140018463,0.1833016276359558,-0.05484499782323837,0.9940621256828308,0.3264296054840088,0.1845846176147461,-0.3947470188140869,0.9965772032737732,0.3684804141521454,0.21522104740142822,-0.14678534865379333,0.9960110187530518,0.36048465967178345,0.21500828862190247,-0.24536284804344177,0.9975556135177612,0.28116968274116516,0.2637409567832947,0.18822889029979706,0.9965267777442932,0.2869876027107239,0.2627579867839813,-0.5281785726547241,0.99982088804245,0.3741697072982788,0.35731714963912964,0.2941459119319916,0.12118914723396301,0.40891507267951965,0.3593720495700836,-0.5696646571159363,0.983822762966156,0.5396682024002075,0.35073140263557434,0.07705061137676239,0.22419151663780212,0.5625925064086914,0.34885165095329285,-0.4515272080898285,0.9756687879562378,0.5621315240859985,0.33550703525543213,0.0510820671916008,0.2737198770046234,0.5880763530731201,0.33647167682647705,-0.5190709233283997,0.9656319618225098,0.562667727470398,0.3289338946342468,-0.00975941214710474,0.2859816551208496,0.5797164440155029,0.3264175355434418,-0.4930902123451233,0.9624652862548828,0.5566650629043579,0.33384162187576294,0.03999441862106323,0.28982824087142944,0.5728796720504761,0.3299906253814697,-0.43951743841171265,0.9387861490249634,0.264270544052124,0.47977107763290405,0.22302688658237457,0.9871503114700317,0.25980985164642334,0.4862910807132721,-0.22263433039188385,0.996569037437439,0.3731401264667511,0.5366697907447815,0.5395187735557556,0.3129732310771942,0.30135977268218994,0.6476307511329651,-0.09239145368337631,0.9587762951850891,0.29525211453437805,0.6409895420074463,0.9048915505409241,0.36932480335235596,0.2818623483181,0.8039625287055969,0.06881365180015564,0.959023118019104,0.27330344915390015,0.653135359287262,0.9368208050727844,0.5428118109703064,0.2593379020690918,0.8329476118087769,0.07789008319377899,0.9533054828643799,0.3334793448448181,0.6632897853851318,0.9056985378265381,0.5712754130363464,0.37420809268951416,0.8312513828277588,-0.08385661989450455,0.9365060925483704
tree,00000136.jpg,0.4083883464336395,0.2307721972465515,-0.2941558063030243,0.9991795420646667,0.4005708694458008,0.21868115663528442,-0.2831437587738037,0.999247670173645,0.40334445238113403,0.21425527334213257,-0.2831186056137085,0.9987927675247192,0.4064215123653412,0.20992743968963623,-0.28306570649147034,0.9991088509559631,0.3948090076446533,0.23315131664276123,-0.2506338655948639,0.9989622831344604,0.3930998146533966,0.23822307586669922,-0.25071510672569275,0.998227059841156,0.39146167039871216,0.24361369013786316,-0.2507367730140686,0.998963475227356,0.4226226210594177,0.2106093466281891,-0.18738828599452972,0.9988579750061035,0.39974498748779297,0.25486430525779724,-0.03375660628080368,0.9985507130622864,0.4316485524177551,0.230464905500412,-0.2579326927661896,0.9984862804412842,0.42283546924591064,0.24713608622550964,-0.2128513753414154,0.9976000189781189,0.5131967067718506,0.20846983790397644,-0.20404267311096191,0.9990546107292175,0.42990097403526306,0.31436195969581604,0.07008934766054153,0.9979532957077026,0.3820699155330658,0.13961732387542725,-0.3793956935405731,0.993827760219574,0.3002344071865082,0.27400970458984375,0.08381810784339905,0.9707851409912109,0.24453890323638916,0.11531585454940796,-0.36967429518699646,0.9717540144920349,0.1968734860420227,0.19798502326011658,-0.03479617089033127,0.9388922452926636,0.21506789326667786,0.12769901752471924,-0.4407719075679779,0.9084160327911377,0.19658082723617554,0.1710086464881897,-0.08230318874120712,0.8523738980293274,0.21377599239349365,0.1350867748260498,-0.4162607789039612,0.901401698589325,0.20105311274528503,0.16586872935295105,-0.10197700560092926,0.8530794382095337,0.22122737765312195,0.1359088122844696,-0.3685530126094818,0.8862460851669312,0.2036275565624237,0.1719958484172821,-0.05509145185351372,0.8588457703590393,0.6337686777114868,0.49258917570114136,-0.07460515946149826,0.9996862411499023,0.5408492684364319,0.5100883841514587,0.07441804558038712,0.9996960163116455,0.656295895576477,0.6964545845985413,0.010712586343288422,0.9773263335227966,0.510901689529419,0.7080623507499695,0.14880910515785217,0.9819833040237427,0.6864882707595825,0.8872292041778564,0.27500930428504944,0.9785944819450378,0.45685499906539917,0.8896483778953552,0.3691326677799225,0.9767358303070068,0.6750932931900024,0.9151197671890259,0.2904760539531708,0.9356799125671387,0.4679839313030243,0.9175654649734497,0.38242605328559875,0.9278960227966309,0.7379516363143921,0.9384909868240356,0.08697142452001572,0.9616716504096985,0.3907615840435028,0.9429507851600647,0.20791451632976532,0.9646247029304504
tree,00000137.jpg,0.5326208472251892,0.3120994567871094,-0.5606216192245483,0.9971007704734802,0.5411410927772522,0.2981751263141632,-0.5263012051582336,0.9977600574493408,0.5483469367027283,0.29705214500427246,-0.5262364745140076,0.9971619844436646,0.5560656785964966,0.29597383737564087,-0.5263724327087402,0.9981063604354858,0.5192698240280151,0.2985633611679077,-0.5184223055839539,0.9965088963508606,0.5127220153808594,0.2977231740951538,-0.5186638236045837,0.994819700717926,0.5066475868225098,0.29709142446517944,-0.5189403295516968,0.9966456294059753,0.5671629309654236,0.29893627762794495,-0.34656089544296265,0.996107280254364,0.4993702471256256,0.3025781810283661,-0.3050539791584015,0.9976289868354797,0.5452753901481628,0.32645851373672485,-0.4918297529220581,0.9958100318908691,0.5237370133399963,0.32487601041793823,-0.48049524426460266,0.9920563101768494,0.6082059741020203,0.35783642530441284,-0.38525938987731934,0.9903966188430786,0.46515244245529175,0.35667476058006287,-0.26593050360679626,0.988579511642456,0.6573434472084045,0.23780646920204163,-0.6436654329299927,0.9817662239074707,0.4358247220516205,0.23546725511550903,-0.40707793831825256,0.9776002764701843,0.5828713774681091,0.13200661540031433,-0.7059624791145325,0.9289015531539917,0.5155575275421143,0.13024261593818665,-0.43144235014915466,0.9659913182258606,0.5735794901847839,0.10161721706390381,-0.7614597082138062,0.8559280633926392,0.5383503437042236,0.10202661156654358,-0.49532750248908997,0.9254063963890076,0.5666065812110901,0.10369986295700073,-0.7366949319839478,0.8352763652801514,0.5406955480575562,0.10274332761764526,-0.4675699770450592,0.9152553081512451,0.5652222037315369,0.11604955792427063,-0.7041411399841309,0.8434351682662964,0.5360690951347351,0.11466291546821594,-0.43245744705200195,0.9183801412582397,0.5773025155067444,0.5751780867576599,-0.07562220096588135,0.9972445964813232,0.4765884280204773,0.5752511024475098,0.075424425303936,0.9934743046760559,0.568352222442627,0.7384176850318909,-0.03597070649266243,0.9297153949737549,0.2559068500995636,0.6687119007110596,-0.12489441782236099,0.9548078179359436,0.558465301990509,0.9015799760818481,0.18675768375396729,0.9755590558052063,0.49486538767814636,0.6585909724235535,0.401614248752594,0.6329874396324158,0.5531657338142395,0.9255936145782471,0.19697320461273193,0.8598918914794922,0.5178857445716858,0.6444928646087646,0.45529496669769287,0.6131834387779236,0.5577250719070435,0.9418732523918152,-0.0247182697057724,0.9405859112739563,0.5324465036392212,0.729131817817688,0.4447740614414215,0.5609371662139893
tree,00000138.jpg,0.555603563785553,0.17948681116104126,-0.15829354524612427,0.9999371767044067,0.5597159266471863,0.16390493512153625,-0.1408846080303192,0.9999181032180786,0.5623413324356079,0.16336992383003235,-0.14091037213802338,0.9999072551727295,0.5650228261947632,0.16319632530212402,-0.1409105360507965,0.9999208450317383,0.5520361065864563,0.16369178891181946,-0.13945767283439636,0.9998737573623657,0.5489434599876404,0.1633007526397705,-0.13947466015815735,0.9998482465744019,0.5456112623214722,0.16248977184295654,-0.13951092958450317,0.9998843669891357,0.5685673356056213,0.17037639021873474,-0.039145782589912415,0.9998127818107605,0.5411598682403564,0.16825973987579346,-0.03322223573923111,0.999875545501709,0.560100793838501,0.19463109970092773,-0.12049497663974762,0.9999291896820068,0.5497182011604309,0.19342422485351562,-0.11901389062404633,0.9998607635498047,0.5959104299545288,0.2651481628417969,-0.0077748666517436504,0.9996253252029419,0.5160552263259888,0.25885242223739624,0.0076174079440534115,0.9984311461448669,0.6063283681869507,0.37492239475250244,-0.13021157681941986,0.9652584195137024,0.5052352547645569,0.36384955048561096,-0.11117246001958847,0.9658629894256592,0.5611491799354553,0.2881101369857788,-0.28276607394218445,0.9576088190078735,0.5521868467330933,0.27735215425491333,-0.2804109752178192,0.9418736100196838,0.5584927201271057,0.25963133573532104,-0.3101117014884949,0.9111166596412659,0.5562912821769714,0.2502504289150238,-0.31734150648117065,0.8706883788108826,0.5585234761238098,0.2535378336906433,-0.2981084883213043,0.9019424915313721,0.5548527240753174,0.2428947538137436,-0.3011986017227173,0.8461275696754456,0.559112548828125,0.2625942826271057,-0.2803742289543152,0.8651810884475708,0.5539215803146362,0.2514743208885193,-0.27765756845474243,0.7977626919746399,0.570097804069519,0.4892631471157074,-0.021789994090795517,0.9996639490127563,0.525844395160675,0.4827660322189331,0.021910304203629494,0.9989367127418518,0.5626880526542664,0.6600751876831055,-0.01747608371078968,0.973016083240509,0.4529167413711548,0.5802863240242004,-0.1134236678481102,0.9902447462081909,0.5484872460365295,0.8154675960540771,0.09991101920604706,0.9808967113494873,0.536745548248291,0.5526074171066284,0.1494472175836563,0.42856115102767944,0.5452287197113037,0.8343969583511353,0.1085311621427536,0.861133873462677,0.5486651062965393,0.5377145409584045,0.1775221973657608,0.4535975456237793,0.5421063303947449,0.8705917596817017,0.014292392879724503,0.9725905656814575,0.5586912631988525,0.61952805519104,0.16521194577217102,0.4818401634693146
tree,00000139.jpg,0.5445381999015808,0.26173514127731323,-0.1916654109954834,0.9992977380752563,0.5495139956474304,0.24699753522872925,-0.16986654698848724,0.999313235282898,0.5532090067863464,0.24662163853645325,-0.1698790043592453,0.9990614056587219,0.5569597482681274,0.24645504355430603,-0.1699313521385193,0.9994686245918274,0.5379457473754883,0.24896621704101562,-0.16167780756950378,0.9988089799880981,0.533994734287262,0.24995145201683044,-0.16169984638690948,0.997829020023346,0.530624270439148,0.251156747341156,-0.1617550104856491,0.9987218976020813,0.5652596950531006,0.2546498775482178,-0.07238779217004776,0.9991389513015747,0.5270949602127075,0.26009058952331543,-0.03277426213026047,0.9991540908813477,0.5535082221031189,0.27993473410606384,-0.15779942274093628,0.9992456436157227,0.5402146577835083,0.2820475995540619,-0.14656436443328857,0.9985103011131287,0.5916084051132202,0.3191615045070648,-0.09272406250238419,0.9987040758132935,0.511371374130249,0.3352277874946594,0.0074705695733428,0.9928008317947388,0.5972405076026917,0.20037782192230225,-0.19941888749599457,0.9871188402175903,0.4962380826473236,0.20801767706871033,-0.004854158498346806,0.9482492208480835,0.5911630392074585,0.09226486086845398,-0.23679158091545105,0.9566755890846252,0.5030316710472107,0.10166507959365845,-0.030751075595617294,0.9075590372085571,0.592779815196991,0.06612217426300049,-0.2670022249221802,0.9183336496353149,0.5009192228317261,0.0715598464012146,-0.06806880980730057,0.8482547402381897,0.5899566411972046,0.06682482361793518,-0.27001962065696716,0.9074729084968567,0.5041990876197815,0.07096284627914429,-0.06409706175327301,0.8299576044082642,0.5882458686828613,0.0744263231754303,-0.24269746243953705,0.9037217497825623,0.5074732303619385,0.08105644583702087,-0.03837735205888748,0.8428235650062561,0.575567364692688,0.5799850821495056,-0.03761821612715721,0.9997604489326477,0.5233184695243835,0.5725217461585999,0.03774283081293106,0.9989956021308899,0.56144118309021,0.7699765563011169,-0.022390399128198624,0.9735493063926697,0.4423251152038574,0.665602445602417,-0.13516925275325775,0.9866798520088196,0.5468285083770752,0.926531195640564,0.12056352943181992,0.9903870224952698,0.5385992527008057,0.6524819731712341,0.19582433998584747,0.660629153251648,0.5413854718208313,0.9421451687812805,0.1281765252351761,0.9199345111846924,0.5547745227813721,0.6401987075805664,0.2286694198846817,0.6597906947135925,0.5452002286911011,0.9740315079689026,-0.00434682983905077,0.9797318577766418,0.5623790621757507,0.714570939540863,0.20711953938007355,0.6844214797019958
tree,00000140.png,0.521748960018158,0.2551465928554535,-0.2793270945549011,0.9990143775939941,0.5274847745895386,0.2393445372581482,-0.2584272027015686,0.9990574717521667,0.5315446853637695,0.2393037974834442,-0.25839194655418396,0.9988695979118347,0.5348064303398132,0.23944377899169922,-0.25844815373420715,0.999293327331543,0.5160382390022278,0.24060624837875366,-0.2520793378353119,0.9985124468803406,0.5121779441833496,0.24112612009048462,-0.25216424465179443,0.9976851940155029,0.5090022087097168,0.24171996116638184,-0.25227996706962585,0.9984869956970215,0.5406545996665955,0.2467406988143921,-0.1548183411359787,0.9987506866455078,0.5065132975578308,0.24965688586235046,-0.12217175215482712,0.9988300204277039,0.5300897359848022,0.27269354462623596,-0.24125927686691284,0.9984949827194214,0.516457736492157,0.2713847756385803,-0.2321585714817047,0.9971099495887756,0.5655370950698853,0.3151669502258301,-0.16601581871509552,0.9975372552871704,0.48937085270881653,0.3194650113582611,-0.08143503218889236,0.9918312430381775,0.5723322033882141,0.19985038042068481,-0.2785191535949707,0.9880071878433228,0.47975990176200867,0.20121148228645325,-0.09913996607065201,0.9716373682022095,0.538081169128418,0.09989383816719055,-0.3055430054664612,0.939723789691925,0.5190238952636719,0.10259327292442322,-0.0816136822104454,0.9105443954467773,0.5310772657394409,0.07600593566894531,-0.3342025578022003,0.8776717185974121,0.5263292193412781,0.07996577024459839,-0.11235855519771576,0.8048387169837952,0.5290353894233704,0.07599976658821106,-0.32707974314689636,0.8628203868865967,0.526187539100647,0.08070743083953857,-0.09855782985687256,0.7837245464324951,0.5299418568611145,0.08363261818885803,-0.3067307472229004,0.8556205034255981,0.5246826410293579,0.08927372097969055,-0.08308447897434235,0.7939711213111877,0.5387335419654846,0.5572335720062256,-0.04171367362141609,0.9991273283958435,0.4868428409099579,0.5509278774261475,0.04167025536298752,0.9975122213363647,0.5276445150375366,0.7224390506744385,-0.02766839973628521,0.9684336185455322,0.39589524269104004,0.6524510979652405,-0.10467394441366196,0.9726511240005493,0.5113277435302734,0.8826613426208496,0.15819226205348969,0.9811675548553467,0.49048465490341187,0.6290894150733948,0.2698975205421448,0.5563157796859741,0.5070995092391968,0.9025152921676636,0.17148146033287048,0.8498693108558655,0.5031710863113403,0.615680456161499,0.3083076775074005,0.5668322443962097,0.5019198060035706,0.923417329788208,0.05582403391599655,0.957378625869751,0.5033297538757324,0.7012581825256348,0.3031136691570282,0.5807225108146667
tree,00000141.jpg,0.4521222710609436,0.3049602508544922,-0.6706050634384155,0.9996091723442078,0.47015437483787537,0.29621294140815735,-0.6035716533660889,0.9994609951972961,0.4753148555755615,0.29874786734580994,-0.603614330291748,0.9993257522583008,0.48091429471969604,0.3015469014644623,-0.6040472388267517,0.9993639588356018,0.4512779116630554,0.2864263653755188,-0.6151825189590454,0.9993535876274109,0.4431522488594055,0.28222471475601196,-0.615193247795105,0.999067485332489,0.4343484044075012,0.27828365564346313,-0.6151794195175171,0.9990966320037842,0.4799429178237915,0.3081497848033905,-0.27922454476356506,0.9993450045585632,0.4116244316101074,0.2799786329269409,-0.3311355710029602,0.9985640645027161,0.4493907690048218,0.32261186838150024,-0.5527175664901733,0.9991067051887512,0.42485231161117554,0.3118570148944855,-0.5688304305076599,0.9991831183433533,0.4707542657852173,0.39036089181900024,-0.07083165645599365,0.9993639588356018,0.3127392530441284,0.32314276695251465,-0.35782986879348755,0.999350368976593,0.6574175357818604,0.3727070391178131,-0.06838113814592361,0.9964314699172974,0.35384640097618103,0.1970311403274536,-0.6049736142158508,0.9962915182113647,0.8345939517021179,0.3270761966705322,-0.28995993733406067,0.9962806105613708,0.4369753897190094,0.0836564302444458,-0.7200155854225159,0.9957315325737,0.8812860250473022,0.31995633244514465,-0.33047929406166077,0.9885804057121277,0.47027885913848877,0.04836428165435791,-0.8227723836898804,0.9845864772796631,0.8846249580383301,0.3118812143802643,-0.39908719062805176,0.9891097545623779,0.48055294156074524,0.048950791358947754,-0.7845620512962341,0.9833475947380066,0.8686858415603638,0.3139599859714508,-0.33304765820503235,0.9896864295005798,0.4740913510322571,0.06009727716445923,-0.7253180146217346,0.9826470017433167,0.34000396728515625,0.5713000297546387,0.14134755730628967,0.9993497729301453,0.21675539016723633,0.5858530402183533,-0.14114515483379364,0.9995434880256653,0.5965033769607544,0.6297719478607178,-0.018256578594446182,0.8974766135215759,0.27277109026908875,0.7683725953102112,-0.28503748774528503,0.9732403755187988,0.34215229749679565,0.6702609062194824,0.5221757888793945,0.687787652015686,0.3445662558078766,0.9328690767288208,0.09967394918203354,0.9845060706138611,0.30505821108818054,0.659019947052002,0.5738413333892822,0.8071315884590149,0.3539564907550812,0.943323016166687,0.13095436990261078,0.9623449444770813,0.2579304575920105,0.7531192898750305,0.441400945186615,0.6419535875320435,0.3503282070159912,0.9860775470733643,-0.1514768898487091,0.9624069929122925
tree,00000142.jpg,0.5326523780822754,0.12877631187438965,-0.4612671732902527,0.9999805688858032,0.5435259938240051,0.11454588174819946,-0.4118883013725281,0.999981164932251,0.5510521531105042,0.11429977416992188,-0.4118589460849762,0.999977707862854,0.5568687319755554,0.11435204744338989,-0.4119018018245697,0.9999812841415405,0.5174527764320374,0.11482805013656616,-0.41165637969970703,0.999975323677063,0.5089386701583862,0.11484643816947937,-0.4118267893791199,0.9999723434448242,0.5004198551177979,0.1151391863822937,-0.411868155002594,0.9999816417694092,0.5707783699035645,0.12261369824409485,-0.12722815573215485,0.9999450445175171,0.48652002215385437,0.12336453795433044,-0.13069726526737213,0.9999845027923584,0.5497976541519165,0.14550969004631042,-0.3527493178844452,0.9999808073043823,0.517269492149353,0.14544031023979187,-0.3542090952396393,0.9999669790267944,0.6486072540283203,0.22228620946407318,-0.010345264337956905,0.9999071359634399,0.4162241220474243,0.21041761338710785,0.03543509915471077,0.9993311166763306,0.7207532525062561,0.32320186495780945,-0.2096080780029297,0.9775786399841309,0.3357268273830414,0.3090847134590149,-0.12235850840806961,0.9757888317108154,0.561741828918457,0.2941470742225647,-0.4789869785308838,0.9411641955375671,0.4945230484008789,0.29357683658599854,-0.3482058346271515,0.8998298645019531,0.5376679301261902,0.26920583844184875,-0.5290129780769348,0.8624294400215149,0.5317257046699524,0.26899030804634094,-0.41338393092155457,0.7775933742523193,0.5347084403038025,0.26257139444351196,-0.4927384853363037,0.8506380319595337,0.5269387364387512,0.2632251977920532,-0.3618837594985962,0.7460060119628906,0.5412063598632812,0.26921361684799194,-0.4642004668712616,0.8038983941078186,0.5208210945129395,0.2705947756767273,-0.32881686091423035,0.688082754611969,0.5638073086738586,0.4432416558265686,-0.09361185133457184,0.9995983242988586,0.43839144706726074,0.4273359477519989,0.09382379800081253,0.9980904459953308,0.5051601529121399,0.6161098480224609,-0.07404489070177078,0.9617522358894348,0.2083633840084076,0.511070966720581,-0.25417861342430115,0.9841374158859253,0.4813573360443115,0.7811359167098999,0.3091522455215454,0.9848722219467163,0.4446924924850464,0.514028787612915,0.5292022228240967,0.6156882643699646,0.47553595900535583,0.7990312576293945,0.3373173177242279,0.8718377351760864,0.4834577143192291,0.5021504759788513,0.6149401664733887,0.643853485584259,0.47154557704925537,0.8315432667732239,0.0871322751045227,0.9785642623901367,0.49775856733322144,0.5878737568855286,0.6099779009819031,0.6481944918632507
tree,00000143.jpg,0.8466799855232239,0.27304115891456604,-0.00523901404812932,0.9956812858581543,0.8437228798866272,0.2610895037651062,-0.01799914427101612,0.9952325224876404,0.8425929546356201,0.26048851013183594,-0.018013132736086845,0.9946883916854858,0.8413395285606384,0.2599274516105652,-0.01804422214627266,0.994865357875824,0.8467808961868286,0.26157882809638977,-0.016116760671138763,0.993891716003418,0.8476455211639404,0.26140740513801575,-0.01617652364075184,0.9931544065475464,0.8487048149108887,0.26139044761657715,-0.01631375029683113,0.994524359703064,0.8402767777442932,0.2607726454734802,-0.04881994053721428,0.9951759576797485,0.8517801761627197,0.26383671164512634,-0.041510336101055145,0.9963082671165466,0.8467147350311279,0.28101974725723267,-0.011743632145226002,0.9913538098335266,0.8487013578414917,0.28083911538124084,-0.010271863080561161,0.9885867238044739,0.8331901431083679,0.31706860661506653,-0.07874051481485367,0.9952492713928223,0.8413559794425964,0.31900402903556824,-0.024452723562717438,0.993575394153595,0.8260831832885742,0.20697686076164246,-0.08925226330757141,0.9356253147125244,0.8510640263557434,0.19668614864349365,-0.017563730478286743,0.8697555661201477,0.8427687883377075,0.12237057089805603,-0.09374452382326126,0.896696150302887,0.847257673740387,0.11908486485481262,-0.02411733940243721,0.9157646298408508,0.841852605342865,0.09605836868286133,-0.11085990816354752,0.8590700030326843,0.8473027944564819,0.09304094314575195,-0.04592373967170715,0.8771489858627319,0.843125581741333,0.09642544388771057,-0.113562673330307,0.8535925149917603,0.8458524346351624,0.09449636936187744,-0.043551456183195114,0.8687646389007568,0.8440196514129639,0.10430705547332764,-0.0970400795340538,0.8466231226921082,0.8459500074386597,0.1032760739326477,-0.026928367093205452,0.8505789637565613,0.8425838351249695,0.5794246792793274,-0.048755254596471786,0.9989956021308899,0.8487729430198669,0.5781089067459106,0.04861488565802574,0.9977579712867737,0.8116758465766907,0.7405756115913391,-0.022569917142391205,0.9505174160003662,0.7961973547935486,0.6710079908370972,0.06797417998313904,0.7778170108795166,0.852737545967102,0.8813632726669312,0.11948733031749725,0.8182706832885742,0.8463147282600403,0.7445656061172485,0.1911439299583435,0.5782501697540283,0.8469306230545044,0.8537117838859558,0.13322442770004272,0.7860612273216248,0.8558903336524963,0.7472368478775024,0.2038472592830658,0.7080793976783752,0.8303319215774536,0.8805339932441711,0.11743168532848358,0.742371678352356,0.8491147756576538,0.7875841856002808,0.20551404356956482,0.5570476055145264
tree,00000144.jpg,0.5135115385055542,0.22807353734970093,-0.5937907695770264,0.999962329864502,0.5251573324203491,0.21354931592941284,-0.5495962500572205,0.9998811483383179,0.5315731167793274,0.2134092152118683,-0.5497106313705444,0.9998736381530762,0.5366501808166504,0.21317359805107117,-0.5499763488769531,0.9998785257339478,0.5005084872245789,0.21424567699432373,-0.5548523664474487,0.9998605251312256,0.49049368500709534,0.21473580598831177,-0.554865837097168,0.9998089671134949,0.48265495896339417,0.2150580883026123,-0.5547158122062683,0.9997630715370178,0.5450160503387451,0.216265469789505,-0.29910388588905334,0.999910831451416,0.4695143401622772,0.21760091185569763,-0.3284144103527069,0.9995388984680176,0.5282248854637146,0.2429986596107483,-0.5026941299438477,0.9999150037765503,0.4980146884918213,0.24449147284030914,-0.510459303855896,0.9998990297317505,0.607176661491394,0.2897725999355316,-0.16818730533123016,0.9999121427536011,0.4171767234802246,0.29172879457473755,-0.19536826014518738,0.9996172189712524,0.7489773631095886,0.29429206252098083,-0.1503855437040329,0.9985427856445312,0.27620604634284973,0.30224883556365967,-0.1880764216184616,0.9951745867729187,0.8873579502105713,0.28655004501342773,-0.46609029173851013,0.9988779425621033,0.13577857613563538,0.29952627420425415,-0.4179142713546753,0.9924150109291077,0.9361609816551208,0.2910100221633911,-0.5278358459472656,0.996163010597229,0.08912748098373413,0.30172938108444214,-0.4656837582588196,0.9791070222854614,0.9355963468551636,0.28755703568458557,-0.6084757447242737,0.9967849254608154,0.08837559819221497,0.29780781269073486,-0.5287290215492249,0.981846034526825,0.9212127923965454,0.2865241765975952,-0.5127890706062317,0.9969689249992371,0.09956109523773193,0.2979021370410919,-0.456440806388855,0.9827191829681396,0.5899499654769897,0.47595202922821045,0.04792504012584686,0.9987081289291382,0.4837424159049988,0.4932137131690979,-0.04778221994638443,0.9986897110939026,0.7823655605316162,0.5345959663391113,-0.26525765657424927,0.9469194412231445,0.5161741971969604,0.6496483087539673,-0.12661510705947876,0.9761655330657959,0.5770175457000732,0.575951337814331,0.3414824903011322,0.5783755779266357,0.5413733720779419,0.7750473022460938,0.22979052364826202,0.9650458693504333,0.5417207479476929,0.5667099356651306,0.40005654096603394,0.663242518901825,0.5453900694847107,0.7882001399993896,0.25573596358299255,0.8760612607002258,0.5306273102760315,0.639700174331665,0.2959684133529663,0.6605845093727112,0.5455516576766968,0.8216346502304077,0.017430592328310013,0.9442960619926453
tree,00000145.png,0.5431990623474121,0.3218991160392761,-0.35542482137680054,0.999743640422821,0.5412083864212036,0.3041859269142151,-0.30821022391319275,0.999620795249939,0.5438048839569092,0.3049311637878418,-0.3084157407283783,0.9996156692504883,0.5465797185897827,0.305839478969574,-0.3086114525794983,0.9995875954627991,0.5245376229286194,0.3028469681739807,-0.3533114194869995,0.9995230436325073,0.5152963399887085,0.3026721179485321,-0.353524386882782,0.9995368719100952,0.5055680274963379,0.3027770221233368,-0.3534383475780487,0.9994789958000183,0.5257404446601868,0.3137666881084442,-0.07333125174045563,0.9994953870773315,0.4627326428890228,0.3119477927684784,-0.29093679785728455,0.9996428489685059,0.5435009002685547,0.3387586176395416,-0.26741087436676025,0.9994890689849854,0.5207350254058838,0.3375685214996338,-0.3304242491722107,0.9995689988136292,0.5293272137641907,0.3939633369445801,0.03949470445513725,0.9981787204742432,0.39949363470077515,0.38336172699928284,-0.3469102084636688,0.9993896484375,0.5568065643310547,0.260354220867157,0.06282251328229904,0.8197450637817383,0.4235120415687561,0.24482828378677368,-0.5877390503883362,0.9870535731315613,0.4984281659126282,0.132338285446167,-0.0648210272192955,0.7567223906517029,0.4429588317871094,0.10713380575180054,-0.5138086676597595,0.9566921591758728,0.47955024242401123,0.09477061033248901,-0.10656292736530304,0.6593014597892761,0.44663292169570923,0.07522523403167725,-0.5708062052726746,0.916614830493927,0.47600823640823364,0.08994877338409424,-0.09213626384735107,0.6519646644592285,0.4456344246864319,0.07282096147537231,-0.5112454295158386,0.9032912254333496,0.47970786690711975,0.10153406858444214,-0.07470860332250595,0.6801881790161133,0.44506216049194336,0.08317512273788452,-0.49965453147888184,0.907320499420166,0.5235985517501831,0.6404576897621155,0.19048480689525604,0.9976339340209961,0.4284106492996216,0.654459536075592,-0.19006939232349396,0.9993283748626709,0.75580894947052,0.7022944092750549,0.29233673214912415,0.8922054171562195,0.6032975912094116,0.6417307257652283,-0.8738110065460205,0.9964179992675781,0.6997261047363281,0.8421857357025146,0.535709798336029,0.9662492871284485,0.7008497714996338,0.6869897842407227,-0.6486356854438782,0.9908812046051025,0.66470867395401,0.8637998700141907,0.5585143566131592,0.9459789395332336,0.7537329196929932,0.7528012990951538,-0.6216129064559937,0.9741652607917786,0.8182786107063293,0.9256213903427124,0.5237454175949097,0.9524474143981934,0.8901844024658203,0.7743939161300659,-0.7336772084236145,0.9817087650299072
tree,00000146.jpg,0.3465915620326996,0.3578054904937744,-0.0015357626834884286,0.999277651309967,0.34260284900665283,0.34614428877830505,-0.006854756735265255,0.9991884827613831,0.34071841835975647,0.3456043303012848,-0.006852627266198397,0.9991840720176697,0.3389493525028229,0.3452496826648712,-0.006844174116849899,0.9991080164909363,0.3460296392440796,0.34666529297828674,-0.028284940868616104,0.999303936958313,0.34645044803619385,0.34638434648513794,-0.028277013450860977,0.9993512034416199,0.34705352783203125,0.34636151790618896,-0.028337880969047546,0.9991729855537415,0.33115243911743164,0.34971997141838074,-0.004616993945091963,0.9994687438011169,0.3434995412826538,0.35355475544929504,-0.103768490254879,0.9996048808097839,0.3436092436313629,0.36828184127807617,0.005846919491887093,0.9990382194519043,0.34673768281936646,0.36882585287094116,-0.023040948435664177,0.9987727999687195,0.30194327235221863,0.40600481629371643,0.05175193026661873,0.9987370371818542,0.3408297598361969,0.40715426206588745,-0.15784385800361633,0.9989023208618164,0.30353841185569763,0.29709935188293457,0.12035050243139267,0.712148904800415,0.34450438618659973,0.3068983852863312,-0.20892111957073212,0.9455227851867676,0.3231455683708191,0.21083083748817444,0.0965186133980751,0.8466457724571228,0.3340874910354614,0.21205586194992065,-0.19535484910011292,0.9596625566482544,0.3208412826061249,0.18452727794647217,0.08869665861129761,0.8244361281394958,0.33212366700172424,0.18435955047607422,-0.21613073348999023,0.9385648369789124,0.322942316532135,0.1841326653957367,0.07077760994434357,0.8177613019943237,0.32952243089675903,0.1848900318145752,-0.2119005173444748,0.9308879971504211,0.32394954562187195,0.19254902005195618,0.08633401244878769,0.8189923167228699,0.33001700043678284,0.1964244246482849,-0.192674919962883,0.9136186242103577,0.31823745369911194,0.6294371485710144,0.07679461687803268,0.9999417066574097,0.3310590386390686,0.6243510842323303,-0.0772460401058197,0.9997627139091492,0.31897562742233276,0.7839304208755493,0.12004571408033371,0.9825518131256104,0.42744600772857666,0.6874749064445496,-0.06302093714475632,0.98885577917099,0.31894761323928833,0.917601466178894,0.15553264319896698,0.9688906669616699,0.3386325240135193,0.7020769715309143,0.15035414695739746,0.8648931980133057,0.3176709711551666,0.9348324537277222,0.1583564579486847,0.9739561080932617,0.32940787076950073,0.6936635971069336,0.17629998922348022,0.9189552068710327,0.3224760591983795,0.9401489496231079,0.1537168174982071,0.7937116026878357,0.3314090669155121,0.7338991761207581,0.24061311781406403,0.6430208086967468
tree,00000147.jpg,0.4737972319126129,0.2685588598251343,-0.6286376714706421,0.9982056617736816,0.4826776683330536,0.2556098401546478,-0.5752621293067932,0.998539924621582,0.48963668942451477,0.2556401789188385,-0.5752498507499695,0.9976528286933899,0.4953243136405945,0.2557639181613922,-0.5754813551902771,0.9982892870903015,0.4607318639755249,0.256984680891037,-0.585778534412384,0.9985364675521851,0.452514111995697,0.2575356364250183,-0.5858719944953918,0.9976348876953125,0.4451819658279419,0.25799691677093506,-0.5859940052032471,0.9980520009994507,0.5017371773719788,0.2634492814540863,-0.3191692531108856,0.9987245202064514,0.43363156914711,0.2673726975917816,-0.36420491337776184,0.997502863407135,0.48923835158348083,0.2835842967033386,-0.5348024964332581,0.9974090456962585,0.4612978994846344,0.2836834490299225,-0.5487001538276672,0.9977020621299744,0.5508686304092407,0.33359694480895996,-0.2513759732246399,0.9906501173973083,0.3932226300239563,0.33975547552108765,-0.3805811405181885,0.9966552257537842,0.5370847582817078,0.20832553505897522,-0.37771356105804443,0.9803923964500427,0.40066996216773987,0.21369248628616333,-0.5991280674934387,0.9826473593711853,0.493746817111969,0.09962564706802368,-0.4904227554798126,0.9543063044548035,0.445279598236084,0.10569053888320923,-0.6396030187606812,0.9524078369140625,0.4834398329257965,0.06905412673950195,-0.5476324558258057,0.8969205021858215,0.4593524932861328,0.07499009370803833,-0.7088569402694702,0.8953316807746887,0.4800065755844116,0.06741121411323547,-0.5442366600036621,0.8826199769973755,0.4595367908477783,0.07349833846092224,-0.6819303631782532,0.8791325688362122,0.4805834889411926,0.07650452852249146,-0.49978533387184143,0.8859248757362366,0.4574028253555298,0.08590853214263916,-0.6396203637123108,0.8773049116134644,0.5453498363494873,0.5575578212738037,0.05894303321838379,0.999104917049408,0.4330095946788788,0.5772227048873901,-0.05895043909549713,0.9995405673980713,0.7292802929878235,0.6624218821525574,-0.10092506557703018,0.8652435541152954,0.45953717827796936,0.755752444267273,-0.08752190321683884,0.9419331550598145,0.5491465926170349,0.6515606045722961,0.5543084740638733,0.29993435740470886,0.49088335037231445,0.9310421347618103,0.31316086649894714,0.9506891369819641,0.5173401832580566,0.6298723816871643,0.6194151043891907,0.4113693833351135,0.5023805499076843,0.9542249441146851,0.342538058757782,0.8736478686332703,0.49303188920021057,0.7119158506393433,0.5435193777084351,0.30135485529899597,0.46498972177505493,0.9866324663162231,0.10242773592472076,0.8747676610946655
tree,00000148.jpg,0.4654611349105835,0.3219462037086487,-0.14590740203857422,0.9999837875366211,0.47044530510902405,0.3093607425689697,-0.1257135421037674,0.9999712705612183,0.47383084893226624,0.3106269836425781,-0.125661700963974,0.999963641166687,0.4771621525287628,0.31162816286087036,-0.1257227510213852,0.999971866607666,0.4603510797023773,0.30837681889533997,-0.12287621200084686,0.9999673366546631,0.456855833530426,0.30883073806762695,-0.12295478582382202,0.9999531507492065,0.4536289870738983,0.3091379702091217,-0.12294022738933563,0.9999674558639526,0.4807620644569397,0.321850061416626,-0.04384880140423775,0.9999215602874756,0.4496941864490509,0.31709226965904236,-0.0293625146150589,0.9999532699584961,0.47159913182258606,0.3403684198856354,-0.11828318983316422,0.9999518394470215,0.45859494805336,0.33804693818092346,-0.11383508890867233,0.9999372959136963,0.5088919997215271,0.4029979407787323,-0.034383367747068405,0.9997482895851135,0.42592141032218933,0.398990660905838,-0.005011611618101597,0.998832643032074,0.5596791505813599,0.3289041221141815,-0.08522730320692062,0.9950023293495178,0.3775428831577301,0.3082841634750366,-0.03273341804742813,0.9975829124450684,0.5940539836883545,0.22985807061195374,-0.16664358973503113,0.9889388084411621,0.3452702760696411,0.20641714334487915,-0.10255660116672516,0.9877685904502869,0.604928731918335,0.1969103217124939,-0.18799608945846558,0.9732415080070496,0.3347048759460449,0.17844834923744202,-0.13358482718467712,0.951966404914856,0.5993752479553223,0.18931204080581665,-0.202951580286026,0.973564088344574,0.3380218744277954,0.17221897840499878,-0.13081121444702148,0.9520655870437622,0.5947263240814209,0.20329979062080383,-0.1788960099220276,0.9747196435928345,0.34197360277175903,0.17980602383613586,-0.1101544201374054,0.9596216082572937,0.4834722876548767,0.6465587615966797,-0.019076861441135406,0.9993345141410828,0.430866539478302,0.6406583189964294,0.01914132572710514,0.9974422454833984,0.46229982376098633,0.8226925730705261,-0.07627002149820328,0.9933998584747314,0.39016008377075195,0.7750545144081116,-0.07328465580940247,0.976037859916687,0.45649099349975586,0.969724178314209,-0.016604652628302574,0.9912229776382446,0.46201980113983154,0.6842544674873352,0.20155449211597443,0.5953595042228699,0.4544912576675415,0.9870274662971497,-0.015183483250439167,0.8741730451583862,0.4730096161365509,0.6624628901481628,0.2292730212211609,0.49536874890327454,0.4484240412712097,1.0139696598052979,-0.11638595908880234,0.9816408753395081,0.47934436798095703,0.7350138425827026,0.23830144107341766,0.6328113079071045
tree,00000149.jpg,0.5004428029060364,0.11786594986915588,-1.0267986059188843,0.9999558925628662,0.5254967212677002,0.0995154082775116,-0.9330835938453674,0.9999502897262573,0.5389552712440491,0.09960317611694336,-0.9332579970359802,0.9999425411224365,0.5550070405006409,0.09994164109230042,-0.933383047580719,0.9999370574951172,0.47686856985092163,0.09967440366744995,-0.9245302081108093,0.9999363422393799,0.4597081243991852,0.10005024075508118,-0.924630343914032,0.9999245405197144,0.4440183639526367,0.10006499290466309,-0.9246138334274292,0.9999374151229858,0.5849508047103882,0.10976997017860413,-0.38517749309539795,0.9998193383216858,0.41862964630126953,0.10921606421470642,-0.36215460300445557,0.9999067783355713,0.5321709513664246,0.13633188605308533,-0.8220826983451843,0.9999579191207886,0.47150638699531555,0.1337985098361969,-0.8153287172317505,0.9999504089355469,0.7311981320381165,0.23008280992507935,-0.13834744691848755,0.9998384714126587,0.27068865299224854,0.23004592955112457,-0.037038177251815796,0.999569833278656,0.8209830522537231,0.3641590476036072,-0.7248221635818481,0.9797200560569763,0.17382824420928955,0.3752436637878418,-0.532049298286438,0.9626379609107971,0.5485387444496155,0.2775726318359375,-1.571378469467163,0.9839490056037903,0.4421255588531494,0.27648642659187317,-1.37489652633667,0.930230975151062,0.514808714389801,0.24284404516220093,-1.7012685537338257,0.9590210318565369,0.47948768734931946,0.2426486313343048,-1.5376756191253662,0.8443804383277893,0.5180040001869202,0.23298348486423492,-1.6160115003585815,0.9534748792648315,0.46341806650161743,0.2297828197479248,-1.4291633367538452,0.8148615956306458,0.5277180671691895,0.24428187310695648,-1.5416032075881958,0.9246674180030823,0.4606230556964874,0.24167008697986603,-1.34271240234375,0.7591408491134644,0.6452544331550598,0.4831162095069885,-0.03676237910985947,0.9997956156730652,0.38931408524513245,0.49004432559013367,0.03716662526130676,0.999423623085022,0.6043483018875122,0.6898012161254883,-0.08114738762378693,0.967319905757904,0.3565632998943329,0.6791977882385254,-1.346583366394043,0.9842936396598816,0.5178533792495728,0.870151162147522,0.8725728988647461,0.9811391234397888,0.6172564029693604,0.5404803156852722,0.17131035029888153,0.4784116744995117,0.47807595133781433,0.8879612684249878,0.9523072838783264,0.8999662399291992,0.6332125067710876,0.5161182284355164,0.3404828906059265,0.5148463249206543,0.5465285181999207,0.9449417591094971,0.5717671513557434,0.9724946022033691,0.7250410318374634,0.6093550324440002,0.3147094249725342,0.5955178737640381
tree,00000150.jpg,0.36588913202285767,0.2977185845375061,-0.38567182421684265,0.9999240636825562,0.37543177604675293,0.2883882522583008,-0.3549661338329315,0.9998985528945923,0.3817839026451111,0.28881436586380005,-0.35501760244369507,0.9998811483383179,0.3880082368850708,0.2894546389579773,-0.35521766543388367,0.9999086856842041,0.3580204248428345,0.2884038984775543,-0.35161733627319336,0.9998522996902466,0.3519679009914398,0.2886974811553955,-0.35170504450798035,0.9997901320457458,0.34626081585884094,0.2892131805419922,-0.3517097234725952,0.9998390674591064,0.39696696400642395,0.29657071828842163,-0.18844877183437347,0.9998002648353577,0.34605494141578674,0.29573678970336914,-0.1720752865076065,0.9998272061347961,0.3807278573513031,0.3087889552116394,-0.3231910765171051,0.9997690320014954,0.3560592532157898,0.30917567014694214,-0.3181440830230713,0.9996217489242554,0.4347989857196808,0.35568860173225403,-0.1493571400642395,0.998796820640564,0.31949037313461304,0.34622684121131897,-0.08726420253515244,0.9910949468612671,0.4830431342124939,0.2831652760505676,-0.24493615329265594,0.9817543625831604,0.2514658570289612,0.2813820540904999,-0.14692796766757965,0.9700471758842468,0.5334254503250122,0.2134067416191101,-0.39480745792388916,0.9360190033912659,0.1992294043302536,0.2082412838935852,-0.3197270333766937,0.9036192297935486,0.5466792583465576,0.1936742663383484,-0.4457654356956482,0.8673287034034729,0.18223929405212402,0.18995749950408936,-0.37855440378189087,0.7982723712921143,0.5492437481880188,0.1910533308982849,-0.45926815271377563,0.864288330078125,0.18372169137001038,0.18557867407798767,-0.3915487229824066,0.7956438660621643,0.5453601479530334,0.19741874933242798,-0.4123815596103668,0.8758282661437988,0.1895836889743805,0.19116345047950745,-0.3396278917789459,0.8313952684402466,0.3895431458950043,0.4994705319404602,-0.05400198698043823,0.9987636804580688,0.318077951669693,0.4942624568939209,0.05429155379533768,0.9963488578796387,0.36251088976860046,0.6226223111152649,-0.012430944480001926,0.955198347568512,0.16749951243400574,0.548058807849884,-0.10901478677988052,0.9457055926322937,0.3331882059574127,0.7374552488327026,0.16333624720573425,0.9852986335754395,0.32830482721328735,0.5470263361930847,0.2532191872596741,0.6765265464782715,0.3222019076347351,0.7548449039459229,0.17234326899051666,0.9396013021469116,0.34390801191329956,0.5404763221740723,0.2900834381580353,0.7290749549865723,0.33940932154655457,0.7710299491882324,-0.01312045007944107,0.9706882238388062,0.37295767664909363,0.5951240658760071,0.24984079599380493,0.6421191096305847
tree,00000151.jpg,0.499052494764328,0.2940283715724945,-0.20391425490379333,0.9974033236503601,0.5061420202255249,0.28861308097839355,-0.17520672082901,0.9960474371910095,0.5103320479393005,0.28888511657714844,-0.17518001794815063,0.9945264458656311,0.5150294899940491,0.2891020178794861,-0.17523375153541565,0.9968124032020569,0.4939959645271301,0.287801593542099,-0.16827969253063202,0.9947484135627747,0.49071943759918213,0.28769463300704956,-0.16834761202335358,0.9919978976249695,0.48747363686561584,0.28739532828330994,-0.16846460103988647,0.9955050945281982,0.5180283188819885,0.29758721590042114,-0.06058744713664055,0.9943258166313171,0.4816111624240875,0.29505422711372375,-0.024197034537792206,0.9954941272735596,0.5056219696998596,0.3031655550003052,-0.16544099152088165,0.994246780872345,0.4926169216632843,0.30232930183410645,-0.15537969768047333,0.9915273785591125,0.5424374341964722,0.3479740619659424,-0.09267974644899368,0.9943841695785522,0.4579285681247711,0.34590375423431396,0.011429385282099247,0.9901644587516785,0.5639159083366394,0.2698937654495239,-0.2004610151052475,0.9840494394302368,0.4330628216266632,0.2663272023200989,-0.015122869051992893,0.9619100689888,0.5212035775184631,0.2175341248512268,-0.20624247193336487,0.8837896585464478,0.48252877593040466,0.2147808074951172,0.003447184804826975,0.8448804020881653,0.5141395926475525,0.19972053170204163,-0.23859283328056335,0.7628036141395569,0.49393486976623535,0.19966167211532593,-0.03166438266634941,0.6930259466171265,0.5115697979927063,0.20034465193748474,-0.22673211991786957,0.7363970279693604,0.4965612590312958,0.20458906888961792,-0.012800058349967003,0.6648387312889099,0.5113950371742249,0.2105543613433838,-0.2069743573665619,0.7366639971733093,0.4932168126106262,0.2096499800682068,0.001464026514440775,0.6921565532684326,0.5241814851760864,0.5035436153411865,-0.049437738955020905,0.9980092644691467,0.4629347324371338,0.495598703622818,0.049308814108371735,0.9978362917900085,0.5050814151763916,0.6127759218215942,-0.02803432196378708,0.9420139789581299,0.36027294397354126,0.5523900389671326,-0.1341135948896408,0.9761256575584412,0.4857494533061981,0.704442024230957,0.21465232968330383,0.9544576406478882,0.46439602971076965,0.5988256931304932,0.18668729066848755,0.8040065765380859,0.4838882088661194,0.715764045715332,0.23213288187980652,0.7334931492805481,0.4836311340332031,0.5996400713920593,0.21660105884075165,0.748561441898346,0.47327330708503723,0.7378783822059631,0.08905306458473206,0.9102569818496704,0.48016583919525146,0.6362800598144531,0.16280314326286316,0.7803164124488831
tree,00000152.jpg,0.3754242956638336,0.2772413492202759,-0.3755438029766083,0.9999288320541382,0.37916290760040283,0.26453566551208496,-0.3604079782962799,0.9998218417167664,0.38265928626060486,0.26387542486190796,-0.36036524176597595,0.9997953772544861,0.385936439037323,0.2634822130203247,-0.3604428768157959,0.9998443126678467,0.3686024844646454,0.2659027874469757,-0.3613378405570984,0.999790370464325,0.3649732768535614,0.2658963203430176,-0.3614584803581238,0.9997352957725525,0.3614622950553894,0.26582688093185425,-0.3615071475505829,0.9998024106025696,0.38855862617492676,0.2677876353263855,-0.2518361806869507,0.999636173248291,0.35562145709991455,0.2707221508026123,-0.25454238057136536,0.9997661709785461,0.38311243057250977,0.28826212882995605,-0.3328990340232849,0.9996854066848755,0.3687122166156769,0.28831204771995544,-0.33345645666122437,0.9994761347770691,0.41443678736686707,0.3180214762687683,-0.20283740758895874,0.999157190322876,0.337708979845047,0.32476580142974854,-0.18805278837680817,0.9953816533088684,0.4632893204689026,0.2590816020965576,-0.25149020552635193,0.9894589185714722,0.2802032232284546,0.27162301540374756,-0.22615428268909454,0.9882481694221497,0.5055713057518005,0.1858862042427063,-0.3521949350833893,0.9758598208427429,0.23443089425563812,0.19561338424682617,-0.3355005979537964,0.9707273244857788,0.5165319442749023,0.16529369354248047,-0.38298913836479187,0.9347960352897644,0.2208585888147354,0.17817610502243042,-0.3712904453277588,0.9153276085853577,0.5146017074584961,0.16225332021713257,-0.4019234776496887,0.9392857551574707,0.2222788780927658,0.1742648482322693,-0.3929421007633209,0.9185705780982971,0.5094753503799438,0.16885161399841309,-0.36842072010040283,0.9478920698165894,0.22763976454734802,0.180164635181427,-0.3526354730129242,0.9308028817176819,0.3881443738937378,0.5103662014007568,-0.032900869846343994,0.9974420070648193,0.33920714259147644,0.499319463968277,0.03303823247551918,0.9931360483169556,0.3705528676509857,0.6422885656356812,-0.013620119541883469,0.9321038126945496,0.24529770016670227,0.5394933819770813,-0.040153902024030685,0.9341192841529846,0.35061517357826233,0.7760170698165894,0.07693231850862503,0.9741368293762207,0.34256938099861145,0.5568076372146606,0.22063830494880676,0.5522093772888184,0.34607574343681335,0.7923643589019775,0.07931703329086304,0.8730827569961548,0.35616612434387207,0.551345705986023,0.24634993076324463,0.6593281626701355,0.3402320146560669,0.8053054809570312,-0.04771609976887703,0.9597026109695435,0.35628679394721985,0.616016685962677,0.22441154718399048,0.6251368522644043
tree,00000153.jpg,0.5148019790649414,0.25685393810272217,-0.25536176562309265,0.9963874816894531,0.5193972587585449,0.24176406860351562,-0.23515650629997253,0.9957913160324097,0.5228301286697388,0.24144691228866577,-0.23512406647205353,0.9945395588874817,0.5258873105049133,0.24096736311912537,-0.23516730964183807,0.9953123331069946,0.5080574154853821,0.24269810318946838,-0.23815326392650604,0.9941775798797607,0.5041953921318054,0.24280866980552673,-0.238173708319664,0.9927801489830017,0.5007950067520142,0.24281632900238037,-0.23819947242736816,0.9941750168800354,0.5302459001541138,0.24772542715072632,-0.127305805683136,0.994485080242157,0.49471184611320496,0.25046858191490173,-0.1391800194978714,0.9947106838226318,0.5218327045440674,0.2737315595149994,-0.21399115025997162,0.9953793287277222,0.5081980228424072,0.2731534242630005,-0.2177039533853531,0.9938626289367676,0.5473523736000061,0.3060988187789917,-0.09690704196691513,0.9959755539894104,0.4787766635417938,0.3086005747318268,-0.12936772406101227,0.9922009110450745,0.5477173328399658,0.17591315507888794,-0.1601828932762146,0.9644060134887695,0.478553831577301,0.1674925684928894,-0.23017089068889618,0.9875195026397705,0.5401790738105774,0.05574411153793335,-0.2147320657968521,0.9338790774345398,0.48710715770721436,0.04473930597305298,-0.27072009444236755,0.9682521224021912,0.5341197848320007,0.02771008014678955,-0.24941833317279816,0.8520252108573914,0.49107033014297485,0.02000880241394043,-0.3094795346260071,0.9252647161483765,0.5304639935493469,0.023017823696136475,-0.24739299714565277,0.8376803994178772,0.4931071400642395,0.014965713024139404,-0.3060954213142395,0.915753185749054,0.5303182601928711,0.03201627731323242,-0.22006867825984955,0.8422953486442566,0.49395251274108887,0.027753114700317383,-0.2753709852695465,0.9158869981765747,0.5371776819229126,0.5603190660476685,0.001443135435692966,0.9991363883018494,0.4897278845310211,0.564911425113678,-0.0015141975600272417,0.9987087249755859,0.5356221199035645,0.7658777832984924,0.017546135932207108,0.9768579006195068,0.49266690015792847,0.7734404802322388,0.015099463984370232,0.9694516658782959,0.537593424320221,0.9360354542732239,0.18841274082660675,0.9673947691917419,0.49170657992362976,0.9481472969055176,0.18000854551792145,0.9358227849006653,0.5311574935913086,0.9450623989105225,0.19845004379749298,0.6185343265533447,0.4955863058567047,0.9516468644142151,0.18890325725078583,0.547491729259491,0.5314795970916748,0.9978164434432983,0.05699189007282257,0.9275217652320862,0.5021873116493225,0.9985643029212952,0.05084598809480667,0.8783957958221436
tree,00000154.png,0.5059191584587097,0.3275839686393738,0.05303535237908363,0.9996936321258545,0.502543032169342,0.3164374828338623,0.03568575531244278,0.9996654987335205,0.5003270506858826,0.3167165219783783,0.03572378307580948,0.9996579885482788,0.49804413318634033,0.3174799680709839,0.03573424741625786,0.9995484948158264,0.5090726017951965,0.31582924723625183,0.03641025722026825,0.9995200634002686,0.5113586783409119,0.3158037066459656,0.03642185032367706,0.9995169639587402,0.5138837695121765,0.31608447432518005,0.03641095384955406,0.999482274055481,0.49674710631370544,0.3247867524623871,-0.02175907976925373,0.9996819496154785,0.5196948647499084,0.32604679465293884,-0.019790690392255783,0.999786913394928,0.5036448240280151,0.34022659063339233,0.037038542330265045,0.999382734298706,0.51080721616745,0.339496374130249,0.03713887557387352,0.9994082450866699,0.4840741455554962,0.38004398345947266,-0.03767382353544235,0.9998180270195007,0.5430049896240234,0.3843928575515747,-0.018670227378606796,0.9999837875366211,0.4800192415714264,0.26329848170280457,-0.0396987721323967,0.864273190498352,0.5397183299064636,0.26983222365379333,-0.005058479495346546,0.9117394089698792,0.4987746775150299,0.1590525209903717,-0.057547423988580704,0.9262056946754456,0.5179830193519592,0.16513416171073914,0.010403966531157494,0.9795956611633301,0.5000767707824707,0.130010724067688,-0.0634324848651886,0.911846935749054,0.5180721282958984,0.13031134009361267,0.004589276388287544,0.9748221635818481,0.5053500533103943,0.13214945793151855,-0.0699787363409996,0.9093730449676514,0.5167810320854187,0.1337839961051941,0.009142480790615082,0.9724233150482178,0.5051513910293579,0.14486351609230042,-0.06079014018177986,0.8989969491958618,0.5160180330276489,0.1462615430355072,0.012336736544966698,0.9588013887405396,0.48373985290527344,0.6120615601539612,-0.014284520410001278,0.9999854564666748,0.5208455324172974,0.6424501538276672,0.013926591724157333,0.9999979734420776,0.4043269753456116,0.6718453764915466,0.11578268557786942,0.8323768973350525,0.5078058838844299,0.7921796441078186,0.11256808042526245,0.9657097458839417,0.481831431388855,0.6598371267318726,0.18214811384677887,0.21267887949943542,0.49850785732269287,0.9633617401123047,-0.0326320081949234,0.9541136026382446,0.4990524649620056,0.6511255502700806,0.19508081674575806,0.5038611888885498,0.4983372390270233,0.9759034514427185,-0.045330535620450974,0.9643172025680542,0.4900304079055786,0.6829848885536194,0.287258505821228,0.21433550119400024,0.48655688762664795,0.9837812185287476,-0.039846744388341904,0.8785103559494019
tree,00000155.jpg,0.2748223841190338,0.1536516547203064,-0.26800817251205444,0.9999393224716187,0.28205299377441406,0.13800746202468872,-0.2335323691368103,0.9999096393585205,0.28669917583465576,0.13845986127853394,-0.23361356556415558,0.9998836517333984,0.2918362021446228,0.13886433839797974,-0.23366087675094604,0.9999120235443115,0.26686593890190125,0.13559192419052124,-0.23443953692913055,0.9998914003372192,0.26022952795028687,0.1343810260295868,-0.23447273671627045,0.999855637550354,0.25352969765663147,0.13346847891807556,-0.2345300167798996,0.9999022483825684,0.2960790991783142,0.14560198783874512,-0.03442360460758209,0.9997138381004333,0.23736533522605896,0.13902953267097473,-0.04314028471708298,0.999901294708252,0.28077805042266846,0.17068159580230713,-0.19340214133262634,0.9998929500579834,0.2608177363872528,0.1675865650177002,-0.19611486792564392,0.9998340606689453,0.33598342537879944,0.25322169065475464,0.026797527447342873,0.9995259046554565,0.18638235330581665,0.23779840767383575,0.06036513298749924,0.9987888932228088,0.35939761996269226,0.37270599603652954,-0.21623532474040985,0.92522794008255,0.16740575432777405,0.36481785774230957,-0.16377712786197662,0.9331517815589905,0.29407891631126404,0.2936610281467438,-0.5540723204612732,0.9302839040756226,0.25457271933555603,0.2767696678638458,-0.5174562335014343,0.9411608576774597,0.29029959440231323,0.26212233304977417,-0.6122351884841919,0.8737497329711914,0.2669294476509094,0.25194787979125977,-0.5897177457809448,0.8907911777496338,0.2915063202381134,0.2523123025894165,-0.5843411684036255,0.8624065518379211,0.26150864362716675,0.2429073005914688,-0.5572148561477661,0.872913658618927,0.28923988342285156,0.2598017156124115,-0.548554003238678,0.8203497529029846,0.2590341866016388,0.2510725259780884,-0.5112553238868713,0.8264687061309814,0.28757137060165405,0.48361852765083313,-0.05130662024021149,0.9993964433670044,0.2038394957780838,0.4711035490036011,0.05146175995469093,0.9981784820556641,0.25078704953193665,0.6972478032112122,-0.03328529745340347,0.92584627866745,0.04389272630214691,0.5500644445419312,-0.17236891388893127,0.9641027450561523,0.2262621521949768,0.8763344287872314,0.12221160531044006,0.972061038017273,0.22371512651443481,0.597639262676239,0.28767043352127075,0.39766982197761536,0.2188345193862915,0.9001824855804443,0.13104011118412018,0.8687561750411987,0.25130391120910645,0.5597234964370728,0.33646124601364136,0.4648786187171936,0.23061603307724,0.9270107746124268,-0.058983951807022095,0.9631849527359009,0.2509395480155945,0.6563376188278198,0.3067689836025238,0.43587952852249146
tree,00000156.jpg,0.4306837022304535,0.21546879410743713,0.4951486885547638,0.9995654225349426,0.4242278039455414,0.20430007576942444,0.4342203736305237,0.9997221827507019,0.41743674874305725,0.20440593361854553,0.4341571629047394,0.9996892213821411,0.4110826849937439,0.20463058352470398,0.43411171436309814,0.9997259974479675,0.4421435296535492,0.20428302884101868,0.41774266958236694,0.9996740818023682,0.448447048664093,0.20438021421432495,0.41773563623428345,0.9995661377906799,0.4552762806415558,0.20442712306976318,0.41748490929603577,0.9994502663612366,0.40090203285217285,0.2107267677783966,0.23616650700569153,0.9997569918632507,0.4617657959461212,0.21067461371421814,0.15783101320266724,0.99967360496521,0.4190893769264221,0.22843080759048462,0.437280535697937,0.9995307922363281,0.44012024998664856,0.22911900281906128,0.4156566262245178,0.9994649291038513,0.3409879803657532,0.29771941900253296,0.17444206774234772,0.9999710321426392,0.5030829310417175,0.2921576499938965,-0.063669852912426,0.9998594522476196,0.24919138848781586,0.39384832978248596,-0.019080035388469696,0.9412122964859009,0.5291830897331238,0.3929402828216553,-0.25454583764076233,0.9095593690872192,0.3724879324436188,0.42226994037628174,-0.29700860381126404,0.641890287399292,0.43253737688064575,0.41774553060531616,-0.41539543867111206,0.5178050994873047,0.3895292282104492,0.4208102524280548,-0.3434881865978241,0.5699071288108826,0.42015209794044495,0.4209285080432892,-0.4492800831794739,0.41123995184898376,0.3960098624229431,0.4104138910770416,-0.36358383297920227,0.5677958726882935,0.41927820444107056,0.4151385426521301,-0.4391520023345947,0.4116016626358032,0.39459583163261414,0.4107115864753723,-0.3140537738800049,0.5587151050567627,0.42011454701423645,0.41192007064819336,-0.4141487777233124,0.3931710422039032,0.39138275384902954,0.5315984487533569,0.1372012048959732,0.9999784231185913,0.48266056180000305,0.5216667652130127,-0.13737201690673828,0.9998558759689331,0.43484312295913696,0.7119786143302917,0.22681838274002075,0.9701403975486755,0.6751246452331543,0.5927941203117371,-0.1712503284215927,0.9819533824920654,0.46017783880233765,0.8764990568161011,0.17120784521102905,0.9696453213691711,0.46701568365097046,0.6276017427444458,0.1367095559835434,0.7916392683982849,0.4633721113204956,0.8998764753341675,0.1629721224308014,0.9570611119270325,0.4471726417541504,0.6123744249343872,0.17753426730632782,0.7563403844833374,0.46962159872055054,0.8870365619659424,0.15913507342338562,0.8650633692741394,0.4494514763355255,0.6737047433853149,0.3362560272216797,0.6921839118003845
tree,00000157.png,0.5431990623474121,0.3218991160392761,-0.35542482137680054,0.999743640422821,0.5412083864212036,0.3041859269142151,-0.30821022391319275,0.999620795249939,0.5438048839569092,0.3049311637878418,-0.3084157407283783,0.9996156692504883,0.5465797185897827,0.305839478969574,-0.3086114525794983,0.9995875954627991,0.5245376229286194,0.3028469681739807,-0.3533114194869995,0.9995230436325073,0.5152963399887085,0.3026721179485321,-0.353524386882782,0.9995368719100952,0.5055680274963379,0.3027770221233368,-0.3534383475780487,0.9994789958000183,0.5257404446601868,0.3137666881084442,-0.07333125174045563,0.9994953870773315,0.4627326428890228,0.3119477927684784,-0.29093679785728455,0.9996428489685059,0.5435009002685547,0.3387586176395416,-0.26741087436676025,0.9994890689849854,0.5207350254058838,0.3375685214996338,-0.3304242491722107,0.9995689988136292,0.5293272137641907,0.3939633369445801,0.03949470445513725,0.9981787204742432,0.39949363470077515,0.38336172699928284,-0.3469102084636688,0.9993896484375,0.5568065643310547,0.260354220867157,0.06282251328229904,0.8197450637817383,0.4235120415687561,0.24482828378677368,-0.5877390503883362,0.9870535731315613,0.4984281659126282,0.132338285446167,-0.0648210272192955,0.7567223906517029,0.4429588317871094,0.10713380575180054,-0.5138086676597595,0.9566921591758728,0.47955024242401123,0.09477061033248901,-0.10656292736530304,0.6593014597892761,0.44663292169570923,0.07522523403167725,-0.5708062052726746,0.916614830493927,0.47600823640823364,0.08994877338409424,-0.09213626384735107,0.6519646644592285,0.4456344246864319,0.07282096147537231,-0.5112454295158386,0.9032912254333496,0.47970786690711975,0.10153406858444214,-0.07470860332250595,0.6801881790161133,0.44506216049194336,0.08317512273788452,-0.49965453147888184,0.907320499420166,0.5235985517501831,0.6404576897621155,0.19048480689525604,0.9976339340209961,0.4284106492996216,0.654459536075592,-0.19006939232349396,0.9993283748626709,0.75580894947052,0.7022944092750549,0.29233673214912415,0.8922054171562195,0.6032975912094116,0.6417307257652283,-0.8738110065460205,0.9964179992675781,0.6997261047363281,0.8421857357025146,0.535709798336029,0.9662492871284485,0.7008497714996338,0.6869897842407227,-0.6486356854438782,0.9908812046051025,0.66470867395401,0.8637998700141907,0.5585143566131592,0.9459789395332336,0.7537329196929932,0.7528012990951538,-0.6216129064559937,0.9741652607917786,0.8182786107063293,0.9256213903427124,0.5237454175949097,0.9524474143981934,0.8901844024658203,0.7743939161300659,-0.7336772084236145,0.9817087650299072
tree,00000158.jpg,0.45359116792678833,0.3151407837867737,-0.0951172336935997,0.9999308586120605,0.4499785006046295,0.3101109266281128,-0.0824623703956604,0.9996868371963501,0.4506877064704895,0.3089374005794525,-0.0824732556939125,0.9996979236602783,0.45139187574386597,0.3077022135257721,-0.0824664756655693,0.9997267127037048,0.4475111961364746,0.31576940417289734,-0.08077613264322281,0.9998362064361572,0.446574866771698,0.3185056447982788,-0.0808148980140686,0.999848484992981,0.44547098875045776,0.32159772515296936,-0.08084532618522644,0.9998950958251953,0.45296710729599,0.31498241424560547,-0.020200422033667564,0.9995180368423462,0.44377270340919495,0.3369523882865906,-0.012988289818167686,0.9998965263366699,0.45899325609207153,0.3227166533470154,-0.07301530241966248,0.9996929168701172,0.45529651641845703,0.3293614387512207,-0.07063721865415573,0.9995688796043396,0.48817017674446106,0.3347495198249817,-0.03287724778056145,0.9997524619102478,0.45334887504577637,0.4218350052833557,0.03698086738586426,0.9969179630279541,0.48439162969589233,0.23669135570526123,-0.0781203955411911,0.9951942563056946,0.4580524265766144,0.5104029774665833,0.04741893336176872,0.832374632358551,0.44413402676582336,0.19406485557556152,-0.09708716720342636,0.9772782921791077,0.4225766062736511,0.566680371761322,-0.03229363262653351,0.8601176738739014,0.4344477355480194,0.1908714473247528,-0.11601001769304276,0.9299794435501099,0.4139353632926941,0.5856876969337463,-0.046467725187540054,0.8269100189208984,0.4322311580181122,0.19134584069252014,-0.11043576151132584,0.9201650023460388,0.41123148798942566,0.5803542733192444,-0.06863172352313995,0.843092679977417,0.43512704968452454,0.1930617392063141,-0.0979917049407959,0.9313341975212097,0.4136863946914673,0.5752747058868408,-0.04421207308769226,0.8442235589027405,0.5169073343276978,0.5404927730560303,-0.04029333218932152,0.9994256496429443,0.48597031831741333,0.5323291420936584,0.04028497263789177,0.9977974891662598,0.5124185085296631,0.6817244291305542,-0.046414636075496674,0.9819532632827759,0.42841774225234985,0.5885401964187622,0.005386154167354107,0.8435580134391785,0.49349749088287354,0.81768798828125,0.008440318517386913,0.9919496774673462,0.4836282730102539,0.5908694267272949,0.14259806275367737,0.555221676826477,0.49433648586273193,0.8354892134666443,0.011451942846179008,0.9603183269500732,0.4914054274559021,0.5775916576385498,0.15611276030540466,0.7039082050323486,0.47452512383461,0.854388952255249,-0.06342653185129166,0.9802960753440857,0.49130192399024963,0.6272156834602356,0.12931284308433533,0.6062248945236206
tree,00000159.jpg,0.5148019790649414,0.25685393810272217,-0.25536176562309265,0.9963874816894531,0.5193972587585449,0.24176406860351562,-0.23515650629997253,0.9957913160324097,0.5228301286697388,0.24144691228866577,-0.23512406647205353,0.9945395588874817,0.5258873105049133,0.24096736311912537,-0.23516730964183807,0.9953123331069946,0.5080574154853821,0.24269810318946838,-0.23815326392650604,0.9941775798797607,0.5041953921318054,0.24280866980552673,-0.238173708319664,0.9927801489830017,0.5007950067520142,0.24281632900238037,-0.23819947242736816,0.9941750168800354,0.5302459001541138,0.24772542715072632,-0.127305805683136,0.994485080242157,0.49471184611320496,0.25046858191490173,-0.1391800194978714,0.9947106838226318,0.5218327045440674,0.2737315595149994,-0.21399115025997162,0.9953793287277222,0.5081980228424072,0.2731534242630005,-0.2177039533853531,0.9938626289367676,0.5473523736000061,0.3060988187789917,-0.09690704196691513,0.9959755539894104,0.4787766635417938,0.3086005747318268,-0.12936772406101227,0.9922009110450745,0.5477173328399658,0.17591315507888794,-0.1601828932762146,0.9644060134887695,0.478553831577301,0.1674925684928894,-0.23017089068889618,0.9875195026397705,0.5401790738105774,0.05574411153793335,-0.2147320657968521,0.9338790774345398,0.48710715770721436,0.04473930597305298,-0.27072009444236755,0.9682521224021912,0.5341197848320007,0.02771008014678955,-0.24941833317279816,0.8520252108573914,0.49107033014297485,0.02000880241394043,-0.3094795346260071,0.9252647161483765,0.5304639935493469,0.023017823696136475,-0.24739299714565277,0.8376803994178772,0.4931071400642395,0.014965713024139404,-0.3060954213142395,0.915753185749054,0.5303182601928711,0.03201627731323242,-0.22006867825984955,0.8422953486442566,0.49395251274108887,0.027753114700317383,-0.2753709852695465,0.9158869981765747,0.5371776819229126,0.5603190660476685,0.001443135435692966,0.9991363883018494,0.4897278845310211,0.564911425113678,-0.0015141975600272417,0.9987087249755859,0.5356221199035645,0.7658777832984924,0.017546135932207108,0.9768579006195068,0.49266690015792847,0.7734404802322388,0.015099463984370232,0.9694516658782959,0.537593424320221,0.9360354542732239,0.18841274082660675,0.9673947691917419,0.49170657992362976,0.9481472969055176,0.18000854551792145,0.9358227849006653,0.5311574935913086,0.9450623989105225,0.19845004379749298,0.6185343265533447,0.4955863058567047,0.9516468644142151,0.18890325725078583,0.547491729259491,0.5314795970916748,0.9978164434432983,0.05699189007282257,0.9275217652320862,0.5021873116493225,0.9985643029212952,0.05084598809480667,0.8783957958221436
tree,00000160.jpg,0.3754242956638336,0.2772413492202759,-0.3755438029766083,0.9999288320541382,0.37916290760040283,0.26453566551208496,-0.3604079782962799,0.9998218417167664,0.38265928626060486,0.26387542486190796,-0.36036524176597595,0.9997953772544861,0.385936439037323,0.2634822130203247,-0.3604428768157959,0.9998443126678467,0.3686024844646454,0.2659027874469757,-0.3613378405570984,0.999790370464325,0.3649732768535614,0.2658963203430176,-0.3614584803581238,0.9997352957725525,0.3614622950553894,0.26582688093185425,-0.3615071475505829,0.9998024106025696,0.38855862617492676,0.2677876353263855,-0.2518361806869507,0.999636173248291,0.35562145709991455,0.2707221508026123,-0.25454238057136536,0.9997661709785461,0.38311243057250977,0.28826212882995605,-0.3328990340232849,0.9996854066848755,0.3687122166156769,0.28831204771995544,-0.33345645666122437,0.9994761347770691,0.41443678736686707,0.3180214762687683,-0.20283740758895874,0.999157190322876,0.337708979845047,0.32476580142974854,-0.18805278837680817,0.9953816533088684,0.4632893204689026,0.2590816020965576,-0.25149020552635193,0.9894589185714722,0.2802032232284546,0.27162301540374756,-0.22615428268909454,0.9882481694221497,0.5055713057518005,0.1858862042427063,-0.3521949350833893,0.9758598208427429,0.23443089425563812,0.19561338424682617,-0.3355005979537964,0.9707273244857788,0.5165319442749023,0.16529369354248047,-0.38298913836479187,0.9347960352897644,0.2208585888147354,0.17817610502243042,-0.3712904453277588,0.9153276085853577,0.5146017074584961,0.16225332021713257,-0.4019234776496887,0.9392857551574707,0.2222788780927658,0.1742648482322693,-0.3929421007633209,0.9185705780982971,0.5094753503799438,0.16885161399841309,-0.36842072010040283,0.9478920698165894,0.22763976454734802,0.180164635181427,-0.3526354730129242,0.9308028817176819,0.3881443738937378,0.5103662014007568,-0.032900869846343994,0.9974420070648193,0.33920714259147644,0.499319463968277,0.03303823247551918,0.9931360483169556,0.3705528676509857,0.6422885656356812,-0.013620119541883469,0.9321038126945496,0.24529770016670227,0.5394933819770813,-0.040153902024030685,0.9341192841529846,0.35061517357826233,0.7760170698165894,0.07693231850862503,0.9741368293762207,0.34256938099861145,0.5568076372146606,0.22063830494880676,0.5522093772888184,0.34607574343681335,0.7923643589019775,0.07931703329086304,0.8730827569961548,0.35616612434387207,0.551345705986023,0.24634993076324463,0.6593281626701355,0.3402320146560669,0.8053054809570312,-0.04771609976887703,0.9597026109695435,0.35628679394721985,0.616016685962677,0.22441154718399048,0.6251368522644043
tree,00000161.jpg,0.4737972319126129,0.2685588598251343,-0.6286376714706421,0.9982056617736816,0.4826776683330536,0.2556098401546478,-0.5752621293067932,0.998539924621582,0.48963668942451477,0.2556401789188385,-0.5752498507499695,0.9976528286933899,0.4953243136405945,0.2557639181613922,-0.5754813551902771,0.9982892870903015,0.4607318639755249,0.256984680891037,-0.585778534412384,0.9985364675521851,0.452514111995697,0.2575356364250183,-0.5858719944953918,0.9976348876953125,0.4451819658279419,0.25799691677093506,-0.5859940052032471,0.9980520009994507,0.5017371773719788,0.2634492814540863,-0.3191692531108856,0.9987245202064514,0.43363156914711,0.2673726975917816,-0.36420491337776184,0.997502863407135,0.48923835158348083,0.2835842967033386,-0.5348024964332581,0.9974090456962585,0.4612978994846344,0.2836834490299225,-0.5487001538276672,0.9977020621299744,0.5508686304092407,0.33359694480895996,-0.2513759732246399,0.9906501173973083,0.3932226300239563,0.33975547552108765,-0.3805811405181885,0.9966552257537842,0.5370847582817078,0.20832553505897522,-0.37771356105804443,0.9803923964500427,0.40066996216773987,0.21369248628616333,-0.5991280674934387,0.9826473593711853,0.493746817111969,0.09962564706802368,-0.4904227554798126,0.9543063044548035,0.445279598236084,0.10569053888320923,-0.6396030187606812,0.9524078369140625,0.4834398329257965,0.06905412673950195,-0.5476324558258057,0.8969205021858215,0.4593524932861328,0.07499009370803833,-0.7088569402694702,0.8953316807746887,0.4800065755844116,0.06741121411323547,-0.5442366600036621,0.8826199769973755,0.4595367908477783,0.07349833846092224,-0.6819303631782532,0.8791325688362122,0.4805834889411926,0.07650452852249146,-0.49978533387184143,0.8859248757362366,0.4574028253555298,0.08590853214263916,-0.6396203637123108,0.8773049116134644,0.5453498363494873,0.5575578212738037,0.05894303321838379,0.999104917049408,0.4330095946788788,0.5772227048873901,-0.05895043909549713,0.9995405673980713,0.7292802929878235,0.6624218821525574,-0.10092506557703018,0.8652435541152954,0.45953717827796936,0.755752444267273,-0.08752190321683884,0.9419331550598145,0.5491465926170349,0.6515606045722961,0.5543084740638733,0.29993435740470886,0.49088335037231445,0.9310421347618103,0.31316086649894714,0.9506891369819641,0.5173401832580566,0.6298723816871643,0.6194151043891907,0.4113693833351135,0.5023805499076843,0.9542249441146851,0.342538058757782,0.8736478686332703,0.49303188920021057,0.7119158506393433,0.5435193777084351,0.30135485529899597,0.46498972177505493,0.9866324663162231,0.10242773592472076,0.8747676610946655
tree,00000162.jpg,0.5004428029060364,0.11786594986915588,-1.0267986059188843,0.9999558925628662,0.5254967212677002,0.0995154082775116,-0.9330835938453674,0.9999502897262573,0.5389552712440491,0.09960317611694336,-0.9332579970359802,0.9999425411224365,0.5550070405006409,0.09994164109230042,-0.933383047580719,0.9999370574951172,0.47686856985092163,0.09967440366744995,-0.9245302081108093,0.9999363422393799,0.4597081243991852,0.10005024075508118,-0.924630343914032,0.9999245405197144,0.4440183639526367,0.10006499290466309,-0.9246138334274292,0.9999374151229858,0.5849508047103882,0.10976997017860413,-0.38517749309539795,0.9998193383216858,0.41862964630126953,0.10921606421470642,-0.36215460300445557,0.9999067783355713,0.5321709513664246,0.13633188605308533,-0.8220826983451843,0.9999579191207886,0.47150638699531555,0.1337985098361969,-0.8153287172317505,0.9999504089355469,0.7311981320381165,0.23008280992507935,-0.13834744691848755,0.9998384714126587,0.27068865299224854,0.23004592955112457,-0.037038177251815796,0.999569833278656,0.8209830522537231,0.3641590476036072,-0.7248221635818481,0.9797200560569763,0.17382824420928955,0.3752436637878418,-0.532049298286438,0.9626379609107971,0.5485387444496155,0.2775726318359375,-1.571378469467163,0.9839490056037903,0.4421255588531494,0.27648642659187317,-1.37489652633667,0.930230975151062,0.514808714389801,0.24284404516220093,-1.7012685537338257,0.9590210318565369,0.47948768734931946,0.2426486313343048,-1.5376756191253662,0.8443804383277893,0.5180040001869202,0.23298348486423492,-1.6160115003585815,0.9534748792648315,0.46341806650161743,0.2297828197479248,-1.4291633367538452,0.8148615956306458,0.5277180671691895,0.24428187310695648,-1.5416032075881958,0.9246674180030823,0.4606230556964874,0.24167008697986603,-1.34271240234375,0.7591408491134644,0.6452544331550598,0.4831162095069885,-0.03676237910985947,0.9997956156730652,0.38931408524513245,0.49004432559013367,0.03716662526130676,0.999423623085022,0.6043483018875122,0.6898012161254883,-0.08114738762378693,0.967319905757904,0.3565632998943329,0.6791977882385254,-1.346583366394043,0.9842936396598816,0.5178533792495728,0.870151162147522,0.8725728988647461,0.9811391234397888,0.6172564029693604,0.5404803156852722,0.17131035029888153,0.4784116744995117,0.47807595133781433,0.8879612684249878,0.9523072838783264,0.8999662399291992,0.6332125067710876,0.5161182284355164,0.3404828906059265,0.5148463249206543,0.5465285181999207,0.9449417591094971,0.5717671513557434,0.9724946022033691,0.7250410318374634,0.6093550324440002,0.3147094249725342,0.5955178737640381
tree,00000163.jpg,0.4658453166484833,0.259769082069397,-0.37930163741111755,0.9992318153381348,0.4800907075405121,0.24316376447677612,-0.34562814235687256,0.9993416666984558,0.4891710579395294,0.242825448513031,-0.34556347131729126,0.9991745352745056,0.49721038341522217,0.24267759919166565,-0.3457097113132477,0.999525785446167,0.45406007766723633,0.24439918994903564,-0.32768514752388,0.9988817572593689,0.4464024305343628,0.2443273663520813,-0.32785797119140625,0.9981285929679871,0.43942877650260925,0.24423685669898987,-0.3280741274356842,0.9988743662834167,0.5104324221611023,0.25067076086997986,-0.19120365381240845,0.9990932941436768,0.4367268681526184,0.2515691816806793,-0.10367024689912796,0.9991146922111511,0.48371386528015137,0.27664628624916077,-0.32469433546066284,0.9989849925041199,0.4531286358833313,0.27521222829818726,-0.30009257793426514,0.9978787899017334,0.5603805780410767,0.32250145077705383,-0.27386826276779175,0.9966448545455933,0.40644460916519165,0.32147306203842163,-0.03538142517209053,0.9915587902069092,0.5723958611488342,0.18808919191360474,-0.48947229981422424,0.9893643856048584,0.3657704293727875,0.1995219588279724,-0.08365737646818161,0.9486402869224548,0.4859388470649719,0.09089696407318115,-0.46633538603782654,0.9150736331939697,0.44470566511154175,0.09561175107955933,-0.04861575737595558,0.8063280582427979,0.47058868408203125,0.06366842985153198,-0.5069110989570618,0.8387768268585205,0.46151459217071533,0.06602728366851807,-0.09807305783033371,0.6602777242660522,0.46765244007110596,0.06387954950332642,-0.48052164912223816,0.8185986876487732,0.46250227093696594,0.06790876388549805,-0.0625080093741417,0.6310908198356628,0.46966007351875305,0.07263749837875366,-0.46188509464263916,0.8258613348007202,0.45936349034309387,0.07897377014160156,-0.05015868693590164,0.6742704510688782,0.5030087828636169,0.5842075943946838,-0.09914425760507584,0.9980403780937195,0.3991105854511261,0.5745314955711365,0.09879735112190247,0.9942566752433777,0.470899760723114,0.7645655870437622,-0.11800383031368256,0.9253952503204346,0.20574548840522766,0.679101288318634,-0.15229420363903046,0.9311716556549072,0.4524837136268616,0.912930965423584,0.19979096949100494,0.9430670738220215,0.42215052247047424,0.6499179601669312,0.4209400713443756,0.32964760065078735,0.44754767417907715,0.9313579797744751,0.22626850008964539,0.7026364207267761,0.45086780190467834,0.636243462562561,0.4839102029800415,0.38665667176246643,0.4333900213241577,0.9666290283203125,0.07158713787794113,0.8705060482025146,0.4571514427661896,0.7198141813278198,0.5283803939819336,0.31723248958587646
tree,00000164.jpg,0.36588913202285767,0.2977185845375061,-0.38567182421684265,0.9999240636825562,0.37543177604675293,0.2883882522583008,-0.3549661338329315,0.9998985528945923,0.3817839026451111,0.28881436586380005,-0.35501760244369507,0.9998811483383179,0.3880082368850708,0.2894546389579773,-0.35521766543388367,0.9999086856842041,0.3580204248428345,0.2884038984775543,-0.35161733627319336,0.9998522996902466,0.3519679009914398,0.2886974811553955,-0.35170504450798035,0.9997901320457458,0.34626081585884094,0.2892131805419922,-0.3517097234725952,0.9998390674591064,0.39696696400642395,0.29657071828842163,-0.18844877183437347,0.9998002648353577,0.34605494141578674,0.29573678970336914,-0.1720752865076065,0.9998272061347961,0.3807278573513031,0.3087889552116394,-0.3231910765171051,0.9997690320014954,0.3560592532157898,0.30917567014694214,-0.3181440830230713,0.9996217489242554,0.4347989857196808,0.35568860173225403,-0.1493571400642395,0.998796820640564,0.31949037313461304,0.34622684121131897,-0.08726420253515244,0.9910949468612671,0.4830431342124939,0.2831652760505676,-0.24493615329265594,0.9817543625831604,0.2514658570289612,0.2813820540904999,-0.14692796766757965,0.9700471758842468,0.5334254503250122,0.2134067416191101,-0.39480745792388916,0.9360190033912659,0.1992294043302536,0.2082412838935852,-0.3197270333766937,0.9036192297935486,0.5466792583465576,0.1936742663383484,-0.4457654356956482,0.8673287034034729,0.18223929405212402,0.18995749950408936,-0.37855440378189087,0.7982723712921143,0.5492437481880188,0.1910533308982849,-0.45926815271377563,0.864288330078125,0.18372169137001038,0.18557867407798767,-0.3915487229824066,0.7956438660621643,0.5453601479530334,0.19741874933242798,-0.4123815596103668,0.8758282661437988,0.1895836889743805,0.19116345047950745,-0.3396278917789459,0.8313952684402466,0.3895431458950043,0.4994705319404602,-0.05400198698043823,0.9987636804580688,0.318077951669693,0.4942624568939209,0.05429155379533768,0.9963488578796387,0.36251088976860046,0.6226223111152649,-0.012430944480001926,0.955198347568512,0.16749951243400574,0.548058807849884,-0.10901478677988052,0.9457055926322937,0.3331882059574127,0.7374552488327026,0.16333624720573425,0.9852986335754395,0.32830482721328735,0.5470263361930847,0.2532191872596741,0.6765265464782715,0.3222019076347351,0.7548449039459229,0.17234326899051666,0.9396013021469116,0.34390801191329956,0.5404763221740723,0.2900834381580353,0.7290749549865723,0.33940932154655457,0.7710299491882324,-0.01312045007944107,0.9706882238388062,0.37295767664909363,0.5951240658760071,0.24984079599380493,0.6421191096305847
tree,00000165.jpg,0.4654611349105835,0.3219462037086487,-0.14590740203857422,0.9999837875366211,0.47044530510902405,0.3093607425689697,-0.1257135421037674,0.9999712705612183,0.47383084893226624,0.3106269836425781,-0.125661700963974,0.999963641166687,0.4771621525287628,0.31162816286087036,-0.1257227510213852,0.999971866607666,0.4603510797023773,0.30837681889533997,-0.12287621200084686,0.9999673366546631,0.456855833530426,0.30883073806762695,-0.12295478582382202,0.9999531507492065,0.4536289870738983,0.3091379702091217,-0.12294022738933563,0.9999674558639526,0.4807620644569397,0.321850061416626,-0.04384880140423775,0.9999215602874756,0.4496941864490509,0.31709226965904236,-0.0293625146150589,0.9999532699584961,0.47159913182258606,0.3403684198856354,-0.11828318983316422,0.9999518394470215,0.45859494805336,0.33804693818092346,-0.11383508890867233,0.9999372959136963,0.5088919997215271,0.4029979407787323,-0.034383367747068405,0.9997482895851135,0.42592141032218933,0.398990660905838,-0.005011611618101597,0.998832643032074,0.5596791505813599,0.3289041221141815,-0.08522730320692062,0.9950023293495178,0.3775428831577301,0.3082841634750366,-0.03273341804742813,0.9975829124450684,0.5940539836883545,0.22985807061195374,-0.16664358973503113,0.9889388084411621,0.3452702760696411,0.20641714334487915,-0.10255660116672516,0.9877685904502869,0.604928731918335,0.1969103217124939,-0.18799608945846558,0.9732415080070496,0.3347048759460449,0.17844834923744202,-0.13358482718467712,0.951966404914856,0.5993752479553223,0.18931204080581665,-0.202951580286026,0.973564088344574,0.3380218744277954,0.17221897840499878,-0.13081121444702148,0.9520655870437622,0.5947263240814209,0.20329979062080383,-0.1788960099220276,0.9747196435928345,0.34197360277175903,0.17980602383613586,-0.1101544201374054,0.9596216082572937,0.4834722876548767,0.6465587615966797,-0.019076861441135406,0.9993345141410828,0.430866539478302,0.6406583189964294,0.01914132572710514,0.9974422454833984,0.46229982376098633,0.8226925730705261,-0.07627002149820328,0.9933998584747314,0.39016008377075195,0.7750545144081116,-0.07328465580940247,0.976037859916687,0.45649099349975586,0.969724178314209,-0.016604652628302574,0.9912229776382446,0.46201980113983154,0.6842544674873352,0.20155449211597443,0.5953595042228699,0.4544912576675415,0.9870274662971497,-0.015183483250439167,0.8741730451583862,0.4730096161365509,0.6624628901481628,0.2292730212211609,0.49536874890327454,0.4484240412712097,1.0139696598052979,-0.11638595908880234,0.9816408753395081,0.47934436798095703,0.7350138425827026,0.23830144107341766,0.6328113079071045
tree,00000166.jpg,0.499052494764328,0.2940283715724945,-0.20391425490379333,0.9974033236503601,0.5061420202255249,0.28861308097839355,-0.17520672082901,0.9960474371910095,0.5103320479393005,0.28888511657714844,-0.17518001794815063,0.9945264458656311,0.5150294899940491,0.2891020178794861,-0.17523375153541565,0.9968124032020569,0.4939959645271301,0.287801593542099,-0.16827969253063202,0.9947484135627747,0.49071943759918213,0.28769463300704956,-0.16834761202335358,0.9919978976249695,0.48747363686561584,0.28739532828330994,-0.16846460103988647,0.9955050945281982,0.5180283188819885,0.29758721590042114,-0.06058744713664055,0.9943258166313171,0.4816111624240875,0.29505422711372375,-0.024197034537792206,0.9954941272735596,0.5056219696998596,0.3031655550003052,-0.16544099152088165,0.994246780872345,0.4926169216632843,0.30232930183410645,-0.15537969768047333,0.9915273785591125,0.5424374341964722,0.3479740619659424,-0.09267974644899368,0.9943841695785522,0.4579285681247711,0.34590375423431396,0.011429385282099247,0.9901644587516785,0.5639159083366394,0.2698937654495239,-0.2004610151052475,0.9840494394302368,0.4330628216266632,0.2663272023200989,-0.015122869051992893,0.9619100689888,0.5212035775184631,0.2175341248512268,-0.20624247193336487,0.8837896585464478,0.48252877593040466,0.2147808074951172,0.003447184804826975,0.8448804020881653,0.5141395926475525,0.19972053170204163,-0.23859283328056335,0.7628036141395569,0.49393486976623535,0.19966167211532593,-0.03166438266634941,0.6930259466171265,0.5115697979927063,0.20034465193748474,-0.22673211991786957,0.7363970279693604,0.4965612590312958,0.20458906888961792,-0.012800058349967003,0.6648387312889099,0.5113950371742249,0.2105543613433838,-0.2069743573665619,0.7366639971733093,0.4932168126106262,0.2096499800682068,0.001464026514440775,0.6921565532684326,0.5241814851760864,0.5035436153411865,-0.049437738955020905,0.9980092644691467,0.4629347324371338,0.495598703622818,0.049308814108371735,0.9978362917900085,0.5050814151763916,0.6127759218215942,-0.02803432196378708,0.9420139789581299,0.36027294397354126,0.5523900389671326,-0.1341135948896408,0.9761256575584412,0.4857494533061981,0.704442024230957,0.21465232968330383,0.9544576406478882,0.46439602971076965,0.5988256931304932,0.18668729066848755,0.8040065765380859,0.4838882088661194,0.715764045715332,0.23213288187980652,0.7334931492805481,0.4836311340332031,0.5996400713920593,0.21660105884075165,0.748561441898346,0.47327330708503723,0.7378783822059631,0.08905306458473206,0.9102569818496704,0.48016583919525146,0.6362800598144531,0.16280314326286316,0.7803164124488831
tree,00000167.jpg,0.5159475803375244,0.1367066502571106,-0.1899014562368393,0.9999685287475586,0.5215768814086914,0.12162554264068604,-0.17414788901805878,0.9999558925628662,0.5242862701416016,0.1214478611946106,-0.17420636117458344,0.9999493360519409,0.5270916223526001,0.1212465763092041,-0.17426297068595886,0.9999504089355469,0.5107532739639282,0.12189310789108276,-0.17121298611164093,0.9999377727508545,0.5069345235824585,0.12152478098869324,-0.1712235063314438,0.9999256134033203,0.503616452217102,0.12121322751045227,-0.17122645676136017,0.9999427795410156,0.5322213172912598,0.12650206685066223,-0.06496843695640564,0.9999386072158813,0.4983230233192444,0.1260370910167694,-0.051692165434360504,0.9999645948410034,0.5218780040740967,0.15206891298294067,-0.1469774693250656,0.9999793767929077,0.5095970034599304,0.15195390582084656,-0.1433827131986618,0.9999680519104004,0.5590059757232666,0.20945090055465698,-0.015212366357445717,0.9999477863311768,0.47248566150665283,0.20803232491016388,0.03332405909895897,0.9997833371162415,0.570240318775177,0.342835396528244,-0.10673735290765762,0.9603696465492249,0.46121945977211,0.3417508006095886,-0.054379887878894806,0.9347573518753052,0.5195605158805847,0.2950356602668762,-0.28659623861312866,0.9422016739845276,0.502314567565918,0.28796425461769104,-0.27111974358558655,0.9234220385551453,0.5121162533760071,0.2739657163619995,-0.32163578271865845,0.8941233158111572,0.5088005661964417,0.2665674686431885,-0.3160709738731384,0.8738411664962769,0.5135363936424255,0.264361172914505,-0.3139708638191223,0.8856314420700073,0.5069708228111267,0.25919830799102783,-0.305895060300827,0.8553667068481445,0.5153273344039917,0.2681771516799927,-0.2859259247779846,0.838990330696106,0.5057520866394043,0.26251518726348877,-0.27177128195762634,0.8007753491401672,0.5365261435508728,0.425186425447464,-0.03137302026152611,0.9997206330299377,0.48595693707466125,0.41594135761260986,0.03144678846001625,0.9993698000907898,0.5314316153526306,0.6055780053138733,-0.06345074623823166,0.9855386018753052,0.3990958034992218,0.5297502875328064,-0.13331933319568634,0.9960653185844421,0.5304678678512573,0.7660331726074219,0.12228856235742569,0.989740252494812,0.498524010181427,0.5944170951843262,0.12466064095497131,0.917981743812561,0.529094934463501,0.779557466506958,0.13583606481552124,0.8890051245689392,0.5112379193305969,0.5851233005523682,0.1494380086660385,0.8281590938568115,0.5249531865119934,0.8153166770935059,0.012364602647721767,0.9794701933860779,0.5148859024047852,0.660041332244873,0.08580058813095093,0.8854431509971619
tree,00000168.jpg,0.3465915620326996,0.3578054904937744,-0.0015357626834884286,0.999277651309967,0.34260284900665283,0.34614428877830505,-0.006854756735265255,0.9991884827613831,0.34071841835975647,0.3456043303012848,-0.006852627266198397,0.9991840720176697,0.3389493525028229,0.3452496826648712,-0.006844174116849899,0.9991080164909363,0.3460296392440796,0.34666529297828674,-0.028284940868616104,0.999303936958313,0.34645044803619385,0.34638434648513794,-0.028277013450860977,0.9993512034416199,0.34705352783203125,0.34636151790618896,-0.028337880969047546,0.9991729855537415,0.33115243911743164,0.34971997141838074,-0.004616993945091963,0.9994687438011169,0.3434995412826538,0.35355475544929504,-0.103768490254879,0.9996048808097839,0.3436092436313629,0.36828184127807617,0.005846919491887093,0.9990382194519043,0.34673768281936646,0.36882585287094116,-0.023040948435664177,0.9987727999687195,0.30194327235221863,0.40600481629371643,0.05175193026661873,0.9987370371818542,0.3408297598361969,0.40715426206588745,-0.15784385800361633,0.9989023208618164,0.30353841185569763,0.29709935188293457,0.12035050243139267,0.712148904800415,0.34450438618659973,0.3068983852863312,-0.20892111957073212,0.9455227851867676,0.3231455683708191,0.21083083748817444,0.0965186133980751,0.8466457724571228,0.3340874910354614,0.21205586194992065,-0.19535484910011292,0.9596625566482544,0.3208412826061249,0.18452727794647217,0.08869665861129761,0.8244361281394958,0.33212366700172424,0.18435955047607422,-0.21613073348999023,0.9385648369789124,0.322942316532135,0.1841326653957367,0.07077760994434357,0.8177613019943237,0.32952243089675903,0.1848900318145752,-0.2119005173444748,0.9308879971504211,0.32394954562187195,0.19254902005195618,0.08633401244878769,0.8189923167228699,0.33001700043678284,0.1964244246482849,-0.192674919962883,0.9136186242103577,0.31823745369911194,0.6294371485710144,0.07679461687803268,0.9999417066574097,0.3310590386390686,0.6243510842323303,-0.0772460401058197,0.9997627139091492,0.31897562742233276,0.7839304208755493,0.12004571408033371,0.9825518131256104,0.42744600772857666,0.6874749064445496,-0.06302093714475632,0.98885577917099,0.31894761323928833,0.917601466178894,0.15553264319896698,0.9688906669616699,0.3386325240135193,0.7020769715309143,0.15035414695739746,0.8648931980133057,0.3176709711551666,0.9348324537277222,0.1583564579486847,0.9739561080932617,0.32940787076950073,0.6936635971069336,0.17629998922348022,0.9189552068710327,0.3224760591983795,0.9401489496231079,0.1537168174982071,0.7937116026878357,0.3314090669155121,0.7338991761207581,0.24061311781406403,0.6430208086967468
tree,00000169.jpg,0.5086600184440613,0.25442710518836975,-0.1926606446504593,0.9966464638710022,0.5087429285049438,0.24160853028297424,-0.16512560844421387,0.9953985810279846,0.5112384557723999,0.24152794480323792,-0.16513650119304657,0.9933668971061707,0.5137443542480469,0.2415841519832611,-0.16518321633338928,0.995442271232605,0.49763360619544983,0.24228447675704956,-0.17610494792461395,0.9938448667526245,0.492541640996933,0.24251317977905273,-0.17621274292469025,0.9922680258750916,0.4878438413143158,0.24292126297950745,-0.1763637810945511,0.9950566291809082,0.5083786845207214,0.25369516015052795,-0.0467933714389801,0.9889968633651733,0.47289761900901794,0.2564990818500519,-0.09701170027256012,0.9957389831542969,0.5133099555969238,0.27136707305908203,-0.15115270018577576,0.9929593801498413,0.5017339587211609,0.27258896827697754,-0.16550502181053162,0.9883574843406677,0.5389037132263184,0.3254142999649048,-0.044671911746263504,0.9829885363578796,0.45099079608917236,0.32715079188346863,-0.13606765866279602,0.98826664686203,0.5501733422279358,0.21383416652679443,-0.09529328346252441,0.9145750999450684,0.4721474349498749,0.2188568115234375,-0.25876519083976746,0.9894808530807495,0.5207387208938599,0.09841054677963257,-0.12363777309656143,0.8731109499931335,0.4988194704055786,0.08603838086128235,-0.26552799344062805,0.9657424688339233,0.5138142704963684,0.06618845462799072,-0.15307337045669556,0.7663273811340332,0.5035812258720398,0.0579109787940979,-0.3095420002937317,0.9176065921783447,0.5118280649185181,0.0649193525314331,-0.148922398686409,0.7542999982833862,0.5023192167282104,0.05334419012069702,-0.29115426540374756,0.9036362767219543,0.5130112171173096,0.07598495483398438,-0.12971889972686768,0.766843855381012,0.5011670589447021,0.06333333253860474,-0.26582852005958557,0.9062861204147339,0.5114216804504395,0.6054852604866028,-0.003974322695285082,0.997732400894165,0.44822871685028076,0.5846391320228577,0.003949208650738001,0.9970906972885132,0.4781893491744995,0.7747854590415955,0.04976186156272888,0.8581480383872986,0.33803755044937134,0.6742838025093079,-0.2418103963136673,0.9526428580284119,0.45014384388923645,0.9292349815368652,0.23502781987190247,0.9274371862411499,0.450008749961853,0.6545838713645935,0.17114825546741486,0.31991326808929443,0.43572354316711426,0.9507402181625366,0.2501693069934845,0.8368700742721558,0.4654002785682678,0.6410427689552307,0.2155890166759491,0.4471842646598816,0.48477134108543396,0.9741804599761963,0.15413326025009155,0.8829057812690735,0.4664618670940399,0.7069194912910461,0.22623687982559204,0.3095974326133728
tree,00000170.jpg,0.46635252237319946,0.3596210777759552,-0.3664108216762543,0.9975757002830505,0.4745258390903473,0.34939897060394287,-0.32259601354599,0.9975405931472778,0.4800453186035156,0.3490745425224304,-0.32257431745529175,0.9967585206031799,0.48541155457496643,0.3488723933696747,-0.32263731956481934,0.9979089498519897,0.4564557373523712,0.35113880038261414,-0.3190179765224457,0.9961991906166077,0.4504871666431427,0.3516730070114136,-0.31919047236442566,0.9946417808532715,0.444627046585083,0.3522592782974243,-0.319408655166626,0.9966214895248413,0.4941949248313904,0.3579287528991699,-0.13224025070667267,0.9960498213768005,0.4393256902694702,0.36129701137542725,-0.11247438937425613,0.9966938495635986,0.4796528220176697,0.3751177191734314,-0.2988995909690857,0.994351863861084,0.4565516412258148,0.37515944242477417,-0.2934008240699768,0.9905728697776794,0.5430264472961426,0.4138573706150055,-0.1775464117527008,0.9916003942489624,0.4042593836784363,0.4243893623352051,-0.09626734256744385,0.9811407327651978,0.5253615379333496,0.3146255910396576,-0.3662373423576355,0.9612709879875183,0.4017060399055481,0.32503142952919006,-0.250651478767395,0.9718984365463257,0.4916614294052124,0.23070251941680908,-0.4241814911365509,0.8999955058097839,0.4365837574005127,0.2288912534713745,-0.3148271143436432,0.9516192078590393,0.48009756207466125,0.20485472679138184,-0.4785500168800354,0.8190944790840149,0.44831761717796326,0.20698797702789307,-0.3810062110424042,0.8959628343582153,0.47735172510147095,0.20287290215492249,-0.46588271856307983,0.8029738664627075,0.44829967617988586,0.20448791980743408,-0.3670581579208374,0.8842477202415466,0.4782905876636505,0.21136558055877686,-0.42993441224098206,0.815494179725647,0.4468308091163635,0.21211427450180054,-0.3230569362640381,0.8914454579353333,0.4873645007610321,0.6196036338806152,-0.0747116357088089,0.9970393180847168,0.39961007237434387,0.6109198331832886,0.07491172850131989,0.9927312731742859,0.4595851004123688,0.7698588967323303,-0.0639866515994072,0.89995276927948,0.22300486266613007,0.6705582737922668,-0.1580195277929306,0.9244486689567566,0.4248284697532654,0.9118773937225342,0.15870198607444763,0.9654632806777954,0.4182894825935364,0.6862139701843262,0.2901066243648529,0.6254626512527466,0.4103449881076813,0.9327384233474731,0.1698155403137207,0.8680808544158936,0.44061946868896484,0.6812893748283386,0.33398938179016113,0.668953537940979,0.4379135072231293,0.957265317440033,-0.0459599532186985,0.9359683394432068,0.46115055680274963,0.746620237827301,0.28432950377464294,0.6002413630485535
tree,00000171.jpg,0.5376880168914795,0.2889816462993622,-0.2649596929550171,0.9996395111083984,0.5436950922012329,0.2804170846939087,-0.2353115826845169,0.999675989151001,0.5479632616043091,0.28067347407341003,-0.23525869846343994,0.9995802044868469,0.5523927211761475,0.28090739250183105,-0.23530513048171997,0.9996929168701172,0.5315096974372864,0.2815820276737213,-0.22585304081439972,0.9994144439697266,0.5273324251174927,0.2826067805290222,-0.2259695678949356,0.9990897178649902,0.5230679512023926,0.28349506855010986,-0.22604961693286896,0.9994698166847229,0.5570265054702759,0.2891240119934082,-0.10200341045856476,0.9996048808097839,0.5131216049194336,0.28992989659309387,-0.05771666392683983,0.9995653033256531,0.5453969240188599,0.30419784784317017,-0.2183632254600525,0.9996090531349182,0.5291678309440613,0.3074704110622406,-0.2058224380016327,0.9992350339889526,0.5844486951828003,0.3599196970462799,-0.130000039935112,0.9984493255615234,0.4762985110282898,0.3558509945869446,0.0003681809175759554,0.9938980937004089,0.6170119047164917,0.23741638660430908,-0.28279730677604675,0.99393230676651,0.44688406586647034,0.2352776825428009,-0.05037515610456467,0.9767045974731445,0.5530476570129395,0.15983909368515015,-0.3195369839668274,0.922877848148346,0.5094924569129944,0.15835878252983093,-0.06216065213084221,0.8626384735107422,0.5416933298110962,0.13842305541038513,-0.3619343936443329,0.8101826310157776,0.5236712098121643,0.1345674693584442,-0.10907743871212006,0.7198771834373474,0.5392410755157471,0.13895979523658752,-0.3457893431186676,0.7798649668693542,0.5259284377098083,0.13617786765098572,-0.08729814738035202,0.6900010108947754,0.5390183329582214,0.1500595211982727,-0.3184441924095154,0.7849754095077515,0.521634042263031,0.14898186922073364,-0.06412698328495026,0.7124224901199341,0.5476268529891968,0.5947884321212769,-0.05304829403758049,0.9993416666984558,0.48005956411361694,0.5867202877998352,0.0529308021068573,0.9959955215454102,0.5255311131477356,0.7661521434783936,-0.057454001158475876,0.930186927318573,0.370608389377594,0.7200904488563538,-0.09439992904663086,0.9209866523742676,0.501678466796875,0.9265493750572205,0.17317529022693634,0.9715714454650879,0.5134261250495911,0.6784464716911316,0.3529823422431946,0.37974247336387634,0.49542975425720215,0.9452153444290161,0.18826539814472198,0.8673510551452637,0.5359213352203369,0.6551522016525269,0.3997594118118286,0.5007359981536865,0.47580307722091675,0.959817111492157,0.033403802663087845,0.9447273015975952,0.5449897646903992,0.7216218709945679,0.38385897874832153,0.38839319348335266
tree,00000172.jpg,0.5055795907974243,0.13188156485557556,-0.2717509865760803,0.9999567270278931,0.5120015144348145,0.1157943606376648,-0.25223708152770996,0.9999179840087891,0.5160555839538574,0.11551788449287415,-0.2523030936717987,0.9999134540557861,0.5190906524658203,0.11534661054611206,-0.2523643374443054,0.9999024868011475,0.5004453659057617,0.11631011962890625,-0.24829012155532837,0.9998986721038818,0.49672919511795044,0.11634919047355652,-0.24831455945968628,0.9998921155929565,0.4933012127876282,0.11632758378982544,-0.24836456775665283,0.9998987913131714,0.5242199897766113,0.12248989939689636,-0.13014473021030426,0.9998822212219238,0.4909166693687439,0.12313824892044067,-0.1113162711262703,0.9999024868011475,0.5136104226112366,0.15247184038162231,-0.22544318437576294,0.9999561309814453,0.4996694326400757,0.15198677778244019,-0.2204480618238449,0.9999366998672485,0.5551198124885559,0.23456864058971405,-0.08004498481750488,0.9997619986534119,0.46346986293792725,0.23592999577522278,-0.03639547899365425,0.9994100332260132,0.5678107738494873,0.3709363341331482,-0.2208896428346634,0.9769639372825623,0.44227856397628784,0.37074416875839233,-0.17221401631832123,0.9484714865684509,0.5113524794578552,0.28352031111717224,-0.4135313928127289,0.9544504880905151,0.492017924785614,0.28293973207473755,-0.40178290009498596,0.9422652721405029,0.5052489042282104,0.2525070011615753,-0.45480766892433167,0.8989423513412476,0.4967772364616394,0.2510623633861542,-0.45316529273986816,0.8749837279319763,0.5070917010307312,0.24369005858898163,-0.4398607611656189,0.8886524438858032,0.4966299831867218,0.24214380979537964,-0.4367411136627197,0.8529872894287109,0.5088560581207275,0.25213873386383057,-0.4112893044948578,0.8383404612541199,0.4963226020336151,0.25020018219947815,-0.4010419249534607,0.8001296520233154,0.5269885659217834,0.5042346119880676,-0.02825978584587574,0.9998096823692322,0.47392842173576355,0.4978236258029938,0.028201643377542496,0.9997381567955017,0.5200746059417725,0.7005120515823364,-0.07089012116193771,0.9882763028144836,0.4257596433162689,0.6749956607818604,-0.09795638918876648,0.9928754568099976,0.5032646059989929,0.8677175641059875,0.17393925786018372,0.9857878684997559,0.4829951226711273,0.813835859298706,0.22184498608112335,0.9446915984153748,0.5043837428092957,0.8873348832130432,0.19298529624938965,0.7860167622566223,0.49408647418022156,0.8170079588890076,0.2508634626865387,0.775638222694397,0.4989362061023712,0.9388270378112793,0.0667925775051117,0.9797164797782898,0.48970693349838257,0.901168704032898,0.16206228733062744,0.9348414540290833
tree,00000173.jpg,0.4981955587863922,0.2985234260559082,-0.2830451428890228,0.9999970197677612,0.5030182600021362,0.28859743475914,-0.2723546028137207,0.9999877214431763,0.5056880116462708,0.2889764904975891,-0.2723754048347473,0.9999876022338867,0.5084444284439087,0.2893102467060089,-0.27240413427352905,0.9999878406524658,0.49446338415145874,0.2882373332977295,-0.2722318768501282,0.9999860525131226,0.49201273918151855,0.28838589787483215,-0.27227655053138733,0.9999855756759644,0.48976266384124756,0.2886256277561188,-0.2723223865032196,0.9999856948852539,0.5115553140640259,0.2948004901409149,-0.19004139304161072,0.9999738931655884,0.48624956607818604,0.2956896424293518,-0.18943527340888977,0.9999676942825317,0.5032320618629456,0.31321555376052856,-0.25106850266456604,0.9999966621398926,0.49276256561279297,0.3117932975292206,-0.2509744465351105,0.9999960660934448,0.5342259407043457,0.3802904784679413,-0.11837416142225266,0.9999738931655884,0.46520546078681946,0.38233357667922974,-0.1269923746585846,0.9999656677246094,0.5379106402397156,0.482683002948761,-0.08454196155071259,0.9876585602760315,0.45984432101249695,0.4881219267845154,-0.09508684277534485,0.980315089225769,0.5534396767616272,0.5715495944023132,-0.15964046120643616,0.9724742770195007,0.4433434009552002,0.5820990204811096,-0.16333241760730743,0.9711800813674927,0.5603604316711426,0.5929270386695862,-0.1805439442396164,0.9408041834831238,0.4368439316749573,0.6031986474990845,-0.18412643671035767,0.9470307230949402,0.5591474175453186,0.5945144891738892,-0.20758044719696045,0.9493910074234009,0.4381147027015686,0.6041852831840515,-0.214547798037529,0.9541771411895752,0.5563816428184509,0.5873515009880066,-0.1718979924917221,0.9426240921020508,0.440851628780365,0.5972215533256531,-0.17660561203956604,0.9470542669296265,0.5178751349449158,0.5565798878669739,0.005834406707435846,0.9996911287307739,0.48161807656288147,0.5574116110801697,-0.005969453603029251,0.999619722366333,0.5139046907424927,0.6965380907058716,-0.006993328221142292,0.9821443557739258,0.4893963932991028,0.6925448775291443,-0.011263934895396233,0.9797375798225403,0.5099254846572876,0.8255449533462524,0.1310836374759674,0.9883960485458374,0.4946695864200592,0.8254088163375854,0.1180790588259697,0.9827185273170471,0.50857013463974,0.8366105556488037,0.13886325061321259,0.8794128894805908,0.4957577586174011,0.8373202085494995,0.12535043060779572,0.7819260358810425,0.5120666027069092,0.8748255968093872,0.04006269946694374,0.9845976829528809,0.49661171436309814,0.876592755317688,0.023276394233107567,0.9783249497413635
tree,00000174.jpg,0.41801372170448303,0.3522837162017822,-0.15022645890712738,0.9939616322517395,0.41857507824897766,0.3435940146446228,-0.13290691375732422,0.9935665726661682,0.41928425431251526,0.3437817096710205,-0.13292160630226135,0.9919136762619019,0.42053094506263733,0.3437122106552124,-0.1331142634153366,0.9932885766029358,0.40931564569473267,0.34264904260635376,-0.1439538151025772,0.993533730506897,0.4075782597064972,0.3439170718193054,-0.14398907124996185,0.9919913411140442,0.40538498759269714,0.34390759468078613,-0.14419114589691162,0.9943576455116272,0.4302065670490265,0.34887319803237915,-0.019198760390281677,0.9915509223937988,0.3933025598526001,0.3530511260032654,-0.06824801117181778,0.9932403564453125,0.4194580614566803,0.36425870656967163,-0.09923289716243744,0.9896107912063599,0.4139620065689087,0.36206743121147156,-0.11425096541643143,0.9861379265785217,0.45051810145378113,0.3909686803817749,0.06068921461701393,0.9926124811172485,0.39793217182159424,0.3950100243091583,-0.05702192336320877,0.9943777918815613,0.5148965716362,0.33346444368362427,0.05253669247031212,0.7692667841911316,0.3831555247306824,0.33091357350349426,-0.09595928341150284,0.7802494168281555,0.542359471321106,0.26344919204711914,-0.02722642756998539,0.6438421607017517,0.3967515528202057,0.27567386627197266,-0.11388744413852692,0.6827675104141235,0.5605446100234985,0.2455269694328308,-0.0412105917930603,0.6001046895980835,0.3981143832206726,0.25815674662590027,-0.14952637255191803,0.6062444448471069,0.56105637550354,0.2459363341331482,-0.05518297478556633,0.5812292098999023,0.39985913038253784,0.2570595145225525,-0.13997678458690643,0.5928907990455627,0.5560741424560547,0.2518477737903595,-0.037048615515232086,0.599402666091919,0.40036529302597046,0.2632988691329956,-0.11528511345386505,0.6069614291191101,0.4200713634490967,0.572844922542572,0.018324488773941994,0.9965231418609619,0.40864303708076477,0.5708874464035034,-0.01865208148956299,0.9935576319694519,0.37263670563697815,0.6979832649230957,-0.01897619664669037,0.5164734721183777,0.4379746615886688,0.6722062826156616,-0.020644625648856163,0.4494094252586365,0.4148804843425751,0.6875590682029724,0.27947646379470825,0.1229211613535881,0.4663437306880951,0.6595495343208313,0.2472260594367981,0.15746831893920898,0.4245709776878357,0.6858782172203064,0.31123870611190796,0.22780394554138184,0.4707915782928467,0.6534779667854309,0.28101661801338196,0.3153521716594696,0.3966781497001648,0.6830466985702515,0.30020108819007874,0.06574979424476624,0.4689597189426422,0.6603264212608337,0.288465678691864,0.11960157752037048
tree,00000175.jpg,0.5583504438400269,0.3142040967941284,-0.6241695284843445,0.9970614314079285,0.5724877119064331,0.29929953813552856,-0.5676027536392212,0.9969973564147949,0.5838245153427124,0.29837191104888916,-0.5675885677337646,0.9964726567268372,0.5930021405220032,0.2975541651248932,-0.5678710341453552,0.9976007342338562,0.5392696261405945,0.2999861240386963,-0.5574166178703308,0.99528968334198,0.5274671912193298,0.29937905073165894,-0.5577377676963806,0.9935560822486877,0.5167046189308167,0.2991267740726471,-0.5581638813018799,0.9955136179924011,0.6138386726379395,0.3013215959072113,-0.3073810040950775,0.9954096674919128,0.5067738890647888,0.30612432956695557,-0.25377318263053894,0.995872437953949,0.5842316746711731,0.33098310232162476,-0.5284128189086914,0.9951292276382446,0.5432862043380737,0.33004873991012573,-0.5134150981903076,0.9911728501319885,0.6942664980888367,0.3647841215133667,-0.39212343096733093,0.9913166761398315,0.4618164896965027,0.3736170530319214,-0.2299499362707138,0.980216920375824,0.6863968372344971,0.25351041555404663,-0.7620652318000793,0.9803100228309631,0.42075788974761963,0.256361722946167,-0.4194714426994324,0.9607099294662476,0.5754485726356506,0.1501496434211731,-0.8215042352676392,0.9022660851478577,0.5016789436340332,0.14852690696716309,-0.42070186138153076,0.9035374522209167,0.5535750389099121,0.11704584956169128,-0.8844236731529236,0.8132959604263306,0.5191223621368408,0.11908045411109924,-0.49502819776535034,0.8134626150131226,0.5491019487380981,0.11642691493034363,-0.8433272242546082,0.792270839214325,0.5210835933685303,0.11719268560409546,-0.4486653208732605,0.7972880005836487,0.551677942276001,0.1285681128501892,-0.8167159557342529,0.8076810240745544,0.5185670256614685,0.12853926420211792,-0.42165523767471313,0.820906400680542,0.6450898051261902,0.6092401146888733,-0.1038031280040741,0.9946122169494629,0.4878733456134796,0.6027764081954956,0.1037525162100792,0.9879856705665588,0.6050813794136047,0.766587495803833,-0.1508973389863968,0.9476828575134277,0.2321183681488037,0.6916233897209167,-0.31444552540779114,0.9483264088630676,0.5851059556007385,0.9120945930480957,0.2951566278934479,0.9733890891075134,0.5188255310058594,0.6512874960899353,0.5242376923561096,0.5781203508377075,0.5735899209976196,0.9285376667976379,0.3276316821575165,0.86435866355896,0.5568954348564148,0.6394676566123962,0.6106805801391602,0.5448017716407776,0.576733410358429,0.9642622470855713,0.04814384505152702,0.9379470348358154,0.5848880410194397,0.7164838910102844,0.6151488423347473,0.5208724737167358
tree,00000176.jpg,0.4542666971683502,0.15484175086021423,-0.3507949113845825,0.9999632835388184,0.4693986177444458,0.13827821612358093,-0.3218223452568054,0.9999256134033203,0.47939997911453247,0.13823631405830383,-0.32183152437210083,0.9999533891677856,0.48956364393234253,0.13795289397239685,-0.3219410181045532,0.9999170303344727,0.4327614903450012,0.13924825191497803,-0.31231558322906494,0.9998906850814819,0.4213152527809143,0.14005231857299805,-0.31226417422294617,0.9999258518218994,0.41137421131134033,0.14101919531822205,-0.3123572766780853,0.9998942613601685,0.5056011080741882,0.14590886235237122,-0.12114345282316208,0.9998936653137207,0.39813753962516785,0.15036353468894958,-0.07648702710866928,0.9999327659606934,0.4736297130584717,0.1741979718208313,-0.27051928639411926,0.9999227523803711,0.43528270721435547,0.17414513230323792,-0.2581605315208435,0.9998335838317871,0.5806032419204712,0.2571220099925995,-0.04150757938623428,0.9998905658721924,0.32039958238601685,0.24792271852493286,0.06765710562467575,0.9994664788246155,0.5991465449333191,0.4096662998199463,-0.2288280725479126,0.9876887202262878,0.2699629068374634,0.39727795124053955,-0.1518314629793167,0.9701851606369019,0.4593960642814636,0.3250912129878998,-0.4707918167114258,0.9736116528511047,0.40051349997520447,0.31936293840408325,-0.5317391753196716,0.9535960555076599,0.4403028190135956,0.2974715232849121,-0.48606160283088684,0.940406322479248,0.4244370758533478,0.28800418972969055,-0.5907809138298035,0.9244558215141296,0.44300997257232666,0.28193894028663635,-0.4243261516094208,0.9324917197227478,0.41696733236312866,0.27261775732040405,-0.5261836051940918,0.9087506532669067,0.4486728310585022,0.29219621419906616,-0.4400736093521118,0.920674741268158,0.41427159309387207,0.28333061933517456,-0.5116661190986633,0.8741123676300049,0.46729642152786255,0.5137157440185547,-0.08461663126945496,0.9997979998588562,0.32111772894859314,0.49084633588790894,0.08474418520927429,0.9992759823799133,0.4161374866962433,0.7152665257453918,-0.18686695396900177,0.9929569959640503,0.05666685104370117,0.6132807731628418,-0.2988835275173187,0.99692302942276,0.3972057104110718,0.8743991851806641,0.2477918416261673,0.9797434210777283,0.33764827251434326,0.5961278080940247,0.2796843647956848,0.9334515333175659,0.38221994042396545,0.8914313912391663,0.28536269068717957,0.888248860836029,0.38418829441070557,0.5782819986343384,0.34893181920051575,0.8924095630645752,0.3914068937301636,0.949787974357605,0.11196587234735489,0.9308202266693115,0.3753504157066345,0.6854943037033081,0.3697124421596527,0.8395035266876221
tree,00000177.png,0.20835474133491516,0.23015624284744263,-0.10668416321277618,0.9979588985443115,0.1995842158794403,0.2179228663444519,-0.08313682675361633,0.9980449676513672,0.19613587856292725,0.21829774975776672,-0.08328288793563843,0.9970898032188416,0.19261299073696136,0.2184506058692932,-0.08336741477251053,0.9978715181350708,0.20678691565990448,0.21818512678146362,-0.1377270221710205,0.9987936019897461,0.2084980607032776,0.2188817858695984,-0.1378224939107895,0.9983812570571899,0.21022643148899078,0.21940308809280396,-0.13795726001262665,0.9987103939056396,0.182798832654953,0.23016181588172913,0.06286744773387909,0.9981022477149963,0.20306488871574402,0.23207885026931763,-0.18444864451885223,0.9990130662918091,0.2050751894712448,0.24549153447151184,-0.04418797791004181,0.9956620335578918,0.21255254745483398,0.2454085648059845,-0.1153722032904625,0.996187150478363,0.14317689836025238,0.3231286406517029,0.20674914121627808,0.9978213310241699,0.21002088487148285,0.3043361306190491,-0.29797834157943726,0.9980093836784363,0.22145922482013702,0.16541680693626404,0.24750497937202454,0.7971917390823364,0.24239733815193176,0.17741283774375916,-0.43285423517227173,0.9342518448829651,0.20460925996303558,0.10995540022850037,0.15026907622814178,0.6042052507400513,0.20670384168624878,0.09971192479133606,-0.3313547670841217,0.7677300572395325,0.19929519295692444,0.0791318416595459,0.11059648543596268,0.49778905510902405,0.20608074963092804,0.06852275133132935,-0.38442713022232056,0.6603191494941711,0.19960074126720428,0.08325082063674927,0.08614524453878403,0.48856183886528015,0.20259077847003937,0.07526642084121704,-0.38283243775367737,0.6403200626373291,0.2019108384847641,0.10072249174118042,0.1279039829969406,0.5047019720077515,0.20254574716091156,0.09262442588806152,-0.33012017607688904,0.6392046809196472,0.2212347686290741,0.6037071943283081,0.1898743361234665,0.9999064207077026,0.24644844233989716,0.5886822938919067,-0.19091492891311646,0.9996639490127563,0.2128612995147705,0.8341614603996277,0.14429496228694916,0.7846365571022034,0.485457181930542,0.6990443468093872,-0.43963783979415894,0.9007872939109802,0.21315628290176392,0.9826055765151978,0.130304753780365,0.6880806088447571,0.2688317894935608,0.7353425025939941,0.08297206461429596,0.3763171136379242,0.19368255138397217,0.9997569918632507,0.12348844856023788,0.6529747843742371,0.24212414026260376,0.7271332740783691,0.142774298787117,0.49110373854637146,0.2205253690481186,1.0339583158493042,0.05713817849755287,0.6039159893989563,0.2430291324853897,0.7826593518257141,0.27600207924842834,0.4034194052219391
tree,00000178.JPG,0.4916428327560425,0.18818384408950806,-0.42570367455482483,0.9987657070159912,0.5054675340652466,0.1694565713405609,-0.3706173002719879,0.9982917904853821,0.5124043226242065,0.16924113035202026,-0.3706458806991577,0.9974638223648071,0.5182927846908569,0.1688305139541626,-0.37078964710235596,0.9978135824203491,0.4774778485298157,0.17021113634109497,-0.3753910958766937,0.999031662940979,0.46671491861343384,0.1699969470500946,-0.37546008825302124,0.9985219836235046,0.45798763632774353,0.16959145665168762,-0.3756524622440338,0.998867392539978,0.5299459099769592,0.17544591426849365,-0.06296166777610779,0.9976115226745605,0.44076278805732727,0.1755312979221344,-0.07770535349845886,0.9980199337005615,0.5078796744346619,0.20465999841690063,-0.31034600734710693,0.9985479712486267,0.474091112613678,0.20467913150787354,-0.3149341344833374,0.9993739724159241,0.6162303686141968,0.2774290442466736,0.08018471300601959,0.9890719652175903,0.35938745737075806,0.27774810791015625,-0.016762159764766693,0.9991294741630554,0.6541442275047302,0.3989259600639343,-0.22851866483688354,0.9285759329795837,0.29929137229919434,0.39623093605041504,-0.3600012958049774,0.9726179242134094,0.5048350691795349,0.30570048093795776,-0.6763246059417725,0.8889947533607483,0.4642040729522705,0.3068869709968567,-0.7306824326515198,0.9451345801353455,0.4864552617073059,0.26915407180786133,-0.7601137757301331,0.78205806016922,0.47998857498168945,0.273803174495697,-0.8085223436355591,0.8524091839790344,0.48980119824409485,0.2623897194862366,-0.7091273665428162,0.7540322542190552,0.47352004051208496,0.26365208625793457,-0.7567161321640015,0.8246026039123535,0.49380049109458923,0.27285850048065186,-0.6646196842193604,0.6913849711418152,0.46997374296188354,0.2749314606189728,-0.7136808633804321,0.7671769857406616,0.591093122959137,0.523016631603241,0.06671875715255737,0.9952982068061829,0.446191668510437,0.5457046627998352,-0.06649982184171677,0.9986659288406372,0.8322339057922363,0.5820686221122742,-0.45183032751083374,0.9723471403121948,0.4583764970302582,0.7319515943527222,-0.2160489708185196,0.969944179058075,0.5325089693069458,0.6179068088531494,0.1875009834766388,0.6485240459442139,0.5209177136421204,0.9143102169036865,0.24970093369483948,0.9532410502433777,0.483616441488266,0.6050698161125183,0.25133615732192993,0.6221757531166077,0.5375955700874329,0.9339810609817505,0.28367072343826294,0.8539873957633972,0.45577651262283325,0.6984658241271973,0.08992639929056168,0.6666920781135559,0.51657634973526,0.9616683125495911,-0.01454564556479454,0.907259464263916
tree,00000179.jpg,0.5148810744285583,0.18481037020683289,-0.49477067589759827,0.9996142387390137,0.5358883142471313,0.17024445533752441,-0.47024500370025635,0.9993441700935364,0.5448670387268066,0.17078185081481934,-0.47021254897117615,0.9992548823356628,0.5536257028579712,0.17127251625061035,-0.4702425003051758,0.9992484450340271,0.5222717523574829,0.16898766160011292,-0.44466644525527954,0.9994296431541443,0.5202540755271912,0.16866642236709595,-0.44481509923934937,0.9994614720344543,0.5187450647354126,0.16826972365379333,-0.44500091671943665,0.9996540546417236,0.5872856974601746,0.18175777792930603,-0.3051512837409973,0.9979617595672607,0.5375168919563293,0.17812329530715942,-0.19501525163650513,0.9994866847991943,0.5291115045547485,0.2048209309577942,-0.43302738666534424,0.9995861649513245,0.5138314962387085,0.20349931716918945,-0.4013274312019348,0.9995487332344055,0.6714038252830505,0.28041619062423706,-0.22623132169246674,0.9982520937919617,0.4674106538295746,0.2832859456539154,-0.07084871828556061,0.9988105297088623,0.772499680519104,0.3828348219394684,-0.3480270206928253,0.9792717099189758,0.37824299931526184,0.38411951065063477,-0.22148612141609192,0.960536777973175,0.5967395901679993,0.3837504982948303,-0.5004580020904541,0.8463928699493408,0.537057101726532,0.38454094529151917,-0.539141058921814,0.8755213022232056,0.5735321640968323,0.3674437403678894,-0.5398066639900208,0.6655580401420593,0.567517876625061,0.3669982850551605,-0.6168616414070129,0.7414823174476624,0.571903645992279,0.3584209978580475,-0.5045101642608643,0.6396588683128357,0.5681552290916443,0.3571424186229706,-0.5710642337799072,0.7099152207374573,0.5774429440498352,0.3656501770019531,-0.4814454913139343,0.5680622458457947,0.5621034502983093,0.3636051118373871,-0.524808406829834,0.6314879059791565,0.6134122610092163,0.49236351251602173,-0.08532614260911942,0.9980928301811218,0.49688616394996643,0.4793581962585449,0.0851065143942833,0.9966778755187988,0.5926320552825928,0.6529566049575806,0.025853440165519714,0.9208552241325378,0.29072466492652893,0.5656175017356873,-0.22704748809337616,0.9658240675926208,0.5427127480506897,0.7901505827903748,0.4778602421283722,0.97308748960495,0.527708888053894,0.5455372929573059,0.3547428250312805,0.6010594367980957,0.5363975763320923,0.8041426539421082,0.5170724987983704,0.8681824207305908,0.5559269785881042,0.5323220491409302,0.4176104962825775,0.6341199278831482,0.5450730919837952,0.831122636795044,0.3184434771537781,0.9611321091651917,0.5604714155197144,0.5988599061965942,0.381651371717453,0.6255439519882202
tree,00000180.jpg,0.7002429366111755,0.49780532717704773,-0.21196436882019043,0.9999966621398926,0.7138998508453369,0.5124540328979492,-0.21805743873119354,0.9999945163726807,0.7137508392333984,0.5174583196640015,-0.2180769145488739,0.9999946355819702,0.7136495113372803,0.5234413146972656,-0.21820534765720367,0.9999945163726807,0.7151692509651184,0.5048189759254456,-0.1818607598543167,0.9999874830245972,0.715783953666687,0.5041831135749817,-0.1819557398557663,0.9999845027923584,0.716578483581543,0.5035885572433472,-0.18197429180145264,0.9999854564666748,0.7051835060119629,0.5492002964019775,-0.19668155908584595,0.9999926090240479,0.7102742195129395,0.5247600674629211,-0.033499471843242645,0.9999905824661255,0.6815916895866394,0.5086054801940918,-0.204350546002388,0.9999958276748657,0.6831398010253906,0.4987809956073761,-0.15722426772117615,0.9999896287918091,0.6245077848434448,0.626599907875061,-0.14611387252807617,0.9999685287475586,0.6242641806602478,0.4796696901321411,0.013171943835914135,0.9999523162841797,0.6550358533859253,0.7495149374008179,-0.26086345314979553,0.9982511401176453,0.6248348951339722,0.353124737739563,0.08592148870229721,0.9965876340866089,0.695834219455719,0.8339519500732422,-0.4290938973426819,0.9961292743682861,0.6365751028060913,0.24968445301055908,-0.01588941179215908,0.995729386806488,0.7192970514297485,0.8447184562683105,-0.4548812210559845,0.9859325289726257,0.6413446664810181,0.21643942594528198,-0.03405352681875229,0.9855750799179077,0.7240258455276489,0.8432331085205078,-0.48186129331588745,0.9870201349258423,0.6478887796401978,0.21617740392684937,-0.07074297219514847,0.9873732924461365,0.7133809328079224,0.8404543995857239,-0.44702279567718506,0.9876006841659546,0.6447480916976929,0.22674787044525146,-0.04112180322408676,0.9886355400085449,0.38368380069732666,0.5919180512428284,-0.0461050420999527,0.999910831451416,0.37349197268486023,0.5183429718017578,0.04594195634126663,0.9997895359992981,0.2525268793106079,0.6919354796409607,-0.13664230704307556,0.9941451549530029,0.23400531709194183,0.43447133898735046,-0.11626837402582169,0.9898337125778198,0.16464519500732422,0.8130638003349304,0.06588081270456314,0.9886252880096436,0.31775012612342834,0.5733423233032227,0.2904006242752075,0.6153691411018372,0.15381911396980286,0.8211430907249451,0.08737020194530487,0.9401910305023193,0.3390026092529297,0.5817953944206238,0.3390701115131378,0.510938823223114,0.12114015221595764,0.8553247451782227,0.01210076455026865,0.9782026410102844,0.29125991463661194,0.6215630769729614,0.39642980694770813,0.6265485286712646
tree,00000181.jpg,0.49300286173820496,0.24063792824745178,-0.1907484233379364,0.999992847442627,0.4982520341873169,0.22838985919952393,-0.1734977811574936,0.9999878406524658,0.5022220611572266,0.22779512405395508,-0.17351162433624268,0.9999864101409912,0.5052968859672546,0.2271084189414978,-0.17353931069374084,0.9999860525131226,0.48637351393699646,0.2304030954837799,-0.16650128364562988,0.9999872446060181,0.4822723865509033,0.23089933395385742,-0.16650670766830444,0.999985933303833,0.47846347093582153,0.23126527667045593,-0.16652603447437286,0.9999891519546509,0.5119712948799133,0.23166030645370483,-0.05588555335998535,0.9999808073043823,0.47473204135894775,0.23906895518302917,-0.02440725453197956,0.9999939203262329,0.5021002292633057,0.25377827882766724,-0.14461752772331238,0.999992847442627,0.48694610595703125,0.2557230293750763,-0.1358584612607956,0.9999911785125732,0.5477873086929321,0.31636953353881836,-0.017028816044330597,0.9999616146087646,0.4511750638484955,0.3121927082538605,0.05327913165092468,0.9998370409011841,0.5908094644546509,0.3970479667186737,-0.15299035608768463,0.9954720735549927,0.4037521481513977,0.3959459960460663,-0.07637385278940201,0.9935241937637329,0.5125428438186646,0.3826787769794464,-0.3006739616394043,0.9832513332366943,0.477059930562973,0.3815653920173645,-0.26032769680023193,0.9785652756690979,0.5022454857826233,0.3606933057308197,-0.32916420698165894,0.9383811950683594,0.4933205842971802,0.35980671644210815,-0.3018706440925598,0.9301537275314331,0.5025245547294617,0.35615235567092896,-0.3086632490158081,0.9283178448677063,0.49484843015670776,0.35877302289009094,-0.2727394104003906,0.9143008589744568,0.5043007731437683,0.3630448877811432,-0.29271024465560913,0.901534378528595,0.49147289991378784,0.36693495512008667,-0.2517439126968384,0.8797207474708557,0.5103100538253784,0.5382717847824097,-0.05044485628604889,0.9997405409812927,0.45411252975463867,0.5261258482933044,0.050501350313425064,0.9992994070053101,0.49343565106391907,0.7122355699539185,-0.04959731921553612,0.971933901309967,0.3503703474998474,0.5922289490699768,-0.11738729476928711,0.9892898201942444,0.486139714717865,0.8586698174476624,0.11040442436933517,0.989180326461792,0.4661017954349518,0.6639405488967896,0.10725590586662292,0.8443493247032166,0.4858265817165375,0.8734828233718872,0.12147383391857147,0.9298860430717468,0.4788955748081207,0.6553624272346497,0.12908010184764862,0.8113389015197754,0.47327110171318054,0.8987692594528198,-0.010608961805701256,0.9822123050689697,0.4833667278289795,0.7265483736991882,0.06789465993642807,0.8247349262237549
tree,00000182.jpg,0.5460227727890015,0.11344698071479797,-1.0448580980300903,0.9998243451118469,0.5617076754570007,0.09522703289985657,-0.9750315546989441,0.9996907711029053,0.5734318494796753,0.09545627236366272,-0.9751766324043274,0.9996929168701172,0.585968554019928,0.0960286557674408,-0.9753717184066772,0.9997468590736389,0.5222873091697693,0.09542083740234375,-0.9770237803459167,0.9994712471961975,0.5057370066642761,0.09621015191078186,-0.9771056771278381,0.9993767142295837,0.49089813232421875,0.09743285179138184,-0.9772498607635498,0.9995561242103577,0.5966082811355591,0.10646429657936096,-0.5614984035491943,0.9992951154708862,0.46336615085601807,0.11087378859519958,-0.5688023567199707,0.9993563294410706,0.5648192167282104,0.13597232103347778,-0.8875822424888611,0.9998983144760132,0.5135911107063293,0.1376379430294037,-0.889391303062439,0.9998193383216858,0.7093695402145386,0.23221006989479065,-0.3561941981315613,0.9997877478599548,0.35135263204574585,0.23278385400772095,-0.3475644588470459,0.9976116418838501,0.7179588675498962,0.3748404383659363,-0.2943662405014038,0.7960078716278076,0.38132163882255554,0.38509437441825867,-0.3250933885574341,0.6992724537849426,0.6904993057250977,0.49376124143600464,-0.6217600107192993,0.45734280347824097,0.5509694814682007,0.48160165548324585,-0.6615069508552551,0.15596815943717957,0.694222092628479,0.5263932943344116,-0.720667839050293,0.43934860825538635,0.5701432824134827,0.5229604840278625,-0.7977574467658997,0.148773655295372,0.6735981106758118,0.5256770253181458,-0.8260002732276917,0.4488537907600403,0.595506489276886,0.5187844634056091,-0.8575778603553772,0.15096260607242584,0.6667076349258423,0.5162599682807922,-0.6681676506996155,0.4440181851387024,0.5853207111358643,0.5111151337623596,-0.6944881081581116,0.15462231636047363,0.6182218194007874,0.49872517585754395,-0.0635373443365097,0.9995017051696777,0.4210306704044342,0.49623239040374756,0.06408026814460754,0.9982261061668396,0.561166524887085,0.7103819251060486,-0.1173408105969429,0.9647051095962524,0.22297343611717224,0.6653045415878296,-0.8621786832809448,0.9805185794830322,0.5001668930053711,0.8872102499008179,0.5795496702194214,0.987636148929596,0.5611813068389893,0.5625033378601074,0.24835936725139618,0.5008233785629272,0.4872879087924957,0.9057585597038269,0.626800000667572,0.8435635566711426,0.602968692779541,0.5360320210456848,0.362697571516037,0.4917646050453186,0.4930588901042938,0.9523968696594238,0.20408810675144196,0.9751059412956238,0.6574344038963318,0.6265550851821899,0.24325837194919586,0.5868940353393555
tree,00000184.jpg,0.503699779510498,0.3102901577949524,-0.46799641847610474,0.9935107827186584,0.5129712224006653,0.29661646485328674,-0.4273715913295746,0.9944106936454773,0.5209630727767944,0.29594460129737854,-0.42735663056373596,0.9932875037193298,0.5277280211448669,0.295414000749588,-0.42752036452293396,0.9952502250671387,0.4912656545639038,0.29810377955436707,-0.416113018989563,0.991810142993927,0.4827517569065094,0.29863736033439636,-0.4163186848163605,0.9886229634284973,0.4749312400817871,0.29938074946403503,-0.4166800379753113,0.9918082356452942,0.5395846366882324,0.29927054047584534,-0.23721835017204285,0.9916898012161255,0.46825936436653137,0.3067047894001007,-0.17925173044204712,0.9913478493690491,0.5206170082092285,0.32458579540252686,-0.39705079793930054,0.989722728729248,0.49170342087745667,0.3249138593673706,-0.38062265515327454,0.9798448085784912,0.58589106798172,0.3409886360168457,-0.2924203872680664,0.988610565662384,0.4415600001811981,0.3518829941749573,-0.16585499048233032,0.9710655212402344,0.5659343600273132,0.234965980052948,-0.5570066571235657,0.9736992716789246,0.43909329175949097,0.24773594737052917,-0.31386688351631165,0.9249292612075806,0.5293165445327759,0.1278570592403412,-0.6144049763679504,0.9109651446342468,0.46988099813461304,0.13767853379249573,-0.382804811000824,0.91462242603302,0.5199266672134399,0.10362651944160461,-0.6675896644592285,0.8465592265129089,0.4851532280445099,0.115078866481781,-0.454758882522583,0.856410562992096,0.5167043209075928,0.10308575630187988,-0.6494118571281433,0.8263287544250488,0.48547184467315674,0.1121009886264801,-0.4351238012313843,0.8429412245750427,0.5169286131858826,0.10978430509567261,-0.6165109872817993,0.8349583148956299,0.48367947340011597,0.11812570691108704,-0.3913671374320984,0.8584244847297668,0.5507047176361084,0.5796432495117188,-0.08710470050573349,0.9972509741783142,0.44620588421821594,0.5793527960777283,0.08697054535150528,0.9920294284820557,0.529533863067627,0.7398748397827148,-0.04140828177332878,0.953669011592865,0.25324133038520813,0.6691402196884155,-0.10213256627321243,0.9416806697845459,0.5077598690986633,0.8792440891265869,0.30528122186660767,0.9735865592956543,0.4692287743091583,0.6401458978652954,0.5625008344650269,0.591496467590332,0.5008277893066406,0.9011602401733398,0.32971855998039246,0.8752166032791138,0.497011661529541,0.628550112247467,0.6309447884559631,0.6387866139411926,0.4933750033378601,0.9216080904006958,0.11678164452314377,0.9409328103065491,0.5264111757278442,0.6931325793266296,0.6379942297935486,0.5609884858131409
tree,00000185.jpg,0.498212993144989,0.23373886942863464,-0.05609019473195076,0.9988135099411011,0.5062910914421082,0.22317633032798767,-0.031963203102350235,0.9990209341049194,0.5108157396316528,0.22386151552200317,-0.032046426087617874,0.9983651041984558,0.5148320198059082,0.224742591381073,-0.032085392624139786,0.9990249872207642,0.4941578507423401,0.2228655219078064,-0.03219082951545715,0.9987179040908813,0.49060118198394775,0.22344011068344116,-0.03222232684493065,0.9977533221244812,0.4873020052909851,0.22408989071846008,-0.03222909942269325,0.998210072517395,0.5223408937454224,0.23306682705879211,0.07918349653482437,0.9994103908538818,0.4874413013458252,0.2314390242099762,0.08131695538759232,0.9980611205101013,0.5071821808815002,0.25283724069595337,-0.015952283516526222,0.9995742440223694,0.4930380582809448,0.25153228640556335,-0.015232842415571213,0.999500036239624,0.5418609976768494,0.32093727588653564,0.08033978193998337,0.9991838335990906,0.4688071608543396,0.2916717529296875,0.10128789395093918,0.9998576641082764,0.5158661603927612,0.3941710293292999,0.019529860466718674,0.777182936668396,0.4596666991710663,0.18252065777778625,0.036898624151945114,0.9750736355781555,0.47932159900665283,0.46046870946884155,-0.06738527119159698,0.4083869755268097,0.45692121982574463,0.08091813325881958,0.02424091100692749,0.9712263345718384,0.47271305322647095,0.47869160771369934,-0.09412309527397156,0.4275262653827667,0.4588920772075653,0.057917237281799316,0.00033584743505343795,0.9626988172531128,0.46911025047302246,0.4759959280490875,-0.10419195145368576,0.4360867440700531,0.4600358009338379,0.05652943253517151,-0.0064066569320857525,0.9595623016357422,0.4742702841758728,0.4714047908782959,-0.07516516745090485,0.4696250557899475,0.46001988649368286,0.06114906072616577,0.016586167737841606,0.9630975127220154,0.5286046266555786,0.5061489343643188,3.72224603779614e-05,0.9999723434448242,0.47956788539886475,0.5121500492095947,0.00012544755009002984,0.9999943971633911,0.5765011310577393,0.6367440819740295,-0.16969601809978485,0.9895564913749695,0.49909380078315735,0.6740031242370605,-0.05515693500638008,0.9963573813438416,0.4736848473548889,0.5245135426521301,0.08163837343454361,0.9032658934593201,0.5106911659240723,0.839704155921936,0.11285823583602905,0.9951291084289551,0.46525701880455017,0.5039461255073547,0.10922236740589142,0.9336756467819214,0.5148195028305054,0.8561476469039917,0.12396830320358276,0.9873502850532532,0.4374426603317261,0.5056430101394653,0.07027290016412735,0.9159494638442993,0.4952629804611206,0.8818687200546265,0.015579644590616226,0.9928427934646606
tree,00000186.jpg,0.7105225324630737,0.34000450372695923,-0.1336352825164795,0.994158148765564,0.708183228969574,0.3328133225440979,-0.10231245309114456,0.9933915138244629,0.7092245817184448,0.33235955238342285,-0.10236392915248871,0.9893675446510315,0.7103492617607117,0.33168599009513855,-0.10243812948465347,0.9918539524078369,0.7016386985778809,0.3346070349216461,-0.1456529200077057,0.9953784942626953,0.6990659832954407,0.33564603328704834,-0.14566905796527863,0.9939829707145691,0.6964221000671387,0.3363504409790039,-0.1457611620426178,0.9949911236763,0.7020562887191772,0.3374701738357544,0.03959019482135773,0.9933834671974182,0.6817243099212646,0.344319224357605,-0.15498174726963043,0.9921702742576599,0.712415337562561,0.3513731360435486,-0.07891812175512314,0.9902604222297668,0.7068158984184265,0.3550920784473419,-0.13584409654140472,0.989803671836853,0.706810474395752,0.38983532786369324,0.15338271856307983,0.9704674482345581,0.662289023399353,0.3892454504966736,-0.25571683049201965,0.9954192638397217,0.7116909623146057,0.305869996547699,0.2671205401420593,0.12870314717292786,0.6687546968460083,0.3131725788116455,-0.41957348585128784,0.9686989188194275,0.7030600309371948,0.24155479669570923,0.19310152530670166,0.28656038641929626,0.6809620261192322,0.23799565434455872,-0.43316158652305603,0.9707248210906982,0.6961140632629395,0.22395190596580505,0.18025586009025574,0.31455180048942566,0.6786904335021973,0.2176801860332489,-0.47439664602279663,0.9572358131408691,0.6938199400901794,0.22211721539497375,0.16769975423812866,0.31028681993484497,0.6777946352958679,0.21708834171295166,-0.4743104577064514,0.9491544365882874,0.6946448087692261,0.2272813320159912,0.17914773523807526,0.3301335275173187,0.678709864616394,0.2253861427307129,-0.43416038155555725,0.9245726466178894,0.6978183388710022,0.5289835333824158,0.12905371189117432,0.9975703358650208,0.6545741558074951,0.5383945107460022,-0.12901903688907623,0.9986617565155029,0.8185673356056213,0.5559576749801636,-0.04163411632180214,0.7595224976539612,0.6529576778411865,0.6403194069862366,-0.17807722091674805,0.9700273275375366,0.6939250230789185,0.5672544240951538,0.18639561533927917,0.45158320665359497,0.6617660522460938,0.7528688311576843,-0.027890048921108246,0.9831017851829529,0.6753010749816895,0.5621746778488159,0.20884370803833008,0.6093952059745789,0.6582719683647156,0.763635516166687,-0.018839119002223015,0.9690292477607727,0.6789761185646057,0.6046702265739441,0.18175368010997772,0.5697012543678284,0.6802871823310852,0.7988066673278809,-0.15604327619075775,0.9687497019767761
tree,00000187.jpg,0.5109040141105652,0.2620595693588257,0.09844272583723068,0.9980401396751404,0.508417010307312,0.25126317143440247,0.06560716032981873,0.9984221458435059,0.5021971464157104,0.2510423958301544,0.06566086411476135,0.9982129335403442,0.4988482892513275,0.25117334723472595,0.06565186381340027,0.9982500672340393,0.5160331726074219,0.2516225576400757,0.0697806179523468,0.9977633953094482,0.5212470293045044,0.25223737955093384,0.06974048167467117,0.9973762035369873,0.5240358114242554,0.2525998651981354,0.06962433457374573,0.9980277419090271,0.49486222863197327,0.26280876994132996,-0.03577464073896408,0.9982962012290955,0.5284795165061951,0.26338300108909607,-0.02011861465871334,0.9986059069633484,0.507952094078064,0.2718224823474884,0.06925339251756668,0.9962838292121887,0.5172628164291382,0.2717571258544922,0.07306000590324402,0.9958482980728149,0.4652860164642334,0.3234630227088928,-0.1096707358956337,0.9963967204093933,0.5550925731658936,0.3315345346927643,-0.0037815244868397713,0.996787428855896,0.45621418952941895,0.2139635980129242,-0.1472831517457962,0.8551528453826904,0.5346999168395996,0.2205839455127716,0.006349063478410244,0.5918254852294922,0.5024898648262024,0.11404648423194885,-0.16471530497074127,0.6988852620124817,0.5197840332984924,0.12330040335655212,-0.007412056438624859,0.7516667246818542,0.49883219599723816,0.1001424789428711,-0.1996295005083084,0.6512441635131836,0.5486640334129333,0.11139890551567078,-0.037850670516490936,0.7293745279312134,0.5053727626800537,0.10398465394973755,-0.2005757987499237,0.6498942971229553,0.5422189235687256,0.11106911301612854,-0.038751427084207535,0.7181284427642822,0.5025071501731873,0.10992297530174255,-0.16922743618488312,0.6579228043556213,0.5366243720054626,0.11717340350151062,-0.012109920382499695,0.6762468218803406,0.49427270889282227,0.5389576554298401,-0.07477974891662598,0.9998264908790588,0.5336158275604248,0.5490663647651672,0.07463950663805008,0.9998902082443237,0.3581228256225586,0.6162686347961426,-0.07756878435611725,0.9687743186950684,0.4633658230304718,0.7079072594642639,0.06144612655043602,0.9177151322364807,0.4567793011665344,0.7002196311950684,0.1336735486984253,0.8837883472442627,0.4990825057029724,0.8364981412887573,0.15084391832351685,0.9409462213516235,0.48159414529800415,0.7135115265846252,0.15950477123260498,0.8694323897361755,0.5126935243606567,0.8462386131286621,0.15960431098937988,0.9270798563957214,0.45229798555374146,0.7826629877090454,0.19115102291107178,0.8446013927459717,0.48594221472740173,0.8963034152984619,0.12358419597148895,0.8756762146949768
tree,00000188.jpg,0.5716300010681152,0.32576248049736023,-0.3395901620388031,0.9999487400054932,0.5827378034591675,0.3115246593952179,-0.30490148067474365,0.9999232292175293,0.5900150537490845,0.3108924329280853,-0.30497780442237854,0.9999122619628906,0.5962968468666077,0.3103102147579193,-0.30498963594436646,0.9999208450317383,0.562410295009613,0.31292620301246643,-0.29860880970954895,0.9999001026153564,0.5558797121047974,0.3132838010787964,-0.29867586493492126,0.9998893737792969,0.5492534637451172,0.3135391175746918,-0.2987573742866516,0.9999138116836548,0.6062405705451965,0.3155122697353363,-0.10239385068416595,0.9998069405555725,0.5420134663581848,0.318604975938797,-0.07461290061473846,0.9998979568481445,0.5872169137001038,0.33796456456184387,-0.2639916241168976,0.9999288320541382,0.5615383386611938,0.3387022018432617,-0.25629717111587524,0.9998772144317627,0.6698402166366577,0.3932681679725647,-0.04259054362773895,0.9995673298835754,0.4923904538154602,0.395016074180603,0.01143028773367405,0.998671293258667,0.6871811151504517,0.48916923999786377,-0.27100905776023865,0.9798492789268494,0.4627414047718048,0.4888780415058136,-0.22833232581615448,0.9643182158470154,0.5813549757003784,0.4257949888706207,-0.5523120760917664,0.9721043109893799,0.5734168887138367,0.4253941774368286,-0.5827759504318237,0.9457011222839355,0.5615420341491699,0.4030877947807312,-0.6072189807891846,0.9305575489997864,0.5835789442062378,0.40738534927368164,-0.6612012386322021,0.8801128268241882,0.5665876865386963,0.3979133069515228,-0.5770304799079895,0.924085795879364,0.5806092619895935,0.3997350335121155,-0.6232239603996277,0.8600884079933167,0.5712236166000366,0.4043422341346741,-0.5431404113769531,0.8922523856163025,0.5783992409706116,0.40598103404045105,-0.5748399496078491,0.8130338191986084,0.5974327325820923,0.5942962765693665,-0.04961696267127991,0.9995191097259521,0.5005371570587158,0.5764777660369873,0.04966538026928902,0.9988629817962646,0.5609713792800903,0.7361375093460083,-0.01209676917642355,0.9654605984687805,0.3290035128593445,0.6455795168876648,-0.23543605208396912,0.9886385798454285,0.5437642335891724,0.8502025604248047,0.34226366877555847,0.9571698904037476,0.5099856853485107,0.644822895526886,0.27730414271354675,0.4375970661640167,0.5378979444503784,0.8641366958618164,0.37273773550987244,0.7709926962852478,0.5365166664123535,0.6354541182518005,0.3331635296344757,0.39782992005348206,0.5460952520370483,0.8893849849700928,0.20140647888183594,0.9389631152153015,0.5454800128936768,0.7001680135726929,0.31276968121528625,0.4511081576347351
tree,00000190.jpg,0.5246108174324036,0.23563292622566223,-0.581068754196167,0.9999921321868896,0.528618574142456,0.2185221016407013,-0.5741081237792969,0.9999783039093018,0.5320444107055664,0.2169480323791504,-0.5739778280258179,0.9999713897705078,0.5349919199943542,0.21540701389312744,-0.5740338563919067,0.999967098236084,0.5190375447273254,0.21892574429512024,-0.5731102228164673,0.9999852180480957,0.5157985687255859,0.2177814245223999,-0.5733028054237366,0.9999839067459106,0.5126887559890747,0.21658635139465332,-0.5733230113983154,0.9999856948852539,0.5385609865188599,0.21429038047790527,-0.4615221321582794,0.999935507774353,0.50773024559021,0.2152094542980194,-0.45887985825538635,0.9999842643737793,0.5308551788330078,0.24785186350345612,-0.5337901711463928,0.999970555305481,0.5188723206520081,0.2482299506664276,-0.5331228971481323,0.9999781847000122,0.5651959776878357,0.26721882820129395,-0.3577442467212677,0.9999319314956665,0.481367290019989,0.2807214856147766,-0.3606518507003784,0.9999364614486694,0.6102790832519531,0.19843924045562744,-0.39456474781036377,0.9985322952270508,0.4206368327140808,0.28790584206581116,-0.46027955412864685,0.9975346326828003,0.6396210193634033,0.10819146037101746,-0.45130300521850586,0.9952011108398438,0.36250466108322144,0.29904478788375854,-0.670139729976654,0.9940197467803955,0.6486896276473999,0.07407158613204956,-0.47760772705078125,0.9836349487304688,0.3441171944141388,0.2966817617416382,-0.7106376886367798,0.9810887575149536,0.6430455446243286,0.06919008493423462,-0.489167183637619,0.984779953956604,0.34456348419189453,0.294999361038208,-0.7348329424858093,0.9842462539672852,0.63782799243927,0.08201494812965393,-0.46151119470596313,0.9855048060417175,0.34982383251190186,0.29829078912734985,-0.6868243217468262,0.9839030504226685,0.5353692770004272,0.48265817761421204,-0.014915583655238152,0.9999170303344727,0.48643648624420166,0.47069913148880005,0.014745769090950489,0.9994726777076721,0.5216405987739563,0.6381619572639465,-0.08349493145942688,0.9944532513618469,0.48830607533454895,0.5938200950622559,0.17616306245326996,0.927174985408783,0.5128462910652161,0.7853565216064453,0.054661668837070465,0.9927316308021545,0.48690417408943176,0.6169238090515137,0.5669915676116943,0.67596435546875,0.5103265047073364,0.7991397380828857,0.06160722300410271,0.891600489616394,0.48981454968452454,0.6198065876960754,0.6043386459350586,0.6319432258605957,0.5111860632896423,0.8240209817886353,-0.07464957982301712,0.9888184666633606,0.48857390880584717,0.6811444759368896,0.5480793714523315,0.8234386444091797
tree,00000191.jpg,0.588499128818512,0.30693718791007996,0.08937445282936096,0.9990956783294678,0.5846297144889832,0.29797670245170593,0.07141200453042984,0.9991408586502075,0.5818951725959778,0.29875633120536804,0.07142897695302963,0.9992063641548157,0.5792250037193298,0.2997191548347473,0.07145681232213974,0.9991056323051453,0.5915554761886597,0.29776427149772644,0.060774534940719604,0.9990291595458984,0.5936633944511414,0.2982683777809143,0.06079263985157013,0.9991028308868408,0.5957105159759521,0.2988702952861786,0.060746364295482635,0.9987473487854004,0.5746890902519226,0.3104247450828552,0.019563810899853706,0.9994122982025146,0.5982593297958374,0.31113651394844055,-0.03127238526940346,0.9994751811027527,0.5848575234413147,0.32207685708999634,0.0768885612487793,0.9988067150115967,0.5922396779060364,0.32198500633239746,0.06197410821914673,0.9980311989784241,0.5573596954345703,0.35962843894958496,0.04807566851377487,0.9996531009674072,0.6111251711845398,0.35638493299484253,-0.09075053036212921,0.9996179342269897,0.5596975088119507,0.25721168518066406,0.09784728288650513,0.638312041759491,0.6082662343978882,0.25795596837997437,-0.11095815151929855,0.9347932934761047,0.5745623707771301,0.15978798270225525,0.07563126087188721,0.8282479047775269,0.5936912894248962,0.15807387232780457,-0.10220258682966232,0.9820630550384521,0.5752861499786377,0.13266822695732117,0.07085944712162018,0.8167940974235535,0.5907568335533142,0.130321204662323,-0.1170620545744896,0.9756776094436646,0.5781038999557495,0.13609561324119568,0.053194399923086166,0.8147056698799133,0.5877946615219116,0.13126879930496216,-0.11171781271696091,0.9734000563621521,0.5789996385574341,0.14242830872535706,0.06674078851938248,0.8240886926651001,0.5880681276321411,0.1416397988796234,-0.09901086241006851,0.9619995355606079,0.5723739266395569,0.5896408557891846,0.05856684222817421,0.9999815225601196,0.6104677319526672,0.5805837512016296,-0.05886678025126457,0.9998979568481445,0.5854158401489258,0.7602479457855225,0.05301713943481445,0.9888806343078613,0.6756543517112732,0.6632760167121887,-0.03856111690402031,0.9935438632965088,0.6010981202125549,0.9248010516166687,0.016385722905397415,0.9869167804718018,0.6077800989151001,0.6769871711730957,0.06263162940740585,0.9453832507133484,0.6005127429962158,0.9487733840942383,0.012301367707550526,0.9918326139450073,0.5959475040435791,0.6624466180801392,0.07665863633155823,0.9654732346534729,0.6076703071594238,0.9536312222480774,-0.006257506087422371,0.8566048741340637,0.5870752930641174,0.7341756224632263,0.12297284603118896,0.7552371025085449
tree,00000192.jpg,0.504069447517395,0.2576620578765869,-0.20949840545654297,0.9999828338623047,0.5087245106697083,0.24161365628242493,-0.18802320957183838,0.9999808073043823,0.51183021068573,0.2417307198047638,-0.18810909986495972,0.9999765157699585,0.5150269865989685,0.24186363816261292,-0.188221737742424,0.9999793767929077,0.4994647800922394,0.24137872457504272,-0.19245541095733643,0.999977707862854,0.4958034157752991,0.24143311381340027,-0.19246774911880493,0.999962568283081,0.4921295642852783,0.2417442500591278,-0.19243301451206207,0.9999561309814453,0.5185747146606445,0.2493150532245636,-0.06625854969024658,0.9999880790710449,0.4855266213417053,0.24925127625465393,-0.08585811406373978,0.9999161958694458,0.5083532333374023,0.2751183807849884,-0.16468794643878937,0.9999949932098389,0.49758878350257874,0.27462300658226013,-0.1703580766916275,0.9999943971633911,0.5435259938240051,0.3456602692604065,-0.0012942072935402393,0.9999611377716064,0.4581599533557892,0.348923921585083,-0.02284560352563858,0.9998291730880737,0.5704039335250854,0.440037339925766,-0.08514074981212616,0.9906134605407715,0.44273054599761963,0.4555170238018036,-0.10440324991941452,0.9436869621276855,0.5751681923866272,0.4457337558269501,-0.3270663022994995,0.9919463992118835,0.42960599064826965,0.446117103099823,-0.3413645923137665,0.9729039072990417,0.5724207162857056,0.4460301399230957,-0.37461650371551514,0.9856326580047607,0.42193904519081116,0.4412881135940552,-0.38622841238975525,0.9668351411819458,0.5692299008369446,0.4338720440864563,-0.3873552083969116,0.9852889180183411,0.4230717420578003,0.42827194929122925,-0.40057775378227234,0.9683390855789185,0.5690150856971741,0.4325913190841675,-0.3367655575275421,0.9780237078666687,0.42727336287498474,0.4292089343070984,-0.3525848388671875,0.9554588794708252,0.5344337224960327,0.5628118515014648,0.023417958989739418,0.9996792078018188,0.4895794689655304,0.577302873134613,-0.023304754868149757,0.9997578263282776,0.6212770938873291,0.6292402148246765,-0.12612010538578033,0.9973695278167725,0.5007171630859375,0.7478065490722656,-0.0359601192176342,0.9895238280296326,0.5259330868721008,0.6468069553375244,0.13703176379203796,0.9003906846046448,0.5143063068389893,0.8909736275672913,0.16922733187675476,0.9888129830360413,0.5125217437744141,0.6391983032226562,0.1623108685016632,0.8684275150299072,0.5212124586105347,0.9087539911270142,0.1843290627002716,0.9372708797454834,0.5117066502571106,0.7271905541419983,0.10879210382699966,0.8838176727294922,0.5072982907295227,0.9425000548362732,0.07750598341226578,0.9740169644355774
tree,00000193.jpg,0.3810141086578369,0.3790033161640167,-0.055568877607584,0.9997344613075256,0.37713655829429626,0.37203699350357056,-0.09757298976182938,0.9998216032981873,0.36798641085624695,0.37143635749816895,-0.09751858562231064,0.9998346567153931,0.3663704991340637,0.3714922070503235,-0.09743120521306992,0.9997960925102234,0.38467344641685486,0.3738800585269928,-0.11614734679460526,0.9998132586479187,0.3879917860031128,0.3749299943447113,-0.11609729379415512,0.9998013377189636,0.4025098979473114,0.3774428069591522,-0.116082563996315,0.9997748732566833,0.3542674481868744,0.37934017181396484,-0.20740759372711182,0.9997994303703308,0.4051996171474457,0.3878710865974426,-0.30050939321517944,0.9997674822807312,0.37010568380355835,0.3892441987991333,-0.08232829719781876,0.9996331930160522,0.38314342498779297,0.39178550243377686,-0.10927931219339371,0.9995777010917664,0.2730898857116699,0.4305267930030823,-0.17154404520988464,0.9985644221305847,0.44904202222824097,0.4393719732761383,-0.36765462160110474,0.9994744658470154,0.20107358694076538,0.3635498881340027,-0.1444932222366333,0.9560387134552002,0.46699246764183044,0.35740190744400024,-0.5827363729476929,0.956978440284729,0.1441834419965744,0.29210495948791504,-0.2325245589017868,0.9564552307128906,0.5102861523628235,0.2881779968738556,-0.8308555483818054,0.9465454816818237,0.12360796332359314,0.2744652330875397,-0.26953786611557007,0.9436737895011902,0.5126535892486572,0.2663087546825409,-0.9215750694274902,0.9332769513130188,0.13334797322750092,0.27183303236961365,-0.30231139063835144,0.9416685700416565,0.5094135999679565,0.26140284538269043,-0.8913834095001221,0.9275094866752625,0.1435304433107376,0.27754178643226624,-0.24535156786441803,0.9240794777870178,0.5087639689445496,0.2691799998283386,-0.8263745903968811,0.893678605556488,0.2946145236492157,0.5994887351989746,0.10944768041372299,0.9992976188659668,0.3793032467365265,0.6090502738952637,-0.11024279147386551,0.9997275471687317,0.2584885060787201,0.6343271136283875,0.4595779478549957,0.7998202443122864,0.3896399438381195,0.7037457823753357,0.07650619000196457,0.9760461449623108,0.2923501133918762,0.7337402105331421,0.601357102394104,0.902709424495697,0.3338163197040558,0.8299587368965149,0.0946255624294281,0.9865697026252747,0.29428765177726746,0.7497828006744385,0.6139601469039917,0.9414576292037964,0.3332025110721588,0.8475741147994995,0.09419962018728256,0.9832749962806702,0.32717660069465637,0.7530396580696106,0.5880662798881531,0.8667038083076477,0.33168452978134155,0.8538348078727722,-0.002711466746404767,0.9577308297157288
tree,00000194.jpg,0.48786690831184387,0.11393851041793823,-0.6964671015739441,0.9998179078102112,0.5081693530082703,0.09192842245101929,-0.6468342542648315,0.9998675584793091,0.5208222270011902,0.09157034754753113,-0.6470798254013062,0.9998874664306641,0.5312637686729431,0.09107974171638489,-0.6474042534828186,0.999908447265625,0.46634864807128906,0.09395810961723328,-0.6255799531936646,0.9996343851089478,0.45210525393486023,0.09530693292617798,-0.6255775094032288,0.9995414018630981,0.4389270544052124,0.09661126136779785,-0.6257752776145935,0.999599277973175,0.5540103912353516,0.10003620386123657,-0.314510703086853,0.9998841285705566,0.4323745667934418,0.1083993911743164,-0.21769218146800995,0.9996042847633362,0.5171640515327454,0.1376364529132843,-0.5683594942092896,0.9999064207077026,0.46701955795288086,0.1377469003200531,-0.5413214564323425,0.999603807926178,0.676215648651123,0.21520987153053284,-0.211954727768898,0.9998972415924072,0.4018082618713379,0.2304094135761261,0.09840210527181625,0.9943186640739441,0.7534792423248291,0.38463854789733887,-0.6658681035041809,0.9685540795326233,0.3114195764064789,0.3735120892524719,-0.17922207713127136,0.3663571774959564,0.5705583691596985,0.27696162462234497,-1.2078142166137695,0.96315997838974,0.41017797589302063,0.2676104009151459,-0.8683770895004272,0.4884916841983795,0.5406867265701294,0.24186137318611145,-1.28476881980896,0.9275069832801819,0.4374547302722931,0.23475664854049683,-0.9753396511077881,0.4418959617614746,0.5425819158554077,0.22674265503883362,-1.221439003944397,0.9174872636795044,0.43307140469551086,0.22451883554458618,-0.9342559576034546,0.3931407034397125,0.5434353351593018,0.23871761560440063,-1.1820472478866577,0.8706842064857483,0.4319530427455902,0.2318183183670044,-0.8690081834793091,0.33914846181869507,0.5737191438674927,0.4772387444972992,-0.13496842980384827,0.999517560005188,0.4189645051956177,0.47052231431007385,0.13580121099948883,0.9971978664398193,0.533726692199707,0.6890362501144409,-0.2484469711780548,0.944100022315979,0.11586704850196838,0.5575908422470093,-0.6404392719268799,0.9396664500236511,0.509141206741333,0.9277569651603699,0.062297724187374115,0.9769728183746338,0.4789903163909912,0.5716817378997803,0.056829240173101425,0.40834009647369385,0.5019158124923706,0.9497276544570923,0.07720540463924408,0.8042839765548706,0.5062857866287231,0.5380973815917969,0.13168750703334808,0.4434719979763031,0.4801221191883087,0.9917242527008057,-0.34731754660606384,0.956591784954071,0.5350732207298279,0.6301605105400085,0.0057530477643013,0.5115393400192261
tree,00000195.jpg,0.4937969148159027,0.170740008354187,-0.3577161431312561,0.9999895095825195,0.5060604214668274,0.15539541840553284,-0.3189483880996704,0.9999798536300659,0.5136394500732422,0.15550091862678528,-0.3190169036388397,0.9999746084213257,0.5194830894470215,0.15561336278915405,-0.31911367177963257,0.9999752044677734,0.4763772487640381,0.1558234691619873,-0.3116837739944458,0.9999786615371704,0.4663294553756714,0.15637648105621338,-0.31167757511138916,0.9999736547470093,0.4565153419971466,0.15715691447257996,-0.31174495816230774,0.999980092048645,0.5314992666244507,0.16354119777679443,-0.07494483143091202,0.9999692440032959,0.4448081851005554,0.16451093554496765,-0.0393449105322361,0.9999819993972778,0.5106889009475708,0.19064432382583618,-0.26285508275032043,0.99998939037323,0.47594746947288513,0.1913386881351471,-0.2532477080821991,0.9999854564666748,0.6076322197914124,0.26223933696746826,-0.0004075950419064611,0.9999712705612183,0.3760925233364105,0.26507478952407837,0.08324377983808517,0.999901533126831,0.6474283933639526,0.3839065730571747,-0.28849995136260986,0.9843741059303284,0.3232424855232239,0.3814833164215088,-0.22909048199653625,0.976978600025177,0.517802357673645,0.3115044832229614,-0.6597838997840881,0.9838131666183472,0.4743000268936157,0.31785303354263306,-0.6735938787460327,0.9759021401405334,0.5022088885307312,0.2811916470527649,-0.7353771328926086,0.9623242020606995,0.49088793992996216,0.291989266872406,-0.7712883949279785,0.9348576068878174,0.501874566078186,0.2725609838962555,-0.694273054599762,0.9568774700164795,0.48627549409866333,0.2839124798774719,-0.7221459150314331,0.9215928316116333,0.5070933103561401,0.2812502384185791,-0.6488245129585266,0.9363932609558105,0.4847775399684906,0.2930073142051697,-0.6639866828918457,0.8967357873916626,0.5655143857002258,0.5069352984428406,-0.0682617798447609,0.9998687505722046,0.43187710642814636,0.5053607821464539,0.0680164247751236,0.9998041987419128,0.5290273427963257,0.7032980918884277,-0.21976585686206818,0.9920766353607178,0.3033086061477661,0.687593936920166,-0.2652689814567566,0.9921212196350098,0.48237934708595276,0.8640607595443726,0.3033049404621124,0.980774462223053,0.43620890378952026,0.82239830493927,0.4316560626029968,0.9106045961380005,0.4852922558784485,0.8778887987136841,0.3450703024864197,0.6752444505691528,0.4601741135120392,0.8261199593544006,0.49704816937446594,0.6862033009529114,0.47166708111763,0.9305559396743774,0.08958878368139267,0.9676980972290039,0.42196643352508545,0.9033672213554382,0.3448430597782135,0.8927963376045227
tree,00000196.jpg,0.47753259539604187,0.3185635805130005,-0.4061740040779114,0.9993600249290466,0.4793073832988739,0.3085710108280182,-0.38399672508239746,0.9992181062698364,0.4807743728160858,0.3085367977619171,-0.38405588269233704,0.9991855025291443,0.48239830136299133,0.3087044954299927,-0.3843550384044647,0.9992002844810486,0.4762144386768341,0.30890601873397827,-0.3829745948314667,0.9991325736045837,0.4755462408065796,0.30905231833457947,-0.3831808269023895,0.9989797472953796,0.47490137815475464,0.3094809055328369,-0.3833664059638977,0.9990004897117615,0.48913949728012085,0.31432828307151794,-0.2723481059074402,0.9989534616470337,0.470514714717865,0.3161541223526001,-0.2668575346469879,0.9991095662117004,0.4829636514186859,0.3295343518257141,-0.36414048075675964,0.9988147020339966,0.47836920619010925,0.3304652273654938,-0.36241188645362854,0.9978281855583191,0.5501570701599121,0.36926698684692383,-0.28917190432548523,0.9937487840652466,0.4367118179798126,0.3730265498161316,-0.2339436411857605,0.9863720536231995,0.6376857161521912,0.2920856475830078,-0.4024994373321533,0.9802399277687073,0.33325955271720886,0.28515008091926575,-0.2717953622341156,0.9826250076293945,0.6985806226730347,0.23385939002037048,-0.5291488766670227,0.9202672839164734,0.2430260181427002,0.2205955684185028,-0.32964983582496643,0.9502003192901611,0.717587411403656,0.21417418122291565,-0.5594818592071533,0.8328211903572083,0.2110883593559265,0.19847750663757324,-0.35975882411003113,0.8818274736404419,0.7121408581733704,0.2142569124698639,-0.5759568810462952,0.8323794603347778,0.21360665559768677,0.1942698061466217,-0.3699438273906708,0.8803657293319702,0.7056230306625366,0.21996665000915527,-0.547429084777832,0.8758112788200378,0.22382649779319763,0.2017614245414734,-0.3463518023490906,0.9056702852249146,0.499600887298584,0.5656906366348267,-0.06459830701351166,0.9957139492034912,0.44359952211380005,0.5620368719100952,0.06455250829458237,0.9917901754379272,0.482470840215683,0.7098100781440735,-0.060864128172397614,0.9369670748710632,0.2571447491645813,0.6243307590484619,0.017684953287243843,0.8680694103240967,0.472288578748703,0.7611955404281616,0.32249367237091064,0.7558828592300415,0.4295690655708313,0.5947811603546143,0.47564345598220825,0.28616225719451904,0.4732576906681061,0.7627735137939453,0.36160340905189514,0.6682921051979065,0.44826656579971313,0.585212767124176,0.527344286441803,0.4074738025665283,0.46586114168167114,0.7894637584686279,0.32132017612457275,0.6696012616157532,0.45901042222976685,0.6126624941825867,0.5908951163291931,0.2952955365180969
tree,00000197.jpg,0.5395851135253906,0.2447534203529358,-0.6127304434776306,0.999514102935791,0.5540823936462402,0.23184150457382202,-0.5704888701438904,0.9989996552467346,0.5617173910140991,0.23251843452453613,-0.5703547596931458,0.998955249786377,0.5687112212181091,0.2337391972541809,-0.5705493688583374,0.999087929725647,0.5282909870147705,0.23114654421806335,-0.5728540420532227,0.9988434314727783,0.5200265049934387,0.23128342628479004,-0.5730725526809692,0.9986667633056641,0.5106585621833801,0.23183119297027588,-0.5731640458106995,0.9989182949066162,0.5790766477584839,0.24584108591079712,-0.3695387840270996,0.9983422756195068,0.4970494508743286,0.2436676323413849,-0.37736576795578003,0.9987892508506775,0.5573631525039673,0.2642228305339813,-0.541747510433197,0.9982506632804871,0.521195650100708,0.26161569356918335,-0.5427983403205872,0.9972471594810486,0.6427969336509705,0.32277026772499084,-0.3520568907260895,0.9961354732513428,0.45382368564605713,0.3271927833557129,-0.3091234564781189,0.9880287051200867,0.7507539391517639,0.23750394582748413,-0.4874870777130127,0.983979344367981,0.34206026792526245,0.24465590715408325,-0.4292961359024048,0.9860323667526245,0.8443986177444458,0.13569796085357666,-0.6546529531478882,0.954200029373169,0.24171549081802368,0.13396787643432617,-0.631318986415863,0.9576904773712158,0.8742223978042603,0.10538911819458008,-0.7052327990531921,0.8861275315284729,0.20929640531539917,0.10586827993392944,-0.6948688626289368,0.8888651728630066,0.8723649978637695,0.10171332955360413,-0.7304916977882385,0.8880169987678528,0.21482309699058533,0.09845256805419922,-0.7194098830223083,0.8930211067199707,0.8586496114730835,0.1115289032459259,-0.6830855011940002,0.9156241416931152,0.22714194655418396,0.10869142413139343,-0.6619372367858887,0.9195937514305115,0.5962190628051758,0.5713865160942078,-0.06343744695186615,0.9892274141311646,0.4733351767063141,0.5573463439941406,0.06367011368274689,0.983130693435669,0.5588284134864807,0.7392749786376953,-0.03326668217778206,0.8807532787322998,0.2670389711856842,0.6311303377151489,-0.17767134308815002,0.8947193026542664,0.5282316207885742,0.9074708223342896,0.22060352563858032,0.9120201468467712,0.49232685565948486,0.6278799772262573,0.3174164891242981,0.3775535821914673,0.5189897418022156,0.9310526847839355,0.23340506851673126,0.7010982632637024,0.5299310684204102,0.616744339466095,0.3646640181541443,0.4414336085319519,0.5212204456329346,0.9460877180099487,-0.006145305931568146,0.8581562042236328,0.532638430595398,0.6983642578125,0.3268180787563324,0.3843430280685425
tree,00000198.jpg,0.6654089689254761,0.45018380880355835,-0.3900371789932251,0.9995865225791931,0.6758835315704346,0.440049409866333,-0.3542422652244568,0.9996053576469421,0.6827909350395203,0.4404035806655884,-0.35416412353515625,0.9994394183158875,0.6886481046676636,0.44070184230804443,-0.35431110858917236,0.9996918439865112,0.6550799012184143,0.43932294845581055,-0.34262019395828247,0.9994366765022278,0.6478202939033508,0.43908458948135376,-0.3427331745624542,0.9990379810333252,0.6413836479187012,0.43884506821632385,-0.3427896797657013,0.9994437098503113,0.6955811977386475,0.44838830828666687,-0.19083552062511444,0.999420166015625,0.6355145573616028,0.44393444061279297,-0.13624681532382965,0.9995482563972473,0.674850344657898,0.4633854925632477,-0.33219969272613525,0.999257504940033,0.6497036218643188,0.4612216651439667,-0.3168210983276367,0.9988062381744385,0.7214099764823914,0.5061432123184204,-0.2489490509033203,0.9978100657463074,0.6022145748138428,0.4977083206176758,-0.0406029149889946,0.9900105595588684,0.7713685035705566,0.41588133573532104,-0.4513252079486847,0.9937352538108826,0.5752680897712708,0.40731582045555115,-0.09835290908813477,0.9459267258644104,0.7053586840629578,0.3222452700138092,-0.4747064411640167,0.9564151167869568,0.6312755942344666,0.3271986246109009,-0.14834460616111755,0.8975567817687988,0.6911167502403259,0.2999148964881897,-0.5268340110778809,0.8969919085502625,0.6367820501327515,0.30176129937171936,-0.2096809446811676,0.808118999004364,0.681858241558075,0.2993375062942505,-0.5042867064476013,0.8794795870780945,0.643615186214447,0.3039364516735077,-0.1863640993833542,0.7861366868019104,0.6854658126831055,0.3084489703178406,-0.4723902642726898,0.8820534348487854,0.6450108885765076,0.31216421723365784,-0.1539457142353058,0.8045810461044312,0.6912650465965271,0.6765727996826172,-0.09102385491132736,0.9986497759819031,0.6062297821044922,0.673695981502533,0.09099206328392029,0.9936687350273132,0.6675699949264526,0.8209950923919678,-0.07782764732837677,0.9325006604194641,0.42003393173217773,0.7419935464859009,-0.03535708039999008,0.8910247087478638,0.6490783095359802,0.9542208909988403,0.11973560601472855,0.9674398303031921,0.6167649030685425,0.7437484264373779,0.4320835769176483,0.4664224088191986,0.6450479030609131,0.9683194160461426,0.1286875307559967,0.7904965877532959,0.648817241191864,0.7332984209060669,0.47728148102760315,0.5541799664497375,0.6450329422950745,0.9769956469535828,-0.08685552328824997,0.9252467155456543,0.65216463804245,0.7929041385650635,0.458486407995224,0.4502045810222626
tree,00000199.jpg,0.4306837022304535,0.21546879410743713,0.4951486885547638,0.9995654225349426,0.4242278039455414,0.20430007576942444,0.4342203736305237,0.9997221827507019,0.41743674874305725,0.20440593361854553,0.4341571629047394,0.9996892213821411,0.4110826849937439,0.20463058352470398,0.43411171436309814,0.9997259974479675,0.4421435296535492,0.20428302884101868,0.41774266958236694,0.9996740818023682,0.448447048664093,0.20438021421432495,0.41773563623428345,0.9995661377906799,0.4552762806415558,0.20442712306976318,0.41748490929603577,0.9994502663612366,0.40090203285217285,0.2107267677783966,0.23616650700569153,0.9997569918632507,0.4617657959461212,0.21067461371421814,0.15783101320266724,0.99967360496521,0.4190893769264221,0.22843080759048462,0.437280535697937,0.9995307922363281,0.44012024998664856,0.22911900281906128,0.4156566262245178,0.9994649291038513,0.3409879803657532,0.29771941900253296,0.17444206774234772,0.9999710321426392,0.5030829310417175,0.2921576499938965,-0.063669852912426,0.9998594522476196,0.24919138848781586,0.39384832978248596,-0.019080035388469696,0.9412122964859009,0.5291830897331238,0.3929402828216553,-0.25454583764076233,0.9095593690872192,0.3724879324436188,0.42226994037628174,-0.29700860381126404,0.641890287399292,0.43253737688064575,0.41774553060531616,-0.41539543867111206,0.5178050994873047,0.3895292282104492,0.4208102524280548,-0.3434881865978241,0.5699071288108826,0.42015209794044495,0.4209285080432892,-0.4492800831794739,0.41123995184898376,0.3960098624229431,0.4104138910770416,-0.36358383297920227,0.5677958726882935,0.41927820444107056,0.4151385426521301,-0.4391520023345947,0.4116016626358032,0.39459583163261414,0.4107115864753723,-0.3140537738800049,0.5587151050567627,0.42011454701423645,0.41192007064819336,-0.4141487777233124,0.3931710422039032,0.39138275384902954,0.5315984487533569,0.1372012048959732,0.9999784231185913,0.48266056180000305,0.5216667652130127,-0.13737201690673828,0.9998558759689331,0.43484312295913696,0.7119786143302917,0.22681838274002075,0.9701403975486755,0.6751246452331543,0.5927941203117371,-0.1712503284215927,0.9819533824920654,0.46017783880233765,0.8764990568161011,0.17120784521102905,0.9696453213691711,0.46701568365097046,0.6276017427444458,0.1367095559835434,0.7916392683982849,0.4633721113204956,0.8998764753341675,0.1629721224308014,0.9570611119270325,0.4471726417541504,0.6123744249343872,0.17753426730632782,0.7563403844833374,0.46962159872055054,0.8870365619659424,0.15913507342338562,0.8650633692741394,0.4494514763355255,0.6737047433853149,0.3362560272216797,0.6921839118003845
tree,00000200.png,0.4343060851097107,0.2742641568183899,-0.6659588813781738,0.999646782875061,0.4632258713245392,0.25726258754730225,-0.6024760007858276,0.999614953994751,0.47869718074798584,0.2586628198623657,-0.6023942828178406,0.9993999004364014,0.49209731817245483,0.26024147868156433,-0.6027783155441284,0.999596893787384,0.416294127702713,0.2522186040878296,-0.6187215447425842,0.9995055198669434,0.40088191628456116,0.25006312131881714,-0.6187991499900818,0.9991494417190552,0.3873412311077118,0.24834394454956055,-0.6188713312149048,0.9994019269943237,0.5077826380729675,0.2706834375858307,-0.3081396520137787,0.9995517134666443,0.356911301612854,0.2556113600730896,-0.3762640655040741,0.9992164373397827,0.4502386748790741,0.2991785407066345,-0.5584214925765991,0.999204695224762,0.4022856056690216,0.29191404581069946,-0.5794654488563538,0.9993398785591125,0.5344240665435791,0.3390367031097412,-0.24776743352413177,0.9964775443077087,0.29814213514328003,0.3306277394294739,-0.3927595019340515,0.9976304769515991,0.6015047430992126,0.23675984144210815,-0.437032014131546,0.9829487800598145,0.306601345539093,0.2187780737876892,-0.6787369251251221,0.9907693266868591,0.5332601070404053,0.11721628904342651,-0.5574286580085754,0.9306267499923706,0.4380761682987213,0.11186143755912781,-0.5919636487960815,0.9098856449127197,0.5194234251976013,0.0864713191986084,-0.6375340223312378,0.8410942554473877,0.4647034704685211,0.08218932151794434,-0.6679012179374695,0.7678337097167969,0.5116878151893616,0.08234769105911255,-0.6067554950714111,0.8154510855674744,0.46490296721458435,0.08006876707077026,-0.5912283062934875,0.73171466588974,0.5119158625602722,0.0936177670955658,-0.5605688095092773,0.8301710486412048,0.4622177183628082,0.09126979112625122,-0.5782111883163452,0.7452200055122375,0.5103722810745239,0.5375967025756836,0.08362318575382233,0.9939435124397278,0.36342018842697144,0.5555257797241211,-0.08380945026874542,0.9937578439712524,0.7331889867782593,0.6184260249137878,-0.4334438741207123,0.9044504761695862,0.4090808033943176,0.7142765522003174,-0.2725765109062195,0.814258337020874,0.5474492907524109,0.7162503004074097,0.18812765181064606,0.5735477209091187,0.438897967338562,0.8602816462516785,0.09382966160774231,0.7980104684829712,0.49552756547927856,0.714665412902832,0.2468852996826172,0.45045581459999084,0.43856823444366455,0.8852729797363281,0.11603830754756927,0.44303321838378906,0.529036283493042,0.80414879322052,0.05520756170153618,0.5349084734916687,0.45407676696777344,0.9144607186317444,-0.21535412967205048,0.6348519325256348
tree,00000201.jpg,0.49989572167396545,0.13108521699905396,-0.4857249855995178,0.9996259212493896,0.5151427984237671,0.11142036318778992,-0.4307604134082794,0.9995179176330566,0.5234109163284302,0.11100241541862488,-0.4308711886405945,0.9992902278900146,0.5313015580177307,0.11051994562149048,-0.4310504198074341,0.9993506073951721,0.48559242486953735,0.11244282126426697,-0.4419182538986206,0.999699592590332,0.47608697414398193,0.11234232783317566,-0.44192346930503845,0.9995434880256653,0.46727949380874634,0.11229008436203003,-0.44194817543029785,0.999620795249939,0.5430999994277954,0.11823838949203491,-0.10465206205844879,0.9993576407432556,0.4544680118560791,0.12042048573493958,-0.1483364850282669,0.9994542002677917,0.5174176692962646,0.15029487013816833,-0.36074379086494446,0.9997922778129578,0.4820593297481537,0.15048626065254211,-0.37348341941833496,0.9999191761016846,0.6146331429481506,0.23518076539039612,0.1033136323094368,0.9992813467979431,0.3730257451534271,0.22747045755386353,-0.03715888783335686,0.9998075366020203,0.6798309087753296,0.3614397346973419,-0.14004366099834442,0.9792943596839905,0.28250980377197266,0.34698233008384705,-0.2795560359954834,0.9725899696350098,0.5255270004272461,0.3379865288734436,-0.6920179724693298,0.9517930150032043,0.4435717761516571,0.33716240525245667,-0.6936773657798767,0.9528675079345703,0.5016725063323975,0.31363439559936523,-0.7983772158622742,0.8913413882255554,0.4730951488018036,0.3166409730911255,-0.7886446714401245,0.8931048512458801,0.49964234232902527,0.2999017536640167,-0.7687138319015503,0.8783019185066223,0.4743259847164154,0.3041630983352661,-0.7626650333404541,0.8780356645584106,0.5043790936470032,0.3054184019565582,-0.6898942589759827,0.8347210884094238,0.4699684977531433,0.3094419836997986,-0.6858448386192322,0.8265255093574524,0.5577031373977661,0.4942742586135864,0.09947822242975235,0.9973005652427673,0.4222860038280487,0.5000295042991638,-0.09946590662002563,0.9989215135574341,0.7641703486442566,0.6415817737579346,-0.12672322988510132,0.9730358123779297,0.4413347542285919,0.714917778968811,-0.1502074897289276,0.9747493267059326,0.5048898458480835,0.6110120415687561,0.6311195492744446,0.6699639558792114,0.47686347365379333,0.8965023756027222,0.3151510953903198,0.9776617884635925,0.465246319770813,0.5829846858978271,0.7065666317939758,0.6523077487945557,0.4905811548233032,0.9192920923233032,0.3495525121688843,0.918624997138977,0.45387011766433716,0.6994011402130127,0.590451180934906,0.6543900966644287,0.475615918636322,0.9544017314910889,0.05168124660849571,0.9509567022323608
tree,00000203.png,0.47031787037849426,0.15155863761901855,-0.15022584795951843,0.9990811347961426,0.4760580062866211,0.13591527938842773,-0.1250789612531662,0.9989350438117981,0.47885704040527344,0.13584333658218384,-0.12511169910430908,0.9987068176269531,0.4816812574863434,0.13592353463172913,-0.12518993020057678,0.9989116191864014,0.46324020624160767,0.13763093948364258,-0.12781906127929688,0.9991320967674255,0.457965224981308,0.13900834321975708,-0.12782596051692963,0.9987448453903198,0.4539370834827423,0.1407025158405304,-0.12789423763751984,0.9988631010055542,0.48845401406288147,0.14537015557289124,0.011039725504815578,0.9989802241325378,0.4483996033668518,0.15153634548187256,0.0029871256556361914,0.998013973236084,0.4786864221096039,0.17113548517227173,-0.09896503388881683,0.9992383718490601,0.4627710282802582,0.17416876554489136,-0.10146748274564743,0.9995527863502502,0.5272486805915833,0.2478460669517517,0.07428590208292007,0.997334897518158,0.4228905737400055,0.2507476806640625,0.01795785129070282,0.9992495179176331,0.5428935885429382,0.3623620867729187,-0.06375300884246826,0.9735027551651001,0.40697798132896423,0.35931506752967834,-0.12046076357364655,0.9639174342155457,0.4864270091056824,0.27171921730041504,-0.263294517993927,0.9645123481750488,0.4722294509410858,0.26991304755210876,-0.27314212918281555,0.9527214169502258,0.479051798582077,0.24517209827899933,-0.30501630902290344,0.9117757678031921,0.4778297543525696,0.24247042834758759,-0.3097067177295685,0.8793177604675293,0.4805605411529541,0.2363797426223755,-0.2849285304546356,0.8983058333396912,0.4748796820640564,0.23270729184150696,-0.29412564635276794,0.8581122159957886,0.4821905493736267,0.2455558180809021,-0.25990355014801025,0.8666793704032898,0.4744289517402649,0.24259379506111145,-0.2689231038093567,0.8099451065063477,0.5098183751106262,0.4821804165840149,0.036495208740234375,0.9982543587684631,0.4525521695613861,0.4970130920410156,-0.03643321990966797,0.9992666840553284,0.6176971197128296,0.5784834623336792,-0.1161147803068161,0.9741984009742737,0.47224360704421997,0.6952191591262817,-0.06706738471984863,0.9639562964439392,0.5016546249389648,0.5745954513549805,0.22856393456459045,0.5935631990432739,0.4972449243068695,0.8700469732284546,0.12940174341201782,0.9563581943511963,0.48155835270881653,0.5635621547698975,0.2632116973400116,0.5570282340049744,0.5011854767799377,0.8941023349761963,0.1433699131011963,0.8349699974060059,0.4814644157886505,0.6520485877990723,0.21271061897277832,0.5965362787246704,0.5001153349876404,0.9231292009353638,0.011390052735805511,0.9234423041343689
tree,00000204.jpg,0.5465257167816162,0.37795209884643555,-0.37816566228866577,0.9998592138290405,0.556199848651886,0.37293553352355957,-0.3430922031402588,0.9997974038124084,0.5619024634361267,0.37347346544265747,-0.34308233857154846,0.999743640422821,0.5674121975898743,0.37401747703552246,-0.34320834279060364,0.999806821346283,0.5408994555473328,0.3734777867794037,-0.337952584028244,0.9997054934501648,0.5362468957901001,0.3743740916252136,-0.338077187538147,0.9995903372764587,0.5320481061935425,0.37519046664237976,-0.33813440799713135,0.99969482421875,0.5744032263755798,0.3851345181465149,-0.19478657841682434,0.9994562268257141,0.5277106761932373,0.38529589772224426,-0.17253251373767853,0.9996213912963867,0.5580294132232666,0.38856446743011475,-0.3274124562740326,0.99969482421875,0.537803053855896,0.3888614773750305,-0.3206726014614105,0.9995713829994202,0.6194503307342529,0.4416055977344513,-0.20847298204898834,0.9985778331756592,0.48561936616897583,0.43571269512176514,-0.1829889714717865,0.9975990653038025,0.6517354249954224,0.3579617738723755,-0.35361501574516296,0.9964306950569153,0.4560585916042328,0.35618332028388977,-0.32214391231536865,0.9883461594581604,0.6792898178100586,0.26911476254463196,-0.4355902075767517,0.9917136430740356,0.4392908811569214,0.2672724425792694,-0.4156942069530487,0.9714765548706055,0.6918565034866333,0.24913540482521057,-0.48317426443099976,0.9752753973007202,0.4300835132598877,0.24689805507659912,-0.4736373722553253,0.926059901714325,0.6804418563842773,0.24855729937553406,-0.4781879484653473,0.9726749062538147,0.44461962580680847,0.2458498477935791,-0.4673942029476166,0.9191258549690247,0.6736530661582947,0.2529492676258087,-0.4433266222476959,0.9750450253486633,0.4543599486351013,0.25163188576698303,-0.4266810119152069,0.9375945925712585,0.5690137147903442,0.6221360564231873,-0.011573119089007378,0.9990342855453491,0.4864848852157593,0.6140504479408264,0.011635768227279186,0.9988799691200256,0.5429522395133972,0.7423494458198547,0.06335287541151047,0.8620257377624512,0.400177538394928,0.688713788986206,-0.3670096695423126,0.9097307324409485,0.5149549841880798,0.8461222648620605,0.3034970164299011,0.9233134984970093,0.5700189471244812,0.6682248711585999,0.02736039273440838,0.37992334365844727,0.5049933195114136,0.8595114946365356,0.32044166326522827,0.7624239325523376,0.5919868350028992,0.6651137471199036,0.06910525262355804,0.3499036431312561,0.5446171164512634,0.889856219291687,0.16742025315761566,0.8589795827865601,0.6164582967758179,0.7089926600456238,0.018084468320012093,0.39896658062934875
tree,File10.jpg,0.5470386147499084,0.2747579514980316,-0.5981913805007935,0.9986031651496887,0.5612204670906067,0.25742271542549133,-0.548528254032135,0.9980567097663879,0.5711438059806824,0.25716692209243774,-0.5485861301422119,0.9972535967826843,0.5792892575263977,0.2567509710788727,-0.5488229393959045,0.9983901977539062,0.5312520861625671,0.2564307451248169,-0.5368070602416992,0.9975528120994568,0.5210039615631104,0.2553524374961853,-0.5370796918869019,0.9961088299751282,0.5127776861190796,0.25423768162727356,-0.5372351408004761,0.9978669285774231,0.5912492275238037,0.2597736120223999,-0.29076486825942993,0.9961813688278198,0.5043271780014038,0.25722673535346985,-0.23195780813694,0.9982268214225769,0.5645625591278076,0.29244935512542725,-0.5025593042373657,0.99712735414505,0.5308899879455566,0.28875643014907837,-0.4858480393886566,0.9972711205482483,0.6379992365837097,0.3286466896533966,-0.2995086908340454,0.9953688383102417,0.46120768785476685,0.32387644052505493,-0.15618161857128143,0.9957795143127441,0.6925312280654907,0.22468888759613037,-0.5740332007408142,0.9906811118125916,0.4235144853591919,0.2129840850830078,-0.32260406017303467,0.9813739657402039,0.591551661491394,0.11821949481964111,-0.6056738495826721,0.9594686031341553,0.5367206335067749,0.1154378354549408,-0.36354801058769226,0.9272721409797668,0.577872633934021,0.09083104133605957,-0.6774394512176514,0.8858035802841187,0.5619624853134155,0.08788302540779114,-0.4441274404525757,0.8185096383094788,0.5756664276123047,0.08974838256835938,-0.6370702385902405,0.8707403540611267,0.5622416138648987,0.08982276916503906,-0.3992381989955902,0.794363260269165,0.5769979357719421,0.09844005107879639,-0.6007153391838074,0.8603159785270691,0.5566908121109009,0.09940958023071289,-0.36172255873680115,0.8021650910377502,0.5491564869880676,0.5659295916557312,-0.06455430388450623,0.9972533583641052,0.42480921745300293,0.5453295707702637,0.06510356068611145,0.9981582760810852,0.5252407193183899,0.7376464009284973,-0.11151070147752762,0.9354278445243835,0.2770671844482422,0.5665944814682007,-0.779778778553009,0.9766110181808472,0.5058376789093018,0.9122246503829956,0.18745188415050507,0.9760608077049255,0.4370719790458679,0.6739677786827087,-0.30265676975250244,0.8352565169334412,0.49062034487724304,0.9285061359405518,0.20268818736076355,0.8794784545898438,0.4745071530342102,0.6730148792266846,-0.2590468227863312,0.7285318970680237,0.5042323470115662,0.9549765586853027,-0.14163488149642944,0.9505486488342285,0.509691059589386,0.7405004501342773,-0.47803282737731934,0.8134645223617554
tree,File11.jpg,0.4959760010242462,0.17001214623451233,-0.16816674172878265,0.9997926354408264,0.5004528164863586,0.15650027990341187,-0.14669565856456757,0.999691367149353,0.503570556640625,0.15647181868553162,-0.14672955870628357,0.999576985836029,0.5066856145858765,0.15669962763786316,-0.1467846930027008,0.999629020690918,0.4915163218975067,0.15617895126342773,-0.15111902356147766,0.9997828602790833,0.4875580370426178,0.15612703561782837,-0.15111638605594635,0.9996782541275024,0.4842431843280792,0.15578654408454895,-0.15112295746803284,0.9997168183326721,0.511011004447937,0.16352680325508118,-0.025327211245894432,0.9995600581169128,0.4788045287132263,0.16207972168922424,-0.04419972002506256,0.9993958473205566,0.5015134811401367,0.18762177228927612,-0.1222885400056839,0.9998351335525513,0.4896030128002167,0.18483352661132812,-0.12786158919334412,0.9999251365661621,0.536730945110321,0.2604249119758606,0.039604876190423965,0.9995360374450684,0.44986310601234436,0.25541627407073975,0.005789615213871002,0.9997612833976746,0.5492705702781677,0.37552574276924133,-0.04722864553332329,0.990066647529602,0.42728978395462036,0.36973798274993896,-0.08259113878011703,0.9740538001060486,0.505518913269043,0.3307042717933655,-0.2538886070251465,0.9876317381858826,0.4799184501171112,0.3301897644996643,-0.2545044422149658,0.9704614877700806,0.49720799922943115,0.3102625906467438,-0.2944929003715515,0.9668896794319153,0.48725324869155884,0.31182733178138733,-0.290790319442749,0.9316641688346863,0.49637165665626526,0.29892605543136597,-0.2860035002231598,0.9627551436424255,0.48680663108825684,0.3031156063079834,-0.28250426054000854,0.9214656949043274,0.49805623292922974,0.3045838475227356,-0.2538384795188904,0.9424470663070679,0.48595741391181946,0.3086482882499695,-0.2526366412639618,0.88288813829422,0.5234294533729553,0.45857036113739014,0.029050754383206367,0.9970057606697083,0.4745873808860779,0.472537100315094,-0.02901889570057392,0.9987717270851135,0.60922771692276,0.5592856407165527,-0.06495100259780884,0.9586735367774963,0.49066561460494995,0.6507989168167114,-0.06760061532258987,0.9682859778404236,0.515277087688446,0.5409108400344849,0.21621127426624298,0.47693127393722534,0.5043542385101318,0.8163164854049683,0.08783028274774551,0.9638060927391052,0.5007164478302002,0.5255438089370728,0.24387586116790771,0.4804106056690216,0.506980299949646,0.8351539373397827,0.09845618903636932,0.8828185200691223,0.499773770570755,0.610326886177063,0.20650503039360046,0.4817538261413574,0.5001733899116516,0.8602055311203003,-0.012891166843473911,0.926057755947113
tree,File12.jpg,0.5036043524742126,0.2718028724193573,-0.5128121972084045,0.9982695579528809,0.5138050317764282,0.25855234265327454,-0.4573301672935486,0.9978742599487305,0.5215297341346741,0.2590060234069824,-0.4573456048965454,0.9972453117370605,0.5277465581893921,0.2592061460018158,-0.45759665966033936,0.997820258140564,0.48965540528297424,0.2582009732723236,-0.4688795804977417,0.9979134202003479,0.48053058981895447,0.25811246037483215,-0.4689857065677643,0.9968026876449585,0.4717012047767639,0.2581877112388611,-0.4690724313259125,0.997065007686615,0.5370368361473083,0.2693789005279541,-0.20648068189620972,0.998390793800354,0.45609673857688904,0.26811954379081726,-0.2533244490623474,0.9961116909980774,0.5189295411109924,0.2878669202327728,-0.4222448468208313,0.9957290291786194,0.4894082248210907,0.2861536741256714,-0.4361377954483032,0.9959306120872498,0.5875198245048523,0.3409796953201294,-0.1755019873380661,0.9960766434669495,0.40592676401138306,0.33787232637405396,-0.2908765971660614,0.9978283047676086,0.6162282824516296,0.22414430975914001,-0.3164396584033966,0.9790016412734985,0.38499802350997925,0.21159687638282776,-0.5406439304351807,0.9863494038581848,0.5399006605148315,0.12226876616477966,-0.39153096079826355,0.9449142813682556,0.48655176162719727,0.11702623963356018,-0.5237882137298584,0.9439169764518738,0.5272917151451111,0.09306260943412781,-0.43690454959869385,0.8828700184822083,0.506050705909729,0.09136232733726501,-0.5754351019859314,0.8745763897895813,0.5227862000465393,0.09214606881141663,-0.41281431913375854,0.8690046668052673,0.5067623853683472,0.09083732962608337,-0.5208742022514343,0.8553864359855652,0.5235476493835449,0.10356223583221436,-0.39216867089271545,0.8751920461654663,0.5027673840522766,0.10018271207809448,-0.5132369995117188,0.8585631251335144,0.5409783124923706,0.5823179483413696,0.06159297749400139,0.9991151690483093,0.4178260564804077,0.5932681560516357,-0.06177516281604767,0.9995073080062866,0.761775553226471,0.6828542351722717,-0.2864614725112915,0.8837689161300659,0.4303548038005829,0.7706958651542664,-0.18303453922271729,0.922332227230072,0.5190739035606384,0.6627998948097229,0.2688075602054596,0.448385626077652,0.4567151665687561,0.9263783693313599,0.27217403054237366,0.9192007780075073,0.4853947162628174,0.6362448334693909,0.3301575183868408,0.5487470030784607,0.46769875288009644,0.9440446496009827,0.3094891905784607,0.8532002568244934,0.43513262271881104,0.7018393874168396,0.2787747383117676,0.47534605860710144,0.4483329653739929,0.9722986221313477,0.11819975823163986,0.850577175617218
tree,File13.jpg,0.5043328404426575,0.24062588810920715,-0.3047095239162445,0.998971700668335,0.5049847960472107,0.2308512032032013,-0.27755245566368103,0.9988620281219482,0.5062605142593384,0.23124191164970398,-0.27753379940986633,0.9986473917961121,0.507725715637207,0.23172780871391296,-0.277617871761322,0.9989288449287415,0.5003981590270996,0.23197132349014282,-0.26275399327278137,0.9981836676597595,0.49825209379196167,0.23301011323928833,-0.2628612816333771,0.9975873231887817,0.495871901512146,0.234095960855484,-0.2629517614841461,0.9981020092964172,0.5100058317184448,0.24525368213653564,-0.1593778282403946,0.9982916712760925,0.49151188135147095,0.2455894649028778,-0.0898459404706955,0.9979432225227356,0.5063865184783936,0.2570880055427551,-0.2656105160713196,0.9984331727027893,0.5001323223114014,0.2582107484340668,-0.24539826810359955,0.9968931674957275,0.554507851600647,0.3148457407951355,-0.23210172355175018,0.9960435628890991,0.4538543224334717,0.3160248100757599,-0.0663357824087143,0.9748998880386353,0.6047996282577515,0.2120284140110016,-0.42433494329452515,0.9780520796775818,0.408625066280365,0.21222105622291565,-0.17876876890659332,0.9395766258239746,0.628226637840271,0.10340407490730286,-0.5076940059661865,0.9273227453231812,0.3880763649940491,0.09240376949310303,-0.2974640727043152,0.9107550978660583,0.6345878839492798,0.08047980070114136,-0.5675141215324402,0.8641020059585571,0.3747996687889099,0.06965088844299316,-0.36328017711639404,0.8374865055084229,0.6166173815727234,0.07567444443702698,-0.5587065815925598,0.851006031036377,0.40010690689086914,0.06460413336753845,-0.36767470836639404,0.8274492621421814,0.605441689491272,0.07887551188468933,-0.5156627297401428,0.8670448064804077,0.41191887855529785,0.07345503568649292,-0.31688010692596436,0.8536021709442139,0.5049826502799988,0.5470400452613831,-0.08319704234600067,0.9987806677818298,0.44683438539505005,0.5429927110671997,0.08342086523771286,0.9949318766593933,0.5196863412857056,0.7086442708969116,-0.07503554224967957,0.9756027460098267,0.25709113478660583,0.6152454614639282,-0.03398442268371582,0.9224309325218201,0.4691999852657318,0.8595050573348999,0.184823140501976,0.9794064164161682,0.4254913628101349,0.620115339756012,0.5891281962394714,0.5479065179824829,0.4575503468513489,0.8743642568588257,0.19867047667503357,0.8575928807258606,0.4509704113006592,0.6041083931922913,0.6495144963264465,0.6121200919151306,0.46504029631614685,0.922450840473175,-0.03450506553053856,0.9542602300643921,0.4481109380722046,0.6641213297843933,0.630592942237854,0.5551458597183228
tree,File14.jpg,0.4886924922466278,0.26237788796424866,-0.17497816681861877,0.9997060894966125,0.4947453737258911,0.24912041425704956,-0.1443244069814682,0.9996377229690552,0.4988101124763489,0.24925652146339417,-0.14433176815509796,0.9994528889656067,0.5019795298576355,0.2495187222957611,-0.144430473446846,0.99959796667099,0.4821222722530365,0.25004881620407104,-0.14463137090206146,0.9995092153549194,0.4777299761772156,0.250540167093277,-0.1446128636598587,0.9990862607955933,0.47399771213531494,0.2512733042240143,-0.1445813924074173,0.9992372989654541,0.5094611048698425,0.25813308358192444,-0.011791628785431385,0.9997722506523132,0.4696144461631775,0.2594882845878601,-0.010092057287693024,0.9991219639778137,0.497746080160141,0.28180983662605286,-0.1281372606754303,0.9995995163917542,0.4822099208831787,0.28165289759635925,-0.12791410088539124,0.9995588660240173,0.5325319170951843,0.32759106159210205,0.0017393785528838634,0.9989314675331116,0.44922924041748047,0.33658140897750854,-0.003619144205003977,0.9965512752532959,0.5438754558563232,0.21044760942459106,-0.07611627876758575,0.9918249845504761,0.4352288842201233,0.21476885676383972,-0.08418715745210648,0.9865358471870422,0.5397636890411377,0.10055720806121826,-0.15340037643909454,0.9814050793647766,0.4430953562259674,0.10852959752082825,-0.13658928871154785,0.9762835502624512,0.5417500138282776,0.07549017667770386,-0.19676761329174042,0.953420877456665,0.44250884652137756,0.07879751920700073,-0.18073682487010956,0.9483985304832458,0.5390101075172424,0.07403850555419922,-0.19900375604629517,0.9491658210754395,0.448099285364151,0.07757052779197693,-0.1754806786775589,0.9418461918830872,0.5371739268302917,0.08166253566741943,-0.16133327782154083,0.9469196796417236,0.45072105526924133,0.08532610535621643,-0.14251868426799774,0.9378739595413208,0.5199527740478516,0.5798245072364807,0.01598634198307991,0.9998308420181274,0.467318594455719,0.5840129256248474,-0.015813326463103294,0.9997137188911438,0.5912325382232666,0.7142785787582397,-0.1627541184425354,0.981927216053009,0.48885488510131836,0.7697250843048096,-0.07071192562580109,0.9548197388648987,0.5204295516014099,0.8126102685928345,0.1606271117925644,0.9036295413970947,0.5006614923477173,0.9194654226303101,0.19923047721385956,0.9619292616844177,0.5058941841125488,0.8060786128044128,0.18908904492855072,0.804355263710022,0.5035461187362671,0.9395385384559631,0.21759751439094543,0.8177921175956726,0.5080744624137878,0.8957033157348633,0.0696641281247139,0.8796548843383789,0.5050573945045471,0.9756953120231628,0.06250854581594467,0.9206814765930176
tree,File15.jpg,0.5252023935317993,0.30027520656585693,-0.49199122190475464,0.9971290230751038,0.532702624797821,0.28766074776649475,-0.4438164234161377,0.9970046877861023,0.5396756529808044,0.287630558013916,-0.44377875328063965,0.9960849285125732,0.5456445813179016,0.28762686252593994,-0.44389626383781433,0.9973620772361755,0.5148115158081055,0.2877003252506256,-0.4376685619354248,0.9957520961761475,0.5076996684074402,0.28728029131889343,-0.43786415457725525,0.9936408400535583,0.49994993209838867,0.2870465815067291,-0.4381202161312103,0.9958788156509399,0.5581215023994446,0.2950299084186554,-0.2090233564376831,0.9952852129936218,0.49066153168678284,0.2960380017757416,-0.17220871150493622,0.99687260389328,0.5393446087837219,0.314557284116745,-0.403161883354187,0.9952632188796997,0.5181574821472168,0.3132840394973755,-0.393206387758255,0.9923074245452881,0.6015142202377319,0.35679394006729126,-0.237056702375412,0.9961744546890259,0.45381903648376465,0.35560059547424316,-0.10603009909391403,0.9899227023124695,0.6083317995071411,0.24002501368522644,-0.46355971693992615,0.9763477444648743,0.45475971698760986,0.2431756556034088,-0.23186752200126648,0.9717702269554138,0.5487132668495178,0.13785454630851746,-0.5302069783210754,0.9262409806251526,0.5051815509796143,0.13543781638145447,-0.2842438220977783,0.9639667272567749,0.5365114808082581,0.11069983243942261,-0.5939834713935852,0.868538498878479,0.519329845905304,0.10978811979293823,-0.36377930641174316,0.918742835521698,0.5349318385124207,0.10918697714805603,-0.5765795111656189,0.8545515537261963,0.5199849009513855,0.10755366086959839,-0.3401671051979065,0.9094797372817993,0.5377922058105469,0.11865714192390442,-0.534019947052002,0.8583788871765137,0.5180097222328186,0.1161813735961914,-0.29071658849716187,0.9119636416435242,0.5550459623336792,0.593554675579071,-0.1013985201716423,0.9981197714805603,0.44852346181869507,0.5869691371917725,0.10149013251066208,0.994789719581604,0.5367456674575806,0.7633092403411865,-0.12212242186069489,0.9337862133979797,0.2549538016319275,0.6627523303031921,-0.1672726571559906,0.9229860901832581,0.502544641494751,0.9185290336608887,0.14075420796871185,0.9690794944763184,0.48013874888420105,0.6790646910667419,0.5010671019554138,0.5794631838798523,0.5043269395828247,0.9406260848045349,0.1528700739145279,0.8042280077934265,0.5145889520645142,0.6659016013145447,0.5679962635040283,0.656888484954834,0.4505568742752075,0.9514168500900269,-0.11871807277202606,0.9280253052711487,0.4997136890888214,0.7615461945533752,0.5402183532714844,0.5780345797538757
tree,File17.jpg,0.46711161732673645,0.2449815273284912,-0.7649537324905396,0.9947541952133179,0.48921313881874084,0.2332613170146942,-0.6949636340141296,0.9940126538276672,0.5000096559524536,0.233961820602417,-0.694999098777771,0.9911882877349854,0.5092312097549438,0.2346227765083313,-0.6953513026237488,0.9933981895446777,0.451579213142395,0.23231077194213867,-0.7122101187705994,0.9945804476737976,0.4377521872520447,0.2324250340461731,-0.7123449444770813,0.9916096329689026,0.4267672598361969,0.232549786567688,-0.7125573754310608,0.9927111864089966,0.5188805460929871,0.2436385154724121,-0.36377909779548645,0.9944612979888916,0.40494826436042786,0.24094247817993164,-0.43642234802246094,0.9902279376983643,0.4856615662574768,0.26623404026031494,-0.6431594491004944,0.9902288913726807,0.43943390250205994,0.2642726004123688,-0.6652206778526306,0.9919795989990234,0.569186806678772,0.3119405508041382,-0.30844658613204956,0.9789505004882812,0.34701114892959595,0.3146708607673645,-0.47291499376296997,0.9944981932640076,0.5645145773887634,0.20336928963661194,-0.46664756536483765,0.9466936588287354,0.3779672682285309,0.20019158720970154,-0.7690343260765076,0.9554125070571899,0.5219939947128296,0.1004425585269928,-0.6087912321090698,0.8612872362136841,0.4359946548938751,0.0979541540145874,-0.7720568776130676,0.8964346647262573,0.5110926032066345,0.07504984736442566,-0.6810319423675537,0.7794952392578125,0.454119473695755,0.07384303212165833,-0.8585290312767029,0.8208587169647217,0.5042574405670166,0.07239055633544922,-0.675577700138092,0.75667804479599,0.4532834589481354,0.0708572268486023,-0.8267237544059753,0.7995212078094482,0.5037936568260193,0.08191880583763123,-0.6206606030464172,0.7725056409835815,0.4538062512874603,0.07979795336723328,-0.7734206318855286,0.8039913773536682,0.5658690333366394,0.5418258905410767,0.08412908762693405,0.9983772039413452,0.40563538670539856,0.56256103515625,-0.08420147001743317,0.9993996620178223,0.862021803855896,0.639752209186554,-0.14314918220043182,0.8901399970054626,0.45647186040878296,0.7553360462188721,-0.1924370676279068,0.9486156105995178,0.544566810131073,0.6299225687980652,0.7156552076339722,0.4617861211299896,0.5074888467788696,0.907555341720581,0.42180418968200684,0.9633708000183105,0.49541252851486206,0.6132476329803467,0.8038341403007507,0.5193403959274292,0.5234019756317139,0.925927996635437,0.46853765845298767,0.897864043712616,0.4748707115650177,0.6790266633033752,0.7157496809959412,0.4314895272254944,0.5027123689651489,0.968032956123352,0.1548566073179245,0.8944645524024963
tree,File18.jpg,0.5586639046669006,0.09754881262779236,-0.3595028817653656,0.9999547004699707,0.5739870071411133,0.08082380890846252,-0.2946012318134308,0.9999608993530273,0.5834378600120544,0.08054766058921814,-0.2945675253868103,0.9999548196792603,0.5922459959983826,0.08080145716667175,-0.29453080892562866,0.9999566078186035,0.5408363342285156,0.08330821990966797,-0.2826167643070221,0.999950647354126,0.529484212398529,0.08478683233261108,-0.2827599048614502,0.9999474287033081,0.5195879936218262,0.08571833372116089,-0.28288790583610535,0.9999643564224243,0.6095407605171204,0.09096530079841614,0.025454021990299225,0.9999356269836426,0.5067839026451111,0.09706392884254456,0.079074926674366,0.9999697208404541,0.5794667601585388,0.119558185338974,-0.2432861030101776,0.9999538660049438,0.5394439101219177,0.12016591429710388,-0.2284768968820572,0.9999051094055176,0.6981703639030457,0.21360954642295837,0.03545195981860161,0.9998179078102112,0.4297538995742798,0.21777260303497314,0.2039516717195511,0.9984616041183472,0.8005286455154419,0.30887502431869507,-0.4108893871307373,0.9802948832511902,0.32582154870033264,0.3254539966583252,-0.2414630651473999,0.9865828156471252,0.5875981450080872,0.2605411112308502,-0.8095147609710693,0.9449971914291382,0.5124807953834534,0.265241801738739,-0.7272434830665588,0.9528420567512512,0.5541987419128418,0.232496440410614,-0.8792201280593872,0.8622289896011353,0.5448338985443115,0.23229894042015076,-0.838708221912384,0.8659436106681824,0.5536311864852905,0.2250794917345047,-0.8171616196632385,0.84006267786026,0.5415934324264526,0.22763819992542267,-0.7524363398551941,0.8365969657897949,0.5624855756759644,0.23468375205993652,-0.7866537570953369,0.8008864521980286,0.5376300811767578,0.2387554943561554,-0.7044440507888794,0.7892667651176453,0.6177430748939514,0.49764689803123474,-0.1378730982542038,0.999775230884552,0.4598201513290405,0.4863013029098511,0.13799740374088287,0.9985672235488892,0.5868052840232849,0.6803732514381409,-0.36959779262542725,0.9481666088104248,0.20041713118553162,0.6036031246185303,-0.30753418803215027,0.9743745923042297,0.5377669334411621,0.9038773775100708,-0.017241450026631355,0.9715905785560608,0.5085352063179016,0.6026895046234131,0.4736497402191162,0.5062667727470398,0.5257050395011902,0.9278612732887268,0.0026737647131085396,0.801842987537384,0.5655655264854431,0.5847945809364319,0.5555117130279541,0.6108746528625488,0.5042481422424316,0.9551493525505066,-0.34221160411834717,0.9601805806159973,0.5717002153396606,0.66069495677948,0.4960862100124359,0.5460644364356995
tree,File25.jpg,0.5042719841003418,0.13331502676010132,-0.39357054233551025,0.9999146461486816,0.5162880420684814,0.11453449726104736,-0.3580978810787201,0.9999082088470459,0.521941602230072,0.11397877335548401,-0.35819339752197266,0.9998903274536133,0.5271316766738892,0.11376780271530151,-0.3582216203212738,0.9998853206634521,0.4944708049297333,0.1160154938697815,-0.35205578804016113,0.9998644590377808,0.4867316782474518,0.11610186100006104,-0.3521203398704529,0.999834418296814,0.4797612726688385,0.11615201830863953,-0.3521902859210968,0.9998745918273926,0.5370098352432251,0.12074494361877441,-0.13881710171699524,0.9997984766960144,0.47031402587890625,0.12258049845695496,-0.11285360157489777,0.999875545501709,0.5171172022819519,0.1532415747642517,-0.3101640045642853,0.9999439716339111,0.49102145433425903,0.15243634581565857,-0.30276572704315186,0.9998878240585327,0.5930739641189575,0.2296876758337021,-0.04939155653119087,0.9997285008430481,0.42094695568084717,0.23200903832912445,0.009859124198555946,0.9989400506019592,0.6265022158622742,0.36851394176483154,-0.3004451394081116,0.9635249376296997,0.3958812355995178,0.37314969301223755,-0.22761349380016327,0.95802241563797,0.5178577899932861,0.2915010452270508,-0.6686744093894958,0.9538896679878235,0.49383604526519775,0.2816355526447296,-0.6390069723129272,0.923324704170227,0.5060282945632935,0.25536954402923584,-0.7315707206726074,0.9044715166091919,0.5024682283401489,0.24602630734443665,-0.7235245704650879,0.8445867896080017,0.5089449882507324,0.24532434344291687,-0.7065185308456421,0.8948996067047119,0.49663734436035156,0.23915088176727295,-0.6875352263450623,0.8167133927345276,0.5123230814933777,0.25621485710144043,-0.6630508303642273,0.8521817922592163,0.49661117792129517,0.24866153299808502,-0.6331063508987427,0.7603166699409485,0.5435781478881836,0.5134507417678833,-0.042772263288497925,0.9996392726898193,0.44723647832870483,0.5029164552688599,0.0429798886179924,0.9983041286468506,0.5081952214241028,0.7079209089279175,-0.03347862884402275,0.9370560050010681,0.32833266258239746,0.6680252552032471,-0.29346609115600586,0.9729489088058472,0.48016056418418884,0.8914355039596558,0.31222227215766907,0.9564884901046753,0.5006821751594543,0.5765570998191833,0.3719117343425751,0.17904342710971832,0.4703909754753113,0.9162359237670898,0.3395431637763977,0.7768611907958984,0.5132708549499512,0.5558104515075684,0.4435971975326538,0.2784329056739807,0.47759389877319336,0.9473093748092651,0.14845454692840576,0.9451925754547119,0.5362049341201782,0.6463274955749512,0.4240277111530304,0.2413000762462616
tree,File31.jpg,0.42516160011291504,0.2412387728691101,-0.3438771069049835,0.9998098015785217,0.4345683753490448,0.22944024205207825,-0.2832917869091034,0.9997546076774597,0.44084790349006653,0.22964626550674438,-0.28330764174461365,0.9996479749679565,0.4468958377838135,0.22970440983772278,-0.2834126949310303,0.9998002648353577,0.41213321685791016,0.23047122359275818,-0.27836325764656067,0.9996249675750732,0.4038986265659332,0.23162207007408142,-0.2784663140773773,0.9994261264801025,0.3964036703109741,0.23275020718574524,-0.2785647213459015,0.999661922454834,0.455231636762619,0.24217692017555237,-0.04543139412999153,0.9997599720954895,0.39135780930519104,0.24594560265541077,-0.018748082220554352,0.9998254179954529,0.4403972625732422,0.2577092945575714,-0.26529282331466675,0.9996553659439087,0.41194334626197815,0.2616308629512787,-0.2583863437175751,0.9994279742240906,0.5231786966323853,0.3295549750328064,-0.09957152605056763,0.9965949654579163,0.35267671942710876,0.33189329504966736,0.013133502565324306,0.9923046231269836,0.5720803141593933,0.21330705285072327,-0.33716896176338196,0.9923198819160461,0.2922450304031372,0.2144099473953247,-0.1706019788980484,0.9852845072746277,0.4467078745365143,0.13605642318725586,-0.35416311025619507,0.9405693411827087,0.41425201296806335,0.1367834508419037,-0.16894541680812836,0.8589309453964233,0.43078336119651794,0.1118478775024414,-0.4236193299293518,0.8327720165252686,0.42844435572624207,0.11190897226333618,-0.24875792860984802,0.6613614559173584,0.42863279581069946,0.11263450980186462,-0.38796037435531616,0.8146798610687256,0.42926859855651855,0.1154121458530426,-0.20303425192832947,0.6188580393791199,0.4320714771747589,0.12319126725196838,-0.35091421008110046,0.8151717185974121,0.42635461688041687,0.1261652708053589,-0.16770829260349274,0.6355265378952026,0.47308796644210815,0.5788886547088623,-0.08067982643842697,0.998900294303894,0.36356037855148315,0.5757643580436707,0.08083222806453705,0.9979015588760376,0.4327976405620575,0.7784229516983032,-0.1645660400390625,0.8924856185913086,0.1624022126197815,0.6635152101516724,-0.29263368248939514,0.9526668787002563,0.4248029589653015,0.9497637152671814,0.23175442218780518,0.9288797378540039,0.3900395929813385,0.7226792573928833,0.22933705151081085,0.6262344717979431,0.4239979684352875,0.9710700511932373,0.2605642080307007,0.8054812550544739,0.4181847870349884,0.7101688385009766,0.27896153926849365,0.6277728080749512,0.45198169350624084,0.9842262268066406,0.008992519229650497,0.8863492608070374,0.4193837642669678,0.7943862676620483,0.1565655767917633,0.5927177667617798
tree,File36.jpg,0.5064529180526733,0.2747088372707367,-0.25549060106277466,0.9983561635017395,0.5114412903785706,0.2621926963329315,-0.23590725660324097,0.9982414245605469,0.5152809619903564,0.26184189319610596,-0.23589979112148285,0.997772753238678,0.5185288786888123,0.2615770697593689,-0.23596101999282837,0.998660683631897,0.5009520053863525,0.2630580961704254,-0.22854220867156982,0.9971398115158081,0.4974760115146637,0.26324811577796936,-0.22861561179161072,0.9955937266349792,0.4944045841693878,0.2636197805404663,-0.22871994972229004,0.9971963167190552,0.524411141872406,0.2686833441257477,-0.13789816200733185,0.9975091218948364,0.49111208319664,0.27317532896995544,-0.10199858248233795,0.9976516366004944,0.5146144032478333,0.2878051996231079,-0.21979273855686188,0.99729984998703,0.5013456344604492,0.2877570688724518,-0.2096853405237198,0.9952007532119751,0.551011860370636,0.33099430799484253,-0.1592804193496704,0.9958860278129578,0.47388309240341187,0.3362342119216919,-0.06596400588750839,0.9914165139198303,0.5510107278823853,0.21332013607025146,-0.2756888270378113,0.984321117401123,0.46837395429611206,0.21808770298957825,-0.10167090594768524,0.9601645469665527,0.515598714351654,0.11293104290962219,-0.29874056577682495,0.9300305843353271,0.4990392029285431,0.11762133240699768,-0.1158347800374031,0.9066454172134399,0.5089794397354126,0.08536338806152344,-0.3302380442619324,0.8572232127189636,0.5062606334686279,0.09219145774841309,-0.14998525381088257,0.8160091042518616,0.5085576176643372,0.08445098996162415,-0.3206113278865814,0.8419251441955566,0.5058419704437256,0.09137853980064392,-0.1395522952079773,0.7970507740974426,0.509761393070221,0.09258949756622314,-0.2993144989013672,0.8367917537689209,0.5043983459472656,0.10024440288543701,-0.11935867369174957,0.8076433539390564,0.5209797024726868,0.5764140486717224,-0.04033845290541649,0.9989132881164551,0.4676690995693207,0.5623344779014587,0.040290433913469315,0.9978519678115845,0.5014470219612122,0.7426937222480774,-1.9693123249453492e-05,0.9371005892753601,0.36633390188217163,0.6386539936065674,-0.11647389084100723,0.9709950685501099,0.48408904671669006,0.8995859622955322,0.19202516973018646,0.9761389493942261,0.47143566608428955,0.6495932936668396,0.1874183714389801,0.6483821272850037,0.4800946116447449,0.9213060140609741,0.20636312663555145,0.8622502684593201,0.48481401801109314,0.6383452415466309,0.2180190086364746,0.6029951572418213,0.4810134172439575,0.9444820880889893,0.08919885754585266,0.9491265416145325,0.48994338512420654,0.7251558303833008,0.19615529477596283,0.6403003334999084
tree,File38.jpg,0.7225386500358582,0.35277143120765686,-0.2506319582462311,0.9984369874000549,0.7274812459945679,0.3412635028362274,-0.22759638726711273,0.9985480904579163,0.7304039001464844,0.3417039215564728,-0.22757212817668915,0.9976795315742493,0.7330985069274902,0.3421493172645569,-0.22769802808761597,0.9983935952186584,0.7166336178779602,0.340932697057724,-0.23314622044563293,0.9987093210220337,0.7122679948806763,0.34125107526779175,-0.23318113386631012,0.9978898167610168,0.7079800963401794,0.341642290353775,-0.23320624232292175,0.9983288645744324,0.7378553152084351,0.3508269488811493,-0.122127465903759,0.9987510442733765,0.7036312222480774,0.35086411237716675,-0.14509473741054535,0.9978818297386169,0.7293584942817688,0.3660878837108612,-0.21240665018558502,0.9975963234901428,0.7166603207588196,0.3656688928604126,-0.2193332314491272,0.9980106949806213,0.7622268199920654,0.4120563864707947,-0.10493006557226181,0.9925682544708252,0.6812470555305481,0.41043999791145325,-0.16464897990226746,0.9982376098632812,0.7647209167480469,0.30874136090278625,-0.17224782705307007,0.9856780171394348,0.6790876984596252,0.30595120787620544,-0.27717912197113037,0.9894633293151855,0.7292932271957397,0.22350996732711792,-0.20814372599124908,0.9595596790313721,0.7077028155326843,0.22233229875564575,-0.27330920100212097,0.9640067219734192,0.7231668829917908,0.20035520195960999,-0.22972600162029266,0.9028332829475403,0.7146192193031311,0.20093634724617004,-0.29777809977531433,0.9090134501457214,0.7217419147491455,0.19958344101905823,-0.21673403680324554,0.8868367075920105,0.7140129804611206,0.20107951760292053,-0.2783561944961548,0.894077479839325,0.7225536108016968,0.20629346370697021,-0.2074308693408966,0.8936384320259094,0.7125194072723389,0.20915073156356812,-0.2700529098510742,0.8965338468551636,0.7562994360923767,0.6009230017662048,0.02622976526618004,0.998375415802002,0.7043694853782654,0.6162455081939697,-0.026256166398525238,0.9992901086807251,0.8473557829856873,0.6826326251029968,-0.09372875094413757,0.784570574760437,0.7292397618293762,0.7690997123718262,-0.06470824778079987,0.8852507472038269,0.7524735331535339,0.6584756374359131,0.1630345731973648,0.19678011536598206,0.7406015396118164,0.9017400145530701,0.1050800234079361,0.8693297505378723,0.7341527342796326,0.647059977054596,0.19057907164096832,0.30716633796691895,0.7444554567337036,0.9161114692687988,0.11825448274612427,0.8002011775970459,0.7183495759963989,0.70041424036026,0.1748577356338501,0.18926392495632172,0.7393019795417786,0.9323365688323975,0.032712895423173904,0.7299141883850098
tree,File40.jpg,0.5418410301208496,0.016555815935134888,-0.47185754776000977,0.9987545013427734,0.5551247000694275,-0.03749611973762512,-0.43843597173690796,0.9983564019203186,0.5654870867729187,-0.038411945104599,-0.438643217086792,0.9978885054588318,0.5758172869682312,-0.039194345474243164,-0.4388768970966339,0.9979491829872131,0.5260506272315979,-0.03633606433868408,-0.4361012578010559,0.9982377290725708,0.521904706954956,-0.022375643253326416,-0.43622177839279175,0.9978099465370178,0.5131928324699402,-0.025673389434814453,-0.436480849981308,0.9983727931976318,0.5909922122955322,-0.021748781204223633,-0.18215908110141754,0.9980892539024353,0.4980871379375458,-0.03824639320373535,-0.16687630116939545,0.9994469285011292,0.5557917356491089,0.04533866047859192,-0.36688467860221863,0.9996048808097839,0.5247911810874939,0.0394555926322937,-0.36295458674430847,0.9994215965270996,0.6774714589118958,0.10430777072906494,-0.05753469094634056,0.9998086094856262,0.4115047752857208,0.08429744839668274,-0.02652949094772339,0.9995507597923279,0.7607039213180542,0.3005687892436981,-0.34683772921562195,0.9772326350212097,0.33691325783729553,0.2857922911643982,-0.19005972146987915,0.9757340550422668,0.5693622827529907,0.22893746197223663,-0.7442526817321777,0.9548359513282776,0.5203232169151306,0.22651039063930511,-0.4343115985393524,0.9560955166816711,0.5545511841773987,0.1914970725774765,-0.8154568672180176,0.8834407925605774,0.5460031628608704,0.18576356768608093,-0.500213623046875,0.8998509049415588,0.5573393702507019,0.17926892638206482,-0.7598118782043457,0.867310643196106,0.5445280075073242,0.17818087339401245,-0.45238685607910156,0.878800094127655,0.5602958798408508,0.18978002667427063,-0.7247461676597595,0.823212742805481,0.5406660437583923,0.18898704648017883,-0.4152787923812866,0.8270577788352966,0.5866777300834656,0.49671652913093567,-0.06030132248997688,0.9996325969696045,0.43632590770721436,0.4645865261554718,0.060961104929447174,0.9995275735855103,0.5303326845169067,0.7692055702209473,-0.2078029364347458,0.9547951817512512,0.2011050581932068,0.5781773328781128,-0.5499144792556763,0.985490083694458,0.5119289755821228,0.9911303520202637,0.30121898651123047,0.9021997451782227,0.4739561080932617,0.6462579369544983,0.06172808259725571,0.6140543818473816,0.5003868341445923,1.0204176902770996,0.3503185510635376,0.8376451134681702,0.5241325497627258,0.6355393528938293,0.12943190336227417,0.6640048027038574,0.5404464602470398,1.0741641521453857,0.14025695621967316,0.8752045631408691,0.5114615559577942,0.7432090640068054,0.02901584282517433,0.5637614727020264
tree,File41.jpg,0.39573773741722107,0.19617247581481934,-0.1244722455739975,0.9999208450317383,0.3989538252353668,0.1827922761440277,-0.10768666118383408,0.9998878240585327,0.40090277791023254,0.18296682834625244,-0.10771632194519043,0.9998672008514404,0.4032439887523651,0.18317461013793945,-0.10774108022451401,0.9999006986618042,0.39195677638053894,0.18132048845291138,-0.10858839750289917,0.9998571872711182,0.3888171911239624,0.18069839477539062,-0.1086151972413063,0.9998258948326111,0.3855530619621277,0.18010029196739197,-0.10863117128610611,0.999889612197876,0.4053648114204407,0.18955761194229126,-0.011958301067352295,0.999700665473938,0.3783104419708252,0.1856163740158081,-0.01763116754591465,0.9998621940612793,0.39865970611572266,0.2121400535106659,-0.08843877166509628,0.9998762607574463,0.3890993893146515,0.2097923755645752,-0.09020787477493286,0.9998199343681335,0.42570480704307556,0.2859255075454712,0.020355883985757828,0.999687910079956,0.3555889129638672,0.27170050144195557,0.035806264728307724,0.9988651275634766,0.4376222789287567,0.39080810546875,-0.07972333580255508,0.9422249794006348,0.3482133746147156,0.38316962122917175,-0.05986136943101883,0.9364488124847412,0.4116675853729248,0.331096351146698,-0.2344295084476471,0.9272597432136536,0.3780701458454132,0.31693515181541443,-0.23511812090873718,0.9469999670982361,0.40917736291885376,0.30727410316467285,-0.263996422290802,0.8615485429763794,0.38540953397750854,0.2931601405143738,-0.27285751700401306,0.9019250273704529,0.40947601199150085,0.2970486581325531,-0.2534478008747101,0.8518133163452148,0.38456296920776367,0.28534144163131714,-0.2617025375366211,0.8896175026893616,0.4088698923587799,0.30337250232696533,-0.23305445909500122,0.8031221032142639,0.3834056854248047,0.2930537462234497,-0.2345280796289444,0.8464659452438354,0.4027484059333801,0.4838047921657562,-0.027254464104771614,0.9990420937538147,0.36297544836997986,0.4751870334148407,0.02735992893576622,0.9977418184280396,0.3853078782558441,0.6627707481384277,-0.012262131087481976,0.9494583606719971,0.2897186279296875,0.5492202639579773,-0.09675423800945282,0.9796022176742554,0.3759497106075287,0.8222562074661255,0.0927480161190033,0.9790323972702026,0.3709245026111603,0.5759973526000977,0.12831120193004608,0.6171690225601196,0.3721660375595093,0.835904598236084,0.09946715086698532,0.8475672602653503,0.38552096486091614,0.5618711113929749,0.1518167108297348,0.6190625429153442,0.37182754278182983,0.8653712868690491,0.005340450443327427,0.9694454669952393,0.3893505334854126,0.6520183086395264,0.13001495599746704,0.6426813006401062
tree,File42.jpg,0.500817596912384,0.1070823073387146,-0.7021021842956543,0.9998977184295654,0.5166171789169312,0.08697962760925293,-0.6521445512771606,0.9999055862426758,0.5268502831459045,0.08626970648765564,-0.6522604823112488,0.9998998641967773,0.5346292853355408,0.08605688810348511,-0.6523070931434631,0.999893307685852,0.48481425642967224,0.08952295780181885,-0.6391247510910034,0.9998431205749512,0.47374075651168823,0.0908592939376831,-0.6392407417297363,0.9998162388801575,0.46320295333862305,0.09212848544120789,-0.6393368244171143,0.9998489618301392,0.5498257875442505,0.09483721852302551,-0.3081541359424591,0.9997808337211609,0.4502713978290558,0.10205411911010742,-0.2525520324707031,0.9997687935829163,0.5229392051696777,0.12874704599380493,-0.5703674554824829,0.9999206066131592,0.483877569437027,0.1288183033466339,-0.5545313358306885,0.9998413324356079,0.6476037502288818,0.22015687823295593,-0.1486164629459381,0.9996881484985352,0.36853787302970886,0.21641233563423157,-0.02942834235727787,0.998273491859436,0.6624375581741333,0.3744792938232422,-0.5335605144500732,0.9559453725814819,0.35109037160873413,0.379412978887558,-0.43905824422836304,0.9267085194587708,0.5126020312309265,0.2712898552417755,-1.1044752597808838,0.9580579400062561,0.48129981756210327,0.27311185002326965,-1.1631534099578857,0.8904096484184265,0.4999929666519165,0.2308107316493988,-1.2026159763336182,0.9184613823890686,0.49319717288017273,0.2399548590183258,-1.3060299158096313,0.8080927729606628,0.5059683322906494,0.2195848524570465,-1.1743690967559814,0.9109215140342712,0.4844824969768524,0.23040547966957092,-1.254075050354004,0.7796395421028137,0.5104393362998962,0.23102536797523499,-1.0992088317871094,0.8704636693000793,0.48577436804771423,0.2391919493675232,-1.158768653869629,0.713418185710907,0.5533776879310608,0.5054709315299988,-0.07240020483732224,0.9994426369667053,0.41360414028167725,0.5000677704811096,0.07270460575819016,0.9978495836257935,0.5097387433052063,0.7173675298690796,-0.008644086308777332,0.9672574400901794,0.23294806480407715,0.6782192587852478,-0.480834424495697,0.9776563048362732,0.46200644969940186,0.9149641990661621,0.47482046484947205,0.977948009967804,0.5132869482040405,0.5844250321388245,0.43611350655555725,0.30938467383384705,0.44939568638801575,0.9346347451210022,0.507977306842804,0.8146015405654907,0.5318475961685181,0.5628153085708618,0.5342047810554504,0.3805698752403259,0.45344236493110657,0.9807088375091553,0.182565838098526,0.968808114528656,0.5641493797302246,0.6458053588867188,0.48235446214675903,0.40378835797309875
tree,File45.jpg,0.35998424887657166,0.41559168696403503,-0.46885761618614197,0.9963371753692627,0.3685392737388611,0.40549132227897644,-0.43601128458976746,0.9961736798286438,0.37495577335357666,0.40533167123794556,-0.43605223298072815,0.9956498742103577,0.38091132044792175,0.40541183948516846,-0.43630242347717285,0.9963786005973816,0.35153600573539734,0.4059966504573822,-0.4398651123046875,0.9958069324493408,0.3462780714035034,0.4061599373817444,-0.43998441100120544,0.9938852190971375,0.34036093950271606,0.40665608644485474,-0.44007784128189087,0.9936943650245667,0.3917127549648285,0.412727415561676,-0.2722761929035187,0.997019350528717,0.33475297689437866,0.41500961780548096,-0.2844576835632324,0.9916238188743591,0.37470951676368713,0.4282635450363159,-0.4071997106075287,0.9930626749992371,0.35103726387023926,0.42750346660614014,-0.41094598174095154,0.9917667508125305,0.4333169460296631,0.45919153094291687,-0.27700483798980713,0.9965569972991943,0.3081361949443817,0.46380141377449036,-0.3001888394355774,0.997946560382843,0.4287782907485962,0.3633735477924347,-0.41643449664115906,0.9799395799636841,0.31231236457824707,0.366487592458725,-0.4762910008430481,0.9796984195709229,0.3859710693359375,0.27674126625061035,-0.4778498411178589,0.9428324103355408,0.35442566871643066,0.2767823040485382,-0.4710267186164856,0.948935866355896,0.37760043144226074,0.25522664189338684,-0.5210602879524231,0.8882824182510376,0.3656666874885559,0.25422587990760803,-0.5074766874313354,0.9026995301246643,0.37702620029449463,0.25459328293800354,-0.5053099393844604,0.8736994862556458,0.366543710231781,0.2533806264400482,-0.4736540913581848,0.8879498839378357,0.3782893419265747,0.26253369450569153,-0.47980996966362,0.8864139914512634,0.3649287223815918,0.26160377264022827,-0.46621859073638916,0.8973575830459595,0.42585626244544983,0.6502302885055542,0.029412122443318367,0.9994377493858337,0.32873451709747314,0.6608309149742126,-0.029582632705569267,0.9997301697731018,0.5794179439544678,0.7345081567764282,-0.23130832612514496,0.8892735242843628,0.34606215357780457,0.7931743860244751,-0.11854882538318634,0.926688551902771,0.40432754158973694,0.6965571045875549,0.24615459144115448,0.4146645665168762,0.3848625123500824,0.906535267829895,0.25971728563308716,0.9043698906898499,0.38261574506759644,0.6753528118133545,0.30053314566612244,0.5116631984710693,0.3925264775753021,0.9179068207740784,0.2925592362880707,0.8479000329971313,0.3602530062198639,0.7171494364738464,0.28694799542427063,0.4441167712211609,0.38420742750167847,0.9504961967468262,0.16994643211364746,0.824345052242279
tree,File47.jpg,0.49250689148902893,0.08122038841247559,-0.34441354870796204,0.9995898604393005,0.5073509812355042,0.06305021047592163,-0.3021066188812256,0.9994328618049622,0.5149201154708862,0.06281590461730957,-0.3021281659603119,0.9992154836654663,0.5210577249526978,0.0630401074886322,-0.3022376000881195,0.9993128776550293,0.48058855533599854,0.06390237808227539,-0.3064401149749756,0.9996702671051025,0.4707461893558502,0.06482276320457458,-0.30642470717430115,0.9995381832122803,0.4616895020008087,0.06565502285957336,-0.3065343499183655,0.9996198415756226,0.5323651432991028,0.07173052430152893,-0.06435252726078033,0.9991410970687866,0.452626496553421,0.07324615120887756,-0.07870378345251083,0.9990867376327515,0.5092105865478516,0.10333806276321411,-0.25516277551651,0.9996054768562317,0.4760628640651703,0.10266891121864319,-0.25951704382896423,0.9998258948326111,0.6009554862976074,0.19306066632270813,0.061951372772455215,0.9974212646484375,0.3864361345767975,0.19146183133125305,-0.014758831821382046,0.9995226860046387,0.642386257648468,0.34459224343299866,-0.13486149907112122,0.971527636051178,0.3312344551086426,0.3361688256263733,-0.23474283516407013,0.9700412154197693,0.5201741456985474,0.27620697021484375,-0.5083525776863098,0.9568690657615662,0.4598282277584076,0.272830605506897,-0.5338472127914429,0.9603240489959717,0.4990115463733673,0.24283641576766968,-0.5759602785110474,0.8973950743675232,0.4880674183368683,0.2414696216583252,-0.5936412811279297,0.9004983901977539,0.5006181001663208,0.22676217555999756,-0.5380567312240601,0.8827275037765503,0.48626792430877686,0.22588936984539032,-0.5598354935646057,0.8827052116394043,0.505058228969574,0.23701967298984528,-0.4980083107948303,0.8403910398483276,0.48121654987335205,0.2364344447851181,-0.5214731693267822,0.8364986777305603,0.5673710703849792,0.455601304769516,0.06790035963058472,0.9930845499038696,0.4438984990119934,0.4781818687915802,-0.06796392053365707,0.9972345232963562,0.7839572429656982,0.5233170390129089,-0.28246745467185974,0.9479807615280151,0.49326637387275696,0.696900486946106,-0.1428469866514206,0.943982720375061,0.5411955714225769,0.5642407536506653,0.24961718916893005,0.450722873210907,0.5244707465171814,0.8998876810073853,0.1643311232328415,0.9157702922821045,0.49785640835762024,0.5561986565589905,0.30327603220939636,0.41407153010368347,0.5323570966720581,0.9206689596176147,0.185958132147789,0.7547858357429504,0.5052797794342041,0.6631282567977905,0.20400089025497437,0.47834134101867676,0.5268538594245911,0.9595128893852234,-0.0511811263859272,0.8526294231414795
tree,File49.jpg,0.49286481738090515,0.2537524700164795,-0.306991845369339,0.9989499449729919,0.5017290115356445,0.23358607292175293,-0.2831612825393677,0.9983457326889038,0.5067244172096252,0.23366698622703552,-0.28317463397979736,0.9978700876235962,0.5111175179481506,0.2344830334186554,-0.28328943252563477,0.9986810088157654,0.4861585199832916,0.23465871810913086,-0.276516854763031,0.9978125095367432,0.48113131523132324,0.23544427752494812,-0.27664244174957275,0.9965420365333557,0.4759962856769562,0.23616856336593628,-0.2767215371131897,0.997870922088623,0.5167168974876404,0.24847787618637085,-0.17210054397583008,0.9966338276863098,0.4728034436702728,0.24740895628929138,-0.14009420573711395,0.9978333115577698,0.5011882185935974,0.27821215987205505,-0.2674180865287781,0.9971808195114136,0.4839611053466797,0.27735820412635803,-0.2584654986858368,0.9967457056045532,0.5408708453178406,0.3347684442996979,-0.19128338992595673,0.9943767786026001,0.45354023575782776,0.33583351969718933,-0.08814714848995209,0.9918177127838135,0.5600056648254395,0.2047281563282013,-0.3152797818183899,0.9940317273139954,0.43270212411880493,0.20828232169151306,-0.12459823489189148,0.9687766432762146,0.514182448387146,0.09401583671569824,-0.3135160207748413,0.9690793752670288,0.4728570580482483,0.10396623611450195,-0.13011948764324188,0.8878846168518066,0.5041096806526184,0.0672118067741394,-0.3431969881057739,0.9094313979148865,0.48624667525291443,0.07219672203063965,-0.16314353048801422,0.7487349510192871,0.5007851123809814,0.06780648231506348,-0.32134318351745605,0.8968604803085327,0.4878464639186859,0.07605504989624023,-0.14113637804985046,0.7237621545791626,0.5013316869735718,0.07869166135787964,-0.30863121151924133,0.8859334588050842,0.4853998124599457,0.08923619985580444,-0.12953858077526093,0.7411279082298279,0.5115693807601929,0.6014647483825684,-0.03029601462185383,0.996957540512085,0.45059528946876526,0.5897161364555359,0.030186273157596588,0.9977732300758362,0.5058797597885132,0.7761461138725281,-0.05497751757502556,0.8712936639785767,0.38428446650505066,0.6919232606887817,-0.33575060963630676,0.9610307812690735,0.4964471161365509,0.9283769130706787,0.1869456171989441,0.9223552346229553,0.48307329416275024,0.7514708638191223,-0.012459619902074337,0.6950737237930298,0.49094516038894653,0.9534633159637451,0.2056848257780075,0.6961559057235718,0.496626079082489,0.7365357875823975,0.01874695159494877,0.5608412623405457,0.4928772449493408,0.9859331846237183,0.07810769230127335,0.8545613288879395,0.49611157178878784,0.830793559551239,-0.05307762697339058,0.6554592251777649
tree,File55.jpg,0.4978530704975128,0.3294603228569031,-0.37528231739997864,0.9947435855865479,0.5062035322189331,0.3177329897880554,-0.3530977666378021,0.9962238073348999,0.5118194222450256,0.31734949350357056,-0.3531067669391632,0.9956303834915161,0.5172425508499146,0.31715378165245056,-0.35322946310043335,0.9969218373298645,0.4925382733345032,0.3180118799209595,-0.34184861183166504,0.9929134249687195,0.48885735869407654,0.31775832176208496,-0.3419944643974304,0.988654375076294,0.48515430092811584,0.31774288415908813,-0.342182457447052,0.9914810657501221,0.5258230566978455,0.32086968421936035,-0.22243629395961761,0.9936291575431824,0.4826081395149231,0.3222823143005371,-0.1684560626745224,0.9921749234199524,0.5110681653022766,0.340600848197937,-0.32483816146850586,0.993222713470459,0.49227505922317505,0.3397928774356842,-0.3090575933456421,0.9834017753601074,0.5649260878562927,0.3626888692378998,-0.24537891149520874,0.9957438111305237,0.46334585547447205,0.36924439668655396,-0.12760743498802185,0.980938196182251,0.5550006628036499,0.2786934971809387,-0.42479270696640015,0.977354109287262,0.4689572751522064,0.28504207730293274,-0.19334547221660614,0.9167263507843018,0.5220723152160645,0.20771333575248718,-0.46938279271125793,0.9146503806114197,0.49039533734321594,0.2085353136062622,-0.22175754606723785,0.869337797164917,0.515125036239624,0.1901220977306366,-0.508964478969574,0.8373831510543823,0.5013378858566284,0.19016030430793762,-0.26510563492774963,0.7849025726318359,0.5127601623535156,0.19024193286895752,-0.49589309096336365,0.817534327507019,0.5008823871612549,0.1908787190914154,-0.2547430694103241,0.7625380754470825,0.5130786299705505,0.19702979922294617,-0.4695570468902588,0.8188216090202332,0.4989176094532013,0.19686007499694824,-0.22739443182945251,0.7890579104423523,0.535068690776825,0.5333735346794128,-0.04673544317483902,0.9989340901374817,0.4516136050224304,0.524558424949646,0.04664076492190361,0.9949694275856018,0.5156188607215881,0.6577640771865845,0.009513077326118946,0.900778591632843,0.3177429437637329,0.5934719443321228,-0.10113747417926788,0.887322723865509,0.4968981146812439,0.7811126112937927,0.14640440046787262,0.9725810885429382,0.469471275806427,0.5556126236915588,0.4455398619174957,0.20806191861629486,0.49109795689582825,0.7973893880844116,0.1543205976486206,0.8826634883880615,0.48621585965156555,0.5406316518783569,0.5052246451377869,0.3305833339691162,0.5025871992111206,0.8118383884429932,0.0031555306632071733,0.9381136894226074,0.49501824378967285,0.5848701000213623,0.5559639930725098,0.20777611434459686
tree,File64.jpg,0.5243955254554749,0.260117769241333,-0.5004839897155762,0.9979077577590942,0.5350145101547241,0.24665746092796326,-0.4473540782928467,0.9976822137832642,0.542809009552002,0.24641180038452148,-0.4473654627799988,0.9969101548194885,0.5493984818458557,0.24611151218414307,-0.4475405216217041,0.998177170753479,0.5099612474441528,0.24829593300819397,-0.44425666332244873,0.9966254234313965,0.5001591444015503,0.24870961904525757,-0.4443977177143097,0.9948662519454956,0.49122804403305054,0.24907612800598145,-0.444559246301651,0.996696949005127,0.562048614025116,0.2561143636703491,-0.20548057556152344,0.9968518614768982,0.4834781587123871,0.258932501077652,-0.18791142106056213,0.9975766539573669,0.5433180332183838,0.2751992642879486,-0.4141474962234497,0.9961442947387695,0.5118286609649658,0.2758168876171112,-0.409380704164505,0.9931206107139587,0.6209253072738647,0.32024601101875305,-0.24773256480693817,0.989531397819519,0.45270082354545593,0.3283291757106781,-0.12281142920255661,0.9711672067642212,0.6292436718940735,0.2002873420715332,-0.48240864276885986,0.9734708666801453,0.4284536838531494,0.21242177486419678,-0.25223422050476074,0.9435540437698364,0.5359194874763489,0.10236749053001404,-0.5255064368247986,0.9001726508140564,0.48743054270744324,0.10748538374900818,-0.28665682673454285,0.8482878804206848,0.5172920227050781,0.07618239521980286,-0.5935523509979248,0.8128571510314941,0.5006877779960632,0.08056673407554626,-0.3688321113586426,0.7336229085922241,0.5147808790206909,0.07470956444740295,-0.5711222887039185,0.7940588593482971,0.4999546706676483,0.08165386319160461,-0.34156978130340576,0.7090579271316528,0.5176597237586975,0.08423498272895813,-0.5275253653526306,0.8017250299453735,0.49743300676345825,0.09082341194152832,-0.29425910115242004,0.7341164946556091,0.5955790281295776,0.5775781273841858,-0.08646773546934128,0.9976505637168884,0.4751078486442566,0.5681917667388916,0.0864456444978714,0.9940345883369446,0.5713965892791748,0.7600302696228027,-0.0587163046002388,0.9121062159538269,0.2514598071575165,0.661554217338562,-0.18876084685325623,0.924530565738678,0.5392597317695618,0.9209705591201782,0.2434716671705246,0.9679098129272461,0.49917542934417725,0.6888562440872192,0.4121645987033844,0.6110333204269409,0.5311903953552246,0.9441714286804199,0.259177565574646,0.8536295294761658,0.5344354510307312,0.6693663001060486,0.46949636936187744,0.640507161617279,0.5259280204772949,0.9672039747238159,-0.026287762448191643,0.9277569651603699,0.549370527267456,0.7541379928588867,0.4007352888584137,0.5770987272262573
tree,File66.jpg,0.4580954313278198,0.28967979550361633,-0.49869588017463684,0.9978201389312744,0.4664754569530487,0.2769343852996826,-0.45013272762298584,0.9979637861251831,0.47374919056892395,0.2762281894683838,-0.4501412808895111,0.996936559677124,0.48027312755584717,0.2757781147956848,-0.4503670930862427,0.9974409341812134,0.4462932348251343,0.2774026095867157,-0.4564038813114166,0.9980674386024475,0.43862468004226685,0.27709686756134033,-0.4564436972141266,0.997015118598938,0.4323161542415619,0.2771400511264801,-0.4564751088619232,0.997366726398468,0.49214062094688416,0.2808016240596771,-0.22311213612556458,0.9983129501342773,0.424493670463562,0.28429824113845825,-0.24847885966300964,0.9967578053474426,0.47145986557006836,0.3031609058380127,-0.4158064126968384,0.996781587600708,0.4476536810398102,0.3034224510192871,-0.4235311448574066,0.9973340034484863,0.5369288325309753,0.3405328392982483,-0.17495591938495636,0.9956995248794556,0.39099201560020447,0.3443014323711395,-0.2616603970527649,0.9981195330619812,0.5539503693580627,0.2314559519290924,-0.30195000767707825,0.9857450723648071,0.37167680263519287,0.2359592616558075,-0.45385971665382385,0.986711859703064,0.4937576949596405,0.13133656978607178,-0.3846750557422638,0.9524167776107788,0.4431072771549225,0.13813117146492004,-0.505275547504425,0.9487048983573914,0.4885156452655792,0.10462638735771179,-0.43405377864837646,0.8794268369674683,0.4544927775859833,0.11323010921478271,-0.568993866443634,0.8811286091804504,0.48254528641700745,0.10467487573623657,-0.4245188534259796,0.863409161567688,0.45655497908592224,0.11089146137237549,-0.5352401733398438,0.8646769523620605,0.4820125997066498,0.11350154876708984,-0.3906401991844177,0.8723993301391602,0.4551892876625061,0.120155930519104,-0.502414345741272,0.8644453287124634,0.5162574052810669,0.5652419924736023,0.048246413469314575,0.9995023012161255,0.4253641664981842,0.578047513961792,-0.04830274358391762,0.9996597766876221,0.6883878111839294,0.6591395139694214,-0.054657623171806335,0.8029997944831848,0.44732439517974854,0.7324936389923096,0.010264556854963303,0.8965662121772766,0.5129351615905762,0.6128637790679932,0.5906763672828674,0.17721237242221832,0.4796745479106903,0.8560804128646851,0.427580863237381,0.9118490219116211,0.4930226802825928,0.596152663230896,0.6584194302558899,0.33416372537612915,0.4847385287284851,0.8774826526641846,0.4620717763900757,0.8691296577453613,0.46964114904403687,0.6478124856948853,0.6242921948432922,0.21110799908638,0.4791778326034546,0.9071624279022217,0.2888740301132202,0.8443535566329956
tree,File71.jpg,0.45827552676200867,0.2912704646587372,-0.5573190450668335,0.9968591928482056,0.46781817078590393,0.27737510204315186,-0.5099272131919861,0.9971017241477966,0.4746338427066803,0.2770325243473053,-0.5099461078643799,0.996117353439331,0.4810578227043152,0.2769564390182495,-0.5102453827857971,0.9970645308494568,0.44746577739715576,0.27850067615509033,-0.5184453129768372,0.9964064955711365,0.4402129650115967,0.278504878282547,-0.5184217691421509,0.9944320321083069,0.4333818256855011,0.27878013253211975,-0.5185308456420898,0.9950987696647644,0.487379789352417,0.28475522994995117,-0.2846427261829376,0.9981842637062073,0.4221590757369995,0.28799518942832947,-0.3169778287410736,0.9937361478805542,0.4722694754600525,0.30455654859542847,-0.4736744463443756,0.9957491159439087,0.4458105266094208,0.304057776927948,-0.4837524890899658,0.9948276877403259,0.5307062268257141,0.3478497266769409,-0.24814246594905853,0.9946867227554321,0.3825567960739136,0.34473341703414917,-0.3673844337463379,0.9969870448112488,0.5244225263595581,0.22885659337043762,-0.399577796459198,0.9648204445838928,0.40133053064346313,0.22967547178268433,-0.6144945621490479,0.9837427139282227,0.481337308883667,0.12770098447799683,-0.49303820729255676,0.9140468239784241,0.44208788871765137,0.12836596369743347,-0.5980533957481384,0.9471223950386047,0.47088274359703064,0.1027214527130127,-0.5441446304321289,0.8343591690063477,0.45514899492263794,0.10086104273796082,-0.6496842503547668,0.8886261582374573,0.468214750289917,0.10208296775817871,-0.523932933807373,0.8155335783958435,0.4552188515663147,0.10013708472251892,-0.6060543656349182,0.8713778257369995,0.4698261618614197,0.11058315634727478,-0.4962864816188812,0.8349884748458862,0.45373478531837463,0.10949152708053589,-0.5905805826187134,0.8728896379470825,0.5108669996261597,0.5585381984710693,0.055635347962379456,0.9986792206764221,0.4060647189617157,0.5750559568405151,-0.05563809722661972,0.9992057681083679,0.7063249349594116,0.6377252340316772,-0.29401063919067383,0.7744460701942444,0.4444648027420044,0.7494744658470154,-0.19255885481834412,0.889662504196167,0.48117905855178833,0.6347963809967041,0.31006497144699097,0.2607956826686859,0.47275835275650024,0.8942400813102722,0.17180705070495605,0.8795025944709778,0.44330865144729614,0.6102628111839294,0.3733610510826111,0.35527878999710083,0.4820992946624756,0.9099879264831543,0.200192391872406,0.7846734523773193,0.44811156392097473,0.6898170709609985,0.31826189160346985,0.26017364859580994,0.4770572781562805,0.9433290362358093,-0.001917851623147726,0.7652363181114197
tree,File72.jpg,0.490005224943161,0.09917151927947998,-0.22137954831123352,0.9995112419128418,0.49773621559143066,0.08322831988334656,-0.1875249743461609,0.9994756579399109,0.5012528896331787,0.08364367485046387,-0.18755534291267395,0.9992209672927856,0.5055875182151794,0.08410274982452393,-0.18765729665756226,0.9993603825569153,0.4835336208343506,0.08340632915496826,-0.195066899061203,0.9996656179428101,0.4773990511894226,0.08376163244247437,-0.1950763463973999,0.9995269775390625,0.47187405824661255,0.08408486843109131,-0.19507284462451935,0.9996277093887329,0.512866199016571,0.09360149502754211,-0.007845050655305386,0.9992589354515076,0.4638427495956421,0.09380310773849487,-0.03952405974268913,0.9993947744369507,0.499887615442276,0.12028872966766357,-0.15475142002105713,0.9996869564056396,0.4807884693145752,0.11898422241210938,-0.1640230119228363,0.9998757839202881,0.5523907542228699,0.20924226939678192,0.08764852583408356,0.9987462759017944,0.4219697415828705,0.21123173832893372,-0.006704509258270264,0.999705970287323,0.6018146872520447,0.3307236433029175,-0.07525254786014557,0.9801571369171143,0.3737725019454956,0.3240821957588196,-0.161676287651062,0.9673991203308105,0.5089730024337769,0.30213838815689087,-0.37226706743240356,0.9398394227027893,0.46958303451538086,0.31134331226348877,-0.36479607224464417,0.9285979270935059,0.4942512810230255,0.27014559507369995,-0.4299444258213043,0.8595588803291321,0.4848974049091339,0.28405678272247314,-0.4143492579460144,0.8457385301589966,0.4932748079299927,0.26167571544647217,-0.4050220549106598,0.840673565864563,0.4840182960033417,0.2752847671508789,-0.39563220739364624,0.8249960541725159,0.4967222213745117,0.2705451250076294,-0.3680330514907837,0.7941522002220154,0.48162636160850525,0.28562435507774353,-0.3584684729576111,0.7630599737167358,0.5301445126533508,0.4662437438964844,0.06483355164527893,0.9960682392120361,0.4604782462120056,0.4839647710323334,-0.06486749649047852,0.998094379901886,0.6728131771087646,0.5468692779541016,-0.08652407675981522,0.9361247420310974,0.48418283462524414,0.7095099091529846,-0.11988437920808792,0.965013861656189,0.5281744003295898,0.5657543540000916,0.29121461510658264,0.4695812165737152,0.5101919174194336,0.9145877361297607,0.09348185360431671,0.9625353217124939,0.49987372756004333,0.5526182651519775,0.32877713441848755,0.47527119517326355,0.5156353116035461,0.9346981644630432,0.10855107009410858,0.8693031072616577,0.48794934153556824,0.6561012268066406,0.2728731036186218,0.47320258617401123,0.5205166935920715,0.9860978126525879,-0.054273415356874466,0.919177234172821
tree,File73.jpg,0.4658453166484833,0.259769082069397,-0.37930163741111755,0.9992318153381348,0.4800907075405121,0.24316376447677612,-0.34562814235687256,0.9993416666984558,0.4891710579395294,0.242825448513031,-0.34556347131729126,0.9991745352745056,0.49721038341522217,0.24267759919166565,-0.3457097113132477,0.999525785446167,0.45406007766723633,0.24439918994903564,-0.32768514752388,0.9988817572593689,0.4464024305343628,0.2443273663520813,-0.32785797119140625,0.9981285929679871,0.43942877650260925,0.24423685669898987,-0.3280741274356842,0.9988743662834167,0.5104324221611023,0.25067076086997986,-0.19120365381240845,0.9990932941436768,0.4367268681526184,0.2515691816806793,-0.10367024689912796,0.9991146922111511,0.48371386528015137,0.27664628624916077,-0.32469433546066284,0.9989849925041199,0.4531286358833313,0.27521222829818726,-0.30009257793426514,0.9978787899017334,0.5603805780410767,0.32250145077705383,-0.27386826276779175,0.9966448545455933,0.40644460916519165,0.32147306203842163,-0.03538142517209053,0.9915587902069092,0.5723958611488342,0.18808919191360474,-0.48947229981422424,0.9893643856048584,0.3657704293727875,0.1995219588279724,-0.08365737646818161,0.9486402869224548,0.4859388470649719,0.09089696407318115,-0.46633538603782654,0.9150736331939697,0.44470566511154175,0.09561175107955933,-0.04861575737595558,0.8063280582427979,0.47058868408203125,0.06366842985153198,-0.5069110989570618,0.8387768268585205,0.46151459217071533,0.06602728366851807,-0.09807305783033371,0.6602777242660522,0.46765244007110596,0.06387954950332642,-0.48052164912223816,0.8185986876487732,0.46250227093696594,0.06790876388549805,-0.0625080093741417,0.6310908198356628,0.46966007351875305,0.07263749837875366,-0.46188509464263916,0.8258613348007202,0.45936349034309387,0.07897377014160156,-0.05015868693590164,0.6742704510688782,0.5030087828636169,0.5842075943946838,-0.09914425760507584,0.9980403780937195,0.3991105854511261,0.5745314955711365,0.09879735112190247,0.9942566752433777,0.470899760723114,0.7645655870437622,-0.11800383031368256,0.9253952503204346,0.20574548840522766,0.679101288318634,-0.15229420363903046,0.9311716556549072,0.4524837136268616,0.912930965423584,0.19979096949100494,0.9430670738220215,0.42215052247047424,0.6499179601669312,0.4209400713443756,0.32964760065078735,0.44754767417907715,0.9313579797744751,0.22626850008964539,0.7026364207267761,0.45086780190467834,0.636243462562561,0.4839102029800415,0.38665667176246643,0.4333900213241577,0.9666290283203125,0.07158713787794113,0.8705060482025146,0.4571514427661896,0.7198141813278198,0.5283803939819336,0.31723248958587646
tree,File81.jpg,0.47383975982666016,0.2664188742637634,-0.6164281368255615,0.9990035891532898,0.484454870223999,0.24988994002342224,-0.5511839985847473,0.9987437129020691,0.49413254857063293,0.24862512946128845,-0.5511630773544312,0.9982616305351257,0.501711368560791,0.2476523518562317,-0.5514600872993469,0.9984498023986816,0.4552762508392334,0.25057193636894226,-0.5613638758659363,0.9987249970436096,0.44390901923179626,0.24973249435424805,-0.5614569783210754,0.9981593489646912,0.4345729649066925,0.24924978613853455,-0.5615086555480957,0.9983441829681396,0.5095904469490051,0.2515839636325836,-0.23558303713798523,0.9990842342376709,0.4241054654121399,0.2547578811645508,-0.2776089906692505,0.9981378316879272,0.49237871170043945,0.2805631756782532,-0.49943798780441284,0.9979719519615173,0.4576385021209717,0.2804690897464752,-0.5121196508407593,0.9982994198799133,0.5647538900375366,0.3166470527648926,-0.15506453812122345,0.9979453682899475,0.3685685396194458,0.3146226108074188,-0.27036774158477783,0.9989306330680847,0.6163960695266724,0.20029860734939575,-0.31681519746780396,0.989799976348877,0.32480135560035706,0.19784343242645264,-0.5174720287322998,0.994300365447998,0.5139740109443665,0.09549811482429504,-0.42602968215942383,0.9669370055198669,0.43660977482795715,0.09802815318107605,-0.5669849514961243,0.9768097996711731,0.4926181137561798,0.06782853603363037,-0.48906540870666504,0.9093787670135498,0.45657673478126526,0.06928050518035889,-0.644300103187561,0.9368489980697632,0.48521941900253296,0.06903761625289917,-0.4625101387500763,0.8972601294517517,0.45899489521980286,0.07059717178344727,-0.595196545124054,0.9278037548065186,0.4887344241142273,0.08066141605377197,-0.42747819423675537,0.8994159698486328,0.45602402091026306,0.08207038044929504,-0.5609304308891296,0.9233747124671936,0.5425136089324951,0.5633646249771118,0.05527839437127113,0.9996252059936523,0.4102579951286316,0.5844340920448303,-0.05525794252753258,0.9997257590293884,0.7582813501358032,0.6492571830749512,-0.31790053844451904,0.9225559234619141,0.43316760659217834,0.7509386539459229,-0.16143448650836945,0.9411157369613647,0.5208598375320435,0.6511295437812805,0.4544649124145508,0.526429295539856,0.47996988892555237,0.9091801047325134,0.41132205724716187,0.9558447003364563,0.4770204722881317,0.6342790126800537,0.5354019403457642,0.686224102973938,0.49177414178848267,0.9335435032844543,0.45657774806022644,0.9229163527488708,0.45563778281211853,0.7012548446655273,0.434793621301651,0.5843601226806641,0.46051374077796936,0.9622981548309326,0.20053665339946747,0.9145120978355408
tree,File83.jpg,0.4802033007144928,0.11058744788169861,-0.2069140523672104,0.9999707937240601,0.4860902726650238,0.09341493248939514,-0.18538594245910645,0.9999637603759766,0.48959171772003174,0.09368744492530823,-0.185415118932724,0.9999562501907349,0.4939562976360321,0.09399780631065369,-0.18540607392787933,0.9999582767486572,0.4740712344646454,0.09317460656166077,-0.1816423088312149,0.9999504089355469,0.46958935260772705,0.09316837787628174,-0.18166768550872803,0.9999387264251709,0.4656771719455719,0.09322592616081238,-0.18170206248760223,0.9999545812606812,0.5021228790283203,0.10464176535606384,-0.059764761477708817,0.9998965263366699,0.46122679114341736,0.10381054878234863,-0.044878505170345306,0.9999511241912842,0.4884289801120758,0.13218501210212708,-0.16009621322155,0.9999641180038452,0.47332191467285156,0.12979331612586975,-0.15584920346736908,0.9999334812164307,0.536796510219574,0.21535032987594604,-0.014993743970990181,0.9998051524162292,0.4351515769958496,0.2225300818681717,0.019688885658979416,0.9990935325622559,0.5572728514671326,0.35413381457328796,-0.15008544921875,0.9726291298866272,0.4157993495464325,0.35760244727134705,-0.1272546947002411,0.9631980061531067,0.4969271421432495,0.27750685811042786,-0.35078880190849304,0.9709001183509827,0.474559485912323,0.2826552391052246,-0.37158143520355225,0.9366891980171204,0.48858872056007385,0.24125759303569794,-0.38614439964294434,0.9351291656494141,0.48518067598342896,0.2469213604927063,-0.42129790782928467,0.8625950813293457,0.4880783259868622,0.23284302651882172,-0.3723572790622711,0.9293370842933655,0.483797550201416,0.23971880972385406,-0.3989572525024414,0.8366724848747253,0.4904833734035492,0.24479800462722778,-0.3474256992340088,0.8964444398880005,0.4820176959037781,0.2527146637439728,-0.36740419268608093,0.7829306125640869,0.509116530418396,0.4961260259151459,-0.03088163398206234,0.999750554561615,0.4526137411594391,0.48217180371284485,0.030920622870326042,0.9990625977516174,0.4899487793445587,0.7076378464698792,-0.007455398794263601,0.9468733072280884,0.3596256673336029,0.6052827835083008,-0.14445124566555023,0.9831374883651733,0.47627419233322144,0.8888373374938965,0.1699780374765396,0.9700461626052856,0.4591757655143738,0.5608419179916382,0.23525238037109375,0.26373809576034546,0.46930745244026184,0.9107651114463806,0.18374837934970856,0.8290606141090393,0.4729291796684265,0.5419589281082153,0.27602332830429077,0.36434608697891235,0.4760250449180603,0.9553583264350891,0.07323028892278671,0.9609963297843933,0.4799441993236542,0.6262179613113403,0.2760563790798187,0.32042396068573
tree,File84.jpg,0.5676844716072083,0.1449216902256012,-0.12930242717266083,0.9998149275779724,0.571535587310791,0.1281733214855194,-0.10864011198282242,0.9997596144676208,0.5748691558837891,0.12818989157676697,-0.10864938795566559,0.9996113181114197,0.5778593420982361,0.12824895977973938,-0.10871487110853195,0.9996427297592163,0.5625619292259216,0.12716707587242126,-0.1112532913684845,0.9998655319213867,0.5588415861129761,0.12671035528182983,-0.11125652492046356,0.9997932314872742,0.5547413229942322,0.1266975998878479,-0.11127348244190216,0.9998390674591064,0.5820956230163574,0.1350771188735962,0.012770884670317173,0.9996684789657593,0.548999547958374,0.1329503059387207,0.002273153979331255,0.9997873902320862,0.5724620223045349,0.16430136561393738,-0.08277267217636108,0.9998785257339478,0.5608102083206177,0.1647423803806305,-0.08594472706317902,0.9999620914459229,0.6084989309310913,0.23217150568962097,0.07113255560398102,0.9994074106216431,0.5207458734512329,0.23299017548561096,0.04722108319401741,0.9998964071273804,0.6449875235557556,0.3399431109428406,-0.035544659942388535,0.976075291633606,0.48678314685821533,0.34781211614608765,-0.05878366157412529,0.9659523963928223,0.5786933302879333,0.3212488889694214,-0.20082908868789673,0.9344282150268555,0.5581579804420471,0.3191067576408386,-0.19525699317455292,0.9486804008483887,0.5690498948097229,0.2910516560077667,-0.23666469752788544,0.8355447053909302,0.5683635473251343,0.2903249263763428,-0.22675180435180664,0.8748226761817932,0.5693408250808716,0.28280144929885864,-0.21785876154899597,0.8090935945510864,0.5675243735313416,0.2853959798812866,-0.21367380023002625,0.8544518947601318,0.571721613407135,0.29164719581604004,-0.19623249769210815,0.764894425868988,0.5653577446937561,0.29521444439888,-0.19062893092632294,0.8013214468955994,0.591208279132843,0.4780864119529724,0.022636106237769127,0.9992289543151855,0.5465847849845886,0.48797422647476196,-0.022644903510808945,0.9997292160987854,0.6876974105834961,0.6143664121627808,-0.06374841928482056,0.9830278158187866,0.5539790391921997,0.6854743957519531,-0.05361630767583847,0.9873513579368591,0.5861863493919373,0.6026614904403687,0.24348218739032745,0.7109490036964417,0.5772287249565125,0.8461048007011414,0.1441337615251541,0.9849331974983215,0.5671566724777222,0.564730167388916,0.2752806842327118,0.6231402158737183,0.5810134410858154,0.8654986023902893,0.16027995944023132,0.9336150884628296,0.5628804564476013,0.6631959080696106,0.2415587604045868,0.6740378737449646,0.5776261687278748,0.9101055264472961,0.05995582789182663,0.965848982334137
warrior2,00000118.jpg,0.3646901547908783,0.15721812844276428,-0.07617250084877014,0.9999406337738037,0.3620351254940033,0.1376846432685852,-0.06400147825479507,0.9998364448547363,0.361937940120697,0.13759547472000122,-0.06403789669275284,0.9998506307601929,0.3616887629032135,0.13747522234916687,-0.0640905350446701,0.9998341798782349,0.35949087142944336,0.13729530572891235,-0.07608254253864288,0.9998503923416138,0.35747259855270386,0.1369541585445404,-0.07610999047756195,0.9998354911804199,0.3555566668510437,0.13698959350585938,-0.07610297948122025,0.9997379183769226,0.35327744483947754,0.14832058548927307,-0.009435512125492096,0.9998334646224976,0.34488609433174133,0.14984968304634094,-0.06553584337234497,0.9996814727783203,0.36390382051467896,0.17921191453933716,-0.056578461080789566,0.9994505047798157,0.36055514216423035,0.1823805868625641,-0.07282811403274536,0.9994114637374878,0.3754323124885559,0.26808077096939087,0.0064629726111888885,0.999794065952301,0.3095112442970276,0.2622109353542328,-0.06061871349811554,0.9990683197975159,0.4290686547756195,0.2477422058582306,0.004230528138577938,0.9972455501556396,0.26391956210136414,0.2608676850795746,-0.07865992188453674,0.994964599609375,0.47284650802612305,0.23821666836738586,-0.05364963412284851,0.9982354640960693,0.21561257541179657,0.2636370360851288,-0.11423607170581818,0.991601288318634,0.4894278049468994,0.2352827787399292,-0.06460776180028915,0.9921798706054688,0.1984214186668396,0.26010119915008545,-0.12431232631206512,0.9746198654174805,0.491696298122406,0.23426565527915955,-0.08685554563999176,0.9934192299842834,0.19797848165035248,0.2596738040447235,-0.1440638303756714,0.9777730107307434,0.48459023237228394,0.23960274457931519,-0.06715923547744751,0.9939780235290527,0.203279048204422,0.26422375440597534,-0.1255052536725998,0.9751935601234436,0.3592452108860016,0.6004666686058044,0.01950654201209545,0.9990038275718689,0.31554093956947327,0.593659520149231,-0.01947733946144581,0.9986045956611633,0.43752869963645935,0.686359167098999,-0.07061799615621567,0.9972215890884399,0.2623522877693176,0.7658284306526184,-0.06530158221721649,0.9978691339492798,0.4311700463294983,0.9288391470909119,0.004812085535377264,0.9910480380058289,0.20795847475528717,0.9312541484832764,-0.02206592820584774,0.9981619715690613,0.4227844476699829,0.9616149067878723,0.008796224370598793,0.9783233404159546,0.20583084225654602,0.9534136056900024,-0.02167169563472271,0.9666749238967896,0.4613076448440552,0.9788408875465393,-0.04198562353849411,0.9800276160240173,0.18969519436359406,0.9726439714431763,-0.09213747829198837,0.991171658039093
warrior2,00000120.jpg,0.443843275308609,0.2875537872314453,-0.11384773254394531,0.9999123811721802,0.4514552652835846,0.2716963589191437,-0.11641505360603333,0.9995822310447693,0.45420923829078674,0.27153870463371277,-0.11638759076595306,0.999665379524231,0.4571443200111389,0.27137652039527893,-0.11639166623353958,0.9995236396789551,0.4477670192718506,0.27133989334106445,-0.09180449694395065,0.9996682405471802,0.4477156102657318,0.27100327610969543,-0.09187745302915573,0.9997237324714661,0.4477735757827759,0.270597904920578,-0.09189710021018982,0.9996495246887207,0.47457507252693176,0.28195855021476746,-0.11336904019117355,0.9994940757751465,0.46042490005493164,0.28003185987472534,0.0032936735078692436,0.9995391368865967,0.4486493468284607,0.3036709427833557,-0.11366593092679977,0.9990289211273193,0.44442203640937805,0.3035457730293274,-0.07987582683563232,0.998469889163971,0.5234878063201904,0.39333242177963257,-0.1126159206032753,0.9982436895370483,0.43646565079689026,0.3820311725139618,0.02696475386619568,0.9996153116226196,0.5916625261306763,0.38817939162254333,-0.16533996164798737,0.9955694079399109,0.36127614974975586,0.36883875727653503,0.06620132178068161,0.985463559627533,0.6501432657241821,0.36829400062561035,-0.2481158822774887,0.9836860299110413,0.2961660623550415,0.34322166442871094,-0.013193476013839245,0.9907031059265137,0.6714431047439575,0.3708312511444092,-0.27119094133377075,0.9536759257316589,0.27277153730392456,0.34357786178588867,-0.030694132670760155,0.9719792008399963,0.6753193140029907,0.3657709062099457,-0.2989899814128876,0.9575663805007935,0.2718399167060852,0.33999449014663696,-0.059232041239738464,0.9768376350402832,0.6661067605018616,0.3659532964229584,-0.26607879996299744,0.9624442458152771,0.27814245223999023,0.34211069345474243,-0.03276531770825386,0.9829905033111572,0.5085544586181641,0.6500962376594543,-0.0562727227807045,0.9939285516738892,0.4539811313152313,0.644343912601471,0.056150976568460464,0.9985833168029785,0.5858436822891235,0.771525502204895,-0.13384661078453064,0.9970334768295288,0.3523642420768738,0.6875136494636536,-0.05270685255527496,0.9967128038406372,0.6690045595169067,0.8754737377166748,-0.044054001569747925,0.9953719973564148,0.3417424261569977,0.8679642677307129,0.048305436968803406,0.9929124712944031,0.6759358048439026,0.8946437835693359,-0.03984009847044945,0.955830454826355,0.35078784823417664,0.8997198343276978,0.05301685631275177,0.9903435707092285,0.6885000467300415,0.9242477416992188,-0.1492728441953659,0.9862667322158813,0.29337817430496216,0.9056099057197571,-0.009325480088591576,0.9820354580879211
warrior2,00000121.jpg,0.4474309980869293,0.3643999695777893,-0.2637629210948944,0.9999363422393799,0.45599210262298584,0.34986329078674316,-0.2503717243671417,0.9996575117111206,0.45908182859420776,0.35041460394859314,-0.2503560781478882,0.9995947480201721,0.4622284173965454,0.35106220841407776,-0.2503868639469147,0.9994437098503113,0.449178546667099,0.34913375973701477,-0.23685786128044128,0.9998095631599426,0.4479009509086609,0.34907999634742737,-0.23699124157428741,0.9998111128807068,0.446659654378891,0.3489533066749573,-0.2370152324438095,0.9997914433479309,0.4765019714832306,0.3573108911514282,-0.16866976022720337,0.9991218447685242,0.4583078622817993,0.3534594476222992,-0.10272266715765,0.9996755123138428,0.4553737938404083,0.3816241919994354,-0.23451919853687286,0.9993205070495605,0.4475226402282715,0.38061803579330444,-0.21533964574337006,0.999483585357666,0.5307711958885193,0.4440532922744751,-0.13429485261440277,0.9987319111824036,0.43891751766204834,0.43738698959350586,-0.04852485656738281,0.9999570846557617,0.6253440976142883,0.42135873436927795,-0.1781327873468399,0.9928391575813293,0.334871768951416,0.41383352875709534,-0.06422154605388641,0.9966828227043152,0.7007162570953369,0.41320866346359253,-0.2863640785217285,0.9657352566719055,0.25158149003982544,0.4023292362689972,-0.19672495126724243,0.9951606392860413,0.7244241237640381,0.4109792411327362,-0.31522566080093384,0.8908213376998901,0.2225978672504425,0.40255966782569885,-0.22813868522644043,0.9792613387107849,0.7258866429328918,0.4091370403766632,-0.341280996799469,0.9081886410713196,0.22121265530586243,0.39999425411224365,-0.25998711585998535,0.9823489785194397,0.71968674659729,0.41188812255859375,-0.3062930703163147,0.9283673763275146,0.2303270697593689,0.40260231494903564,-0.21979568898677826,0.9852198362350464,0.5362247824668884,0.6975497007369995,-0.05488600954413414,0.998744010925293,0.4865294098854065,0.6918370723724365,0.05482528358697891,0.9999334812164307,0.6253111362457275,0.7732499837875366,-0.007692648563534021,0.9945751428604126,0.36343321204185486,0.7143298983573914,-0.15877732634544373,0.9987838864326477,0.7256360054016113,0.8534626364707947,0.21795551478862762,0.9930016398429871,0.3454391062259674,0.9088993668556213,-0.08932501077651978,0.9973214268684387,0.7349658012390137,0.8672122955322266,0.23539675772190094,0.9564019441604614,0.3611619472503662,0.9328932762145996,-0.08931864798069,0.9900705218315125,0.7551364302635193,0.8860166668891907,0.12967249751091003,0.9801334142684937,0.2885933518409729,0.9539288282394409,-0.19642005860805511,0.992223858833313
warrior2,00000122.jpg,0.44865089654922485,0.17084813117980957,-0.23660939931869507,0.9999721050262451,0.4628116488456726,0.1545717418193817,-0.22831614315509796,0.9998369216918945,0.4679291248321533,0.15516692399978638,-0.22827206552028656,0.9998651742935181,0.4730004668235779,0.1557314097881317,-0.2282608300447464,0.9997983574867249,0.4546498656272888,0.15215471386909485,-0.20402856171131134,0.9998626708984375,0.4537576735019684,0.15115299820899963,-0.20411191880702972,0.9998903274536133,0.4531768560409546,0.15015536546707153,-0.20407642424106598,0.9998302459716797,0.4923294186592102,0.16860145330429077,-0.17669779062271118,0.9998045563697815,0.47063058614730835,0.16302016377449036,-0.06000671163201332,0.9996922016143799,0.45845192670822144,0.1930556297302246,-0.21991688013076782,0.9997220635414124,0.44785481691360474,0.19022145867347717,-0.18631014227867126,0.9996011853218079,0.5524950623512268,0.2901683449745178,-0.18768280744552612,0.9996765851974487,0.42185574769973755,0.28152358531951904,-0.004987818654626608,0.9996402263641357,0.6736445426940918,0.2661789357662201,-0.25818192958831787,0.9993452429771423,0.3122865557670593,0.25219985842704773,0.002648005960509181,0.9856700301170349,0.7742030620574951,0.2563439607620239,-0.37396755814552307,0.9955739974975586,0.21090787649154663,0.2028988003730774,-0.1537412852048874,0.986019492149353,0.8046447038650513,0.25275370478630066,-0.4076843857765198,0.9830626249313354,0.17992720007896423,0.19202405214309692,-0.18709030747413635,0.9621023535728455,0.8059508800506592,0.24659547209739685,-0.4461156129837036,0.9850566983222961,0.17875659465789795,0.18775200843811035,-0.2302066534757614,0.9676921963691711,0.7950124740600586,0.25086212158203125,-0.39880743622779846,0.9870049953460693,0.1873112916946411,0.19339200854301453,-0.1831633448600769,0.9755585193634033,0.5369656085968018,0.6118637919425964,-0.09126860648393631,0.9981729984283447,0.45032352209091187,0.597446858882904,0.09097158908843994,0.9995836615562439,0.6612340211868286,0.7464238405227661,-0.1474854052066803,0.9984732270240784,0.3091885447502136,0.6236310005187988,-0.16062700748443604,0.9975066781044006,0.7721001505851746,0.8877334594726562,0.051025472581386566,0.9973157048225403,0.2834954261779785,0.8632575273513794,-0.026409758254885674,0.9957478642463684,0.7814741730690002,0.9039698243141174,0.065803162753582,0.9680534601211548,0.30083999037742615,0.8991876244544983,-0.01917952671647072,0.9931665062904358,0.787880003452301,0.9532055854797363,-0.08944064378738403,0.9906243681907654,0.20927998423576355,0.9138147830963135,-0.12418263405561447,0.9886963367462158
warrior2,00000123.png,0.4437960684299469,0.20385009050369263,-0.6255818605422974,0.9999198913574219,0.4617418348789215,0.1752907633781433,-0.6084558367729187,0.9996281862258911,0.4741498827934265,0.17496296763420105,-0.608440637588501,0.9997501969337463,0.48809871077537537,0.17453619837760925,-0.6084108352661133,0.9995453953742981,0.44000834226608276,0.1759825050830841,-0.5680919289588928,0.9994727969169617,0.4353986084461212,0.17631974816322327,-0.5682331323623657,0.999554455280304,0.43005743622779846,0.1767081320285797,-0.5680878758430481,0.9994388222694397,0.5250770449638367,0.18521323800086975,-0.4576462209224701,0.9997383952140808,0.4454755187034607,0.18342381715774536,-0.2623618543148041,0.9996746778488159,0.46744585037231445,0.22963756322860718,-0.5706436634063721,0.9996259212493896,0.44246843457221985,0.2309267818927765,-0.5132051706314087,0.9992326498031616,0.6112729907035828,0.28770938515663147,-0.3804813623428345,0.9996252059936523,0.4254049062728882,0.2828686833381653,-0.050929680466651917,0.9990518689155579,0.7399954795837402,0.27430450916290283,-0.6200656890869141,0.9979261159896851,0.2948463559150696,0.27957987785339355,0.21732677519321442,0.9841114282608032,0.8534436225891113,0.25272202491760254,-0.9782280325889587,0.9900832176208496,0.1646997034549713,0.2700401544570923,0.25473248958587646,0.9934187531471252,0.8965417146682739,0.24182957410812378,-1.0475690364837646,0.9615311026573181,0.11254015564918518,0.27023157477378845,0.25695857405662537,0.9769225120544434,0.8996943831443787,0.23864027857780457,-1.1130486726760864,0.9682618379592896,0.10975989699363708,0.26643967628479004,0.19851629436016083,0.9796599745750427,0.8850685358047485,0.24467939138412476,-1.0215404033660889,0.9704098701477051,0.1256045401096344,0.2692287266254425,0.22424592077732086,0.9829797744750977,0.6000173091888428,0.588684618473053,-0.11057711392641068,0.9991348385810852,0.47415655851364136,0.584871232509613,0.11090919375419617,0.9997068047523499,0.6933938264846802,0.7015680074691772,-0.5719209909439087,0.9981611371040344,0.3363233804702759,0.655135989189148,-0.38360926508903503,0.9990637898445129,0.808098554611206,0.836493194103241,-0.11606316268444061,0.9966224431991577,0.3829403221607208,0.8482379913330078,0.08368560671806335,0.9976904392242432,0.8148804903030396,0.8565188646316528,-0.08685299754142761,0.9602718949317932,0.4174783527851105,0.8853447437286377,0.11351843178272247,0.9938623905181885,0.8420106172561646,0.909029483795166,-0.37459346652030945,0.9885956645011902,0.2861274182796478,0.9091038107872009,-0.09442733228206635,0.9934555888175964
warrior2,00000124.jpg,0.5555269718170166,0.23407286405563354,-0.3954978883266449,0.9999434947967529,0.5526822805404663,0.219076007604599,-0.34374746680259705,0.999880313873291,0.5548427104949951,0.21950235962867737,-0.3438490033149719,0.9998958110809326,0.556755542755127,0.21981754899024963,-0.34407973289489746,0.9998691082000732,0.5399956703186035,0.21880978345870972,-0.36538180708885193,0.999862551689148,0.5323150157928467,0.2188883125782013,-0.3655396103858948,0.9998464584350586,0.5241032242774963,0.21906152367591858,-0.3654417395591736,0.9997656941413879,0.5422670841217041,0.2277931272983551,-0.137184739112854,0.9999030828475952,0.49542826414108276,0.22696161270141602,-0.237737238407135,0.9997574687004089,0.5550228953361511,0.2546173930168152,-0.3274275064468384,0.9997391104698181,0.5387217998504639,0.2567550837993622,-0.35614633560180664,0.9995692372322083,0.5973434448242188,0.3429873585700989,-0.14393381774425507,0.9998613595962524,0.3962095379829407,0.33381351828575134,-0.1995597928762436,0.9995061159133911,0.7500454187393188,0.3307569921016693,-0.22692833840847015,0.9966813921928406,0.23684339225292206,0.33576062321662903,-0.2805810868740082,0.9866213798522949,0.8772856593132019,0.30450209975242615,-0.3896130621433258,0.9952001571655273,0.0947192907333374,0.3221442997455597,-0.43586266040802,0.9552834033966064,0.919644832611084,0.30063191056251526,-0.44327786564826965,0.981296718120575,0.049674779176712036,0.3142280876636505,-0.46902304887771606,0.8920014500617981,0.9221434593200684,0.2972497344017029,-0.48452603816986084,0.9846316576004028,0.04569557309150696,0.3113112449645996,-0.5334610342979431,0.905684769153595,0.9067988991737366,0.301224023103714,-0.422477126121521,0.9880968332290649,0.06050410866737366,0.31718069314956665,-0.4757416546344757,0.9205817580223083,0.5203995704650879,0.6256452798843384,0.014410915784537792,0.9992458820343018,0.38531631231307983,0.6218491792678833,-0.014406097121536732,0.9992377758026123,0.7010641098022461,0.6196765899658203,-0.42807361483573914,0.990275502204895,0.21693360805511475,0.7315047979354858,-0.1598137468099594,0.9955743551254272,0.7311857342720032,0.8149755001068115,-0.046918563544750214,0.9682217240333557,0.07371538877487183,0.8363603949546814,0.12654761970043182,0.9929757118225098,0.712070107460022,0.8496004939079285,-0.01764731854200363,0.917280912399292,0.06361949443817139,0.8513075709342957,0.14337600767612457,0.923654317855835,0.8018655776977539,0.870208740234375,-0.1686737984418869,0.9456080198287964,0.019314587116241455,0.8666845560073853,-0.046875666826963425,0.9766514897346497
warrior2,00000125.jpg,0.5535411834716797,0.2148245871067047,-0.33761462569236755,0.9999680519104004,0.5479931831359863,0.1960010528564453,-0.2932172119617462,0.9998993873596191,0.5478120446205139,0.19582077860832214,-0.29339417815208435,0.9999054670333862,0.5473023056983948,0.1957215964794159,-0.29351359605789185,0.9998934268951416,0.5394743084907532,0.19637688994407654,-0.3386079668998718,0.9999103546142578,0.5327637195587158,0.19631031155586243,-0.3386695981025696,0.9999068975448608,0.5253371596336365,0.1962515413761139,-0.33862587809562683,0.9998418092727661,0.5199928283691406,0.2026452124118805,-0.08378606289625168,0.9998574256896973,0.49006879329681396,0.20311802625656128,-0.2943176329135895,0.9998672008514404,0.5497525334358215,0.23642495274543762,-0.2608574628829956,0.9998310804367065,0.5391237735748291,0.23799335956573486,-0.3214218020439148,0.9998317956924438,0.5728743672370911,0.29648467898368835,0.02784675732254982,0.9999552965164185,0.3994201421737671,0.3169226348400116,-0.2603662610054016,0.9995396137237549,0.6809705495834351,0.3177178204059601,0.07459048181772232,0.9945012331008911,0.2935795187950134,0.36055123805999756,-0.3110449016094208,0.9974167346954346,0.7874804139137268,0.3354650139808655,-0.11055459827184677,0.9966030120849609,0.18289285898208618,0.3969363272190094,-0.41094720363616943,0.9909895062446594,0.8235421180725098,0.34599030017852783,-0.1439867615699768,0.9857024550437927,0.1453419327735901,0.41559672355651855,-0.44730344414711,0.9722152948379517,0.8275123834609985,0.3453940749168396,-0.20953208208084106,0.9889423847198486,0.1468881070613861,0.41781488060951233,-0.5028514266014099,0.9762998223304749,0.8130578994750977,0.34283319115638733,-0.1494203507900238,0.9897005558013916,0.16015392541885376,0.41485297679901123,-0.4399886727333069,0.9699366688728333,0.5411787033081055,0.5618229508399963,0.08670385181903839,0.9998000264167786,0.4349465072154999,0.5602034330368042,-0.08650343865156174,0.9993226528167725,0.6591441631317139,0.6689742207527161,-0.07309313118457794,0.9973469972610474,0.34183114767074585,0.7039480209350586,-0.06476116925477982,0.998590886592865,0.6594047546386719,0.8275346755981445,0.16889914870262146,0.9964234232902527,0.24058136343955994,0.8285537958145142,0.19384673237800598,0.9982107877731323,0.6398191452026367,0.8583357930183411,0.1833869069814682,0.9901875853538513,0.23015856742858887,0.8456993103027344,0.20746947824954987,0.9375609159469604,0.7439545392990112,0.8708478212356567,0.025288937613368034,0.9941856861114502,0.23082101345062256,0.8899167776107788,0.013247902505099773,0.9930260181427002
warrior2,00000126.jpg,0.47314584255218506,0.3615853786468506,-0.22334687411785126,0.9998679161071777,0.48237574100494385,0.34983739256858826,-0.2280169427394867,0.9996917247772217,0.48460936546325684,0.34981197118759155,-0.22799155116081238,0.9996339082717896,0.4864068329334259,0.349958211183548,-0.228025883436203,0.9996453523635864,0.4781854450702667,0.3497462272644043,-0.19286060333251953,0.9996931552886963,0.47806254029273987,0.34963005781173706,-0.192979633808136,0.9996241331100464,0.47752049565315247,0.34962746500968933,-0.1929752379655838,0.9996764659881592,0.5074640512466431,0.3555816411972046,-0.19353504478931427,0.9994819760322571,0.4971936047077179,0.3550969958305359,-0.027362680062651634,0.9993426203727722,0.47979313135147095,0.3717038929462433,-0.20884238183498383,0.9991348385810852,0.4753396213054657,0.3716999292373657,-0.16099360585212708,0.9986735582351685,0.5833559632301331,0.4235285222530365,-0.20527474582195282,0.9992179870605469,0.4472755193710327,0.4189358949661255,0.04829801619052887,0.9988477230072021,0.6550478339195251,0.42258578538894653,-0.31714144349098206,0.9890875816345215,0.30738669633865356,0.3905574083328247,0.031189946457743645,0.972044050693512,0.7198313474655151,0.4201951026916504,-0.43217992782592773,0.9291113018989563,0.22966623306274414,0.364965558052063,-0.13985386490821838,0.9308316111564636,0.7447097301483154,0.4188975691795349,-0.4806954264640808,0.8344846963882446,0.19279465079307556,0.3587181568145752,-0.1826423853635788,0.818969190120697,0.7413007616996765,0.4151940643787384,-0.5110490918159485,0.8473411798477173,0.20104369521141052,0.35980236530303955,-0.2287648469209671,0.8409639000892639,0.7340786457061768,0.417284220457077,-0.454142302274704,0.8502287864685059,0.21285104751586914,0.3648838400840759,-0.17389431595802307,0.8746537566184998,0.5442309379577637,0.6043379306793213,-0.1273668259382248,0.9985877275466919,0.5166581273078918,0.6030125617980957,0.12723256647586823,0.9993242025375366,0.6935864090919495,0.7235949039459229,-0.22792072594165802,0.9957232475280762,0.2977721095085144,0.6678540110588074,-0.03602783381938934,0.9858040809631348,0.8257582783699036,0.8385456204414368,-0.11570736020803452,0.9961491823196411,0.27935975790023804,0.8163644075393677,0.03388843685388565,0.9856280088424683,0.8471536040306091,0.8576496243476868,-0.11125078797340393,0.9569432139396667,0.30267977714538574,0.8477475047111511,0.03275945410132408,0.9635692238807678,0.8199299573898315,0.8773208856582642,-0.29205119609832764,0.9889905452728271,0.200464129447937,0.8499895930290222,-0.09360551089048386,0.968641996383667
warrior2,00000127.jpg,0.598016619682312,0.22822126746177673,-0.10376973450183868,0.9999973773956299,0.5883784294128418,0.20786258578300476,-0.07714735716581345,0.9999899864196777,0.5862184762954712,0.20761123299598694,-0.07720571756362915,0.9999924898147583,0.5838196873664856,0.20739027857780457,-0.07722108066082001,0.9999904632568359,0.5880163311958313,0.20779207348823547,-0.1286657750606537,0.9999955892562866,0.5858861207962036,0.2076270878314972,-0.1287410855293274,0.999996542930603,0.5834097862243652,0.20748701691627502,-0.12865228950977325,0.9999947547912598,0.5630924105644226,0.2131567895412445,0.03856601193547249,0.9999938011169434,0.5589041709899902,0.21316733956336975,-0.19482463598251343,0.9999967813491821,0.587558388710022,0.24812552332878113,-0.05833178013563156,0.9999901056289673,0.5879492163658142,0.24732187390327454,-0.12477169930934906,0.9999940395355225,0.5789980888366699,0.3191848695278168,0.128864586353302,0.9999816417694092,0.489007830619812,0.325234055519104,-0.23903682827949524,0.9999854564666748,0.726826012134552,0.3206019997596741,0.13510695099830627,0.9943839311599731,0.3405383229255676,0.34786272048950195,-0.3227097690105438,0.999219536781311,0.8295921087265015,0.29683542251586914,-0.029804697260260582,0.9957127571105957,0.1944449543952942,0.35706689953804016,-0.3751310706138611,0.9969590902328491,0.8639534711837769,0.29235291481018066,-0.054004374891519547,0.9867681860923767,0.15629491209983826,0.3571646809577942,-0.4006926715373993,0.9912910461425781,0.864581823348999,0.2833555042743683,-0.10577547550201416,0.9889914989471436,0.15065479278564453,0.3538980185985565,-0.44416311383247375,0.992852509021759,0.8558428883552551,0.2870844900608063,-0.06546194106340408,0.9911812543869019,0.16228780150413513,0.3568868637084961,-0.39793846011161804,0.9931644797325134,0.5528128147125244,0.6170446276664734,0.13599982857704163,0.9995179176330566,0.5878763198852539,0.6204171776771545,-0.13607628643512726,0.999657392501831,0.4233452379703522,0.7794495820999146,0.14731211960315704,0.9969627261161804,0.7759640216827393,0.6321338415145874,-0.09448424726724625,0.9982680082321167,0.27593016624450684,0.899734616279602,0.2074924111366272,0.9925354719161987,0.7921934127807617,0.8695309162139893,0.0275261253118515,0.9948833584785461,0.25355061888694763,0.909099817276001,0.2156025767326355,0.9955808520317078,0.7703283429145813,0.8991266489028931,0.03725998476147652,0.9885242581367493,0.27302324771881104,0.9346435070037842,0.1709294617176056,0.9868848323822021,0.8669860363006592,0.8973128795623779,-0.009278746321797371,0.9844755530357361
warrior2,00000129.jpg,0.4744144380092621,0.37449994683265686,-0.22360505163669586,0.9999576807022095,0.48752421140670776,0.36006873846054077,-0.23059722781181335,0.9997733235359192,0.4919147789478302,0.3599216639995575,-0.23056937754154205,0.9998040795326233,0.4966346025466919,0.35971570014953613,-0.23059654235839844,0.9997051358222961,0.4826270341873169,0.35924607515335083,-0.19422976672649384,0.999829888343811,0.4831274151802063,0.3585607409477234,-0.19432790577411652,0.9998683929443359,0.48390841484069824,0.3577200472354889,-0.19432216882705688,0.9998168349266052,0.5244714617729187,0.3671169877052307,-0.22123686969280243,0.9997100234031677,0.5075523257255554,0.36476314067840576,-0.04895399510860443,0.999782145023346,0.4836720824241638,0.389339417219162,-0.21926216781139374,0.9995585083961487,0.4757826328277588,0.38910529017448425,-0.16930706799030304,0.999422550201416,0.6042097806930542,0.45565563440322876,-0.18845027685165405,0.9991614818572998,0.45590683817863464,0.44709527492523193,-0.003222804283723235,0.9998112320899963,0.7281794548034668,0.4497710168361664,-0.2589375376701355,0.9972144961357117,0.34166160225868225,0.4382898211479187,0.01713200844824314,0.9778517484664917,0.8411481976509094,0.4421727657318115,-0.3553183376789093,0.9859113693237305,0.22704827785491943,0.4276743531227112,-0.17320303618907928,0.9809923768043518,0.8691296577453613,0.4405204653739929,-0.38720938563346863,0.9611735939979553,0.19381201267242432,0.4256831705570221,-0.20745009183883667,0.9593220949172974,0.8746837973594666,0.43641385436058044,-0.4331172704696655,0.9647356271743774,0.19069352746009827,0.4218076765537262,-0.26197439432144165,0.9669017791748047,0.8635579347610474,0.43868470191955566,-0.38285425305366516,0.9677231907844543,0.2016977071762085,0.4249993562698364,-0.20755432546138763,0.9753342270851135,0.5797950029373169,0.6693241596221924,-0.08610180765390396,0.990029513835907,0.4862133860588074,0.6633460521697998,0.08590047806501389,0.9987524747848511,0.7155535817146301,0.7624663710594177,-0.17711222171783447,0.9973318576812744,0.32771629095077515,0.6710896492004395,-0.14844056963920593,0.9975601434707642,0.8398001194000244,0.8435579538345337,0.009670993313193321,0.9970759153366089,0.3047206997871399,0.8450156450271606,0.01753888465464115,0.9970645308494568,0.8534290194511414,0.8581260442733765,0.02144128456711769,0.9817740321159363,0.31849706172943115,0.8704785704612732,0.027845729142427444,0.9960927367210388,0.8876570463180542,0.8781733512878418,-0.1348283290863037,0.9913763403892517,0.2270161509513855,0.8785901665687561,-0.07577365636825562,0.9911587834358215
warrior2,00000130.jpg,0.44124266505241394,0.46281301975250244,-0.06053737550973892,0.9993280172348022,0.41883528232574463,0.46213340759277344,-0.012381521053612232,0.9993096590042114,0.4171091914176941,0.4635389447212219,-0.012584066018462181,0.9992271661758423,0.4149908125400543,0.4652761220932007,-0.012421302497386932,0.9995469450950623,0.4188274145126343,0.46286606788635254,-0.08897505700588226,0.999388575553894,0.41704434156417847,0.4646398723125458,-0.0890088900923729,0.9993509650230408,0.4149002432823181,0.46668750047683716,-0.08901587128639221,0.9992002844810486,0.40530452132225037,0.4869452714920044,0.1658744364976883,0.9994646906852722,0.40655913949012756,0.48752665519714355,-0.18651647865772247,0.9993000030517578,0.4513189494609833,0.4755769371986389,0.0030621483456343412,0.9982957243919373,0.44958317279815674,0.4766857326030731,-0.10049697756767273,0.9975172281265259,0.4507061541080475,0.5344579219818115,0.2907208204269409,0.9947243332862854,0.4314945340156555,0.5361267924308777,-0.39127498865127563,0.9979493021965027,0.4781700670719147,0.4364732801914215,0.3364529311656952,0.26893770694732666,0.4584641456604004,0.43186837434768677,-0.63640958070755,0.9934072494506836,0.4663015604019165,0.34412187337875366,0.11247171461582184,0.5086802244186401,0.4506129026412964,0.329010933637619,-0.6611299514770508,0.979904294013977,0.46019721031188965,0.3247518241405487,0.06975607573986053,0.5809803009033203,0.4428463280200958,0.3033263087272644,-0.7415710687637329,0.9711201786994934,0.4516967236995697,0.3176611661911011,0.039526596665382385,0.6117916107177734,0.4348156452178955,0.3031303882598877,-0.7250946164131165,0.966790497303009,0.45106425881385803,0.3266112804412842,0.08269352465867996,0.6198586821556091,0.43548816442489624,0.3111450970172882,-0.6579660177230835,0.9461036324501038,0.457488477230072,0.7293115854263306,0.23740322887897491,0.9998551607131958,0.4045634865760803,0.734775185585022,-0.23745551705360413,0.9996349811553955,0.6778835654258728,0.7759959101676941,0.1539503037929535,0.9744016528129578,0.2518039643764496,0.8434721231460571,-0.33088234066963196,0.9996200799942017,0.671173095703125,0.9334549307823181,0.26406118273735046,0.9827284216880798,0.07832172513008118,0.93296217918396,-0.1791260987520218,0.9992407560348511,0.6392940878868103,0.9576615691184998,0.26579749584198,0.954212486743927,0.036265432834625244,0.9479693174362183,-0.1695498824119568,0.9893510937690735,0.7656387090682983,0.9622848629951477,0.1532546579837799,0.977297306060791,0.11526337265968323,0.9736682772636414,-0.34754762053489685,0.9966956377029419
warrior2,00000131.jpg,0.4700976014137268,0.24368926882743835,-0.15750665962696075,0.9999778270721436,0.46139436960220337,0.24773791432380676,-0.13239261507987976,0.999962329864502,0.46193912625312805,0.24847295880317688,-0.13230855762958527,0.9999548196792603,0.462449312210083,0.24910825490951538,-0.13235504925251007,0.9999502897262573,0.45943373441696167,0.24995562434196472,-0.15473459661006927,0.9999802112579346,0.4586423635482788,0.2523147165775299,-0.15476880967617035,0.9999809265136719,0.4577452540397644,0.25467830896377563,-0.15472856163978577,0.9999744892120361,0.4657641053199768,0.2664225697517395,-0.02319761924445629,0.9999496936798096,0.45961427688598633,0.2746305763721466,-0.13113462924957275,0.9999843835830688,0.48261910676956177,0.24989736080169678,-0.11987876147031784,0.9998723268508911,0.47949087619781494,0.25360456109046936,-0.1512872278690338,0.9998847246170044,0.5510905981063843,0.2913661003112793,0.035804446786642075,0.9995180368423462,0.4727395176887512,0.3478269577026367,-0.17269989848136902,0.999821126461029,0.5950544476509094,0.20782703161239624,0.017135104164481163,0.9778196215629578,0.4360818862915039,0.4269406795501709,-0.2802762985229492,0.9488809704780579,0.6483274102210999,0.1193729043006897,-0.05870659276843071,0.9813406467437744,0.44441717863082886,0.42303115129470825,-0.40993189811706543,0.8733257055282593,0.6609463691711426,0.09003442525863647,-0.07462368160486221,0.9462490081787109,0.4451793134212494,0.4174387454986572,-0.4494079351425171,0.791424572467804,0.6586600542068481,0.0866570770740509,-0.09674318134784698,0.9482070803642273,0.44762638211250305,0.4088307321071625,-0.44486188888549805,0.7947096824645996,0.6547054052352905,0.09559091925621033,-0.0775870755314827,0.9620407819747925,0.4488757848739624,0.40705037117004395,-0.4148632287979126,0.7640981674194336,0.5785799026489258,0.5212447643280029,0.062198705971241,0.9999361038208008,0.5096972584724426,0.5259519219398499,-0.06220869719982147,0.9999262094497681,0.7212128639221191,0.5520837306976318,-0.0032508415170013905,0.9990240335464478,0.38367199897766113,0.6113207340240479,-0.11191045492887497,0.9997623562812805,0.7456844449043274,0.6873564720153809,0.26146867871284485,0.99854576587677,0.2596319913864136,0.6960458159446716,0.023788632825016975,0.9996411800384521,0.7323464155197144,0.7058209180831909,0.28205761313438416,0.9934727549552917,0.250008225440979,0.7046017646789551,0.03474649414420128,0.9937697052955627,0.8115924596786499,0.7142096757888794,0.18997405469417572,0.9948893785476685,0.20451271533966064,0.7222545742988586,-0.06749162822961807,0.9984802603721619
warrior2,00000132.jpg,0.47754281759262085,0.17035210132598877,-0.2938688099384308,0.9999551773071289,0.48667025566101074,0.1487584412097931,-0.29379767179489136,0.9996625185012817,0.49032533168792725,0.1479237973690033,-0.293756902217865,0.9996618032455444,0.49447163939476013,0.1468394696712494,-0.2937510907649994,0.9995276927947998,0.48060715198516846,0.1488889753818512,-0.27155742049217224,0.9997691512107849,0.47991716861724854,0.14814066886901855,-0.2716599106788635,0.999760091304779,0.479314923286438,0.14707261323928833,-0.2716448903083801,0.999724805355072,0.5135353207588196,0.15250790119171143,-0.23826690018177032,0.9995245933532715,0.4923359751701355,0.14968004822731018,-0.13144785165786743,0.9996609687805176,0.4855455160140991,0.1940978467464447,-0.27066895365715027,0.999419093132019,0.4775950014591217,0.19206753373146057,-0.23975472152233124,0.9994255304336548,0.567720890045166,0.2751336693763733,-0.1755082756280899,0.9995110034942627,0.4535110592842102,0.25083357095718384,-0.05896423012018204,0.9999390840530396,0.6564608812332153,0.2698625922203064,-0.22221136093139648,0.998143196105957,0.36344826221466064,0.2554638683795929,-0.044059667736291885,0.9914080500602722,0.734688401222229,0.24593201279640198,-0.31663668155670166,0.9890981912612915,0.2803708612918854,0.23506039381027222,-0.18193501234054565,0.9906665682792664,0.7612448930740356,0.24746471643447876,-0.3422026038169861,0.9621860384941101,0.25425270199775696,0.2342505156993866,-0.20820002257823944,0.9674676060676575,0.7636377215385437,0.2375117838382721,-0.37717360258102417,0.9682343602180481,0.25137585401535034,0.23015674948692322,-0.247804656624794,0.9730981588363647,0.7548448443412781,0.23973119258880615,-0.33798542618751526,0.9725058674812317,0.2601786255836487,0.23427307605743408,-0.20655441284179688,0.978789746761322,0.5374668836593628,0.6006455421447754,-0.05394605174660683,0.9969642758369446,0.4660796821117401,0.5811490416526794,0.05386754497885704,0.9996521472930908,0.6239750981330872,0.741257905960083,-0.10663826018571854,0.9963243007659912,0.34539681673049927,0.6284257173538208,-0.1374901831150055,0.9986600875854492,0.7276580333709717,0.8699387907981873,0.03444676473736763,0.9957341551780701,0.3184944987297058,0.8784093856811523,-0.02163093164563179,0.9976045489311218,0.7412514090538025,0.8810837268829346,0.042378976941108704,0.9623183608055115,0.328609824180603,0.9217380285263062,-0.015720123425126076,0.9941270351409912,0.7482311129570007,0.9369641542434692,-0.08967579156160355,0.9864413142204285,0.25262436270713806,0.9122645854949951,-0.11809493601322174,0.9918742775917053
warrior2,00000134.jpg,0.5201946496963501,0.24541246891021729,-0.007704560644924641,0.9999915361404419,0.51278156042099,0.23038357496261597,-0.0007974260370247066,0.9999939203262329,0.5105592012405396,0.22949102520942688,-0.0008355160825885832,0.999993085861206,0.5080873966217041,0.22846060991287231,-0.0007840831531211734,0.9999957084655762,0.5136691331863403,0.23175299167633057,-0.03056040033698082,0.9999955892562866,0.512364387512207,0.23199248313903809,-0.03060109168291092,0.9999939203262329,0.5108243227005005,0.23223018646240234,-0.030675474554300308,0.9999949932098389,0.49041569232940674,0.23528704047203064,0.037161875516176224,0.9999922513961792,0.4952769875526428,0.23883166909217834,-0.10018303245306015,0.9999920129776001,0.5133224129676819,0.2608139216899872,0.00891670398414135,0.999984860420227,0.5140454769134521,0.263348788022995,-0.0300117377191782,0.999985933303833,0.48823902010917664,0.3467453122138977,0.1031234860420227,0.9999047517776489,0.4710787236690521,0.3346186578273773,-0.14344723522663116,0.9999222755432129,0.5163331031799316,0.3641718327999115,0.09515894949436188,0.6897479295730591,0.37515366077423096,0.32694363594055176,-0.17161062359809875,0.987236499786377,0.5297288298606873,0.3814321756362915,-0.04498153179883957,0.7022103667259216,0.3337993919849396,0.34072768688201904,-0.15941117703914642,0.9009816646575928,0.5366314649581909,0.3930971622467041,-0.0710412934422493,0.6449822187423706,0.32198160886764526,0.3428129553794861,-0.1864047646522522,0.8499408960342407,0.527051568031311,0.37851324677467346,-0.09701307117938995,0.6556701064109802,0.3257492184638977,0.3406531512737274,-0.19662995636463165,0.8572592735290527,0.5270649790763855,0.3784295916557312,-0.06154575198888779,0.6551027894020081,0.327980101108551,0.3460674285888672,-0.16479673981666565,0.8446257710456848,0.4599701166152954,0.5924658179283142,0.1211787760257721,0.9996330738067627,0.5015987157821655,0.6006051898002625,-0.12122543901205063,0.9997757077217102,0.3665989637374878,0.7164810299873352,0.16363632678985596,0.9886702299118042,0.6478805541992188,0.6419589519500732,-0.08624996989965439,0.998448371887207,0.2642279863357544,0.8352596163749695,0.19221937656402588,0.987449049949646,0.6615051031112671,0.8419097661972046,-0.011323092505335808,0.9979853630065918,0.24244555830955505,0.8661894798278809,0.19586075842380524,0.9914799928665161,0.647129476070404,0.875330924987793,-0.007232155650854111,0.9933786392211914,0.2541198134422302,0.868072509765625,0.16816674172878265,0.9770467877388,0.7154083251953125,0.866252064704895,-0.04528449475765228,0.9920903444290161
warrior2,00000135.jpg,0.420661598443985,0.33992981910705566,-0.10970526188611984,0.9999420642852783,0.4318302273750305,0.3285898268222809,-0.11930301785469055,0.9998162388801575,0.43513014912605286,0.32882919907569885,-0.11923887580633163,0.9998583793640137,0.438850075006485,0.3290698528289795,-0.11921384930610657,0.9998358488082886,0.42784619331359863,0.3276495337486267,-0.07737690210342407,0.9998119473457336,0.4282956123352051,0.3272116482257843,-0.07741684466600418,0.9998445510864258,0.42897677421569824,0.3268525302410126,-0.07736973464488983,0.9997987151145935,0.4595991373062134,0.3366602957248688,-0.1409270018339157,0.9998315572738647,0.4476590156555176,0.3344108760356903,0.057349976152181625,0.9995896220207214,0.42840224504470825,0.3537483811378479,-0.11895390599966049,0.9996504783630371,0.4228103756904602,0.3534125089645386,-0.06164120137691498,0.9990948438644409,0.5196074843406677,0.41724807024002075,-0.17989179491996765,0.9998501539230347,0.4095616042613983,0.4114869236946106,0.11811530590057373,0.9994906187057495,0.6241706609725952,0.43256303668022156,-0.2612527310848236,0.9988967180252075,0.3221534490585327,0.41321855783462524,0.1882326602935791,0.9668002724647522,0.71954345703125,0.43158677220344543,-0.38007137179374695,0.9954258799552917,0.24430015683174133,0.40396711230278015,0.06228102743625641,0.9830633997917175,0.748401403427124,0.43502992391586304,-0.41818517446517944,0.9857206344604492,0.22127044200897217,0.4069176912307739,0.04116968438029289,0.9596024751663208,0.7526519298553467,0.4337286055088043,-0.45402416586875916,0.9866471290588379,0.21870946884155273,0.4051831066608429,-0.0063324663788080215,0.9655629396438599,0.7404379844665527,0.43460386991500854,-0.401817262172699,0.9854423999786377,0.22767871618270874,0.4053018093109131,0.032128166407346725,0.973115086555481,0.5168105363845825,0.6127997636795044,-0.12063635140657425,0.997530996799469,0.4472895562648773,0.6134490370750427,0.12044599652290344,0.9982141256332397,0.639127254486084,0.7090699672698975,-0.2686944305896759,0.9990737438201904,0.3055574893951416,0.64180988073349,-0.004716804716736078,0.9951651096343994,0.7756766080856323,0.803418755531311,-0.22964832186698914,0.9988300204277039,0.30720311403274536,0.7902818918228149,0.10588913410902023,0.9897311329841614,0.8004475831985474,0.815338671207428,-0.232031911611557,0.982647716999054,0.3281751275062561,0.8132323026657104,0.1106918603181839,0.9882859587669373,0.7762830257415771,0.8426417112350464,-0.41165396571159363,0.9960947632789612,0.24941609799861908,0.8312734365463257,0.032545819878578186,0.9826876521110535
warrior2,00000136.jpg,0.45586758852005005,0.20309755206108093,-0.1913551688194275,0.9999459981918335,0.46673861145973206,0.18374699354171753,-0.1946982592344284,0.9997654557228088,0.47037094831466675,0.18327853083610535,-0.19468675553798676,0.9997957348823547,0.47426173090934753,0.18281227350234985,-0.19472180306911469,0.999707043170929,0.4615119993686676,0.18348416686058044,-0.16678470373153687,0.999815046787262,0.4614967405796051,0.1826905906200409,-0.1668563336133957,0.9998550415039062,0.4615947902202606,0.1818951666355133,-0.16684076189994812,0.9997938275337219,0.4957217276096344,0.1910192370414734,-0.17735232412815094,0.999738872051239,0.47886696457862854,0.18915605545043945,-0.04346408694982529,0.999769389629364,0.4649699032306671,0.22077763080596924,-0.18464624881744385,0.9995555281639099,0.45798489451408386,0.22118723392486572,-0.1457783728837967,0.9993122816085815,0.5621052980422974,0.301644891500473,-0.1481158584356308,0.9992448091506958,0.44322970509529114,0.2977968156337738,-0.008231595158576965,0.9996892213821411,0.6712012887001038,0.29590123891830444,-0.19065268337726593,0.9977741837501526,0.33827871084213257,0.29669538140296936,0.008908509276807308,0.9864441752433777,0.7550323605537415,0.3131212592124939,-0.2911009192466736,0.9828392863273621,0.24241939187049866,0.28523167967796326,-0.13933148980140686,0.9832898378372192,0.7840849161148071,0.3163246214389801,-0.31980976462364197,0.949165403842926,0.21214988827705383,0.28590235114097595,-0.16992007195949554,0.9556080102920532,0.7864264845848083,0.31164637207984924,-0.3560449481010437,0.9553194046020508,0.20952904224395752,0.2818502187728882,-0.21325652301311493,0.9634689092636108,0.7767304182052612,0.31416377425193787,-0.3140394985675812,0.9598591923713684,0.22011056542396545,0.2840930223464966,-0.1676415354013443,0.9722391963005066,0.552787184715271,0.5850695967674255,-0.0691315308213234,0.9940442442893982,0.47273385524749756,0.5782162547111511,0.0689898282289505,0.9983952641487122,0.6723405718803406,0.7032597064971924,-0.14755839109420776,0.9985151886940002,0.327653169631958,0.6063750386238098,-0.10024658590555191,0.9981144666671753,0.7853279113769531,0.8418283462524414,-0.007875509560108185,0.9981716871261597,0.3279411792755127,0.8306965827941895,0.036903660744428635,0.9966124892234802,0.7936956882476807,0.8565070629119873,0.0007719792192801833,0.9829052686691284,0.3447105586528778,0.8690570592880249,0.04504992812871933,0.9950423240661621,0.8104957342147827,0.8912146091461182,-0.13348746299743652,0.9931061863899231,0.2580990195274353,0.8714953660964966,-0.03611212968826294,0.9896888732910156
warrior2,00000138.jpg,0.5081713199615479,0.3274228572845459,-0.044666439294815063,0.9998670816421509,0.49102598428726196,0.32853829860687256,-0.019071068614721298,0.9999136924743652,0.48990458250045776,0.33015376329421997,-0.01920967549085617,0.9999414682388306,0.4888722002506256,0.331857830286026,-0.01916246861219406,0.9999517202377319,0.49062418937683105,0.32956627011299133,-0.07085645198822021,0.9999271631240845,0.4891127645969391,0.3318532705307007,-0.07075117528438568,0.999947190284729,0.4875950515270233,0.3342664837837219,-0.07070893049240112,0.9999319314956665,0.4805149734020233,0.35755082964897156,0.07678340375423431,0.9999521970748901,0.4805392026901245,0.3577367663383484,-0.15477287769317627,0.9999028444290161,0.5154269933700562,0.3416692316532135,-0.0063881464302539825,0.9996620416641235,0.5143601894378662,0.3426710069179535,-0.07348402589559555,0.9993521571159363,0.49162882566452026,0.4269487261772156,0.17329515516757965,0.9970259070396423,0.5168190002441406,0.42043226957321167,-0.28116387128829956,0.9988309741020203,0.5292476415634155,0.3137625455856323,0.17922715842723846,0.25794145464897156,0.5457643270492554,0.30326998233795166,-0.42647308111190796,0.9799342751502991,0.5260953307151794,0.21308013796806335,0.006429922301322222,0.31030288338661194,0.5290775895118713,0.19464221596717834,-0.39905112981796265,0.8878008127212524,0.5177526473999023,0.1855563223361969,-0.029349830001592636,0.35510745644569397,0.5255345702171326,0.16773787140846252,-0.45409396290779114,0.8686673641204834,0.5117028951644897,0.18476086854934692,-0.05400485917925835,0.3538662791252136,0.5149662494659424,0.17020562291145325,-0.4505517780780792,0.8418716788291931,0.5130138397216797,0.19274434447288513,-0.014757921919226646,0.3586122691631317,0.5141242146492004,0.17984896898269653,-0.3982473313808441,0.8126921653747559,0.4820064604282379,0.6537207961082458,0.16538852453231812,0.999803364276886,0.5290408134460449,0.6600804328918457,-0.16548079252243042,0.9998874664306641,0.35004597902297974,0.7486070394515991,0.19555974006652832,0.9941839575767517,0.6972869634628296,0.6619661450386047,-0.16229313611984253,0.9996076226234436,0.21046578884124756,0.8368409872055054,0.24868670105934143,0.9856517314910889,0.7177783250808716,0.8489433526992798,-0.05765456706285477,0.9976251721382141,0.18738287687301636,0.8470434546470642,0.25554031133651733,0.9795214533805847,0.7022562026977539,0.8781874179840088,-0.04845185577869415,0.9943720102310181,0.20118212699890137,0.8649083971977234,0.2135995775461197,0.982071578502655,0.7911209464073181,0.8777798414230347,-0.11077377945184708,0.9938375353813171
warrior2,00000139.jpg,0.45764705538749695,0.220816969871521,-0.17030352354049683,0.9999483823776245,0.4637751579284668,0.2077764868736267,-0.17300277948379517,0.999896764755249,0.46517956256866455,0.20727941393852234,-0.17305080592632294,0.9999141693115234,0.46935316920280457,0.2065829038619995,-0.17322967946529388,0.9998995065689087,0.4620128870010376,0.20845302939414978,-0.1567908227443695,0.999866247177124,0.4597569704055786,0.2084711790084839,-0.15676787495613098,0.9998594522476196,0.45962634682655334,0.20839402079582214,-0.15673178434371948,0.9997972846031189,0.4815572500228882,0.2089325487613678,-0.1449257880449295,0.9999192953109741,0.4713258743286133,0.2139340341091156,-0.07294982671737671,0.9999003410339355,0.4684956669807434,0.23525094985961914,-0.15508325397968292,0.999779999256134,0.4631175398826599,0.23619180917739868,-0.13391588628292084,0.9995390176773071,0.5360944271087646,0.28712159395217896,-0.12397581338882446,0.9998273253440857,0.44183072447776794,0.30105453729629517,-0.031430210918188095,0.9996397495269775,0.6310074925422668,0.28596529364585876,-0.16472618281841278,0.9930250644683838,0.3453892469406128,0.278382271528244,-0.04775597155094147,0.9157944917678833,0.725735604763031,0.2839619815349579,-0.24091388285160065,0.9313674569129944,0.2582157552242279,0.2703990340232849,-0.12258563935756683,0.6677209734916687,0.7513293027877808,0.27914679050445557,-0.2567949593067169,0.8620862364768982,0.23608356714248657,0.2661093473434448,-0.13456816971302032,0.5818077921867371,0.7487170696258545,0.27272626757621765,-0.2953771650791168,0.8723385334014893,0.23799505829811096,0.2647820711135864,-0.16150857508182526,0.6262493133544922,0.7391659021377563,0.2808762788772583,-0.2624756097793579,0.9018083810806274,0.24318712949752808,0.27292439341545105,-0.14023807644844055,0.7456283569335938,0.5229267477989197,0.5497629642486572,-0.0467112697660923,0.9879343509674072,0.516489565372467,0.5455271601676941,0.04650427773594856,0.9936908483505249,0.3759782016277313,0.6765874624252319,-0.10521037876605988,0.9814901947975159,0.6047161221504211,0.6493873596191406,0.05073199048638344,0.8442459106445312,0.3546810746192932,0.8861019015312195,-0.10743413120508194,0.9665455222129822,0.7090608477592468,0.8016968965530396,0.04487363621592522,0.896389365196228,0.3904460668563843,0.9443746209144592,-0.10537245124578476,0.9892260432243347,0.7275579571723938,0.8279895782470703,0.04221209138631821,0.9447010159492493,0.35441136360168457,0.937604546546936,-0.16239696741104126,0.9534605741500854,0.7211661338806152,0.8305251598358154,-0.0182177871465683,0.7223031520843506
warrior2,00000140.jpg,0.5433342456817627,0.40758389234542847,-0.2097371369600296,0.9999912977218628,0.5371755957603455,0.3956741988658905,-0.18306726217269897,0.9999755620956421,0.5364687442779541,0.3953934907913208,-0.1831071823835373,0.9999749660491943,0.5355000495910645,0.39518943428993225,-0.1831815093755722,0.9999668598175049,0.5331177711486816,0.3959144055843353,-0.21599382162094116,0.9999791383743286,0.5298231840133667,0.3958926200866699,-0.21604064106941223,0.9999775886535645,0.5261719226837158,0.3959598243236542,-0.21594958007335663,0.9999626874923706,0.5206138491630554,0.39988794922828674,-0.06248172000050545,0.9999691247940063,0.5060877203941345,0.4023565351963043,-0.2146614044904709,0.9999722242355347,0.5384652614593506,0.4206319749355316,-0.16644743084907532,0.9999269247055054,0.5338332653045654,0.42246848344802856,-0.21030043065547943,0.9999332427978516,0.5574407577514648,0.4686395823955536,-0.01624475233256817,0.9999419450759888,0.4415317475795746,0.47120001912117004,-0.21334980428218842,0.9998853206634521,0.648189902305603,0.47046375274658203,-0.008432475849986076,0.9970191717147827,0.3494914174079895,0.4745062589645386,-0.2842628061771393,0.9984651803970337,0.7226981520652771,0.4721067547798157,-0.1280127316713333,0.9978113770484924,0.26585596799850464,0.4690653085708618,-0.37381690740585327,0.9970917701721191,0.7496640086174011,0.47440317273139954,-0.1519058793783188,0.9908220767974854,0.23602935671806335,0.4682229459285736,-0.4068623483181,0.990617573261261,0.7528190612792969,0.471828818321228,-0.1948363184928894,0.9927162528038025,0.23464101552963257,0.46562862396240234,-0.4357033967971802,0.9917207956314087,0.7433337569236755,0.47146689891815186,-0.15553195774555206,0.9939267039299011,0.24410098791122437,0.4671149253845215,-0.3928157389163971,0.9901319742202759,0.547987163066864,0.6428908705711365,0.04713541641831398,0.9995304346084595,0.47650253772735596,0.6492449641227722,-0.047044429928064346,0.9994356036186218,0.6673467755317688,0.6467111110687256,-0.13467830419540405,0.9993057250976562,0.3630676567554474,0.7165967226028442,-0.1451716125011444,0.9998094439506531,0.6885240077972412,0.7809029817581177,0.0017921325052157044,0.9987707734107971,0.26087602972984314,0.7872617244720459,-0.0732099711894989,0.9997969269752502,0.6741867661476135,0.803026020526886,0.009025812149047852,0.9960770010948181,0.24523571133613586,0.7977601289749146,-0.07342381775379181,0.9946879148483276,0.7483536601066589,0.8081583976745605,-0.08747828751802444,0.9975427389144897,0.2245217263698578,0.815147876739502,-0.19672340154647827,0.9987548589706421
warrior2,00000141.jpg,0.5395917892456055,0.12504160404205322,-0.16605079174041748,0.9999810457229614,0.5506919026374817,0.10169091820716858,-0.16361327469348907,0.9999057054519653,0.5551303029060364,0.10102671384811401,-0.16360554099082947,0.9999145269393921,0.5596773624420166,0.10054326057434082,-0.16364611685276031,0.9998990297317505,0.5436359643936157,0.10189998149871826,-0.13970321416854858,0.9999216794967651,0.5428869128227234,0.10118159651756287,-0.13977442681789398,0.9999241828918457,0.5423039197921753,0.10019665956497192,-0.13975442945957184,0.9999034404754639,0.5796746015548706,0.10972860455513,-0.12810835242271423,0.9998935461044312,0.5582573413848877,0.10785254836082458,-0.01122476626187563,0.9998487234115601,0.5487051606178284,0.14747974276542664,-0.1528584361076355,0.9997749924659729,0.5408927202224731,0.14659327268600464,-0.11913219839334488,0.9996377229690552,0.6413971781730652,0.23250192403793335,-0.1244736909866333,0.9996681213378906,0.5246960520744324,0.22966217994689941,0.023664848878979683,0.9996869564056396,0.7548246383666992,0.22601211071014404,-0.1975421905517578,0.9986409544944763,0.41978734731674194,0.1991868019104004,0.026783695444464684,0.9743631482124329,0.8549720048904419,0.21069982647895813,-0.3011639416217804,0.9895597696304321,0.3271912634372711,0.1681949496269226,-0.10696457326412201,0.9657102227210999,0.8847455978393555,0.21208077669143677,-0.3253355026245117,0.9682819247245789,0.2952180504798889,0.16100150346755981,-0.1373954862356186,0.9151062369346619,0.8891041874885559,0.20476526021957397,-0.3660883903503418,0.9721938967704773,0.29978829622268677,0.15500494837760925,-0.17508018016815186,0.9275021553039551,0.8758784532546997,0.20732375979423523,-0.32529979944229126,0.9761666655540466,0.3074704706668854,0.1606374979019165,-0.13367332518100739,0.9481310844421387,0.6261705160140991,0.5863054990768433,-0.07164853811264038,0.9981663823127747,0.5521892309188843,0.5815853476524353,0.07142277806997299,0.999535083770752,0.7402670383453369,0.7410737872123718,-0.1546975076198578,0.9973952770233154,0.4024481773376465,0.6489807963371277,-0.07969840615987778,0.9965876340866089,0.8580530881881714,0.9059953689575195,-0.04709186404943466,0.9962718486785889,0.36617302894592285,0.9062789082527161,0.03415477275848389,0.9955256581306458,0.8742952942848206,0.9151406288146973,-0.040268801152706146,0.9584596157073975,0.3805188238620758,0.9461847543716431,0.040387172251939774,0.9918920993804932,0.862453818321228,0.9633781909942627,-0.1758226603269577,0.9888389110565186,0.300152063369751,0.9562315940856934,-0.046662915498018265,0.9845346212387085
warrior2,00000142.jpg,0.5370988249778748,0.1864892542362213,0.3703495264053345,0.9995231628417969,0.5303321480751038,0.1689690351486206,0.3395528793334961,0.9997288584709167,0.5235998034477234,0.16856825351715088,0.3394671380519867,0.9996427297592163,0.5137478113174438,0.16736701130867004,0.3395566940307617,0.9997708201408386,0.5452118515968323,0.16812515258789062,0.31927019357681274,0.999866247177124,0.5482012629508972,0.16788214445114136,0.31937435269355774,0.9998369216918945,0.5508512258529663,0.16784954071044922,0.31920456886291504,0.9998898506164551,0.5053653717041016,0.17588040232658386,0.22415325045585632,0.999630331993103,0.5478693246841431,0.1773795187473297,0.13159862160682678,0.9998302459716797,0.5278429388999939,0.20338857173919678,0.3368717432022095,0.9988818764686584,0.5418438911437988,0.20548483729362488,0.3104119300842285,0.9990593791007996,0.43107354640960693,0.2927100360393524,0.2080959975719452,0.9996310472488403,0.5869337916374207,0.29076826572418213,-0.02150552161037922,0.9999103546142578,0.3132149577140808,0.2947789430618286,0.21079325675964355,0.9984662532806396,0.718163251876831,0.2941274344921112,-0.0679299458861351,0.9996119141578674,0.19230160117149353,0.28372523188591003,0.17529690265655518,0.9899985194206238,0.8458822965621948,0.2782278060913086,-0.0227948185056448,0.9810607433319092,0.16337361931800842,0.28514060378074646,0.13942508399486542,0.9759761691093445,0.8779782056808472,0.2859201729297638,-0.06268425285816193,0.9397174715995789,0.1623796820640564,0.27703288197517395,0.15456153452396393,0.9728338122367859,0.8806137442588806,0.28034862875938416,-0.038642264902591705,0.9305256009101868,0.1737115979194641,0.27678364515304565,0.17966772615909576,0.9450039267539978,0.8670358657836914,0.27662423253059387,-0.010811065323650837,0.8882947564125061,0.4549552798271179,0.59046870470047,0.09366403520107269,0.9996259212493896,0.5451623201370239,0.5924121737480164,-0.09460047632455826,0.9997555613517761,0.29754379391670227,0.7220673561096191,0.22619259357452393,0.9789431691169739,0.7308408617973328,0.6377005577087402,0.02017141692340374,0.9913967251777649,0.15466701984405518,0.833153486251831,0.3392770290374756,0.9819552302360535,0.7226290106773376,0.8621308207511902,0.20750555396080017,0.9894366264343262,0.125679612159729,0.8751630187034607,0.35319340229034424,0.9743446111679077,0.6975631713867188,0.9032777547836304,0.2281884402036667,0.98521888256073,0.11641603708267212,0.8207384347915649,0.3211466073989868,0.9120404720306396,0.7831077575683594,0.8967493772506714,0.22671104967594147,0.9551291465759277
warrior2,00000143.jpg,0.2708229124546051,0.16120591759681702,-0.13769032061100006,0.9999268054962158,0.2669641971588135,0.1402212381362915,-0.113754041492939,0.999830961227417,0.26727941632270813,0.14009273052215576,-0.11379958689212799,0.9998487234115601,0.2673787474632263,0.1402120292186737,-0.11389219760894775,0.9998251795768738,0.26142001152038574,0.13986942172050476,-0.1350918710231781,0.9998483657836914,0.2581193149089813,0.13974732160568237,-0.1351456195116043,0.9998359680175781,0.2546837031841278,0.14039969444274902,-0.13512200117111206,0.999737560749054,0.25466784834861755,0.1512274146080017,-0.012424880638718605,0.9998317956924438,0.23572102189064026,0.1531059443950653,-0.11212684214115143,0.9997368454933167,0.270033597946167,0.18420523405075073,-0.10194170475006104,0.999366819858551,0.26308298110961914,0.18724963068962097,-0.13078778982162476,0.9993380904197693,0.29155439138412476,0.2694903314113617,0.015422841534018517,0.9997323155403137,0.17814835906028748,0.2613862156867981,-0.11025860905647278,0.9990215301513672,0.37844061851501465,0.2517833113670349,0.01640075072646141,0.9960927367210388,0.09244762361049652,0.25868645310401917,-0.1577139049768448,0.9949420094490051,0.45187047123908997,0.23965919017791748,-0.07721889764070511,0.9972113966941833,0.01841960847377777,0.2617247402667999,-0.22526901960372925,0.9862660765647888,0.4784170687198639,0.2380613088607788,-0.09883955121040344,0.9875779747962952,-0.006913378834724426,0.25766441226005554,-0.24624131619930267,0.9558444023132324,0.48030441999435425,0.23581427335739136,-0.13278770446777344,0.9898355603218079,-0.004714831709861755,0.2574716806411743,-0.2729416787624359,0.9604288935661316,0.4703984260559082,0.2409687340259552,-0.09949769079685211,0.9908725619316101,0.003883451223373413,0.26197320222854614,-0.2421276569366455,0.9578993320465088,0.26230305433273315,0.6030439138412476,0.03315227851271629,0.9986864924430847,0.1875593364238739,0.5960099101066589,-0.033035047352313995,0.998161256313324,0.3907564878463745,0.6780275106430054,-0.13191285729408264,0.9961771965026855,0.10181358456611633,0.7610529065132141,-0.1277686506509781,0.9981411695480347,0.3835051655769348,0.9245235919952393,0.011123530566692352,0.9877926707267761,0.013855904340744019,0.9253324270248413,-0.03990267589688301,0.9973811507225037,0.36750245094299316,0.9526277780532837,0.01854689233005047,0.9676844477653503,0.011649295687675476,0.9474607706069946,-0.03828660026192665,0.953069806098938,0.4314824938774109,0.9761710166931152,-0.07363297045230865,0.9754649996757507,-0.007997751235961914,0.9688438773155212,-0.1601310521364212,0.9886287450790405
warrior2,00000147.jpg,0.4571700692176819,0.21829888224601746,-0.14394144713878632,0.999992847442627,0.46714702248573303,0.19928091764450073,-0.1469651609659195,0.9999635219573975,0.47110608220100403,0.1985538899898529,-0.14689555764198303,0.9999690055847168,0.475506991147995,0.19786816835403442,-0.14685116708278656,0.99996018409729,0.46126294136047363,0.19912534952163696,-0.11541098356246948,0.9999712705612183,0.4609242081642151,0.19813105463981628,-0.11550045013427734,0.9999771118164062,0.4607201814651489,0.1971636712551117,-0.11546967923641205,0.9999723434448242,0.49780410528182983,0.20573899149894714,-0.13366934657096863,0.9999563694000244,0.4780760407447815,0.2026137113571167,0.017199411988258362,0.9999569654464722,0.46627455949783325,0.23575252294540405,-0.13950400054454803,0.9999076128005981,0.45834633708000183,0.2371983528137207,-0.09581740945577621,0.9998692274093628,0.564277172088623,0.31532153487205505,-0.13608860969543457,0.9998295307159424,0.4405035972595215,0.31048616766929626,0.06077664718031883,0.9998656511306763,0.6704351902008057,0.3012475371360779,-0.19496764242649078,0.9990354776382446,0.3366781771183014,0.31140539050102234,0.0896303728222847,0.9914700388908386,0.7580578327178955,0.30209487676620483,-0.3037653863430023,0.9940074682235718,0.24679097533226013,0.30110615491867065,-0.05868624150753021,0.9908620119094849,0.7863381505012512,0.29974934458732605,-0.33748170733451843,0.9788792133331299,0.21477246284484863,0.30358412861824036,-0.0899798721075058,0.9695309996604919,0.7885783910751343,0.29512253403663635,-0.3780759871006012,0.9811525344848633,0.2143975794315338,0.29930776357650757,-0.13245850801467896,0.9749264121055603,0.7787479162216187,0.29819029569625854,-0.329058974981308,0.9830154776573181,0.22310680150985718,0.3012697696685791,-0.0873638242483139,0.9814224243164062,0.5601380467414856,0.6098178625106812,-0.09129764139652252,0.9982457160949707,0.48225489258766174,0.612650454044342,0.09118297696113586,0.9994887113571167,0.6570461988449097,0.7706746459007263,-0.16137206554412842,0.9986920952796936,0.34475040435791016,0.6893609166145325,-0.07174543291330338,0.9976244568824768,0.7693698406219482,0.9170483350753784,-0.04337858408689499,0.9974786639213562,0.3111134469509125,0.9153394103050232,0.018016483634710312,0.995623767375946,0.7796350717544556,0.9356357455253601,-0.038103338330984116,0.9494536519050598,0.32309335470199585,0.9479657411575317,0.020326416939496994,0.9899935126304626,0.7654461860656738,0.9603942036628723,-0.19802232086658478,0.9927102327346802,0.24261584877967834,0.9461833238601685,-0.07900907844305038,0.9892003536224365
warrior2,00000148.jpg,0.4365793466567993,0.13083380460739136,-0.27359989285469055,0.9999107122421265,0.4526141285896301,0.11605340242385864,-0.2687656283378601,0.9993317723274231,0.4575629234313965,0.11713063716888428,-0.26866039633750916,0.9995627999305725,0.4637966752052307,0.11825394630432129,-0.2685788571834564,0.9992528557777405,0.4452485144138336,0.11399617791175842,-0.2315320521593094,0.9994515776634216,0.4451861083507538,0.11373281478881836,-0.2316436767578125,0.9996370077133179,0.4452361464500427,0.11341160535812378,-0.23164726793766022,0.9994144439697266,0.4936330318450928,0.1344691514968872,-0.23252983391284943,0.9992923736572266,0.4644351899623871,0.1307688057422638,-0.0523555688560009,0.9992581009864807,0.44852590560913086,0.15574562549591064,-0.2632315456867218,0.9987314343452454,0.4382370710372925,0.15232789516448975,-0.21117472648620605,0.9980965256690979,0.5736504197120667,0.2609531283378601,-0.23971985280513763,0.999333918094635,0.39517107605934143,0.25571176409721375,0.0023533073253929615,0.9995859265327454,0.7136644124984741,0.24078598618507385,-0.34002748131752014,0.9984123706817627,0.2688450813293457,0.24532383680343628,0.020243948325514793,0.9835042953491211,0.8457028865814209,0.2128095030784607,-0.4799969494342804,0.9909995198249817,0.14343273639678955,0.21899855136871338,-0.17895109951496124,0.9861522912979126,0.8873448967933655,0.21169275045394897,-0.5259829759597778,0.9708011150360107,0.09898504614830017,0.216151624917984,-0.2200596034526825,0.9614459276199341,0.8935872316360474,0.20196962356567383,-0.5781422853469849,0.9740880727767944,0.0960671603679657,0.21277210116386414,-0.2780064046382904,0.9675132632255554,0.878118634223938,0.2059786319732666,-0.5162851810455322,0.9782326221466064,0.1077139675617218,0.2175690233707428,-0.21893082559108734,0.9755861759185791,0.5623833537101746,0.6001319885253906,-0.11956239491701126,0.995331346988678,0.45253986120224,0.5906839370727539,0.11945629864931107,0.9987174272537231,0.7168840169906616,0.7454466819763184,-0.24665120244026184,0.9987803101539612,0.2504885196685791,0.6179652810096741,-0.13569533824920654,0.9983643889427185,0.883220911026001,0.8798571825027466,-0.09961920231580734,0.9984124898910522,0.2692413032054901,0.865276038646698,0.08220170438289642,0.9964239001274109,0.9081281423568726,0.8941053152084351,-0.09459485858678818,0.9761117696762085,0.2956143617630005,0.9093618392944336,0.09377972781658173,0.9947080612182617,0.8919378519058228,0.9463857412338257,-0.3290221095085144,0.9963428378105164,0.16993844509124756,0.9086011648178101,-0.03924085572361946,0.9930714964866638
warrior2,00000149.jpg,0.3969351351261139,0.3981402814388275,-0.4188452959060669,0.9999529123306274,0.4049627482891083,0.3847164809703827,-0.4089006185531616,0.9998096823692322,0.4115344285964966,0.3835657238960266,-0.40889307856559753,0.9998296499252319,0.41883742809295654,0.3823342025279999,-0.40893232822418213,0.9997870326042175,0.3916587233543396,0.38594087958335876,-0.38266825675964355,0.9997896552085876,0.3883981704711914,0.38588011264801025,-0.3827705979347229,0.9997913241386414,0.38522273302078247,0.3858725130558014,-0.3827304542064667,0.9997171759605408,0.4381162226200104,0.38273996114730835,-0.30403393507003784,0.9998360872268677,0.394304484128952,0.38784947991371155,-0.1729143112897873,0.999526858329773,0.4135828912258148,0.40913131833076477,-0.37850186228752136,0.9998019337654114,0.3960053026676178,0.41185322403907776,-0.34066593647003174,0.9996069073677063,0.5363160967826843,0.4453039765357971,-0.249095156788826,0.9998002648353577,0.36407670378685,0.4586105942726135,-0.0421476885676384,0.9993211030960083,0.6744910478591919,0.4590873718261719,-0.29927951097488403,0.9988803267478943,0.24962005019187927,0.4759732186794281,-0.0019241487607359886,0.9895971417427063,0.8046815991401672,0.4514926075935364,-0.5009006261825562,0.991947591304779,0.13020259141921997,0.4575563669204712,-0.20237430930137634,0.987572431564331,0.843748152256012,0.44724124670028687,-0.5455286502838135,0.9706768989562988,0.09234195947647095,0.4571692943572998,-0.2468913197517395,0.956169068813324,0.8463126420974731,0.44059139490127563,-0.6064503788948059,0.9764910340309143,0.09146332740783691,0.45196107029914856,-0.3000137209892273,0.9625609517097473,0.8308101892471313,0.4432506561279297,-0.5362319946289062,0.9798499345779419,0.10500383377075195,0.453307181596756,-0.238152876496315,0.969346821308136,0.5367192029953003,0.6473441123962402,-0.10210148245096207,0.9973838925361633,0.4297388195991516,0.6450249552726746,0.10188017785549164,0.9979726672172546,0.6897976398468018,0.7468389272689819,-0.23279981315135956,0.9989284873008728,0.25628337264060974,0.6884381175041199,-0.14465630054473877,0.9973880648612976,0.822301983833313,0.8480415344238281,-0.014739696867763996,0.9973375201225281,0.26072901487350464,0.8298842906951904,0.05696608126163483,0.9918131828308105,0.8366342782974243,0.8556420207023621,-0.0034530453849583864,0.9280145168304443,0.2779800295829773,0.8489376306533813,0.0684954971075058,0.9799322485923767,0.8262425065040588,0.9032019972801208,-0.24408294260501862,0.9843005537986755,0.18048441410064697,0.8545582890510559,-0.0754963681101799,0.9781606793403625
warrior2,00000150.jpg,0.5462759733200073,0.3907477557659149,-0.7800899147987366,0.9999969005584717,0.5542517900466919,0.37947285175323486,-0.7501762509346008,0.9999909400939941,0.5586939454078674,0.3794092535972595,-0.7502350211143494,0.9999899864196777,0.5628077983856201,0.3793375492095947,-0.750460684299469,0.9999886751174927,0.5385085344314575,0.37832725048065186,-0.7606757283210754,0.9999890327453613,0.5319392681121826,0.3776777982711792,-0.7608674168586731,0.9999868869781494,0.5256521105766296,0.37720170617103577,-0.7608067989349365,0.9999834299087524,0.5679753422737122,0.38061434030532837,-0.5115372538566589,0.9999864101409912,0.5129728317260742,0.37623322010040283,-0.5606251358985901,0.9999796152114868,0.5537285804748535,0.40054482221603394,-0.6854934692382812,0.9999771118164062,0.5323184728622437,0.399954229593277,-0.6998804211616516,0.9999784231185913,0.5983522534370422,0.42760545015335083,-0.31566405296325684,0.9999806880950928,0.4564652144908905,0.41996490955352783,-0.4061610996723175,0.9999269247055054,0.7175087928771973,0.41991183161735535,-0.31301644444465637,0.998852014541626,0.3420601487159729,0.41778305172920227,-0.43871256709098816,0.9984925985336304,0.8191407322883606,0.41516202688217163,-0.5031521916389465,0.9979396462440491,0.22263190150260925,0.408524751663208,-0.6383626461029053,0.9922813773155212,0.8536739349365234,0.4154112935066223,-0.5573721528053284,0.9907005429267883,0.1901634931564331,0.40600308775901794,-0.686484694480896,0.9741120934486389,0.8567072153091431,0.4133235216140747,-0.6169085502624512,0.9924271702766418,0.18929535150527954,0.4030187726020813,-0.7564592361450195,0.9789518713951111,0.8422006368637085,0.4139345586299896,-0.5388467907905579,0.9925124645233154,0.1997157633304596,0.4051603376865387,-0.6757814288139343,0.9762147068977356,0.5443955063819885,0.5917103290557861,0.02929096668958664,0.9998962879180908,0.4537123441696167,0.5917914509773254,-0.02913277968764305,0.9997648596763611,0.6911036372184753,0.6368878483772278,-0.2807784080505371,0.9983206391334534,0.348858118057251,0.6727323532104492,-0.06336259841918945,0.9975211024284363,0.7018702626228333,0.7517014741897583,0.030065903440117836,0.9961202144622803,0.23750796914100647,0.7510515451431274,0.2671014070510864,0.9970746040344238,0.6849066019058228,0.7658547759056091,0.053376924246549606,0.9900060296058655,0.220173180103302,0.7647864818572998,0.2918563187122345,0.9448874592781067,0.7546298503875732,0.7799695730209351,-0.11805525422096252,0.9928143620491028,0.2133677899837494,0.7798149585723877,0.09891055524349213,0.9880311489105225
warrior2,00000153.jpg,0.445300817489624,0.34764063358306885,-0.14765171706676483,0.9998055100440979,0.45681965351104736,0.33432653546333313,-0.145124614238739,0.9989804625511169,0.46001139283180237,0.33405160903930664,-0.14515365660190582,0.9991532564163208,0.46284550428390503,0.3339240252971649,-0.14520476758480072,0.9988910555839539,0.45378848910331726,0.33416810631752014,-0.12771975994110107,0.9993084669113159,0.45451217889785767,0.3338019847869873,-0.12780384719371796,0.9994171857833862,0.45536619424819946,0.3333638608455658,-0.12786610424518585,0.9992029070854187,0.4816976487636566,0.34013631939888,-0.11732035875320435,0.998448371887207,0.47073179483413696,0.3398238718509674,-0.03586631268262863,0.9992910623550415,0.4515499472618103,0.3616796135902405,-0.13800466060638428,0.9961785078048706,0.44766685366630554,0.36265435814857483,-0.11418327689170837,0.9955956339836121,0.5420553684234619,0.4221913814544678,-0.08228036761283875,0.9916959404945374,0.4379156529903412,0.4230732023715973,-0.03304269537329674,0.9982998967170715,0.6305873394012451,0.42729705572128296,-0.12576445937156677,0.9797986745834351,0.3504830002784729,0.4197637438774109,-0.04110241308808327,0.917121410369873,0.7109115719795227,0.42545104026794434,-0.19468842446804047,0.94544517993927,0.2897295355796814,0.4117269515991211,-0.1369793713092804,0.9049370288848877,0.7352914810180664,0.4241063594818115,-0.20538027584552765,0.8731536269187927,0.2714194655418396,0.4112808108329773,-0.1542472392320633,0.8166987895965576,0.7360923290252686,0.4219404458999634,-0.23843339085578918,0.8892312049865723,0.27194944024086,0.40805116295814514,-0.18185298144817352,0.8431617617607117,0.7305273413658142,0.4230242669582367,-0.21429558098316193,0.9072681069374084,0.2787874937057495,0.4100779592990875,-0.15577824413776398,0.8738768100738525,0.5188935399055481,0.6361250281333923,-0.024647409096360207,0.9797077775001526,0.45979803800582886,0.6324930191040039,0.024549948051571846,0.99741131067276,0.6186531782150269,0.6822031736373901,-0.09936683624982834,0.9859141111373901,0.3442303240299225,0.6159802079200745,-0.13412266969680786,0.9974162578582764,0.7021651268005371,0.7673095464706421,0.003994739148765802,0.9875060319900513,0.3321290612220764,0.757863461971283,-0.0009770123288035393,0.9947332143783569,0.711178719997406,0.7870853543281555,0.009027687832713127,0.965684175491333,0.3454669117927551,0.781373143196106,0.008196665905416012,0.9863556027412415,0.710976243019104,0.7844484448432922,-0.09503692388534546,0.9747515916824341,0.2798113226890564,0.7910923957824707,-0.06441878527402878,0.9803413152694702
warrior2,00000155.jpg,0.5461615324020386,0.43096795678138733,-0.12552668154239655,0.9999654293060303,0.5406116843223572,0.418751984834671,-0.1077534630894661,0.9999282360076904,0.5399237275123596,0.4184860289096832,-0.10780031234025955,0.999934196472168,0.5390440821647644,0.41834041476249695,-0.10786877572536469,0.9999103546142578,0.5389384031295776,0.4196399450302124,-0.13134776055812836,0.9999411106109619,0.5370928049087524,0.42003440856933594,-0.13139210641384125,0.9999393224716187,0.5349353551864624,0.42057645320892334,-0.131369486451149,0.9998953342437744,0.528258740901947,0.4267425239086151,-0.030217573046684265,0.9999122619628906,0.5221825838088989,0.4296194911003113,-0.14021816849708557,0.9999475479125977,0.5437501072883606,0.44480881094932556,-0.09800594300031662,0.9996939897537231,0.5409374237060547,0.4464740455150604,-0.12978951632976532,0.9997919201850891,0.5505393743515015,0.4956051707267761,-0.0006495057605206966,0.999854326248169,0.48619911074638367,0.5049129128456116,-0.1456364393234253,0.9997050166130066,0.6145384311676025,0.47449392080307007,-0.005808048415929079,0.9939109086990356,0.41600605845451355,0.506032407283783,-0.18842026591300964,0.9934287667274475,0.6696867942810059,0.45059144496917725,-0.0746261328458786,0.995488703250885,0.354581743478775,0.520928144454956,-0.232436865568161,0.981734037399292,0.6866447925567627,0.4412028193473816,-0.08721804618835449,0.9825947880744934,0.33552733063697815,0.5266133546829224,-0.24791958928108215,0.9558250904083252,0.6881312131881714,0.43859919905662537,-0.1146942675113678,0.9857584238052368,0.33405500650405884,0.526903510093689,-0.26876455545425415,0.9605470299720764,0.6835216283798218,0.4427436292171478,-0.09242421388626099,0.9885314702987671,0.33958083391189575,0.5265963077545166,-0.24472078680992126,0.9572991728782654,0.5370314121246338,0.7001991868019104,0.042841870337724686,0.9989843964576721,0.4944656789302826,0.7000122666358948,-0.04283949360251427,0.9984075427055359,0.6288789510726929,0.7031257748603821,-0.04109986498951912,0.9974453449249268,0.42565691471099854,0.7963590621948242,-0.09104002267122269,0.999481737613678,0.6464030146598816,0.866136372089386,-0.00995524600148201,0.9967723488807678,0.34975069761276245,0.8693889379501343,-0.060766346752643585,0.9991787075996399,0.6387204527854919,0.895602822303772,-0.011501575820147991,0.9908453822135925,0.341365247964859,0.8754659295082092,-0.06170009821653366,0.9783961176872253,0.6885941028594971,0.8897573947906494,-0.073060043156147,0.9930586814880371,0.33641043305397034,0.9051170349121094,-0.13992197811603546,0.995444655418396
warrior2,00000156.jpg,0.7199253439903259,0.3495067358016968,-0.12789788842201233,0.9999929666519165,0.7157544493675232,0.3358103334903717,-0.10486239194869995,0.9999798536300659,0.7154754996299744,0.3354165852069855,-0.10491898655891418,0.9999823570251465,0.7149525284767151,0.3350726366043091,-0.10499469935894012,0.9999773502349854,0.7121657133102417,0.3360384404659271,-0.134858176112175,0.999982476234436,0.7091237902641296,0.3358817398548126,-0.13490135967731476,0.9999829530715942,0.7062628269195557,0.3359717130661011,-0.13484933972358704,0.9999697208404541,0.7002773880958557,0.3406626582145691,-0.005645271856337786,0.999975323677063,0.6893707513809204,0.3429783582687378,-0.14551858603954315,0.9999780654907227,0.7177850604057312,0.3637843430042267,-0.09229186922311783,0.999920129776001,0.7134193778038025,0.36568939685821533,-0.13274411857128143,0.9999444484710693,0.7278889417648315,0.4134754538536072,0.023608345538377762,0.9999442100524902,0.6300865411758423,0.41850319504737854,-0.14729426801204681,0.9997023940086365,0.8137548565864563,0.4026130735874176,0.02208334393799305,0.9976422190666199,0.5473380088806152,0.41249895095825195,-0.19158102571964264,0.9965846538543701,0.8800477981567383,0.3898557424545288,-0.07501797378063202,0.9983277916908264,0.4758879542350769,0.4045490324497223,-0.24789537489414215,0.9928483963012695,0.9039149284362793,0.38990986347198486,-0.09214179962873459,0.9932352900505066,0.45357459783554077,0.4043508768081665,-0.2656380236148834,0.9829086065292358,0.9058994054794312,0.38911181688308716,-0.12838655710220337,0.9943652153015137,0.45284560322761536,0.40328699350357056,-0.29537439346313477,0.9852755069732666,0.8956432342529297,0.3901977241039276,-0.09788607060909271,0.9951025247573853,0.4594286382198334,0.40481996536254883,-0.26440781354904175,0.982984185218811,0.7174174785614014,0.620383620262146,0.04795721918344498,0.9994181394577026,0.6503525972366333,0.6198703646659851,-0.0479344017803669,0.9986692667007446,0.831278383731842,0.6521366238594055,-0.09584283083677292,0.998557984828949,0.5721121430397034,0.7087692022323608,-0.11364078521728516,0.9991647005081177,0.8146476745605469,0.8048539161682129,-0.014112723991274834,0.9975811243057251,0.4802402853965759,0.7929315567016602,-0.05981970578432083,0.9993293285369873,0.7995277643203735,0.8244362473487854,-0.0112780025228858,0.9939473867416382,0.4666025936603546,0.8069174289703369,-0.060073137283325195,0.9835244417190552,0.859308123588562,0.8434654474258423,-0.08922688663005829,0.996166467666626,0.471309632062912,0.8383448123931885,-0.1632813960313797,0.9966102242469788
warrior2,00000157.jpg,0.488892138004303,0.19321388006210327,-0.2632589638233185,0.9999206066131592,0.5001567006111145,0.1789686381816864,-0.25405141711235046,0.99956876039505,0.5040172338485718,0.17908096313476562,-0.2540329396724701,0.9995225667953491,0.508300244808197,0.17925900220870972,-0.25406333804130554,0.999442994594574,0.49298834800720215,0.17854958772659302,-0.23052182793617249,0.9997113347053528,0.49189287424087524,0.17845681309700012,-0.23061829805374146,0.9996747970581055,0.49087250232696533,0.17840170860290527,-0.2306278795003891,0.9996789693832397,0.5275174379348755,0.18831667304039001,-0.17784817516803741,0.999272882938385,0.5034196972846985,0.18654358386993408,-0.06384928524494171,0.9994717240333557,0.4967556893825531,0.2109535038471222,-0.2356644719839096,0.999276340007782,0.48719897866249084,0.21099132299423218,-0.20273008942604065,0.9992532134056091,0.5794439911842346,0.2931436002254486,-0.1352846622467041,0.9986059069633484,0.4658887982368469,0.2789793014526367,0.010392921045422554,0.9998669624328613,0.6803853511810303,0.2882555425167084,-0.19675874710083008,0.995705783367157,0.3650745153427124,0.2694542109966278,0.028845451772212982,0.9882657527923584,0.7632808685302734,0.2652382254600525,-0.31340664625167847,0.9738672375679016,0.2746852934360504,0.24749484658241272,-0.14502573013305664,0.9859353303909302,0.7876168489456177,0.26025980710983276,-0.34568122029304504,0.9246158599853516,0.24623340368270874,0.24622976779937744,-0.18105995655059814,0.957436203956604,0.7917394638061523,0.2537091076374054,-0.38341569900512695,0.933535099029541,0.24478521943092346,0.24271729588508606,-0.22496038675308228,0.9639461040496826,0.7823394536972046,0.2573862373828888,-0.33744800090789795,0.9415771961212158,0.2519534230232239,0.24499648809432983,-0.17420747876167297,0.9713557958602905,0.5500160455703735,0.5533375144004822,-0.0662485733628273,0.9953870177268982,0.474200576543808,0.5439314246177673,0.06617647409439087,0.9995020627975464,0.6614550352096558,0.6609091758728027,-0.12235065549612045,0.9956242442131042,0.3334919214248657,0.5725763440132141,-0.1599408984184265,0.9983752965927124,0.7821844220161438,0.7642955780029297,0.07059940695762634,0.9949817061424255,0.3185901641845703,0.7741148471832275,-0.0008062964188866317,0.995862603187561,0.7917184829711914,0.7800541520118713,0.08251277357339859,0.9501578211784363,0.3318535089492798,0.8059273958206177,0.008219338022172451,0.9904987215995789,0.8041000366210938,0.8174766302108765,-0.0711488127708435,0.9811273217201233,0.2519809901714325,0.8123314380645752,-0.11082781851291656,0.9847564101219177
warrior2,00000158.jpg,0.5535411834716797,0.2148245871067047,-0.33761462569236755,0.9999680519104004,0.5479931831359863,0.1960010528564453,-0.2932172119617462,0.9998993873596191,0.5478120446205139,0.19582077860832214,-0.29339417815208435,0.9999054670333862,0.5473023056983948,0.1957215964794159,-0.29351359605789185,0.9998934268951416,0.5394743084907532,0.19637688994407654,-0.3386079668998718,0.9999103546142578,0.5327637195587158,0.19631031155586243,-0.3386695981025696,0.9999068975448608,0.5253371596336365,0.1962515413761139,-0.33862587809562683,0.9998418092727661,0.5199928283691406,0.2026452124118805,-0.08378606289625168,0.9998574256896973,0.49006879329681396,0.20311802625656128,-0.2943176329135895,0.9998672008514404,0.5497525334358215,0.23642495274543762,-0.2608574628829956,0.9998310804367065,0.5391237735748291,0.23799335956573486,-0.3214218020439148,0.9998317956924438,0.5728743672370911,0.29648467898368835,0.02784675732254982,0.9999552965164185,0.3994201421737671,0.3169226348400116,-0.2603662610054016,0.9995396137237549,0.6809705495834351,0.3177178204059601,0.07459048181772232,0.9945012331008911,0.2935795187950134,0.36055123805999756,-0.3110449016094208,0.9974167346954346,0.7874804139137268,0.3354650139808655,-0.11055459827184677,0.9966030120849609,0.18289285898208618,0.3969363272190094,-0.41094720363616943,0.9909895062446594,0.8235421180725098,0.34599030017852783,-0.1439867615699768,0.9857024550437927,0.1453419327735901,0.41559672355651855,-0.44730344414711,0.9722152948379517,0.8275123834609985,0.3453940749168396,-0.20953208208084106,0.9889423847198486,0.1468881070613861,0.41781488060951233,-0.5028514266014099,0.9762998223304749,0.8130578994750977,0.34283319115638733,-0.1494203507900238,0.9897005558013916,0.16015392541885376,0.41485297679901123,-0.4399886727333069,0.9699366688728333,0.5411787033081055,0.5618229508399963,0.08670385181903839,0.9998000264167786,0.4349465072154999,0.5602034330368042,-0.08650343865156174,0.9993226528167725,0.6591441631317139,0.6689742207527161,-0.07309313118457794,0.9973469972610474,0.34183114767074585,0.7039480209350586,-0.06476116925477982,0.998590886592865,0.6594047546386719,0.8275346755981445,0.16889914870262146,0.9964234232902527,0.24058136343955994,0.8285537958145142,0.19384673237800598,0.9982107877731323,0.6398191452026367,0.8583357930183411,0.1833869069814682,0.9901875853538513,0.23015856742858887,0.8456993103027344,0.20746947824954987,0.9375609159469604,0.7439545392990112,0.8708478212356567,0.025288937613368034,0.9941856861114502,0.23082101345062256,0.8899167776107788,0.013247902505099773,0.9930260181427002
warrior2,00000160.jpg,0.5416195392608643,0.1666819453239441,-0.4419023394584656,0.9999998807907104,0.563381016254425,0.1483689248561859,-0.4060659110546112,0.9999994039535522,0.573810338973999,0.14774549007415771,-0.40588822960853577,0.9999991655349731,0.5842694044113159,0.14752542972564697,-0.4059305489063263,0.9999988079071045,0.5278052687644958,0.14773797988891602,-0.39220258593559265,0.9999997615814209,0.5173307657241821,0.1472243368625641,-0.39235690236091614,0.9999997615814209,0.5071429014205933,0.1467559039592743,-0.392220139503479,0.9999997615814209,0.6078367829322815,0.15498802065849304,-0.15681828558444977,0.9999988079071045,0.5008086562156677,0.15280389785766602,-0.11027833074331284,0.9999997615814209,0.5652830600738525,0.19071707129478455,-0.3478878140449524,0.9999978542327881,0.5251857042312622,0.19086122512817383,-0.3358386158943176,0.999998927116394,0.6707488894462585,0.2601836323738098,0.06631629914045334,0.9999163150787354,0.4495052099227905,0.2506450414657593,-0.07828899472951889,0.9999988079071045,0.7688197493553162,0.3018614947795868,0.476749449968338,0.9291889071464539,0.32310229539871216,0.27144166827201843,-0.6198948621749878,0.9778543710708618,0.876312255859375,0.3321869671344757,0.9338151812553406,0.9214702248573303,0.18749389052391052,0.26859796047210693,-1.3777644634246826,0.9576933979988098,0.9100934267044067,0.34001481533050537,1.0420491695404053,0.8589683175086975,0.13551941514015198,0.2760763168334961,-1.4934210777282715,0.9267012476921082,0.912440299987793,0.3399578630924225,0.9843962788581848,0.8631877899169922,0.1424579620361328,0.2755146324634552,-1.531132459640503,0.9369665384292603,0.8939281702041626,0.33995985984802246,0.9267899394035339,0.8685551285743713,0.16336050629615784,0.2764163315296173,-1.4204261302947998,0.9382269382476807,0.6047760844230652,0.562174379825592,0.04076515510678291,0.9999756813049316,0.4606764018535614,0.5492428541183472,-0.04110793024301529,0.9999996423721313,0.6646631956100464,0.7106603384017944,0.5304825901985168,0.9937463998794556,0.3416483998298645,0.6978967785835266,-0.6689190864562988,0.999786913394928,0.7526150941848755,0.8236312866210938,1.2713972330093384,0.9789184927940369,0.3269898593425751,0.9190291166305542,-0.7141920328140259,0.9994893074035645,0.7405134439468384,0.8408064842224121,1.331427812576294,0.9089676737785339,0.35073548555374146,0.9527215957641602,-0.730103075504303,0.9878414273262024,0.8434562683105469,0.8765265345573425,1.1803126335144043,0.9556024670600891,0.2124328911304474,0.9649786353111267,-1.0563446283340454,0.998139500617981
warrior2,00000162.jpg,0.5462759733200073,0.3907477557659149,-0.7800899147987366,0.9999969005584717,0.5542517900466919,0.37947285175323486,-0.7501762509346008,0.9999909400939941,0.5586939454078674,0.3794092535972595,-0.7502350211143494,0.9999899864196777,0.5628077983856201,0.3793375492095947,-0.750460684299469,0.9999886751174927,0.5385085344314575,0.37832725048065186,-0.7606757283210754,0.9999890327453613,0.5319392681121826,0.3776777982711792,-0.7608674168586731,0.9999868869781494,0.5256521105766296,0.37720170617103577,-0.7608067989349365,0.9999834299087524,0.5679753422737122,0.38061434030532837,-0.5115372538566589,0.9999864101409912,0.5129728317260742,0.37623322010040283,-0.5606251358985901,0.9999796152114868,0.5537285804748535,0.40054482221603394,-0.6854934692382812,0.9999771118164062,0.5323184728622437,0.399954229593277,-0.6998804211616516,0.9999784231185913,0.5983522534370422,0.42760545015335083,-0.31566405296325684,0.9999806880950928,0.4564652144908905,0.41996490955352783,-0.4061610996723175,0.9999269247055054,0.7175087928771973,0.41991183161735535,-0.31301644444465637,0.998852014541626,0.3420601487159729,0.41778305172920227,-0.43871256709098816,0.9984925985336304,0.8191407322883606,0.41516202688217163,-0.5031521916389465,0.9979396462440491,0.22263190150260925,0.408524751663208,-0.6383626461029053,0.9922813773155212,0.8536739349365234,0.4154112935066223,-0.5573721528053284,0.9907005429267883,0.1901634931564331,0.40600308775901794,-0.686484694480896,0.9741120934486389,0.8567072153091431,0.4133235216140747,-0.6169085502624512,0.9924271702766418,0.18929535150527954,0.4030187726020813,-0.7564592361450195,0.9789518713951111,0.8422006368637085,0.4139345586299896,-0.5388467907905579,0.9925124645233154,0.1997157633304596,0.4051603376865387,-0.6757814288139343,0.9762147068977356,0.5443955063819885,0.5917103290557861,0.02929096668958664,0.9998962879180908,0.4537123441696167,0.5917914509773254,-0.02913277968764305,0.9997648596763611,0.6911036372184753,0.6368878483772278,-0.2807784080505371,0.9983206391334534,0.348858118057251,0.6727323532104492,-0.06336259841918945,0.9975211024284363,0.7018702626228333,0.7517014741897583,0.030065903440117836,0.9961202144622803,0.23750796914100647,0.7510515451431274,0.2671014070510864,0.9970746040344238,0.6849066019058228,0.7658547759056091,0.053376924246549606,0.9900060296058655,0.220173180103302,0.7647864818572998,0.2918563187122345,0.9448874592781067,0.7546298503875732,0.7799695730209351,-0.11805525422096252,0.9928143620491028,0.2133677899837494,0.7798149585723877,0.09891055524349213,0.9880311489105225
warrior2,00000165.jpg,0.488892138004303,0.19321388006210327,-0.2632589638233185,0.9999206066131592,0.5001567006111145,0.1789686381816864,-0.25405141711235046,0.99956876039505,0.5040172338485718,0.17908096313476562,-0.2540329396724701,0.9995225667953491,0.508300244808197,0.17925900220870972,-0.25406333804130554,0.999442994594574,0.49298834800720215,0.17854958772659302,-0.23052182793617249,0.9997113347053528,0.49189287424087524,0.17845681309700012,-0.23061829805374146,0.9996747970581055,0.49087250232696533,0.17840170860290527,-0.2306278795003891,0.9996789693832397,0.5275174379348755,0.18831667304039001,-0.17784817516803741,0.999272882938385,0.5034196972846985,0.18654358386993408,-0.06384928524494171,0.9994717240333557,0.4967556893825531,0.2109535038471222,-0.2356644719839096,0.999276340007782,0.48719897866249084,0.21099132299423218,-0.20273008942604065,0.9992532134056091,0.5794439911842346,0.2931436002254486,-0.1352846622467041,0.9986059069633484,0.4658887982368469,0.2789793014526367,0.010392921045422554,0.9998669624328613,0.6803853511810303,0.2882555425167084,-0.19675874710083008,0.995705783367157,0.3650745153427124,0.2694542109966278,0.028845451772212982,0.9882657527923584,0.7632808685302734,0.2652382254600525,-0.31340664625167847,0.9738672375679016,0.2746852934360504,0.24749484658241272,-0.14502573013305664,0.9859353303909302,0.7876168489456177,0.26025980710983276,-0.34568122029304504,0.9246158599853516,0.24623340368270874,0.24622976779937744,-0.18105995655059814,0.957436203956604,0.7917394638061523,0.2537091076374054,-0.38341569900512695,0.933535099029541,0.24478521943092346,0.24271729588508606,-0.22496038675308228,0.9639461040496826,0.7823394536972046,0.2573862373828888,-0.33744800090789795,0.9415771961212158,0.2519534230232239,0.24499648809432983,-0.17420747876167297,0.9713557958602905,0.5500160455703735,0.5533375144004822,-0.0662485733628273,0.9953870177268982,0.474200576543808,0.5439314246177673,0.06617647409439087,0.9995020627975464,0.6614550352096558,0.6609091758728027,-0.12235065549612045,0.9956242442131042,0.3334919214248657,0.5725763440132141,-0.1599408984184265,0.9983752965927124,0.7821844220161438,0.7642955780029297,0.07059940695762634,0.9949817061424255,0.3185901641845703,0.7741148471832275,-0.0008062964188866317,0.995862603187561,0.7917184829711914,0.7800541520118713,0.08251277357339859,0.9501578211784363,0.3318535089492798,0.8059273958206177,0.008219338022172451,0.9904987215995789,0.8041000366210938,0.8174766302108765,-0.0711488127708435,0.9811273217201233,0.2519809901714325,0.8123314380645752,-0.11082781851291656,0.9847564101219177
warrior2,00000166.jpg,0.44704926013946533,0.15356090664863586,-0.19902363419532776,0.9999942779541016,0.4537741243839264,0.13283014297485352,-0.16669556498527527,0.9999904632568359,0.4579279124736786,0.13201221823692322,-0.1666986644268036,0.999985933303833,0.46323859691619873,0.13116112351417542,-0.1667158007621765,0.999987006187439,0.43950092792510986,0.1352645754814148,-0.16761399805545807,0.9999935626983643,0.4342595040798187,0.13612431287765503,-0.1676539182662964,0.9999915361404419,0.42959895730018616,0.13706853985786438,-0.16761694848537445,0.9999935626983643,0.47085118293762207,0.1372874677181244,-0.014493219554424286,0.9999719858169556,0.4246686100959778,0.14696794748306274,-0.015315420925617218,0.9999911785125732,0.4572800099849701,0.1740500032901764,-0.1440519392490387,0.9999761581420898,0.4401681423187256,0.17842885851860046,-0.14483240246772766,0.9999849796295166,0.5129359364509583,0.2854689359664917,0.037346672266721725,0.9998127818107605,0.3947206735610962,0.2923828661441803,0.0676412582397461,0.9999209642410278,0.5565494298934937,0.42735379934310913,-0.07043648511171341,0.9898682832717896,0.3453545868396759,0.4351189136505127,-0.03489396721124649,0.9732711911201477,0.4745880961418152,0.42318636178970337,-0.23424383997917175,0.9700040817260742,0.4271433353424072,0.4333471655845642,-0.2251310497522354,0.9507574439048767,0.45935961604118347,0.3984438478946686,-0.2736893594264984,0.9219638705253601,0.4436465799808502,0.4040939211845398,-0.27028417587280273,0.8793922662734985,0.45724987983703613,0.38360708951950073,-0.25177839398384094,0.9152962565422058,0.4452686309814453,0.3904774487018585,-0.2541433572769165,0.8592274785041809,0.4612319767475128,0.3952784240245819,-0.2268218696117401,0.8699437975883484,0.4428156316280365,0.4006474018096924,-0.22058553993701935,0.8200030326843262,0.48930975794792175,0.5983587503433228,-0.036694999784231186,0.9990097284317017,0.41120144724845886,0.5895675420761108,0.036520399153232574,0.9997746348381042,0.601118803024292,0.7380861043930054,-0.07862046360969543,0.9939589500427246,0.2762033939361572,0.6404935717582703,-0.18444429337978363,0.9977460503578186,0.7112311124801636,0.8697668313980103,0.10218974947929382,0.9948002099990845,0.2651459574699402,0.8877023458480835,0.018336789682507515,0.9940599203109741,0.721207320690155,0.8918842077255249,0.11645502597093582,0.9491035342216492,0.28424352407455444,0.9267113208770752,0.0351814366877079,0.979036271572113,0.7443703413009644,0.9305770993232727,-0.017291657626628876,0.9772754311561584,0.20389395952224731,0.9372986555099487,-0.06835386157035828,0.9731341600418091
warrior2,00000167.jpg,0.534503161907196,0.25641071796417236,-0.1325141042470932,0.9999653100967407,0.5285631418228149,0.23627272248268127,-0.10870540142059326,0.9998974800109863,0.5277202129364014,0.23530474305152893,-0.10875210911035538,0.9999128580093384,0.526603102684021,0.23433008790016174,-0.10880664736032486,0.9998846054077148,0.5260645151138306,0.23710665106773376,-0.13787397742271423,0.9999147653579712,0.5231027603149414,0.23675695061683655,-0.13794592022895813,0.9999125003814697,0.5197731852531433,0.23684751987457275,-0.13795380294322968,0.9998446702957153,0.5090242028236389,0.24318239092826843,-0.005270952358841896,0.9998729228973389,0.5013052225112915,0.24763724207878113,-0.14072316884994507,0.9998831748962402,0.5327274799346924,0.27610987424850464,-0.09496850520372391,0.9996261596679688,0.5287140011787415,0.27950018644332886,-0.13417910039424896,0.9996798038482666,0.5436627268791199,0.348722368478775,0.03839404508471489,0.999876856803894,0.4504683315753937,0.35463568568229675,-0.1518857181072235,0.9996421337127686,0.6239282488822937,0.3310980200767517,0.04588727653026581,0.9955865144729614,0.3633077144622803,0.3541717529296875,-0.191654235124588,0.9966879487037659,0.700476884841919,0.31252700090408325,-0.06038786843419075,0.9981579184532166,0.2885850965976715,0.3518219590187073,-0.23041927814483643,0.9947667121887207,0.7232601642608643,0.3113762438297272,-0.07926677167415619,0.9920837879180908,0.26397669315338135,0.34739944338798523,-0.24983175098896027,0.9833993911743164,0.724654495716095,0.307923823595047,-0.1171678677201271,0.993543267250061,0.26165276765823364,0.3458015024662018,-0.27722373604774475,0.9855227470397949,0.7180134057998657,0.31213802099227905,-0.08470107614994049,0.9942828416824341,0.26973479986190796,0.3507852256298065,-0.2460692822933197,0.9832272529602051,0.5284356474876404,0.6361356377601624,0.051384780555963516,0.9994916915893555,0.46326014399528503,0.6432203054428101,-0.05127066373825073,0.9992263317108154,0.6459217071533203,0.6743559837341309,-0.1130731850862503,0.9982351064682007,0.3771684765815735,0.7784820199012756,-0.10420585423707962,0.9989535808563232,0.6592040657997131,0.8869507908821106,-0.029420819133520126,0.9961104989051819,0.2884141206741333,0.8933693766593933,-0.011900980025529861,0.9990240335464478,0.6471049189567566,0.9241659641265869,-0.027020936831831932,0.9907917976379395,0.27832281589508057,0.9112380146980286,-0.010037023574113846,0.9780096411705017,0.7127758264541626,0.9260846376419067,-0.12103002518415451,0.9931856393814087,0.26802772283554077,0.9355180263519287,-0.13120754063129425,0.9952656030654907
warrior2,00000168.jpg,0.7199253439903259,0.3495067358016968,-0.12789788842201233,0.9999929666519165,0.7157544493675232,0.3358103334903717,-0.10486239194869995,0.9999798536300659,0.7154754996299744,0.3354165852069855,-0.10491898655891418,0.9999823570251465,0.7149525284767151,0.3350726366043091,-0.10499469935894012,0.9999773502349854,0.7121657133102417,0.3360384404659271,-0.134858176112175,0.999982476234436,0.7091237902641296,0.3358817398548126,-0.13490135967731476,0.9999829530715942,0.7062628269195557,0.3359717130661011,-0.13484933972358704,0.9999697208404541,0.7002773880958557,0.3406626582145691,-0.005645271856337786,0.999975323677063,0.6893707513809204,0.3429783582687378,-0.14551858603954315,0.9999780654907227,0.7177850604057312,0.3637843430042267,-0.09229186922311783,0.999920129776001,0.7134193778038025,0.36568939685821533,-0.13274411857128143,0.9999444484710693,0.7278889417648315,0.4134754538536072,0.023608345538377762,0.9999442100524902,0.6300865411758423,0.41850319504737854,-0.14729426801204681,0.9997023940086365,0.8137548565864563,0.4026130735874176,0.02208334393799305,0.9976422190666199,0.5473380088806152,0.41249895095825195,-0.19158102571964264,0.9965846538543701,0.8800477981567383,0.3898557424545288,-0.07501797378063202,0.9983277916908264,0.4758879542350769,0.4045490324497223,-0.24789537489414215,0.9928483963012695,0.9039149284362793,0.38990986347198486,-0.09214179962873459,0.9932352900505066,0.45357459783554077,0.4043508768081665,-0.2656380236148834,0.9829086065292358,0.9058994054794312,0.38911181688308716,-0.12838655710220337,0.9943652153015137,0.45284560322761536,0.40328699350357056,-0.29537439346313477,0.9852755069732666,0.8956432342529297,0.3901977241039276,-0.09788607060909271,0.9951025247573853,0.4594286382198334,0.40481996536254883,-0.26440781354904175,0.982984185218811,0.7174174785614014,0.620383620262146,0.04795721918344498,0.9994181394577026,0.6503525972366333,0.6198703646659851,-0.0479344017803669,0.9986692667007446,0.831278383731842,0.6521366238594055,-0.09584283083677292,0.998557984828949,0.5721121430397034,0.7087692022323608,-0.11364078521728516,0.9991647005081177,0.8146476745605469,0.8048539161682129,-0.014112723991274834,0.9975811243057251,0.4802402853965759,0.7929315567016602,-0.05981970578432083,0.9993293285369873,0.7995277643203735,0.8244362473487854,-0.0112780025228858,0.9939473867416382,0.4666025936603546,0.8069174289703369,-0.060073137283325195,0.9835244417190552,0.859308123588562,0.8434654474258423,-0.08922688663005829,0.996166467666626,0.471309632062912,0.8383448123931885,-0.1632813960313797,0.9966102242469788
warrior2,00000170.jpg,0.445300817489624,0.34764063358306885,-0.14765171706676483,0.9998055100440979,0.45681965351104736,0.33432653546333313,-0.145124614238739,0.9989804625511169,0.46001139283180237,0.33405160903930664,-0.14515365660190582,0.9991532564163208,0.46284550428390503,0.3339240252971649,-0.14520476758480072,0.9988910555839539,0.45378848910331726,0.33416810631752014,-0.12771975994110107,0.9993084669113159,0.45451217889785767,0.3338019847869873,-0.12780384719371796,0.9994171857833862,0.45536619424819946,0.3333638608455658,-0.12786610424518585,0.9992029070854187,0.4816976487636566,0.34013631939888,-0.11732035875320435,0.998448371887207,0.47073179483413696,0.3398238718509674,-0.03586631268262863,0.9992910623550415,0.4515499472618103,0.3616796135902405,-0.13800466060638428,0.9961785078048706,0.44766685366630554,0.36265435814857483,-0.11418327689170837,0.9955956339836121,0.5420553684234619,0.4221913814544678,-0.08228036761283875,0.9916959404945374,0.4379156529903412,0.4230732023715973,-0.03304269537329674,0.9982998967170715,0.6305873394012451,0.42729705572128296,-0.12576445937156677,0.9797986745834351,0.3504830002784729,0.4197637438774109,-0.04110241308808327,0.917121410369873,0.7109115719795227,0.42545104026794434,-0.19468842446804047,0.94544517993927,0.2897295355796814,0.4117269515991211,-0.1369793713092804,0.9049370288848877,0.7352914810180664,0.4241063594818115,-0.20538027584552765,0.8731536269187927,0.2714194655418396,0.4112808108329773,-0.1542472392320633,0.8166987895965576,0.7360923290252686,0.4219404458999634,-0.23843339085578918,0.8892312049865723,0.27194944024086,0.40805116295814514,-0.18185298144817352,0.8431617617607117,0.7305273413658142,0.4230242669582367,-0.21429558098316193,0.9072681069374084,0.2787874937057495,0.4100779592990875,-0.15577824413776398,0.8738768100738525,0.5188935399055481,0.6361250281333923,-0.024647409096360207,0.9797077775001526,0.45979803800582886,0.6324930191040039,0.024549948051571846,0.99741131067276,0.6186531782150269,0.6822031736373901,-0.09936683624982834,0.9859141111373901,0.3442303240299225,0.6159802079200745,-0.13412266969680786,0.9974162578582764,0.7021651268005371,0.7673095464706421,0.003994739148765802,0.9875060319900513,0.3321290612220764,0.757863461971283,-0.0009770123288035393,0.9947332143783569,0.711178719997406,0.7870853543281555,0.009027687832713127,0.965684175491333,0.3454669117927551,0.781373143196106,0.008196665905416012,0.9863556027412415,0.710976243019104,0.7844484448432922,-0.09503692388534546,0.9747515916824341,0.2798113226890564,0.7910923957824707,-0.06441878527402878,0.9803413152694702
warrior2,00000171.jpg,0.5461615324020386,0.43096795678138733,-0.12552668154239655,0.9999654293060303,0.5406116843223572,0.418751984834671,-0.1077534630894661,0.9999282360076904,0.5399237275123596,0.4184860289096832,-0.10780031234025955,0.999934196472168,0.5390440821647644,0.41834041476249695,-0.10786877572536469,0.9999103546142578,0.5389384031295776,0.4196399450302124,-0.13134776055812836,0.9999411106109619,0.5370928049087524,0.42003440856933594,-0.13139210641384125,0.9999393224716187,0.5349353551864624,0.42057645320892334,-0.131369486451149,0.9998953342437744,0.528258740901947,0.4267425239086151,-0.030217573046684265,0.9999122619628906,0.5221825838088989,0.4296194911003113,-0.14021816849708557,0.9999475479125977,0.5437501072883606,0.44480881094932556,-0.09800594300031662,0.9996939897537231,0.5409374237060547,0.4464740455150604,-0.12978951632976532,0.9997919201850891,0.5505393743515015,0.4956051707267761,-0.0006495057605206966,0.999854326248169,0.48619911074638367,0.5049129128456116,-0.1456364393234253,0.9997050166130066,0.6145384311676025,0.47449392080307007,-0.005808048415929079,0.9939109086990356,0.41600605845451355,0.506032407283783,-0.18842026591300964,0.9934287667274475,0.6696867942810059,0.45059144496917725,-0.0746261328458786,0.995488703250885,0.354581743478775,0.520928144454956,-0.232436865568161,0.981734037399292,0.6866447925567627,0.4412028193473816,-0.08721804618835449,0.9825947880744934,0.33552733063697815,0.5266133546829224,-0.24791958928108215,0.9558250904083252,0.6881312131881714,0.43859919905662537,-0.1146942675113678,0.9857584238052368,0.33405500650405884,0.526903510093689,-0.26876455545425415,0.9605470299720764,0.6835216283798218,0.4427436292171478,-0.09242421388626099,0.9885314702987671,0.33958083391189575,0.5265963077545166,-0.24472078680992126,0.9572991728782654,0.5370314121246338,0.7001991868019104,0.042841870337724686,0.9989843964576721,0.4944656789302826,0.7000122666358948,-0.04283949360251427,0.9984075427055359,0.6288789510726929,0.7031257748603821,-0.04109986498951912,0.9974453449249268,0.42565691471099854,0.7963590621948242,-0.09104002267122269,0.999481737613678,0.6464030146598816,0.866136372089386,-0.00995524600148201,0.9967723488807678,0.34975069761276245,0.8693889379501343,-0.060766346752643585,0.9991787075996399,0.6387204527854919,0.895602822303772,-0.011501575820147991,0.9908453822135925,0.341365247964859,0.8754659295082092,-0.06170009821653366,0.9783961176872253,0.6885941028594971,0.8897573947906494,-0.073060043156147,0.9930586814880371,0.33641043305397034,0.9051170349121094,-0.13992197811603546,0.995444655418396
warrior2,00000173.jpg,0.5153985619544983,0.19363906979560852,-0.22369486093521118,0.9999744892120361,0.5100340843200684,0.1741454303264618,-0.19100944697856903,0.9999397993087769,0.510312020778656,0.17387673258781433,-0.19107908010482788,0.9999417066574097,0.5105385780334473,0.17351529002189636,-0.19115151464939117,0.9999337196350098,0.5048012733459473,0.17398828268051147,-0.21964184939861298,0.9999476671218872,0.5010732412338257,0.173621267080307,-0.21972395479679108,0.9999446868896484,0.49628448486328125,0.17337456345558167,-0.2196905016899109,0.9999163150787354,0.4966481029987335,0.18021062016487122,-0.041662879288196564,0.9999091625213623,0.4740767478942871,0.18234291672706604,-0.1761801838874817,0.9999299049377441,0.5141372680664062,0.2151840627193451,-0.17116722464561462,0.999790370464325,0.5059128999710083,0.21777230501174927,-0.20993222296237946,0.999835729598999,0.5411375761032104,0.29969820380210876,0.02924209088087082,0.9999042749404907,0.408360093832016,0.3014184832572937,-0.17650344967842102,0.9998053908348083,0.6546744704246521,0.27971622347831726,0.029415864497423172,0.9957962036132812,0.2954677939414978,0.2877281904220581,-0.2308962047100067,0.996461808681488,0.7365517020225525,0.26967647671699524,-0.10265449434518814,0.996313750743866,0.2069157063961029,0.2848166823387146,-0.3202347159385681,0.9897125959396362,0.7696661949157715,0.2669375538825989,-0.12951385974884033,0.9846147894859314,0.17482581734657288,0.28467440605163574,-0.3481273651123047,0.9702933430671692,0.7747923731803894,0.26500263810157776,-0.1747170388698578,0.9874441027641296,0.17369073629379272,0.2821645438671112,-0.3924524188041687,0.974618673324585,0.7602688074111938,0.26905110478401184,-0.1315605193376541,0.9892751574516296,0.1841074526309967,0.28483256697654724,-0.3447946310043335,0.9719182848930359,0.5004274249076843,0.6145173907279968,0.0759904682636261,0.9993333220481873,0.425475537776947,0.6052249073982239,-0.07592125236988068,0.9989398121833801,0.6461015939712524,0.6908379197120667,-0.06381318718194962,0.9911504983901978,0.3181965947151184,0.7683851718902588,-0.1446361243724823,0.9979641437530518,0.6722798347473145,0.9220352172851562,-0.005893356166779995,0.9919438362121582,0.19979578256607056,0.9227296113967896,-0.08892125636339188,0.9977869987487793,0.6565242409706116,0.9637171030044556,-0.008986085653305054,0.9832384586334229,0.1870109736919403,0.9426037073135376,-0.09144538640975952,0.9493829011917114,0.7357344627380371,0.9663805365562439,-0.12264338880777359,0.985483705997467,0.1860455572605133,0.9654266834259033,-0.23371769487857819,0.990665078163147
warrior2,00000174.jpg,0.45118433237075806,0.2867479920387268,-0.21869267523288727,0.9997089505195618,0.45714181661605835,0.26920050382614136,-0.2124379426240921,0.9992327690124512,0.46001163125038147,0.2685953974723816,-0.21241886913776398,0.9987446069717407,0.46340441703796387,0.2680930495262146,-0.21244001388549805,0.998725950717926,0.45380592346191406,0.2696387469768524,-0.19986039400100708,0.9994365572929382,0.4538346529006958,0.2693195343017578,-0.19994212687015533,0.9992638230323792,0.4539165198802948,0.2689398229122162,-0.19997335970401764,0.9995046854019165,0.4806452691555023,0.27497100830078125,-0.13608862459659576,0.9983731508255005,0.4617892801761627,0.27543553709983826,-0.0745888501405716,0.9993245601654053,0.45670458674430847,0.30249327421188354,-0.18801698088645935,0.9990295171737671,0.45242413878440857,0.3026067018508911,-0.1703464239835739,0.9991118311882019,0.5270808935165405,0.3757475018501282,-0.08232183754444122,0.9978907704353333,0.431913822889328,0.3708154857158661,-0.0031742483843117952,0.9999120235443115,0.5554139614105225,0.44750094413757324,-0.11172465234994888,0.8735300898551941,0.35595622658729553,0.37086421251296997,0.010139775462448597,0.9928062558174133,0.5500523447990417,0.45358940958976746,-0.1772533506155014,0.637041449546814,0.2853693664073944,0.36731693148612976,-0.0904310792684555,0.9837671518325806,0.5491153001785278,0.4557946026325226,-0.193790465593338,0.4902983605861664,0.25865793228149414,0.36997315287590027,-0.1118994653224945,0.952542245388031,0.5481808185577393,0.44118863344192505,-0.2020106464624405,0.49116551876068115,0.26031750440597534,0.3670044243335724,-0.14241357147693634,0.9597273468971252,0.5480997562408447,0.44152557849884033,-0.18420685827732086,0.48065266013145447,0.2680720090866089,0.3689987063407898,-0.10956732928752899,0.9667640924453735,0.5184925198554993,0.6336259841918945,-0.04259917885065079,0.998390793800354,0.45740947127342224,0.6311034560203552,0.04255284368991852,0.9998601675033569,0.5706717371940613,0.7905745506286621,-0.08522435277700424,0.9968135952949524,0.36120855808258057,0.6852075457572937,-0.11999320983886719,0.998900294303894,0.6539235711097717,0.851377546787262,0.10165722668170929,0.9965039491653442,0.3551892042160034,0.874322772026062,0.02334236353635788,0.9984220266342163,0.6577691435813904,0.8680225014686584,0.11671381443738937,0.975538432598114,0.3647991716861725,0.9036837816238403,0.03417601436376572,0.9940874576568604,0.6719111204147339,0.916968822479248,0.01812078058719635,0.9898813366889954,0.3075932264328003,0.9054222702980042,-0.04767999053001404,0.994855523109436
warrior2,00000177.jpg,0.44549012184143066,0.14528197050094604,-0.32785698771476746,0.9991582632064819,0.46358954906463623,0.12656494975090027,-0.3172186613082886,0.9967746138572693,0.4705824851989746,0.12797251343727112,-0.3172703981399536,0.9958773851394653,0.4765374958515167,0.1299630105495453,-0.317373126745224,0.9948400855064392,0.4483802318572998,0.12640851736068726,-0.30094149708747864,0.997911274433136,0.4451460540294647,0.1270999014377594,-0.30104225873947144,0.9980442523956299,0.4421626329421997,0.1277778148651123,-0.3010845482349396,0.9977895021438599,0.495919793844223,0.1477033495903015,-0.23463965952396393,0.9951351284980774,0.44874948263168335,0.1460372507572174,-0.15253116190433502,0.9977120161056519,0.4589700400829315,0.17751383781433105,-0.297203004360199,0.995648205280304,0.43934184312820435,0.17398378252983093,-0.2734867036342621,0.9948275685310364,0.5720755457878113,0.27887943387031555,-0.17357103526592255,0.99308842420578,0.3993542194366455,0.28821277618408203,-0.0992877408862114,0.9987484216690063,0.6928993463516235,0.27687227725982666,-0.20717249810695648,0.9794944524765015,0.2691231369972229,0.27597519755363464,-0.12458233535289764,0.9886987805366516,0.7965099811553955,0.2965354025363922,-0.31273460388183594,0.801047682762146,0.1503310203552246,0.2663499712944031,-0.2768227458000183,0.9616149067878723,0.8356002569198608,0.31498318910598755,-0.327882319688797,0.6624967455863953,0.11483162641525269,0.2554530203342438,-0.30381089448928833,0.911616861820221,0.8339351415634155,0.3036213219165802,-0.37354451417922974,0.6796313524246216,0.11242356896400452,0.2529810965061188,-0.3478781580924988,0.9205260872840881,0.8197671175003052,0.295581579208374,-0.3386727571487427,0.727985680103302,0.12439772486686707,0.2579691708087921,-0.30356451869010925,0.9393501281738281,0.5539975166320801,0.6202595829963684,-0.05434789881110191,0.9616363644599915,0.44937366247177124,0.6173627376556396,0.054044514894485474,0.9871735572814941,0.6984628438949585,0.774976909160614,-0.1628507822751999,0.9923732876777649,0.2731013894081116,0.6444804668426514,-0.1185317263007164,0.9911852478981018,0.8403812646865845,0.9098995923995972,0.010316235944628716,0.9921930432319641,0.2713087797164917,0.8943160772323608,0.10315020382404327,0.9884011745452881,0.8580368757247925,0.9324687719345093,0.02061089500784874,0.9671981334686279,0.2950733006000519,0.9360333681106567,0.11924313753843307,0.9884713888168335,0.8810486793518066,0.9529458284378052,-0.14551404118537903,0.9696902632713318,0.19106519222259521,0.9562360048294067,0.020017633214592934,0.9587277770042419
warrior2,00000178.jpg,0.5990868806838989,0.12063249945640564,-0.21221132576465607,0.9999997615814209,0.592261552810669,0.096428781747818,-0.17312677204608917,0.999998927116394,0.5917006134986877,0.09553766250610352,-0.17324918508529663,0.9999991655349731,0.5908409357070923,0.09443876147270203,-0.1733858585357666,0.9999988079071045,0.5871769189834595,0.09614655375480652,-0.22929944097995758,0.9999992847442627,0.5829628109931946,0.0952257513999939,-0.22936055064201355,0.9999992847442627,0.5781158208847046,0.09431460499763489,-0.2293541580438614,0.9999986886978149,0.5635591149330139,0.09800595045089722,-0.0022666265722364187,0.999998927116394,0.5481466054916382,0.10170197486877441,-0.2593858540058136,0.9999994039535522,0.5933253765106201,0.1427939534187317,-0.14929836988449097,0.9999991655349731,0.5864346027374268,0.14168456196784973,-0.22404474020004272,0.9999995231628418,0.6033211946487427,0.23964664340019226,0.08801557123661041,0.9999961853027344,0.43353602290153503,0.210703045129776,-0.26500481367111206,0.9999915361404419,0.7480189800262451,0.2648661136627197,0.13275127112865448,0.9972057938575745,0.2772878110408783,0.22494053840637207,-0.3236774206161499,0.9967454671859741,0.8765591979026794,0.26498687267303467,-0.009035550989210606,0.9961382746696472,0.12271979451179504,0.22276708483695984,-0.4114258885383606,0.9922713041305542,0.9248031377792358,0.27051424980163574,-0.020847193896770477,0.9878589510917664,0.07601231336593628,0.21408620476722717,-0.43091315031051636,0.9848719239234924,0.9305294752120972,0.2683291733264923,-0.09691672027111053,0.98943030834198,0.07843390107154846,0.2135619819164276,-0.4984081983566284,0.9869083166122437,0.912893533706665,0.267605721950531,-0.050554998219013214,0.990903913974762,0.09519043564796448,0.22109901905059814,-0.44236430525779724,0.9867918491363525,0.5597378611564636,0.5302050113677979,0.11444544792175293,0.9995786547660828,0.45749834179878235,0.537002444267273,-0.11502838879823685,0.9992471933364868,0.7643600702285767,0.5811805725097656,-0.14903205633163452,0.9965609908103943,0.31039562821388245,0.7069981098175049,-0.3158838152885437,0.9951289892196655,0.7635301351547241,0.845988392829895,-0.03904525190591812,0.9974586367607117,0.14659175276756287,0.8794203996658325,-0.26839837431907654,0.9987680315971375,0.740858256816864,0.8900246024131775,-0.035722967237234116,0.9966161847114563,0.11303204298019409,0.8999865651130676,-0.2708929181098938,0.9902406930923462,0.8587789535522461,0.8974145650863647,-0.1791187822818756,0.9970906972885132,0.1562609076499939,0.9692096710205078,-0.4794875979423523,0.9952352643013
warrior2,00000179.jpg,0.4967288076877594,0.2927153408527374,-0.054865285754203796,0.9997664093971252,0.5083184242248535,0.2942157983779907,-0.06977041065692902,0.9998205304145813,0.5089333653450012,0.2969759404659271,-0.06973331421613693,0.9997982382774353,0.5095922946929932,0.30007290840148926,-0.06970565021038055,0.9998252987861633,0.5079537630081177,0.2930385172367096,-0.03406239300966263,0.9996781349182129,0.5083808302879333,0.29478898644447327,-0.03398992866277695,0.9994776844978333,0.508918821811676,0.2966994345188141,-0.03395179286599159,0.9995365142822266,0.5117936730384827,0.3277439475059509,-0.11794209480285645,0.9997789263725281,0.5115755200386047,0.32373398542404175,0.04979262873530388,0.9994261264801025,0.4916527271270752,0.3103139400482178,-0.07237201184034348,0.998897910118103,0.49137240648269653,0.3079942464828491,-0.02403891272842884,0.9981977343559265,0.49310946464538574,0.37839674949645996,-0.1959839016199112,0.999113142490387,0.4866274297237396,0.3837287425994873,0.10020431876182556,0.9974744915962219,0.48609620332717896,0.23646336793899536,-0.30354440212249756,0.9958315491676331,0.48521819710731506,0.241982102394104,0.11192783713340759,0.25889939069747925,0.4970591068267822,0.10972219705581665,-0.3265361785888672,0.9899717569351196,0.4946150481700897,0.12457644939422607,0.0091816745698452,0.5926451086997986,0.5000356435775757,0.0806151032447815,-0.3717469871044159,0.9804102778434753,0.49822723865509033,0.09668821096420288,-0.010408573783934116,0.6063548922538757,0.5053517818450928,0.08355039358139038,-0.3556066155433655,0.9759998917579651,0.5013114213943481,0.09343445301055908,-0.030194519087672234,0.5983855128288269,0.505139172077179,0.09371751546859741,-0.32374513149261475,0.9688941240310669,0.5007666349411011,0.10085165500640869,-0.0066696833819150925,0.6381240487098694,0.47670239210128784,0.6521596908569336,-0.0876389592885971,0.9995067119598389,0.4419095516204834,0.6415714025497437,0.08764076232910156,0.9998389482498169,0.5635619163513184,0.7669205665588379,-0.17551285028457642,0.9985631108283997,0.33711495995521545,0.6417319178581238,0.020500218495726585,0.9942757487297058,0.6509893536567688,0.8581879734992981,-0.09625346213579178,0.9953481554985046,0.3362135887145996,0.8248239159584045,0.1340562254190445,0.9929924011230469,0.6673351526260376,0.8646520376205444,-0.08975904434919357,0.9718815684318542,0.3486558198928833,0.8683107495307922,0.14035184681415558,0.9920483231544495,0.6566118597984314,0.9165385961532593,-0.17485298216342926,0.9887531995773315,0.28155335783958435,0.8660230040550232,0.0923430398106575,0.9792252779006958
warrior2,00000180.jpg,0.4725916385650635,0.2332143783569336,0.18153142929077148,0.999945878982544,0.48163729906082153,0.21951529383659363,0.1485205888748169,0.9999771118164062,0.4826624095439911,0.2206556499004364,0.1484864354133606,0.99997878074646,0.48330581188201904,0.22159087657928467,0.14842265844345093,0.9999785423278809,0.48445066809654236,0.21710312366485596,0.17172856628894806,0.9999778270721436,0.4862841069698334,0.21694311499595642,0.171766996383667,0.9999752044677734,0.4879521429538727,0.21689242124557495,0.17173495888710022,0.9999794960021973,0.49820321798324585,0.23123764991760254,0.0513048991560936,0.9999533891677856,0.504925012588501,0.22651001811027527,0.15105925500392914,0.9999781847000122,0.4755508303642273,0.2532135844230652,0.15385651588439941,0.99967360496521,0.477293461561203,0.25126421451568604,0.18263055384159088,0.9997679591178894,0.46559134125709534,0.30734679102897644,-0.0593964122235775,0.9998589754104614,0.5482226610183716,0.3230988681316376,0.18702520430088043,0.9999380111694336,0.3664877712726593,0.24404940009117126,-0.1525920033454895,0.996245801448822,0.6404178142547607,0.40283989906311035,0.1576247215270996,0.9883778691291809,0.28318989276885986,0.1707400679588318,-0.15016697347164154,0.9909476637840271,0.7303136587142944,0.459734171628952,0.05078471824526787,0.9196469783782959,0.2538420259952545,0.15680775046348572,-0.1978740245103836,0.9812911748886108,0.7579556107521057,0.47292232513427734,0.019495507702231407,0.8743230104446411,0.25393593311309814,0.14646399021148682,-0.18191486597061157,0.979917585849762,0.7589906454086304,0.46564096212387085,0.009930611588060856,0.8680311441421509,0.26502934098243713,0.15174099802970886,-0.14429238438606262,0.9614797830581665,0.7497777938842773,0.4633631110191345,0.04376479610800743,0.8330508470535278,0.48908621072769165,0.5816571116447449,-0.10603731870651245,0.9989442229270935,0.5431640148162842,0.5685107707977295,0.10570253431797028,0.9991298317909241,0.33303308486938477,0.6339707374572754,-0.06647197902202606,0.9979363679885864,0.6735003590583801,0.6953469514846802,0.1366749405860901,0.9536898136138916,0.3301619291305542,0.8667360544204712,0.0398259311914444,0.9913865327835083,0.8041462302207947,0.805135190486908,0.2278950959444046,0.9614062309265137,0.34360185265541077,0.8977131843566895,0.05283428356051445,0.9909875988960266,0.8214085102081299,0.8197088241577148,0.24218067526817322,0.9638652801513672,0.25950103998184204,0.9071604609489441,0.041646603494882584,0.982266366481781,0.8278163075447083,0.8358533978462219,0.22529423236846924,0.9264513254165649
warrior2,00000181.jpg,0.5778022408485413,0.5018903017044067,-0.6469346284866333,0.9997628331184387,0.5980045795440674,0.4889674782752991,-0.6123763918876648,0.9994683861732483,0.6006420850753784,0.4899981617927551,-0.6123005151748657,0.9995126724243164,0.6034539937973022,0.49101492762565613,-0.6125425696372986,0.9993013143539429,0.5905634760856628,0.4810813069343567,-0.6323909759521484,0.999329686164856,0.5869677662849426,0.476100891828537,-0.6325594186782837,0.999152421951294,0.5830749273300171,0.47081661224365234,-0.6326023936271667,0.9986429810523987,0.5951001644134521,0.48610904812812805,-0.40393316745758057,0.9993738532066345,0.5612421631813049,0.45625030994415283,-0.4939996004104614,0.9991348385810852,0.5654724836349487,0.5086900591850281,-0.5656622052192688,0.9993857145309448,0.5525859594345093,0.4994046688079834,-0.5924343466758728,0.9990522265434265,0.5628806352615356,0.5515455007553101,-0.32902854681015015,0.9999114274978638,0.45149481296539307,0.4500786066055298,-0.42926162481307983,0.9999659061431885,0.6034694910049438,0.6535438299179077,-0.41507041454315186,0.9913654327392578,0.5231862664222717,0.357972651720047,-0.7495929598808289,0.9961543679237366,0.6499361395835876,0.7485427260398865,-0.5972986221313477,0.967156171798706,0.6112499237060547,0.2809990346431732,-0.9287060499191284,0.9937839508056641,0.6643170118331909,0.7670058012008667,-0.6345668435096741,0.9211153984069824,0.6418452858924866,0.25934699177742004,-1.0179054737091064,0.9742447733879089,0.6632999181747437,0.7679862976074219,-0.6856226325035095,0.9291751384735107,0.6509411334991455,0.2596006989479065,-0.9794507622718811,0.9701159596443176,0.6555147171020508,0.7629547715187073,-0.6253128051757812,0.9353986978530884,0.6440334916114807,0.26602375507354736,-0.9303424954414368,0.9713302254676819,0.4695456624031067,0.6850345134735107,0.012746158987283707,0.9992641806602478,0.3634498417377472,0.6810927987098694,-0.01254960149526596,0.9998763799667358,0.6515520811080933,0.7768352627754211,-0.1493060439825058,0.9981239438056946,0.17624586820602417,0.7489889860153198,-0.27592697739601135,0.9985647797584534,0.8058909177780151,0.8726941347122192,-0.11639221757650375,0.9936473965644836,0.2714741826057434,0.8514317274093628,0.2762552797794342,0.9750460982322693,0.8140238523483276,0.8880060315132141,-0.11502018570899963,0.9596005082130432,0.2990732491016388,0.8640178442001343,0.3251524269580841,0.9416496753692627,0.8629412651062012,0.918947696685791,-0.27707329392433167,0.984853982925415,0.19966983795166016,0.8875593543052673,0.24119429290294647,0.9420300722122192
warrior2,00000184.png,0.26310282945632935,0.4593554437160492,-0.19452525675296783,0.9999371767044067,0.2518680989742279,0.45891958475112915,-0.16172274947166443,0.9998366832733154,0.25201216340065,0.45894742012023926,-0.16162778437137604,0.9998295307159424,0.2521076202392578,0.4590492844581604,-0.1616765558719635,0.9997764229774475,0.24934625625610352,0.46399691700935364,-0.19408753514289856,0.9999189376831055,0.24777555465698242,0.4673416018486023,-0.1941334307193756,0.9999361038208008,0.2461307942867279,0.4707944393157959,-0.19404421746730804,0.9998888969421387,0.2538527250289917,0.473304808139801,-0.028708884492516518,0.9998492002487183,0.24549689888954163,0.4922327995300293,-0.17345531284809113,0.9999152421951294,0.2738576829433441,0.4687887728214264,-0.14837144315242767,0.9998410940170288,0.27021268010139465,0.4744359254837036,-0.1896091252565384,0.9999104738235474,0.33420485258102417,0.47540807723999023,-0.07459751516580582,0.9999772310256958,0.2894776165485382,0.5877789855003357,-0.12314055114984512,0.9995237588882446,0.3225419521331787,0.3613187074661255,-0.14644454419612885,0.9975520968437195,0.30324846506118774,0.7068066000938416,-0.18635793030261993,0.9388501048088074,0.3002321720123291,0.2671387195587158,-0.23420436680316925,0.9941593408584595,0.3206510543823242,0.806813657283783,-0.28987669944763184,0.8393625617027283,0.2934208810329437,0.23849663138389587,-0.2751513123512268,0.9741536974906921,0.3252842128276825,0.8340179920196533,-0.29596152901649475,0.7359973788261414,0.28758519887924194,0.24002981185913086,-0.2822030782699585,0.9760857820510864,0.32783836126327515,0.8354714512825012,-0.35027414560317993,0.745862603187561,0.2891366481781006,0.24941405653953552,-0.25356197357177734,0.9801018238067627,0.3283945918083191,0.8260723948478699,-0.3169674277305603,0.7671343684196472,0.5122014880180359,0.6293994784355164,-0.06796011328697205,0.9999473094940186,0.4582531452178955,0.6579912304878235,0.06760132312774658,0.9995500445365906,0.6424572467803955,0.7294036746025085,-0.056232016533613205,0.9998564720153809,0.29821962118148804,0.6955914497375488,0.12286623567342758,0.9542954564094543,0.7208292484283447,0.8492933511734009,0.086045041680336,0.9989752769470215,0.2849377989768982,0.8459259867668152,0.26996564865112305,0.9775986671447754,0.7250261902809143,0.8685015439987183,0.09126408398151398,0.984058678150177,0.29060521721839905,0.873115599155426,0.275577187538147,0.967930018901825,0.7257513999938965,0.8965449333190918,-0.09662091732025146,0.9957960844039917,0.20542293787002563,0.8859450817108154,0.15549209713935852,0.9797530174255371
warrior2,00000186.jpg,0.7344136834144592,0.3588394522666931,-0.01366741769015789,0.9994460940361023,0.7267130017280579,0.34926024079322815,0.006299818400293589,0.9996811151504517,0.7255094051361084,0.3491086959838867,0.006219310220330954,0.9995527863502502,0.723522424697876,0.348934531211853,0.006197265814989805,0.9996204376220703,0.7243630290031433,0.3492797613143921,-0.03437158465385437,0.9996022582054138,0.7214909195899963,0.3491617441177368,-0.03430912643671036,0.9995114803314209,0.7182343006134033,0.3493046164512634,-0.034279871731996536,0.9994588494300842,0.7059630155563354,0.3578595519065857,0.0909605324268341,0.9994454979896545,0.7016685605049133,0.3596462309360504,-0.09715832024812698,0.999617338180542,0.7317427396774292,0.37194153666496277,0.019848154857754707,0.998275876045227,0.7285598516464233,0.37204650044441223,-0.03522815182805061,0.9979361295700073,0.705453097820282,0.41619163751602173,0.16101329028606415,0.9971768856048584,0.6916597485542297,0.41961926221847534,-0.2017069309949875,0.9985523819923401,0.7150037288665771,0.3184906840324402,0.21483533084392548,0.1916777789592743,0.7226700186729431,0.30780133605003357,-0.3553753197193146,0.9937896132469177,0.7323939204216003,0.21525627374649048,0.07144059985876083,0.5445118546485901,0.7359793782234192,0.19649973511695862,-0.36711084842681885,0.9937936067581177,0.7325704097747803,0.18005970120429993,0.047981973737478256,0.5478727221488953,0.7391183376312256,0.16595584154129028,-0.4078004062175751,0.9890854954719543,0.7285299897193909,0.17626166343688965,0.023912711068987846,0.5440942645072937,0.7335314750671387,0.16218435764312744,-0.3911171555519104,0.9863966107368469,0.7281374931335449,0.1908496618270874,0.05206787586212158,0.5796165466308594,0.7318040728569031,0.17074111104011536,-0.3606027662754059,0.9771950840950012,0.7310399413108826,0.6452773213386536,0.10422080755233765,0.9998651742935181,0.6868489384651184,0.6544612050056458,-0.10416894406080246,0.9997652173042297,0.8334583044052124,0.7202649116516113,0.06925768405199051,0.9893592596054077,0.6031413078308105,0.7851600646972656,-0.1382148116827011,0.9993019104003906,0.8399437665939331,0.8722869753837585,0.13811908662319183,0.9895769357681274,0.5190739631652832,0.8838672637939453,-0.06035984680056572,0.9988148212432861,0.8224343657493591,0.8941782712936401,0.13928888738155365,0.974380373954773,0.5025596618652344,0.8998540043830872,-0.05669877678155899,0.9872232675552368,0.8875482678413391,0.9057037830352783,0.07655934244394302,0.9793938398361206,0.5246995687484741,0.9276396036148071,-0.15412068367004395,0.994413435459137
warrior2,00000187.jpg,0.4144893288612366,0.13675224781036377,-0.27705004811286926,0.9999639987945557,0.4238564074039459,0.11537477374076843,-0.2787202298641205,0.9998387098312378,0.42840561270713806,0.1147405207157135,-0.27866801619529724,0.9998506307601929,0.4329073131084442,0.11398923397064209,-0.27869537472724915,0.99979168176651,0.41589677333831787,0.11510220170021057,-0.24929721653461456,0.9998718500137329,0.41484972834587097,0.11425143480300903,-0.24938859045505524,0.9998922348022461,0.4139222204685211,0.11340025067329407,-0.24934130907058716,0.9998351335525513,0.45269420742988586,0.11959096789360046,-0.24188606441020966,0.9998262524604797,0.4281599223613739,0.12019145488739014,-0.10034913569688797,0.9997380375862122,0.42618605494499207,0.15717852115631104,-0.26226571202278137,0.9997779726982117,0.4153633117675781,0.15586748719215393,-0.22143198549747467,0.999582827091217,0.5241495370864868,0.2267484962940216,-0.2135528326034546,0.9997822642326355,0.38856828212738037,0.23431500792503357,-0.037145912647247314,0.9997676014900208,0.6335275173187256,0.2271292805671692,-0.2635537385940552,0.9991589784622192,0.2811511754989624,0.22219285368919373,-0.0344245545566082,0.9915509223937988,0.735075831413269,0.21121543645858765,-0.36368611454963684,0.9946982860565186,0.17900586128234863,0.19474142789840698,-0.19841796159744263,0.9907925128936768,0.7658644914627075,0.2111506462097168,-0.3931613266468048,0.9811497926712036,0.14933845400810242,0.1930234432220459,-0.23210358619689941,0.975023090839386,0.7672784924507141,0.20583918690681458,-0.4380704462528229,0.9831833839416504,0.14768889546394348,0.1906399428844452,-0.2771671414375305,0.9784061908721924,0.756865382194519,0.20775583386421204,-0.3895680606365204,0.9841103553771973,0.1575566828250885,0.1933337152004242,-0.2278662919998169,0.9834372997283936,0.5100182890892029,0.570061981678009,-0.09342105686664581,0.9981665015220642,0.42508625984191895,0.5615652799606323,0.09306369721889496,0.999028205871582,0.6366737484931946,0.7286289930343628,-0.24444417655467987,0.9987103939056396,0.2806253433227539,0.5845401883125305,-0.0422561950981617,0.9955101013183594,0.7652794718742371,0.8696925640106201,-0.18484312295913696,0.9985754489898682,0.2886599600315094,0.8557970523834229,0.06886040419340134,0.994121253490448,0.7797840237617493,0.8954999446868896,-0.18412017822265625,0.9898742437362671,0.3072385787963867,0.9009687900543213,0.0744069442152977,0.9941439032554626,0.7843360900878906,0.9270903468132019,-0.35211074352264404,0.995091438293457,0.21038854122161865,0.9114730358123779,-0.008135417476296425,0.9852619767189026
warrior2,00000188.jpg,0.5529441237449646,0.35617080330848694,-0.20414598286151886,0.9999934434890747,0.5619866847991943,0.3402734696865082,-0.18639540672302246,0.9999703168869019,0.566149890422821,0.33977124094963074,-0.1863478571176529,0.9999594688415527,0.5708235502243042,0.33928096294403076,-0.18637320399284363,0.9999369382858276,0.5537129044532776,0.3411262035369873,-0.17552591860294342,0.9999874830245972,0.5520012974739075,0.3409940302371979,-0.1756693720817566,0.9999884366989136,0.5505248308181763,0.3410003185272217,-0.17568668723106384,0.9999904632568359,0.5853561162948608,0.34547051787376404,-0.0864449292421341,0.9999227523803711,0.5604096055030823,0.3461734354496002,-0.03860311210155487,0.9999921321868896,0.5626163482666016,0.37081003189086914,-0.16908064484596252,0.9999364614486694,0.5521273016929626,0.37083709239959717,-0.15548022091388702,0.9999676942825317,0.632401704788208,0.4323696196079254,-0.0054725157096982,0.9995962977409363,0.5373223423957825,0.4282975494861603,-0.002969421213492751,0.9999934434890747,0.6966826915740967,0.4279072880744934,0.07959488034248352,0.9885957837104797,0.46603232622146606,0.41464728116989136,0.03583135828375816,0.9939495325088501,0.75075763463974,0.4308423399925232,0.14215810596942902,0.9819017052650452,0.40591996908187866,0.41217219829559326,0.041433606296777725,0.9935238361358643,0.7689794898033142,0.4319676160812378,0.16029603779315948,0.9434298872947693,0.37954792380332947,0.41172683238983154,0.026545779779553413,0.9758973717689514,0.7693371176719666,0.4296351373195648,0.12476401031017303,0.9467438459396362,0.3799784779548645,0.4093901216983795,0.00895234290510416,0.9794293642044067,0.7629600167274475,0.43015608191490173,0.12667475640773773,0.9495993852615356,0.38882163166999817,0.4113832712173462,0.02898590825498104,0.9810607433319092,0.6190003156661987,0.6525436639785767,-0.01186842005699873,0.9997183680534363,0.5566080212593079,0.6464293599128723,0.011915568262338638,0.9999969005584717,0.6699695587158203,0.7541952729225159,0.1078309640288353,0.9909343123435974,0.4570775628089905,0.6995564699172974,-0.30595216155052185,0.9997124075889587,0.7164750099182129,0.8105822801589966,0.482756644487381,0.9519911408424377,0.4603919982910156,0.8746821880340576,-0.2530178129673004,0.9993026256561279,0.7194941639900208,0.8195295929908752,0.5169800519943237,0.8694466948509216,0.4724532961845398,0.9019283056259155,-0.2517436742782593,0.9935694932937622,0.7451793551445007,0.8318948149681091,0.4520392417907715,0.9073473811149597,0.40657150745391846,0.9197062849998474,-0.3791056275367737,0.9974979758262634
warrior2,00000189.jpg,0.5063248872756958,0.31287485361099243,-0.15593788027763367,0.9999374151229858,0.5200590491294861,0.3117040991783142,-0.15971922874450684,0.9998636245727539,0.5220897197723389,0.31503385305404663,-0.15966299176216125,0.9998652935028076,0.5240941047668457,0.31850510835647583,-0.15974709391593933,0.9998319149017334,0.5169336795806885,0.307889461517334,-0.13124103844165802,0.9998205304145813,0.5165563225746155,0.30847591161727905,-0.13131731748580933,0.999795138835907,0.5163054466247559,0.3092023730278015,-0.13140983879566193,0.9997443556785583,0.532752275466919,0.34708723425865173,-0.16023707389831543,0.9998458623886108,0.5223551988601685,0.33046695590019226,-0.030313897877931595,0.9998301267623901,0.5038368701934814,0.3333805799484253,-0.15693111717700958,0.9997468590736389,0.49963605403900146,0.32850977778434753,-0.11916783452033997,0.9994840621948242,0.5459652543067932,0.4668770432472229,-0.148369699716568,0.9997822642326355,0.4676072895526886,0.3748568892478943,-0.020888211205601692,0.9999831914901733,0.5613040924072266,0.6064302921295166,-0.19738920032978058,0.9948158860206604,0.46142616868019104,0.24656623601913452,-0.058151550590991974,0.9905258417129517,0.5893088579177856,0.7269743084907532,-0.2797095775604248,0.9683713912963867,0.48559239506721497,0.12899965047836304,-0.1462891697883606,0.9831523895263672,0.6000060439109802,0.7573251724243164,-0.3042472302913666,0.9252011179924011,0.49351266026496887,0.09770703315734863,-0.19169047474861145,0.94182950258255,0.6019328832626343,0.7588398456573486,-0.32988104224205017,0.9279011487960815,0.5012447237968445,0.09927493333816528,-0.19691365957260132,0.9383226037025452,0.5969902873039246,0.7506519556045532,-0.2945391535758972,0.9315193891525269,0.5011605024337769,0.10786038637161255,-0.16131283342838287,0.9512461423873901,0.4834693670272827,0.6724291443824768,-0.033037398010492325,0.9993108510971069,0.41690585017204285,0.6578273177146912,0.03302018716931343,0.9999829530715942,0.5872968435287476,0.7786619067192078,-0.011569456197321415,0.9937443137168884,0.2898673713207245,0.6865477561950684,-0.2470201551914215,0.9995012283325195,0.6852940320968628,0.8764519095420837,0.14251916110515594,0.9899111390113831,0.27599650621414185,0.8745886087417603,-0.11734793335199356,0.9979169964790344,0.6994956731796265,0.888011634349823,0.1538926362991333,0.9624145030975342,0.2863050103187561,0.9091677069664001,-0.11124760657548904,0.99444180727005,0.7126166820526123,0.9168720841407776,0.0637560486793518,0.9769018292427063,0.2244408279657364,0.9209802150726318,-0.2082747370004654,0.9949953556060791
warrior2,00000190.jpg,0.4272412657737732,0.35430917143821716,-0.1212979257106781,0.9999593496322632,0.43469613790512085,0.34168967604637146,-0.12800119817256927,0.9998307228088379,0.43652430176734924,0.3419668674468994,-0.12799419462680817,0.9998624324798584,0.43857529759407043,0.3422561585903168,-0.1280156821012497,0.9998224377632141,0.43337881565093994,0.340716689825058,-0.10153593122959137,0.9998235106468201,0.4340711534023285,0.34039634466171265,-0.10158917307853699,0.9998499155044556,0.43478959798812866,0.34012678265571594,-0.10158220678567886,0.9997962117195129,0.45674723386764526,0.352098286151886,-0.1339254081249237,0.9998037219047546,0.44792690873146057,0.34943899512290955,-0.009277251549065113,0.9997262358665466,0.4326098561286926,0.370157390832901,-0.12343334406614304,0.9996497631072998,0.4300422668457031,0.36918920278549194,-0.08718718588352203,0.999313235282898,0.5107780694961548,0.42895710468292236,-0.1259990930557251,0.9998314380645752,0.42111918330192566,0.4285319447517395,0.01557122077792883,0.9998015761375427,0.5923115015029907,0.44705381989479065,-0.16643387079238892,0.9982450008392334,0.33968880772590637,0.42893683910369873,0.03236379101872444,0.9821100831031799,0.6597146391868591,0.4580898880958557,-0.25346410274505615,0.9939807653427124,0.2676090598106384,0.4100308418273926,-0.07240304350852966,0.9845362305641174,0.6803697943687439,0.45788145065307617,-0.2817744314670563,0.9802035093307495,0.24429254233837128,0.40786150097846985,-0.09516507387161255,0.9540392756462097,0.6821501851081848,0.45357394218444824,-0.31164389848709106,0.9833261370658875,0.24255335330963135,0.40506109595298767,-0.12696325778961182,0.9625781774520874,0.6734403371810913,0.45526638627052307,-0.2724585235118866,0.9837387800216675,0.24788109958171844,0.4076080918312073,-0.09413034468889236,0.9712555408477783,0.49333053827285767,0.6509705185890198,-0.062443703413009644,0.9988064765930176,0.44274985790252686,0.6457080245018005,0.06236828863620758,0.9996620416641235,0.5749059319496155,0.7702773809432983,-0.11496274918317795,0.9968637228012085,0.3401891589164734,0.6849051713943481,-0.05760105326771736,0.9961596727371216,0.6634449362754822,0.8575745224952698,-0.02078673616051674,0.9968382120132446,0.3277245759963989,0.860490083694458,0.01712627336382866,0.994093120098114,0.6757767200469971,0.8704755306243896,-0.015090051107108593,0.9693449139595032,0.3431302309036255,0.881019115447998,0.0203610360622406,0.9868914484977722,0.6808232069015503,0.8905349373817444,-0.12004244327545166,0.9920082092285156,0.26467201113700867,0.9036619067192078,-0.04907459020614624,0.9863126873970032
warrior2,00000191.jpg,0.5353448987007141,0.24949052929878235,-0.17245033383369446,0.9999639987945557,0.5447137355804443,0.23536455631256104,-0.17214787006378174,0.9997628331184387,0.5483181476593018,0.23538681864738464,-0.17207297682762146,0.9998304843902588,0.5515124797821045,0.2355024516582489,-0.17203903198242188,0.9997557997703552,0.5407743453979492,0.23560231924057007,-0.14722394943237305,0.9997836947441101,0.5409383773803711,0.23586949706077576,-0.1472969800233841,0.9998427629470825,0.5411498546600342,0.2359744906425476,-0.1472860723733902,0.9997643828392029,0.5658493041992188,0.24599629640579224,-0.15183928608894348,0.9997764229774475,0.5504780411720276,0.24431991577148438,-0.03176248073577881,0.9996901750564575,0.5430766344070435,0.2653011977672577,-0.16575387120246887,0.9996381998062134,0.5374589562416077,0.26538243889808655,-0.13107796013355255,0.9992901086807251,0.6273236870765686,0.33872199058532715,-0.15155768394470215,0.9997321963310242,0.5094246864318848,0.33931946754455566,0.008219639770686626,0.999618649482727,0.7279638051986694,0.32351189851760864,-0.20689205825328827,0.9990313053131104,0.4233541786670685,0.3234672546386719,0.024251827970147133,0.9888970255851746,0.8147023320198059,0.32081085443496704,-0.3107422888278961,0.9960005879402161,0.3444563150405884,0.30686041712760925,-0.11066271364688873,0.9908983111381531,0.8416962623596191,0.3219303488731384,-0.34180957078933716,0.9856846332550049,0.31513822078704834,0.3091983199119568,-0.1379958689212799,0.9737362265586853,0.8439982533454895,0.3170599043369293,-0.3763802945613861,0.9872410297393799,0.31302881240844727,0.30454036593437195,-0.18057623505592346,0.9777463674545288,0.8335025906562805,0.31875014305114746,-0.33310261368751526,0.9881299734115601,0.3211487829685211,0.3063867688179016,-0.13860371708869934,0.9822196960449219,0.6218807697296143,0.6010600924491882,-0.08195214718580246,0.9947269558906555,0.5472958087921143,0.5964867472648621,0.08183219283819199,0.9983829259872437,0.7260531187057495,0.712016224861145,-0.1771247386932373,0.9987921118736267,0.43608033657073975,0.639682948589325,-0.08569961786270142,0.9985535740852356,0.8354465961456299,0.8229944109916687,-0.07834211736917496,0.9985536932945251,0.4383437931537628,0.8387600779533386,0.05252469331026077,0.9962177872657776,0.847667396068573,0.8335899710655212,-0.07574913650751114,0.9734597206115723,0.4540412127971649,0.8688582181930542,0.0600832924246788,0.9928572177886963,0.8410452604293823,0.8771113753318787,-0.23189964890480042,0.9953932762145996,0.3832970857620239,0.8914536237716675,-0.023712171241641045,0.9907894730567932
warrior2,00000192.jpg,0.5485427379608154,0.13914638757705688,-0.3258669376373291,0.9999996423721313,0.5502775311470032,0.12254980206489563,-0.28298696875572205,0.9999992847442627,0.5528703331947327,0.12306168675422668,-0.2829616069793701,0.9999988079071045,0.5558792352676392,0.12380620837211609,-0.28290608525276184,0.9999988079071045,0.5376492738723755,0.1218099594116211,-0.30358272790908813,0.9999995231628418,0.5298152565956116,0.12189912796020508,-0.30374351143836975,0.9999992847442627,0.5212011933326721,0.12229368090629578,-0.30370190739631653,0.9999991655349731,0.5487332344055176,0.13291794061660767,-0.06799628585577011,0.9999979734420776,0.4967508018016815,0.13141146302223206,-0.15947316586971283,0.9999988079071045,0.5499230623245239,0.16185477375984192,-0.24835287034511566,0.9999979734420776,0.5346432328224182,0.1596398949623108,-0.27515366673469543,0.9999971389770508,0.5852835774421692,0.2536001205444336,0.02345328778028488,0.9999032020568848,0.434748113155365,0.2334650456905365,-0.18185046315193176,0.9998956918716431,0.6629277467727661,0.25524160265922546,-0.1714572310447693,0.9764490127563477,0.38210397958755493,0.23135972023010254,-0.35874471068382263,0.995637834072113,0.7579814195632935,0.23541942238807678,-0.5327474474906921,0.9948362112045288,0.312236487865448,0.2222749888896942,-0.42679160833358765,0.9934555888175964,0.7912079095840454,0.24076434969902039,-0.5814864635467529,0.9902456998825073,0.2831377387046814,0.22056373953819275,-0.4463753402233124,0.9795379042625427,0.7861330509185791,0.23287630081176758,-0.6064797043800354,0.9917569756507874,0.28844285011291504,0.22294273972511292,-0.4588085114955902,0.9812451601028442,0.774742603302002,0.2334924340248108,-0.5566584467887878,0.9881228804588318,0.3015512526035309,0.22606998682022095,-0.43470561504364014,0.9770013689994812,0.5436807870864868,0.5103225111961365,0.012636015191674232,0.9999943971633911,0.4461756646633148,0.5125638246536255,-0.012426610104739666,0.9999674558639526,0.6662046313285828,0.6089318990707397,-0.47441351413726807,0.9985939860343933,0.387877881526947,0.6444492936134338,0.32930460572242737,0.9906023740768433,0.6514984965324402,0.8107748031616211,-0.4981001317501068,0.9962881803512573,0.3080531358718872,0.7606554627418518,0.8083928227424622,0.9862799644470215,0.6285732984542847,0.838941752910614,-0.5108434557914734,0.9619100689888,0.3128846287727356,0.7831672430038452,0.8459070920944214,0.9260852336883545,0.7037823796272278,0.864093005657196,-0.7513242363929749,0.9949357509613037,0.24942243099212646,0.7934726476669312,0.6939907670021057,0.9819761514663696
warrior2,00000193.jpg,0.5611544251441956,0.11982500553131104,-0.14471767842769623,0.9999703168869019,0.5539324879646301,0.09766256809234619,-0.11775925010442734,0.9999014139175415,0.5531839728355408,0.09768110513687134,-0.11779456585645676,0.9999018907546997,0.5523740649223328,0.09775400161743164,-0.11784446984529495,0.999884843826294,0.5503553152084351,0.09703350067138672,-0.15362878143787384,0.9999270439147949,0.5475755333900452,0.09687381982803345,-0.15373419225215912,0.9999245405197144,0.5444844365119934,0.09697079658508301,-0.15377995371818542,0.9998900890350342,0.537202000617981,0.10933482646942139,0.006123061757534742,0.9998519420623779,0.5248960852622986,0.11004531383514404,-0.15967826545238495,0.9998972415924072,0.5593082904815674,0.14504221081733704,-0.09893755614757538,0.9997313618659973,0.5539525747299194,0.14462774991989136,-0.147043377161026,0.9997952580451965,0.5734612941741943,0.24205046892166138,0.06913936138153076,0.99982088804245,0.4563616216182709,0.2380007803440094,-0.17853525280952454,0.9997742772102356,0.6767094135284424,0.2304292917251587,0.0893227607011795,0.9926421046257019,0.35814470052719116,0.2375713288784027,-0.2249394655227661,0.9982492923736572,0.760462760925293,0.21846020221710205,-0.04737594723701477,0.9964408278465271,0.2665955722332001,0.22375687956809998,-0.25584444403648376,0.9966482520103455,0.7888535857200623,0.2147686779499054,-0.06574288010597229,0.9865784049034119,0.23755314946174622,0.21936437487602234,-0.27852779626846313,0.9880514144897461,0.7918800115585327,0.21008998155593872,-0.11331082135438919,0.9890572428703308,0.2356337308883667,0.21356746554374695,-0.30748340487480164,0.9895238280296326,0.7827467322349548,0.21344098448753357,-0.07664573192596436,0.9901739358901978,0.2452634871006012,0.21836304664611816,-0.2724038064479828,0.9864832758903503,0.5576682090759277,0.6103479266166687,0.07009346038103104,0.9995967745780945,0.4785997271537781,0.6153255105018616,-0.07007558643817902,0.999503493309021,0.6931024789810181,0.6383124589920044,-0.14184264838695526,0.9982722997665405,0.36908549070358276,0.7699408531188965,-0.1374851018190384,0.9991570711135864,0.7058350443840027,0.9044904708862305,0.01036183349788189,0.9964889287948608,0.2578628361225128,0.9024800062179565,-0.01020752266049385,0.9994227886199951,0.688511312007904,0.9463441967964172,0.018867449834942818,0.9914681911468506,0.2401873767375946,0.9239534735679626,-0.005744729656726122,0.9814557433128357,0.7747024297714233,0.9517548680305481,-0.09101240336894989,0.9933750033378601,0.2312471866607666,0.9643042087554932,-0.15303365886211395,0.9970603585243225
warrior2,00000194.jpg,0.2864113450050354,0.16750961542129517,-0.2649409770965576,0.9999043941497803,0.2962048649787903,0.1491105556488037,-0.2783856987953186,0.9996534585952759,0.2993467152118683,0.149112731218338,-0.2783631384372711,0.9997079968452454,0.30286455154418945,0.14897421002388,-0.27835020422935486,0.9996318817138672,0.2935316562652588,0.14726832509040833,-0.24178260564804077,0.9996424913406372,0.29453957080841064,0.14612096548080444,-0.24191461503505707,0.9997527003288269,0.29575783014297485,0.14473780989646912,-0.24200956523418427,0.9996739625930786,0.33247309923171997,0.16003018617630005,-0.2860635817050934,0.999541163444519,0.31787288188934326,0.15396422147750854,-0.11642832309007645,0.9994831085205078,0.293474406003952,0.18998637795448303,-0.2669166624546051,0.9995773434638977,0.28984618186950684,0.18958324193954468,-0.21756774187088013,0.9991950392723083,0.4137900173664093,0.2890942394733429,-0.24067102372646332,0.9995337724685669,0.27517107129096985,0.2806585729122162,-0.05226881429553032,0.9997970461845398,0.5288367867469788,0.34427618980407715,-0.2619841992855072,0.9968780279159546,0.1726411134004593,0.33069008588790894,-0.005868654232472181,0.9826499223709106,0.6264979839324951,0.40621915459632874,-0.36223042011260986,0.9790533185005188,0.07908549904823303,0.3637184500694275,-0.14112401008605957,0.9805630445480347,0.6614741086959839,0.4204785227775574,-0.3942779302597046,0.9404295682907104,0.04988458752632141,0.3728886842727661,-0.16376622021198273,0.945127010345459,0.6636441946029663,0.4217281639575958,-0.4369184076786041,0.9488656520843506,0.04764080047607422,0.3714956045150757,-0.21844112873077393,0.9560413360595703,0.6498579978942871,0.42073535919189453,-0.3868926167488098,0.9488059878349304,0.05656212568283081,0.3703771233558655,-0.17248816788196564,0.9631378650665283,0.4198101758956909,0.5902187824249268,-0.07476960122585297,0.995719850063324,0.33105528354644775,0.5906183123588562,0.07470635324716568,0.9985039234161377,0.5357220768928528,0.7519717812538147,-0.10921716690063477,0.9988141059875488,0.20174260437488556,0.6492751240730286,-0.07789678126573563,0.9970446228981018,0.6571024656295776,0.892659068107605,0.02409110777080059,0.9990059733390808,0.19870597124099731,0.8848668336868286,0.08018648624420166,0.995886504650116,0.6642796397209167,0.9118026494979858,0.02980096824467182,0.984265923500061,0.2134748250246048,0.9221866130828857,0.09067519009113312,0.9898723363876343,0.7069448232650757,0.9543823003768921,-0.1321854442358017,0.9956139326095581,0.12570983171463013,0.9382176995277405,-0.010185927152633667,0.9923936128616333
warrior2,00000195.jpeg,0.4355447590351105,0.28289932012557983,-0.11800185590982437,0.9999839067459106,0.443225234746933,0.26588040590286255,-0.12725409865379333,0.9999290704727173,0.4456804394721985,0.2648821473121643,-0.1272251456975937,0.9999403953552246,0.4482074975967407,0.2640265226364136,-0.12724050879478455,0.9999244213104248,0.4411030411720276,0.2667078971862793,-0.09689174592494965,0.9999395608901978,0.44207656383514404,0.2661013603210449,-0.09695171564817429,0.9999451637268066,0.4432068467140198,0.2655574083328247,-0.09692852944135666,0.9999301433563232,0.47024503350257874,0.26910021901130676,-0.13922224938869476,0.9999340772628784,0.46006667613983154,0.2702026665210724,0.004489317536354065,0.9999210834503174,0.4431579113006592,0.29570701718330383,-0.12209553271532059,0.9998706579208374,0.4400561451911926,0.2967386841773987,-0.08029105514287949,0.9996987581253052,0.535940408706665,0.35360440611839294,-0.12774699926376343,0.9997603297233582,0.4373258948326111,0.35977452993392944,0.02789532020688057,0.9998074173927307,0.6287933588027954,0.34409886598587036,-0.18232686817646027,0.9986164569854736,0.35454902052879333,0.3512558937072754,0.05502476170659065,0.978261411190033,0.7046142816543579,0.35275062918663025,-0.2633078098297119,0.9916547536849976,0.2798923850059509,0.35410115122795105,-0.06812842190265656,0.9822009205818176,0.7287116646766663,0.35999417304992676,-0.29094287753105164,0.9716417789459229,0.25423747301101685,0.35741811990737915,-0.0951678678393364,0.9542466998100281,0.7300760746002197,0.3588116765022278,-0.3253430426120758,0.974726676940918,0.25284436345100403,0.3544621467590332,-0.13274900615215302,0.9622859954833984,0.7214303016662598,0.35843825340270996,-0.2838936150074005,0.9767708778381348,0.25824040174484253,0.35587626695632935,-0.09323634952306747,0.9716692566871643,0.5271009802818298,0.6048914790153503,-0.06983821839094162,0.9959089756011963,0.4676225483417511,0.6109803915023804,0.06974462419748306,0.9990133047103882,0.6184463500976562,0.7289857268333435,-0.15551166236400604,0.9935241937637329,0.35324448347091675,0.6816501021385193,-0.059872426092624664,0.9936069250106812,0.7185722589492798,0.8391993045806885,-0.07956693321466446,0.9929385781288147,0.3864399194717407,0.8613686561584473,0.0510978028178215,0.9875998497009277,0.7297754287719727,0.8553235530853271,-0.0774216279387474,0.9529368877410889,0.40022650361061096,0.8860107660293579,0.057070598006248474,0.9856289029121399,0.7454179525375366,0.874712347984314,-0.20243777334690094,0.9835376143455505,0.32653331756591797,0.9025726318359375,-0.011435382068157196,0.9718874096870422
warrior2,00000196.jpg,0.37691301107406616,0.1045708954334259,-0.20811118185520172,0.9999792575836182,0.3714619576931,0.08553928136825562,-0.17664121091365814,0.9999480247497559,0.3713989555835724,0.08562245965003967,-0.17669959366321564,0.99994957447052,0.3711915612220764,0.0854177176952362,-0.17680051922798157,0.9999411106109619,0.3663797974586487,0.08558478951454163,-0.20140992105007172,0.9999569654464722,0.3627060651779175,0.08582484722137451,-0.2014733999967575,0.9999563694000244,0.3587505519390106,0.08612391352653503,-0.20139016211032867,0.9999327659606934,0.3593667149543762,0.09778133034706116,-0.03629056736826897,0.9999269247055054,0.34062671661376953,0.10052376985549927,-0.15281036496162415,0.9999449253082275,0.3759006857872009,0.12713730335235596,-0.15866906940937042,0.9998340606689453,0.370012104511261,0.1271677017211914,-0.1922616809606552,0.9998558759689331,0.40097352862358093,0.22482112050056458,0.022881686687469482,0.9998608827590942,0.2820705473423004,0.2308749258518219,-0.14271102845668793,0.9996352195739746,0.5016179084777832,0.20014578104019165,0.0345860980451107,0.996904194355011,0.18431447446346283,0.21833467483520508,-0.18830102682113647,0.9968728423118591,0.572904109954834,0.1879945695400238,-0.07631655782461166,0.9963294863700867,0.09589987993240356,0.20840007066726685,-0.2764306366443634,0.9881096482276917,0.6006349921226501,0.1827189028263092,-0.09707922488451004,0.9847512245178223,0.06988787651062012,0.21414247155189514,-0.30315351486206055,0.9641748070716858,0.6042672395706177,0.17807000875473022,-0.13951356709003448,0.9875912666320801,0.06754398345947266,0.21299752593040466,-0.33560916781425476,0.9693655371665955,0.59244304895401,0.18275189399719238,-0.10288649797439575,0.9894809722900391,0.07754895091056824,0.21258896589279175,-0.29650670289993286,0.9672970771789551,0.3812190294265747,0.5634287595748901,0.052708420902490616,0.9996393918991089,0.3058670163154602,0.5623247623443604,-0.052594348788261414,0.9992406368255615,0.5006653070449829,0.6831955313682556,-0.10838434845209122,0.9975831508636475,0.21921050548553467,0.7360477447509766,-0.12102898955345154,0.9990573525428772,0.492125540971756,0.9163427352905273,0.026711611077189445,0.9961920976638794,0.13080254197120667,0.8991496562957764,-0.00820289459079504,0.9989938139915466,0.4789305329322815,0.9611899256706238,0.03202605992555618,0.9889955520629883,0.1230027973651886,0.9172697067260742,-0.004725830629467964,0.970061182975769,0.5521777272224426,0.9769023656845093,-0.08217447996139526,0.9927460551261902,0.10850468277931213,0.9752622246742249,-0.1435486227273941,0.9955281615257263
warrior2,00000198.jpg,0.7344136834144592,0.3588394522666931,-0.01366741769015789,0.9994460940361023,0.7267130017280579,0.34926024079322815,0.006299818400293589,0.9996811151504517,0.7255094051361084,0.3491086959838867,0.006219310220330954,0.9995527863502502,0.723522424697876,0.348934531211853,0.006197265814989805,0.9996204376220703,0.7243630290031433,0.3492797613143921,-0.03437158465385437,0.9996022582054138,0.7214909195899963,0.3491617441177368,-0.03430912643671036,0.9995114803314209,0.7182343006134033,0.3493046164512634,-0.034279871731996536,0.9994588494300842,0.7059630155563354,0.3578595519065857,0.0909605324268341,0.9994454979896545,0.7016685605049133,0.3596462309360504,-0.09715832024812698,0.999617338180542,0.7317427396774292,0.37194153666496277,0.019848154857754707,0.998275876045227,0.7285598516464233,0.37204650044441223,-0.03522815182805061,0.9979361295700073,0.705453097820282,0.41619163751602173,0.16101329028606415,0.9971768856048584,0.6916597485542297,0.41961926221847534,-0.2017069309949875,0.9985523819923401,0.7150037288665771,0.3184906840324402,0.21483533084392548,0.1916777789592743,0.7226700186729431,0.30780133605003357,-0.3553753197193146,0.9937896132469177,0.7323939204216003,0.21525627374649048,0.07144059985876083,0.5445118546485901,0.7359793782234192,0.19649973511695862,-0.36711084842681885,0.9937936067581177,0.7325704097747803,0.18005970120429993,0.047981973737478256,0.5478727221488953,0.7391183376312256,0.16595584154129028,-0.4078004062175751,0.9890854954719543,0.7285299897193909,0.17626166343688965,0.023912711068987846,0.5440942645072937,0.7335314750671387,0.16218435764312744,-0.3911171555519104,0.9863966107368469,0.7281374931335449,0.1908496618270874,0.05206787586212158,0.5796165466308594,0.7318040728569031,0.17074111104011536,-0.3606027662754059,0.9771950840950012,0.7310399413108826,0.6452773213386536,0.10422080755233765,0.9998651742935181,0.6868489384651184,0.6544612050056458,-0.10416894406080246,0.9997652173042297,0.8334583044052124,0.7202649116516113,0.06925768405199051,0.9893592596054077,0.6031413078308105,0.7851600646972656,-0.1382148116827011,0.9993019104003906,0.8399437665939331,0.8722869753837585,0.13811908662319183,0.9895769357681274,0.5190739631652832,0.8838672637939453,-0.06035984680056572,0.9988148212432861,0.8224343657493591,0.8941782712936401,0.13928888738155365,0.974380373954773,0.5025596618652344,0.8998540043830872,-0.05669877678155899,0.9872232675552368,0.8875482678413391,0.9057037830352783,0.07655934244394302,0.9793938398361206,0.5246995687484741,0.9276396036148071,-0.15412068367004395,0.994413435459137
warrior2,00000199.jpg,0.5529441237449646,0.35617080330848694,-0.20414598286151886,0.9999934434890747,0.5619866847991943,0.3402734696865082,-0.18639540672302246,0.9999703168869019,0.566149890422821,0.33977124094963074,-0.1863478571176529,0.9999594688415527,0.5708235502243042,0.33928096294403076,-0.18637320399284363,0.9999369382858276,0.5537129044532776,0.3411262035369873,-0.17552591860294342,0.9999874830245972,0.5520012974739075,0.3409940302371979,-0.1756693720817566,0.9999884366989136,0.5505248308181763,0.3410003185272217,-0.17568668723106384,0.9999904632568359,0.5853561162948608,0.34547051787376404,-0.0864449292421341,0.9999227523803711,0.5604096055030823,0.3461734354496002,-0.03860311210155487,0.9999921321868896,0.5626163482666016,0.37081003189086914,-0.16908064484596252,0.9999364614486694,0.5521273016929626,0.37083709239959717,-0.15548022091388702,0.9999676942825317,0.632401704788208,0.4323696196079254,-0.0054725157096982,0.9995962977409363,0.5373223423957825,0.4282975494861603,-0.002969421213492751,0.9999934434890747,0.6966826915740967,0.4279072880744934,0.07959488034248352,0.9885957837104797,0.46603232622146606,0.41464728116989136,0.03583135828375816,0.9939495325088501,0.75075763463974,0.4308423399925232,0.14215810596942902,0.9819017052650452,0.40591996908187866,0.41217219829559326,0.041433606296777725,0.9935238361358643,0.7689794898033142,0.4319676160812378,0.16029603779315948,0.9434298872947693,0.37954792380332947,0.41172683238983154,0.026545779779553413,0.9758973717689514,0.7693371176719666,0.4296351373195648,0.12476401031017303,0.9467438459396362,0.3799784779548645,0.4093901216983795,0.00895234290510416,0.9794293642044067,0.7629600167274475,0.43015608191490173,0.12667475640773773,0.9495993852615356,0.38882163166999817,0.4113832712173462,0.02898590825498104,0.9810607433319092,0.6190003156661987,0.6525436639785767,-0.01186842005699873,0.9997183680534363,0.5566080212593079,0.6464293599128723,0.011915568262338638,0.9999969005584717,0.6699695587158203,0.7541952729225159,0.1078309640288353,0.9909343123435974,0.4570775628089905,0.6995564699172974,-0.30595216155052185,0.9997124075889587,0.7164750099182129,0.8105822801589966,0.482756644487381,0.9519911408424377,0.4603919982910156,0.8746821880340576,-0.2530178129673004,0.9993026256561279,0.7194941639900208,0.8195295929908752,0.5169800519943237,0.8694466948509216,0.4724532961845398,0.9019283056259155,-0.2517436742782593,0.9935694932937622,0.7451793551445007,0.8318948149681091,0.4520392417907715,0.9073473811149597,0.40657150745391846,0.9197062849998474,-0.3791056275367737,0.9974979758262634
warrior2,00000200.jpg,0.5063248872756958,0.31287485361099243,-0.15593788027763367,0.9999374151229858,0.5200590491294861,0.3117040991783142,-0.15971922874450684,0.9998636245727539,0.5220897197723389,0.31503385305404663,-0.15966299176216125,0.9998652935028076,0.5240941047668457,0.31850510835647583,-0.15974709391593933,0.9998319149017334,0.5169336795806885,0.307889461517334,-0.13124103844165802,0.9998205304145813,0.5165563225746155,0.30847591161727905,-0.13131731748580933,0.999795138835907,0.5163054466247559,0.3092023730278015,-0.13140983879566193,0.9997443556785583,0.532752275466919,0.34708723425865173,-0.16023707389831543,0.9998458623886108,0.5223551988601685,0.33046695590019226,-0.030313897877931595,0.9998301267623901,0.5038368701934814,0.3333805799484253,-0.15693111717700958,0.9997468590736389,0.49963605403900146,0.32850977778434753,-0.11916783452033997,0.9994840621948242,0.5459652543067932,0.4668770432472229,-0.148369699716568,0.9997822642326355,0.4676072895526886,0.3748568892478943,-0.020888211205601692,0.9999831914901733,0.5613040924072266,0.6064302921295166,-0.19738920032978058,0.9948158860206604,0.46142616868019104,0.24656623601913452,-0.058151550590991974,0.9905258417129517,0.5893088579177856,0.7269743084907532,-0.2797095775604248,0.9683713912963867,0.48559239506721497,0.12899965047836304,-0.1462891697883606,0.9831523895263672,0.6000060439109802,0.7573251724243164,-0.3042472302913666,0.9252011179924011,0.49351266026496887,0.09770703315734863,-0.19169047474861145,0.94182950258255,0.6019328832626343,0.7588398456573486,-0.32988104224205017,0.9279011487960815,0.5012447237968445,0.09927493333816528,-0.19691365957260132,0.9383226037025452,0.5969902873039246,0.7506519556045532,-0.2945391535758972,0.9315193891525269,0.5011605024337769,0.10786038637161255,-0.16131283342838287,0.9512461423873901,0.4834693670272827,0.6724291443824768,-0.033037398010492325,0.9993108510971069,0.41690585017204285,0.6578273177146912,0.03302018716931343,0.9999829530715942,0.5872968435287476,0.7786619067192078,-0.011569456197321415,0.9937443137168884,0.2898673713207245,0.6865477561950684,-0.2470201551914215,0.9995012283325195,0.6852940320968628,0.8764519095420837,0.14251916110515594,0.9899111390113831,0.27599650621414185,0.8745886087417603,-0.11734793335199356,0.9979169964790344,0.6994956731796265,0.888011634349823,0.1538926362991333,0.9624145030975342,0.2863050103187561,0.9091677069664001,-0.11124760657548904,0.99444180727005,0.7126166820526123,0.9168720841407776,0.0637560486793518,0.9769018292427063,0.2244408279657364,0.9209802150726318,-0.2082747370004654,0.9949953556060791
warrior2,00000202.jpg,0.5353448987007141,0.24949052929878235,-0.17245033383369446,0.9999639987945557,0.5447137355804443,0.23536455631256104,-0.17214787006378174,0.9997628331184387,0.5483181476593018,0.23538681864738464,-0.17207297682762146,0.9998304843902588,0.5515124797821045,0.2355024516582489,-0.17203903198242188,0.9997557997703552,0.5407743453979492,0.23560231924057007,-0.14722394943237305,0.9997836947441101,0.5409383773803711,0.23586949706077576,-0.1472969800233841,0.9998427629470825,0.5411498546600342,0.2359744906425476,-0.1472860723733902,0.9997643828392029,0.5658493041992188,0.24599629640579224,-0.15183928608894348,0.9997764229774475,0.5504780411720276,0.24431991577148438,-0.03176248073577881,0.9996901750564575,0.5430766344070435,0.2653011977672577,-0.16575387120246887,0.9996381998062134,0.5374589562416077,0.26538243889808655,-0.13107796013355255,0.9992901086807251,0.6273236870765686,0.33872199058532715,-0.15155768394470215,0.9997321963310242,0.5094246864318848,0.33931946754455566,0.008219639770686626,0.999618649482727,0.7279638051986694,0.32351189851760864,-0.20689205825328827,0.9990313053131104,0.4233541786670685,0.3234672546386719,0.024251827970147133,0.9888970255851746,0.8147023320198059,0.32081085443496704,-0.3107422888278961,0.9960005879402161,0.3444563150405884,0.30686041712760925,-0.11066271364688873,0.9908983111381531,0.8416962623596191,0.3219303488731384,-0.34180957078933716,0.9856846332550049,0.31513822078704834,0.3091983199119568,-0.1379958689212799,0.9737362265586853,0.8439982533454895,0.3170599043369293,-0.3763802945613861,0.9872410297393799,0.31302881240844727,0.30454036593437195,-0.18057623505592346,0.9777463674545288,0.8335025906562805,0.31875014305114746,-0.33310261368751526,0.9881299734115601,0.3211487829685211,0.3063867688179016,-0.13860371708869934,0.9822196960449219,0.6218807697296143,0.6010600924491882,-0.08195214718580246,0.9947269558906555,0.5472958087921143,0.5964867472648621,0.08183219283819199,0.9983829259872437,0.7260531187057495,0.712016224861145,-0.1771247386932373,0.9987921118736267,0.43608033657073975,0.639682948589325,-0.08569961786270142,0.9985535740852356,0.8354465961456299,0.8229944109916687,-0.07834211736917496,0.9985536932945251,0.4383437931537628,0.8387600779533386,0.05252469331026077,0.9962177872657776,0.847667396068573,0.8335899710655212,-0.07574913650751114,0.9734597206115723,0.4540412127971649,0.8688582181930542,0.0600832924246788,0.9928572177886963,0.8410452604293823,0.8771113753318787,-0.23189964890480042,0.9953932762145996,0.3832970857620239,0.8914536237716675,-0.023712171241641045,0.9907894730567932
warrior2,00000203.jpg,0.4144893288612366,0.13675224781036377,-0.27705004811286926,0.9999639987945557,0.4238564074039459,0.11537477374076843,-0.2787202298641205,0.9998387098312378,0.42840561270713806,0.1147405207157135,-0.27866801619529724,0.9998506307601929,0.4329073131084442,0.11398923397064209,-0.27869537472724915,0.99979168176651,0.41589677333831787,0.11510220170021057,-0.24929721653461456,0.9998718500137329,0.41484972834587097,0.11425143480300903,-0.24938859045505524,0.9998922348022461,0.4139222204685211,0.11340025067329407,-0.24934130907058716,0.9998351335525513,0.45269420742988586,0.11959096789360046,-0.24188606441020966,0.9998262524604797,0.4281599223613739,0.12019145488739014,-0.10034913569688797,0.9997380375862122,0.42618605494499207,0.15717852115631104,-0.26226571202278137,0.9997779726982117,0.4153633117675781,0.15586748719215393,-0.22143198549747467,0.999582827091217,0.5241495370864868,0.2267484962940216,-0.2135528326034546,0.9997822642326355,0.38856828212738037,0.23431500792503357,-0.037145912647247314,0.9997676014900208,0.6335275173187256,0.2271292805671692,-0.2635537385940552,0.9991589784622192,0.2811511754989624,0.22219285368919373,-0.0344245545566082,0.9915509223937988,0.735075831413269,0.21121543645858765,-0.36368611454963684,0.9946982860565186,0.17900586128234863,0.19474142789840698,-0.19841796159744263,0.9907925128936768,0.7658644914627075,0.2111506462097168,-0.3931613266468048,0.9811497926712036,0.14933845400810242,0.1930234432220459,-0.23210358619689941,0.975023090839386,0.7672784924507141,0.20583918690681458,-0.4380704462528229,0.9831833839416504,0.14768889546394348,0.1906399428844452,-0.2771671414375305,0.9784061908721924,0.756865382194519,0.20775583386421204,-0.3895680606365204,0.9841103553771973,0.1575566828250885,0.1933337152004242,-0.2278662919998169,0.9834372997283936,0.5100182890892029,0.570061981678009,-0.09342105686664581,0.9981665015220642,0.42508625984191895,0.5615652799606323,0.09306369721889496,0.999028205871582,0.6366737484931946,0.7286289930343628,-0.24444417655467987,0.9987103939056396,0.2806253433227539,0.5845401883125305,-0.0422561950981617,0.9955101013183594,0.7652794718742371,0.8696925640106201,-0.18484312295913696,0.9985754489898682,0.2886599600315094,0.8557970523834229,0.06886040419340134,0.994121253490448,0.7797840237617493,0.8954999446868896,-0.18412017822265625,0.9898742437362671,0.3072385787963867,0.9009687900543213,0.0744069442152977,0.9941439032554626,0.7843360900878906,0.9270903468132019,-0.35211074352264404,0.995091438293457,0.21038854122161865,0.9114730358123779,-0.008135417476296425,0.9852619767189026
warrior2,00000204.jpg,0.5611544251441956,0.11982500553131104,-0.14471767842769623,0.9999703168869019,0.5539324879646301,0.09766256809234619,-0.11775925010442734,0.9999014139175415,0.5531839728355408,0.09768110513687134,-0.11779456585645676,0.9999018907546997,0.5523740649223328,0.09775400161743164,-0.11784446984529495,0.999884843826294,0.5503553152084351,0.09703350067138672,-0.15362878143787384,0.9999270439147949,0.5475755333900452,0.09687381982803345,-0.15373419225215912,0.9999245405197144,0.5444844365119934,0.09697079658508301,-0.15377995371818542,0.9998900890350342,0.537202000617981,0.10933482646942139,0.006123061757534742,0.9998519420623779,0.5248960852622986,0.11004531383514404,-0.15967826545238495,0.9998972415924072,0.5593082904815674,0.14504221081733704,-0.09893755614757538,0.9997313618659973,0.5539525747299194,0.14462774991989136,-0.147043377161026,0.9997952580451965,0.5734612941741943,0.24205046892166138,0.06913936138153076,0.99982088804245,0.4563616216182709,0.2380007803440094,-0.17853525280952454,0.9997742772102356,0.6767094135284424,0.2304292917251587,0.0893227607011795,0.9926421046257019,0.35814470052719116,0.2375713288784027,-0.2249394655227661,0.9982492923736572,0.760462760925293,0.21846020221710205,-0.04737594723701477,0.9964408278465271,0.2665955722332001,0.22375687956809998,-0.25584444403648376,0.9966482520103455,0.7888535857200623,0.2147686779499054,-0.06574288010597229,0.9865784049034119,0.23755314946174622,0.21936437487602234,-0.27852779626846313,0.9880514144897461,0.7918800115585327,0.21008998155593872,-0.11331082135438919,0.9890572428703308,0.2356337308883667,0.21356746554374695,-0.30748340487480164,0.9895238280296326,0.7827467322349548,0.21344098448753357,-0.07664573192596436,0.9901739358901978,0.2452634871006012,0.21836304664611816,-0.2724038064479828,0.9864832758903503,0.5576682090759277,0.6103479266166687,0.07009346038103104,0.9995967745780945,0.4785997271537781,0.6153255105018616,-0.07007558643817902,0.999503493309021,0.6931024789810181,0.6383124589920044,-0.14184264838695526,0.9982722997665405,0.36908549070358276,0.7699408531188965,-0.1374851018190384,0.9991570711135864,0.7058350443840027,0.9044904708862305,0.01036183349788189,0.9964889287948608,0.2578628361225128,0.9024800062179565,-0.01020752266049385,0.9994227886199951,0.688511312007904,0.9463441967964172,0.018867449834942818,0.9914681911468506,0.2401873767375946,0.9239534735679626,-0.005744729656726122,0.9814557433128357,0.7747024297714233,0.9517548680305481,-0.09101240336894989,0.9933750033378601,0.2312471866607666,0.9643042087554932,-0.15303365886211395,0.9970603585243225
warrior2,00000205.jpg,0.5485427379608154,0.13914638757705688,-0.3258669376373291,0.9999996423721313,0.5502775311470032,0.12254980206489563,-0.28298696875572205,0.9999992847442627,0.5528703331947327,0.12306168675422668,-0.2829616069793701,0.9999988079071045,0.5558792352676392,0.12380620837211609,-0.28290608525276184,0.9999988079071045,0.5376492738723755,0.1218099594116211,-0.30358272790908813,0.9999995231628418,0.5298152565956116,0.12189912796020508,-0.30374351143836975,0.9999992847442627,0.5212011933326721,0.12229368090629578,-0.30370190739631653,0.9999991655349731,0.5487332344055176,0.13291794061660767,-0.06799628585577011,0.9999979734420776,0.4967508018016815,0.13141146302223206,-0.15947316586971283,0.9999988079071045,0.5499230623245239,0.16185477375984192,-0.24835287034511566,0.9999979734420776,0.5346432328224182,0.1596398949623108,-0.27515366673469543,0.9999971389770508,0.5852835774421692,0.2536001205444336,0.02345328778028488,0.9999032020568848,0.434748113155365,0.2334650456905365,-0.18185046315193176,0.9998956918716431,0.6629277467727661,0.25524160265922546,-0.1714572310447693,0.9764490127563477,0.38210397958755493,0.23135972023010254,-0.35874471068382263,0.995637834072113,0.7579814195632935,0.23541942238807678,-0.5327474474906921,0.9948362112045288,0.312236487865448,0.2222749888896942,-0.42679160833358765,0.9934555888175964,0.7912079095840454,0.24076434969902039,-0.5814864635467529,0.9902456998825073,0.2831377387046814,0.22056373953819275,-0.4463753402233124,0.9795379042625427,0.7861330509185791,0.23287630081176758,-0.6064797043800354,0.9917569756507874,0.28844285011291504,0.22294273972511292,-0.4588085114955902,0.9812451601028442,0.774742603302002,0.2334924340248108,-0.5566584467887878,0.9881228804588318,0.3015512526035309,0.22606998682022095,-0.43470561504364014,0.9770013689994812,0.5436807870864868,0.5103225111961365,0.012636015191674232,0.9999943971633911,0.4461756646633148,0.5125638246536255,-0.012426610104739666,0.9999674558639526,0.6662046313285828,0.6089318990707397,-0.47441351413726807,0.9985939860343933,0.387877881526947,0.6444492936134338,0.32930460572242737,0.9906023740768433,0.6514984965324402,0.8107748031616211,-0.4981001317501068,0.9962881803512573,0.3080531358718872,0.7606554627418518,0.8083928227424622,0.9862799644470215,0.6285732984542847,0.838941752910614,-0.5108434557914734,0.9619100689888,0.3128846287727356,0.7831672430038452,0.8459070920944214,0.9260852336883545,0.7037823796272278,0.864093005657196,-0.7513242363929749,0.9949357509613037,0.24942243099212646,0.7934726476669312,0.6939907670021057,0.9819761514663696
warrior2,00000206.jpg,0.2864113450050354,0.16750961542129517,-0.2649409770965576,0.9999043941497803,0.2962048649787903,0.1491105556488037,-0.2783856987953186,0.9996534585952759,0.2993467152118683,0.149112731218338,-0.2783631384372711,0.9997079968452454,0.30286455154418945,0.14897421002388,-0.27835020422935486,0.9996318817138672,0.2935316562652588,0.14726832509040833,-0.24178260564804077,0.9996424913406372,0.29453957080841064,0.14612096548080444,-0.24191461503505707,0.9997527003288269,0.29575783014297485,0.14473780989646912,-0.24200956523418427,0.9996739625930786,0.33247309923171997,0.16003018617630005,-0.2860635817050934,0.999541163444519,0.31787288188934326,0.15396422147750854,-0.11642832309007645,0.9994831085205078,0.293474406003952,0.18998637795448303,-0.2669166624546051,0.9995773434638977,0.28984618186950684,0.18958324193954468,-0.21756774187088013,0.9991950392723083,0.4137900173664093,0.2890942394733429,-0.24067102372646332,0.9995337724685669,0.27517107129096985,0.2806585729122162,-0.05226881429553032,0.9997970461845398,0.5288367867469788,0.34427618980407715,-0.2619841992855072,0.9968780279159546,0.1726411134004593,0.33069008588790894,-0.005868654232472181,0.9826499223709106,0.6264979839324951,0.40621915459632874,-0.36223042011260986,0.9790533185005188,0.07908549904823303,0.3637184500694275,-0.14112401008605957,0.9805630445480347,0.6614741086959839,0.4204785227775574,-0.3942779302597046,0.9404295682907104,0.04988458752632141,0.3728886842727661,-0.16376622021198273,0.945127010345459,0.6636441946029663,0.4217281639575958,-0.4369184076786041,0.9488656520843506,0.04764080047607422,0.3714956045150757,-0.21844112873077393,0.9560413360595703,0.6498579978942871,0.42073535919189453,-0.3868926167488098,0.9488059878349304,0.05656212568283081,0.3703771233558655,-0.17248816788196564,0.9631378650665283,0.4198101758956909,0.5902187824249268,-0.07476960122585297,0.995719850063324,0.33105528354644775,0.5906183123588562,0.07470635324716568,0.9985039234161377,0.5357220768928528,0.7519717812538147,-0.10921716690063477,0.9988141059875488,0.20174260437488556,0.6492751240730286,-0.07789678126573563,0.9970446228981018,0.6571024656295776,0.892659068107605,0.02409110777080059,0.9990059733390808,0.19870597124099731,0.8848668336868286,0.08018648624420166,0.995886504650116,0.6642796397209167,0.9118026494979858,0.02980096824467182,0.984265923500061,0.2134748250246048,0.9221866130828857,0.09067519009113312,0.9898723363876343,0.7069448232650757,0.9543823003768921,-0.1321854442358017,0.9956139326095581,0.12570983171463013,0.9382176995277405,-0.010185927152633667,0.9923936128616333
warrior2,00000207.jpeg,0.4355447590351105,0.28289932012557983,-0.11800185590982437,0.9999839067459106,0.443225234746933,0.26588040590286255,-0.12725409865379333,0.9999290704727173,0.4456804394721985,0.2648821473121643,-0.1272251456975937,0.9999403953552246,0.4482074975967407,0.2640265226364136,-0.12724050879478455,0.9999244213104248,0.4411030411720276,0.2667078971862793,-0.09689174592494965,0.9999395608901978,0.44207656383514404,0.2661013603210449,-0.09695171564817429,0.9999451637268066,0.4432068467140198,0.2655574083328247,-0.09692852944135666,0.9999301433563232,0.47024503350257874,0.26910021901130676,-0.13922224938869476,0.9999340772628784,0.46006667613983154,0.2702026665210724,0.004489317536354065,0.9999210834503174,0.4431579113006592,0.29570701718330383,-0.12209553271532059,0.9998706579208374,0.4400561451911926,0.2967386841773987,-0.08029105514287949,0.9996987581253052,0.535940408706665,0.35360440611839294,-0.12774699926376343,0.9997603297233582,0.4373258948326111,0.35977452993392944,0.02789532020688057,0.9998074173927307,0.6287933588027954,0.34409886598587036,-0.18232686817646027,0.9986164569854736,0.35454902052879333,0.3512558937072754,0.05502476170659065,0.978261411190033,0.7046142816543579,0.35275062918663025,-0.2633078098297119,0.9916547536849976,0.2798923850059509,0.35410115122795105,-0.06812842190265656,0.9822009205818176,0.7287116646766663,0.35999417304992676,-0.29094287753105164,0.9716417789459229,0.25423747301101685,0.35741811990737915,-0.0951678678393364,0.9542466998100281,0.7300760746002197,0.3588116765022278,-0.3253430426120758,0.974726676940918,0.25284436345100403,0.3544621467590332,-0.13274900615215302,0.9622859954833984,0.7214303016662598,0.35843825340270996,-0.2838936150074005,0.9767708778381348,0.25824040174484253,0.35587626695632935,-0.09323634952306747,0.9716692566871643,0.5271009802818298,0.6048914790153503,-0.06983821839094162,0.9959089756011963,0.4676225483417511,0.6109803915023804,0.06974462419748306,0.9990133047103882,0.6184463500976562,0.7289857268333435,-0.15551166236400604,0.9935241937637329,0.35324448347091675,0.6816501021385193,-0.059872426092624664,0.9936069250106812,0.7185722589492798,0.8391993045806885,-0.07956693321466446,0.9929385781288147,0.3864399194717407,0.8613686561584473,0.0510978028178215,0.9875998497009277,0.7297754287719727,0.8553235530853271,-0.0774216279387474,0.9529368877410889,0.40022650361061096,0.8860107660293579,0.057070598006248474,0.9856289029121399,0.7454179525375366,0.874712347984314,-0.20243777334690094,0.9835376143455505,0.32653331756591797,0.9025726318359375,-0.011435382068157196,0.9718874096870422
warrior2,00000208.jpg,0.37691301107406616,0.1045708954334259,-0.20811118185520172,0.9999792575836182,0.3714619576931,0.08553928136825562,-0.17664121091365814,0.9999480247497559,0.3713989555835724,0.08562245965003967,-0.17669959366321564,0.99994957447052,0.3711915612220764,0.0854177176952362,-0.17680051922798157,0.9999411106109619,0.3663797974586487,0.08558478951454163,-0.20140992105007172,0.9999569654464722,0.3627060651779175,0.08582484722137451,-0.2014733999967575,0.9999563694000244,0.3587505519390106,0.08612391352653503,-0.20139016211032867,0.9999327659606934,0.3593667149543762,0.09778133034706116,-0.03629056736826897,0.9999269247055054,0.34062671661376953,0.10052376985549927,-0.15281036496162415,0.9999449253082275,0.3759006857872009,0.12713730335235596,-0.15866906940937042,0.9998340606689453,0.370012104511261,0.1271677017211914,-0.1922616809606552,0.9998558759689331,0.40097352862358093,0.22482112050056458,0.022881686687469482,0.9998608827590942,0.2820705473423004,0.2308749258518219,-0.14271102845668793,0.9996352195739746,0.5016179084777832,0.20014578104019165,0.0345860980451107,0.996904194355011,0.18431447446346283,0.21833467483520508,-0.18830102682113647,0.9968728423118591,0.572904109954834,0.1879945695400238,-0.07631655782461166,0.9963294863700867,0.09589987993240356,0.20840007066726685,-0.2764306366443634,0.9881096482276917,0.6006349921226501,0.1827189028263092,-0.09707922488451004,0.9847512245178223,0.06988787651062012,0.21414247155189514,-0.30315351486206055,0.9641748070716858,0.6042672395706177,0.17807000875473022,-0.13951356709003448,0.9875912666320801,0.06754398345947266,0.21299752593040466,-0.33560916781425476,0.9693655371665955,0.59244304895401,0.18275189399719238,-0.10288649797439575,0.9894809722900391,0.07754895091056824,0.21258896589279175,-0.29650670289993286,0.9672970771789551,0.3812190294265747,0.5634287595748901,0.052708420902490616,0.9996393918991089,0.3058670163154602,0.5623247623443604,-0.052594348788261414,0.9992406368255615,0.5006653070449829,0.6831955313682556,-0.10838434845209122,0.9975831508636475,0.21921050548553467,0.7360477447509766,-0.12102898955345154,0.9990573525428772,0.492125540971756,0.9163427352905273,0.026711611077189445,0.9961920976638794,0.13080254197120667,0.8991496562957764,-0.00820289459079504,0.9989938139915466,0.4789305329322815,0.9611899256706238,0.03202605992555618,0.9889955520629883,0.1230027973651886,0.9172697067260742,-0.004725830629467964,0.970061182975769,0.5521777272224426,0.9769023656845093,-0.08217447996139526,0.9927460551261902,0.10850468277931213,0.9752622246742249,-0.1435486227273941,0.9955281615257263
warrior2,00000209.JPG,0.5702270865440369,0.27445706725120544,-0.06953714042901993,0.9999948740005493,0.5614829659461975,0.25811249017715454,-0.04092599079012871,0.9999905824661255,0.5602298378944397,0.2571755647659302,-0.04094884917140007,0.9999904632568359,0.5587331056594849,0.25613832473754883,-0.04102160409092903,0.999990701675415,0.5592958331108093,0.2590295374393463,-0.07573626190423965,0.9999890327453613,0.5568242073059082,0.2588363289833069,-0.07580934464931488,0.9999880790710449,0.554103672504425,0.2588137686252594,-0.07574403285980225,0.9999839067459106,0.5432425141334534,0.26224231719970703,0.08279110491275787,0.9999889135360718,0.5373395085334778,0.26620224118232727,-0.0792468711733818,0.9999845027923584,0.5673488974571228,0.2896377444267273,-0.02494867704808712,0.9999507665634155,0.5637948513031006,0.292907178401947,-0.07200972735881805,0.9999520778656006,0.5853500962257385,0.35705411434173584,0.14488229155540466,0.9999322891235352,0.4783429205417633,0.3617807924747467,-0.1202317401766777,0.9997883439064026,0.6873065233230591,0.3452184498310089,0.192484050989151,0.9843031167984009,0.37075573205947876,0.3532504439353943,-0.1664707511663437,0.9989442229270935,0.7600033283233643,0.3346007168292999,0.09615983068943024,0.996853768825531,0.27492132782936096,0.33520716428756714,-0.16816769540309906,0.997680127620697,0.7914496064186096,0.3447127938270569,0.08319388329982758,0.9881393909454346,0.2415236532688141,0.3327842354774475,-0.18194222450256348,0.9905524253845215,0.7947887182235718,0.3393990695476532,0.03441267088055611,0.990272581577301,0.24030965566635132,0.32778024673461914,-0.20737983286380768,0.9913542866706848,0.780523419380188,0.33970263600349426,0.06696400791406631,0.9913404583930969,0.25023216009140015,0.3303849995136261,-0.18303309381008148,0.9895345568656921,0.5715718269348145,0.6443612575531006,0.09352268278598785,0.9997203946113586,0.503415048122406,0.647214412689209,-0.0934237465262413,0.999478280544281,0.7104881405830383,0.701703667640686,-0.09882437437772751,0.9966879487037659,0.40251052379608154,0.790409505367279,-0.17769837379455566,0.9996256828308105,0.6878617405891418,0.9001734256744385,-0.0028319230768829584,0.993750274181366,0.2823595702648163,0.9230549335479736,-0.16090404987335205,0.9992445707321167,0.6698284149169922,0.9337512254714966,0.0010658209212124348,0.9839020371437073,0.2656199336051941,0.9420780539512634,-0.16457274556159973,0.9656153917312622,0.753764271736145,0.9423999786376953,-0.08910275250673294,0.9916419982910156,0.29536178708076477,0.9887451529502869,-0.3023805618286133,0.9969180822372437
warrior2,00000210.jpg,0.33498120307922363,0.21654504537582397,-0.29986223578453064,0.9998493194580078,0.34557440876960754,0.20805226266384125,-0.3035547733306885,0.9990357160568237,0.3498474359512329,0.20785951614379883,-0.3035031855106354,0.9992554783821106,0.35303398966789246,0.20776410400867462,-0.30352702736854553,0.9988419413566589,0.3412146270275116,0.207636758685112,-0.2721439301967621,0.9991440773010254,0.34156617522239685,0.20732834935188293,-0.2722422182559967,0.9994100332260132,0.34182822704315186,0.20697391033172607,-0.27225735783576965,0.9990289211273193,0.3730652630329132,0.2134454995393753,-0.2854381203651428,0.9986463189125061,0.35702598094940186,0.21299591660499573,-0.13726113736629486,0.9986261129379272,0.3471547067165375,0.22822482883930206,-0.29290908575057983,0.9983830451965332,0.3409251868724823,0.2278003692626953,-0.24992835521697998,0.9972075819969177,0.4517112970352173,0.2753109335899353,-0.2624935805797577,0.9996082186698914,0.31566742062568665,0.276194304227829,-0.07985541224479675,0.9997379183769226,0.5634856224060059,0.27538299560546875,-0.3208053708076477,0.9979507327079773,0.19717752933502197,0.27395206689834595,-0.07248524576425552,0.9790318012237549,0.6627552509307861,0.2711080312728882,-0.4135017991065979,0.9946468472480774,0.09328281879425049,0.258576363325119,-0.23296670615673065,0.9830912947654724,0.6941168308258057,0.2721329629421234,-0.44473564624786377,0.9847203493118286,0.05757376551628113,0.2559424638748169,-0.26003119349479675,0.9643344283103943,0.6998348236083984,0.26967108249664307,-0.48629820346832275,0.9862418174743652,0.0565362274646759,0.2547915577888489,-0.3138260543346405,0.9706633687019348,0.687686562538147,0.2720709443092346,-0.43900224566459656,0.9860849380493164,0.0669323205947876,0.2566879391670227,-0.26599472761154175,0.9780963063240051,0.4427647888660431,0.432451069355011,-0.08803265541791916,0.9943935871124268,0.35959285497665405,0.43219664692878723,0.08784735202789307,0.998840868473053,0.5736616849899292,0.49970850348472595,-0.18018734455108643,0.9973567724227905,0.2087649703025818,0.4382985830307007,-0.10565882176160812,0.9969186782836914,0.7072054147720337,0.5654820203781128,-0.061060093343257904,0.9983986020088196,0.20800147950649261,0.561840295791626,0.07621104270219803,0.9968085885047913,0.722792387008667,0.5769988298416138,-0.05643939599394798,0.9886745810508728,0.22832396626472473,0.5854268670082092,0.08768956363201141,0.9958788156509399,0.740296483039856,0.5789657235145569,-0.21737396717071533,0.9954884648323059,0.1332778036594391,0.5884935855865479,-0.0021994493436068296,0.9921342134475708
warrior2,00000211.jpg,0.43010056018829346,0.376781702041626,-0.7867542505264282,0.9999916553497314,0.4323800206184387,0.3635045289993286,-0.8151127696037292,0.9999954700469971,0.43613243103027344,0.3623577058315277,-0.8148940801620483,0.999995231628418,0.43996769189834595,0.3611031770706177,-0.8150496482849121,0.9999969005584717,0.4238421320915222,0.3619269132614136,-0.7813654541969299,0.9999891519546509,0.4217953681945801,0.36005592346191406,-0.7817029356956482,0.9999873638153076,0.41987180709838867,0.35814616084098816,-0.7818862199783325,0.9999905824661255,0.46378809213638306,0.3484998047351837,-0.820124626159668,0.9999858140945435,0.4358629286289215,0.34721434116363525,-0.6641797423362732,0.9999874830245972,0.44374698400497437,0.3835976719856262,-0.775493323802948,0.999987006187439,0.4342212677001953,0.3819461166858673,-0.730469822883606,0.9999723434448242,0.5524532794952393,0.38182196021080017,-0.7376545071601868,0.9990556836128235,0.43589702248573303,0.3623920679092407,-0.5253657102584839,0.9999336004257202,0.5578804016113281,0.3926003873348236,-0.9922284483909607,0.9679255485534668,0.33514830470085144,0.3827335834503174,-0.5033282041549683,0.9921199083328247,0.46638256311416626,0.36524486541748047,-1.312731146812439,0.9451295733451843,0.23393398523330688,0.376578152179718,-0.5863960981369019,0.9930324554443359,0.4522108733654022,0.3612859845161438,-1.4247835874557495,0.9112772941589355,0.20777347683906555,0.37229228019714355,-0.6306816339492798,0.9770951271057129,0.4503764510154724,0.3598964810371399,-1.4242609739303589,0.9130773544311523,0.2085931897163391,0.3654290437698364,-0.674822986125946,0.9787222743034363,0.4515111744403839,0.36104264855384827,-1.3264127969741821,0.8875535130500793,0.21962681412696838,0.36782681941986084,-0.6101953387260437,0.9777657389640808,0.6304681301116943,0.4712092876434326,-0.09337113797664642,0.9998881816864014,0.5879366397857666,0.4328826367855072,0.09299582988023758,0.9997162222862244,0.6095860600471497,0.6529869437217712,-0.14888422191143036,0.9930627942085266,0.6094179153442383,0.39799928665161133,0.5110352039337158,0.7822682857513428,0.5821397304534912,0.82094407081604,-0.08327794075012207,0.9941653609275818,0.6834123134613037,0.3824138641357422,0.9397372007369995,0.6419552564620972,0.5939092636108398,0.8448874950408936,-0.07908586412668228,0.990882158279419,0.6912548542022705,0.37734875082969666,0.9825358986854553,0.6761817336082458,0.5223864316940308,0.8603790998458862,-0.2442552149295807,0.9840690493583679,0.7261238694190979,0.3841211199760437,0.9567804336547852,0.6390587687492371
warrior2,00000212.jpg,0.4293793737888336,0.18052545189857483,-0.30420657992362976,0.9998365640640259,0.4407939910888672,0.15783977508544922,-0.314142107963562,0.9992989301681519,0.4451568126678467,0.15750771760940552,-0.31419286131858826,0.999419093132019,0.44983768463134766,0.15707939863204956,-0.3143349885940552,0.999158501625061,0.43608975410461426,0.15681374073028564,-0.2741674780845642,0.9994515776634216,0.4366883337497711,0.15578526258468628,-0.2743050456047058,0.9995823502540588,0.4373607635498047,0.1543196439743042,-0.2743617296218872,0.9994258880615234,0.48187220096588135,0.16733986139297485,-0.30818745493888855,0.9993792772293091,0.464041531085968,0.16322562098503113,-0.11745394766330719,0.9995978474617004,0.4391191005706787,0.2001100480556488,-0.29990750551223755,0.9989408850669861,0.4327874779701233,0.20058715343475342,-0.2445281594991684,0.9985520243644714,0.5884570479393005,0.2839440107345581,-0.24745187163352966,0.996030867099762,0.4130788743495941,0.29379239678382874,-0.0730539932847023,0.9992231130599976,0.7361217737197876,0.29594990611076355,-0.3103901147842407,0.9907394647598267,0.26214659214019775,0.2993800640106201,-0.061691392213106155,0.9568162560462952,0.8732633590698242,0.3082190752029419,-0.4346888065338135,0.9140281081199646,0.13350048661231995,0.28761133551597595,-0.23234152793884277,0.9433979988098145,0.9140772819519043,0.2976750135421753,-0.46102431416511536,0.8304395079612732,0.09135797619819641,0.2868046760559082,-0.26311248540878296,0.8870009779930115,0.9184585809707642,0.29437562823295593,-0.5221638083457947,0.8463138341903687,0.08990907669067383,0.28407022356987,-0.3169480562210083,0.9070355892181396,0.901247501373291,0.3001897931098938,-0.4695085883140564,0.8704952001571655,0.10561537742614746,0.2845129370689392,-0.26698681712150574,0.9354307651519775,0.5840485692024231,0.6210833787918091,-0.0701013058423996,0.9710919857025146,0.4692735970020294,0.6155438423156738,0.06986398994922638,0.9954720735549927,0.734222948551178,0.757178544998169,-0.1854625642299652,0.9957797527313232,0.28080520033836365,0.6852907538414001,-0.15549592673778534,0.9967113733291626,0.8805484771728516,0.8825947046279907,0.06073126569390297,0.995347797870636,0.2946641147136688,0.9357070922851562,0.044025830924510956,0.9968100190162659,0.8877964019775391,0.8961268663406372,0.07765542715787888,0.973671019077301,0.3226109743118286,0.9738026261329651,0.05641096085309982,0.9955205917358398,0.9222204685211182,0.9627885818481445,-0.10373799502849579,0.985866367816925,0.2070401906967163,1.0001112222671509,-0.07100095599889755,0.9869695901870728
warrior2,00000213.jpg,0.3196157217025757,0.2704453468322754,0.04631971940398216,0.9999995231628418,0.3157206177711487,0.25157037377357483,0.05136865749955177,0.9999996423721313,0.31483614444732666,0.25087669491767883,0.05132139474153519,0.9999996423721313,0.31383174657821655,0.25028303265571594,0.05137841776013374,0.9999995231628418,0.3150375485420227,0.25188326835632324,0.02330707013607025,0.9999996423721313,0.31362679600715637,0.2512202858924866,0.023292064666748047,0.9999997615814209,0.3119945526123047,0.2505810260772705,0.023330949246883392,0.9999996423721313,0.2988518178462982,0.2506416440010071,0.08694998919963837,0.9999996423721313,0.2974488139152527,0.25112155079841614,-0.04454931616783142,0.9999996423721313,0.3140057325363159,0.2821502387523651,0.06384924799203873,0.9999980926513672,0.3132258653640747,0.283261775970459,0.025493936613202095,0.9999984502792358,0.23314616084098816,0.30836722254753113,0.1532844752073288,0.9999703168869019,0.28434309363365173,0.313137412071228,-0.12413493543863297,0.9999915361404419,0.17391061782836914,0.3217357099056244,0.2542262375354767,0.9982420206069946,0.33254504203796387,0.31893888115882874,-0.254230797290802,0.9987050294876099,0.12146763503551483,0.33610862493515015,0.3399878740310669,0.9882408976554871,0.3939640522003174,0.3331142067909241,-0.29302549362182617,0.9821962118148804,0.10100480914115906,0.34096354246139526,0.35951340198516846,0.9709817171096802,0.41382354497909546,0.338992178440094,-0.32261183857917786,0.9673791527748108,0.1006065309047699,0.33971720933914185,0.3426653742790222,0.9697837233543396,0.4261280596256256,0.3384694457054138,-0.2965452969074249,0.964947521686554,0.10854019224643707,0.34056535363197327,0.3386373221874237,0.9538406729698181,0.41467711329460144,0.3358544707298279,-0.28063103556632996,0.9430556297302246,0.2058834284543991,0.5185984969139099,0.11109039187431335,0.9999631643295288,0.24018925428390503,0.5291467905044556,-0.11154045164585114,0.9999909400939941,0.15000179409980774,0.6336535811424255,0.22317202389240265,0.9979536533355713,0.3374282717704773,0.5867462158203125,-0.17499296367168427,0.9998908042907715,0.07498456537723541,0.7458534836769104,0.32870060205459595,0.9965510368347168,0.3081876337528229,0.7647511959075928,-0.1703801453113556,0.9996764659881592,0.05468262732028961,0.7697447538375854,0.33923017978668213,0.9949677586555481,0.29197779297828674,0.7884458303451538,-0.17095014452934265,0.9984442591667175,0.10856278240680695,0.7681198716163635,0.33544567227363586,0.9920836687088013,0.3557747006416321,0.7931572198867798,-0.20055857300758362,0.9990829229354858
warrior2,00000214.jpg,0.44370341300964355,0.20820483565330505,-0.24898624420166016,0.9989030361175537,0.4546853005886078,0.1881800889968872,-0.25415581464767456,0.9939048886299133,0.45815882086753845,0.1880001723766327,-0.254210889339447,0.9954103827476501,0.4617755711078644,0.18765687942504883,-0.254321813583374,0.9925103187561035,0.45103949308395386,0.18743988871574402,-0.21758097410202026,0.9949609041213989,0.45206910371780396,0.18677249550819397,-0.21766506135463715,0.9962792992591858,0.453154057264328,0.1859399378299713,-0.2177378237247467,0.9946868419647217,0.48369595408439636,0.19758835434913635,-0.23859448730945587,0.9934234619140625,0.47066473960876465,0.19594404101371765,-0.06644923985004425,0.9948359727859497,0.45078492164611816,0.2281385064125061,-0.2418772429227829,0.9935529232025146,0.446863055229187,0.22778558731079102,-0.19231931865215302,0.9914231896400452,0.5561542510986328,0.32608139514923096,-0.2382654994726181,0.9987223744392395,0.4194962978363037,0.30461469292640686,0.02721145562827587,0.9980921149253845,0.6784950494766235,0.3392721116542816,-0.3366125226020813,0.9923868179321289,0.30179038643836975,0.2820621430873871,0.08290388435125351,0.8150841593742371,0.7891647219657898,0.32737666368484497,-0.427285760641098,0.8984442949295044,0.24277041852474213,0.2583732008934021,0.024663669988512993,0.6812360882759094,0.81645667552948,0.32291093468666077,-0.44958388805389404,0.7958558797836304,0.22378894686698914,0.25660407543182373,0.023053184151649475,0.58151775598526,0.8183658123016357,0.31424957513809204,-0.4927952289581299,0.799271285533905,0.2374250888824463,0.25455835461616516,-0.008714688941836357,0.6044253706932068,0.8063406944274902,0.3249729573726654,-0.4523733854293823,0.8085460066795349,0.23967191576957703,0.2580925226211548,0.005745068192481995,0.6960142254829407,0.5205950140953064,0.6165145635604858,-0.1178019642829895,0.9960899353027344,0.441301167011261,0.6123797297477722,0.11763035506010056,0.9985941052436829,0.6305562257766724,0.7879411578178406,-0.2983020842075348,0.9914274215698242,0.3182917535305023,0.6869156956672668,0.0006455359980463982,0.9605334997177124,0.7718861699104309,0.9201325178146362,-0.2712876498699188,0.9954192638397217,0.3247080445289612,0.9068520665168762,0.18770964443683624,0.9803891777992249,0.7999293804168701,0.9341095089912415,-0.2729194462299347,0.9833120107650757,0.3390151262283325,0.9463844895362854,0.2002900391817093,0.9880983233451843,0.7955508232116699,0.9794512391090393,-0.4550498127937317,0.9918264150619507,0.2391841560602188,0.9442586302757263,0.09014381468296051,0.9612154364585876
warrior2,00000215.jpg,0.48472073674201965,0.22248104214668274,-0.3770974576473236,0.9999744892120361,0.49283522367477417,0.1989709436893463,-0.3796381652355194,0.9999507665634155,0.4968847334384918,0.1978101134300232,-0.3796093761920929,0.9999496936798096,0.5014919638633728,0.19653096795082092,-0.37970709800720215,0.9999308586120605,0.48805323243141174,0.20070868730545044,-0.35563698410987854,0.999922513961792,0.4882620871067047,0.20087340474128723,-0.3557635247707367,0.9999207258224487,0.48859328031539917,0.2008354663848877,-0.35569334030151367,0.9998921155929565,0.5300337672233582,0.1999686062335968,-0.32310816645622253,0.9999163150787354,0.512699544429779,0.20248550176620483,-0.21737012267112732,0.9999041557312012,0.49856287240982056,0.2431873381137848,-0.35529688000679016,0.9998526573181152,0.49135643243789673,0.2450452744960785,-0.3243798613548279,0.9997711777687073,0.6115630865097046,0.3145153820514679,-0.2122972309589386,0.9998100399971008,0.4789077937602997,0.33665820956230164,-0.18576091527938843,0.9998979568481445,0.7316464781761169,0.31248170137405396,-0.24511675536632538,0.994361400604248,0.3514447808265686,0.3414563834667206,-0.2068285197019577,0.9841995239257812,0.8443009853363037,0.31512755155563354,-0.3506644070148468,0.9894194602966309,0.24147769808769226,0.36134976148605347,-0.3504369854927063,0.9698615670204163,0.8778834342956543,0.3169978857040405,-0.37388426065444946,0.9680591225624084,0.2070586085319519,0.36485257744789124,-0.3816240429878235,0.9220263957977295,0.8809676170349121,0.31239864230155945,-0.4303259551525116,0.9746203422546387,0.20509758591651917,0.3612668812274933,-0.4230787456035614,0.9332329630851746,0.8686535358428955,0.31477704644203186,-0.37930014729499817,0.9794262051582336,0.2145603895187378,0.36464232206344604,-0.3772222697734833,0.9392496943473816,0.5793048739433289,0.6329615116119385,0.025155311450362206,0.9989263415336609,0.4884762763977051,0.631868839263916,-0.02531643584370613,0.9993008375167847,0.7323973178863525,0.5911972522735596,-0.1811804175376892,0.9929225444793701,0.3346198499202728,0.7496324777603149,-0.16245630383491516,0.9996594190597534,0.7879905700683594,0.8526358008384705,-0.046713415533304214,0.9969045519828796,0.17574042081832886,0.8876104354858398,-0.19406038522720337,0.9996392726898193,0.77410888671875,0.8982189893722534,-0.04095321521162987,0.9889569878578186,0.15776470303535461,0.9118349552154541,-0.19945959746837616,0.9917301535606384,0.8678282499313354,0.8699904084205627,-0.16303323209285736,0.9909345507621765,0.11605942249298096,0.9305040836334229,-0.3224918246269226,0.9980708956718445
warrior2,00000216.jpg,0.46424394845962524,0.16321536898612976,-0.320620596408844,0.9999557733535767,0.47605255246162415,0.14189192652702332,-0.31502416729927063,0.9996891021728516,0.4805082380771637,0.14232197403907776,-0.315013587474823,0.9996955394744873,0.4854784905910492,0.1429339051246643,-0.31504735350608826,0.9996280670166016,0.4682027995586395,0.14026665687561035,-0.2968580424785614,0.9997557997703552,0.4669666290283203,0.1393314003944397,-0.29696109890937805,0.9997332692146301,0.465779572725296,0.13824883103370667,-0.29695209860801697,0.9996955394744873,0.5036311149597168,0.15590134263038635,-0.23847495019435883,0.9996399879455566,0.47650855779647827,0.14848792552947998,-0.14966708421707153,0.9996722936630249,0.47319933772087097,0.18821758031845093,-0.29038262367248535,0.9996002316474915,0.4627591371536255,0.18403631448745728,-0.2647268772125244,0.9994921684265137,0.55990070104599,0.2772098779678345,-0.16356588900089264,0.9993723034858704,0.43363824486732483,0.2592979073524475,-0.07400968670845032,0.9997537732124329,0.6600948572158813,0.2937510311603546,-0.20174749195575714,0.9979914426803589,0.33737602829933167,0.2853780686855316,-0.06155060976743698,0.9900109171867371,0.7553573846817017,0.28186294436454773,-0.3084530532360077,0.9861095547676086,0.24314528703689575,0.26659834384918213,-0.20092979073524475,0.9861019849777222,0.7815003395080566,0.281459778547287,-0.3293156921863556,0.9567949771881104,0.21411585807800293,0.26860737800598145,-0.2268892526626587,0.9578071236610413,0.7881627082824707,0.274502158164978,-0.37182435393333435,0.9647010564804077,0.21194148063659668,0.2608703672885895,-0.2707393169403076,0.9653438329696655,0.7768548727035522,0.27651992440223694,-0.3321719169616699,0.9699622392654419,0.22218108177185059,0.2625032067298889,-0.22708256542682648,0.9725463390350342,0.5247705578804016,0.609763503074646,-0.04654203727841377,0.990462601184845,0.44526761770248413,0.5930618643760681,0.04639983922243118,0.9973313808441162,0.6289389133453369,0.7672178745269775,-0.16665561497211456,0.991958498954773,0.31163787841796875,0.6566468477249146,-0.1439076066017151,0.996056318283081,0.7334186434745789,0.9075890779495239,-0.01233601663261652,0.9911638498306274,0.3206747770309448,0.9009524583816528,0.039618365466594696,0.9909721612930298,0.7433724403381348,0.9249507188796997,-0.0032311552204191685,0.9374281764030457,0.3377697169780731,0.9385982751846313,0.052531737834215164,0.9845924973487854,0.7537269592285156,0.9613426327705383,-0.14716914296150208,0.9704148769378662,0.25522124767303467,0.9439294338226318,-0.048592884093523026,0.9661780595779419
warrior2,00000217.jpg,0.5610848665237427,0.29831254482269287,-0.16456592082977295,0.9999850988388062,0.5580623149871826,0.28067779541015625,-0.13772015273571014,0.9999727010726929,0.5583935379981995,0.2802712321281433,-0.1377600133419037,0.9999711513519287,0.5585668087005615,0.2798759341239929,-0.13783743977546692,0.9999669790267944,0.5524286031723022,0.2811681926250458,-0.16169247031211853,0.9999778270721436,0.5490979552268982,0.2812184691429138,-0.16177241504192352,0.9999750852584839,0.5459408760070801,0.2815905809402466,-0.16175459325313568,0.9999682903289795,0.5468260049819946,0.2882121205329895,-0.01819811388850212,0.9999610185623169,0.5294836163520813,0.2901853919029236,-0.13003647327423096,0.9999750852584839,0.5600975155830383,0.31504178047180176,-0.1224321648478508,0.9998927116394043,0.5539479851722717,0.3170506954193115,-0.15487228333950043,0.9999227523803711,0.576129138469696,0.38352251052856445,0.037991274148225784,0.9997078776359558,0.47506439685821533,0.3766923248767853,-0.13483503460884094,0.9997491240501404,0.6623513102531433,0.34942784905433655,0.027371997013688087,0.9946052432060242,0.381563663482666,0.35578498244285583,-0.18453557789325714,0.9984524250030518,0.7263081073760986,0.31384336948394775,-0.0770067349076271,0.9949902892112732,0.30713438987731934,0.3152788579463959,-0.25305500626564026,0.9939365983009338,0.746209979057312,0.30200639367103577,-0.09569396078586578,0.980548620223999,0.2819363474845886,0.30313554406166077,-0.27717024087905884,0.9789407849311829,0.7475615739822388,0.29685112833976746,-0.12667296826839447,0.9832748770713806,0.27917659282684326,0.2995489835739136,-0.3048195242881775,0.9814117550849915,0.7406570315361023,0.30263450741767883,-0.09730692952871323,0.9855527281761169,0.28743013739585876,0.3052331805229187,-0.26992133259773254,0.9787782430648804,0.5403950214385986,0.6332342624664307,0.06289289146661758,0.9989538192749023,0.4771675169467926,0.6390390992164612,-0.0628678947687149,0.9987132549285889,0.6629035472869873,0.6546086072921753,-0.0888264998793602,0.9971081614494324,0.3797348141670227,0.7619478702545166,-0.1414026916027069,0.9994439482688904,0.6613021492958069,0.8492370247840881,-0.004066208377480507,0.9960540533065796,0.28349071741104126,0.8643941879272461,-0.09547508507966995,0.9992048144340515,0.6435806751251221,0.8807632923126221,-0.00192583492025733,0.9889688491821289,0.27135202288627625,0.8814608454704285,-0.0960700511932373,0.9719192981719971,0.7191925048828125,0.8863041996955872,-0.08478762209415436,0.9904728531837463,0.26956483721733093,0.9145383238792419,-0.2111675888299942,0.9952749013900757
warrior2,00000218.jpg,0.5389354825019836,0.3473055362701416,-0.13141508400440216,0.9999926090240479,0.5360949039459229,0.332444965839386,-0.11239378154277802,0.9999833106994629,0.5358757972717285,0.33183690905570984,-0.1124490275979042,0.9999841451644897,0.5354957580566406,0.3310924172401428,-0.11250621825456619,0.9999778270721436,0.5335197448730469,0.3327524960041046,-0.13666537404060364,0.9999862909317017,0.5314135551452637,0.33259257674217224,-0.13669733703136444,0.9999862909317017,0.5294028520584106,0.33256861567497253,-0.13663384318351746,0.9999767541885376,0.5260166525840759,0.3365657925605774,-0.03148181736469269,0.9999808073043823,0.5171326398849487,0.34040459990501404,-0.14369264245033264,0.9999864101409912,0.5373972058296204,0.3633713126182556,-0.10290080308914185,0.9999433755874634,0.5342087149620056,0.36559775471687317,-0.1352294385433197,0.9999597072601318,0.5471248626708984,0.4205367863178253,-0.0025559416972100735,0.9999537467956543,0.47349730134010315,0.42686012387275696,-0.14971749484539032,0.9998766183853149,0.6111401319503784,0.42889517545700073,-0.0019148760475218296,0.9963555335998535,0.40969130396842957,0.4479716122150421,-0.19538411498069763,0.9964131712913513,0.6589149236679077,0.4181353747844696,-0.07968151569366455,0.9966989159584045,0.3549414277076721,0.4532994031906128,-0.24466843903064728,0.9915450811386108,0.6741985082626343,0.4179275929927826,-0.09485038369894028,0.9866459369659424,0.33691731095314026,0.45461505651474,-0.2636689245700836,0.9774972796440125,0.6750600337982178,0.4143493175506592,-0.1225699633359909,0.9893249869346619,0.33633142709732056,0.4511371850967407,-0.2848392128944397,0.9804614782333374,0.6688379645347595,0.4151429831981659,-0.09791655838489532,0.9913116693496704,0.3428341746330261,0.45215317606925964,-0.25746244192123413,0.9773432016372681,0.5301725268363953,0.6428564190864563,0.04028012976050377,0.999552309513092,0.4849543273448944,0.6446628570556641,-0.04025110602378845,0.9993416666984558,0.6113691329956055,0.6560787558555603,-0.04696685075759888,0.9982075691223145,0.41898974776268005,0.7368488311767578,-0.0821295902132988,0.9996048808097839,0.609237015247345,0.8155316114425659,0.0308595709502697,0.9973702430725098,0.35055065155029297,0.8229790329933167,-0.03762573003768921,0.9996569156646729,0.6003817915916443,0.8386908173561096,0.033892735838890076,0.9933544397354126,0.3394736051559448,0.834010899066925,-0.03845687583088875,0.9890208840370178,0.6418731212615967,0.8500533103942871,-0.026948075741529465,0.9957928657531738,0.33910462260246277,0.8601521849632263,-0.1258876621723175,0.9981902241706848
warrior2,00000219.jpg,0.4492329955101013,0.20661592483520508,-0.282255619764328,0.9999184608459473,0.46069809794425964,0.19065868854522705,-0.2916754186153412,0.999546468257904,0.46433594822883606,0.19051167368888855,-0.2916468381881714,0.9996240139007568,0.4685095548629761,0.19039523601531982,-0.29168233275413513,0.9994146823883057,0.4559911787509918,0.18925169110298157,-0.257901668548584,0.999581515789032,0.4563625454902649,0.1880294382572174,-0.2580298185348511,0.9997164607048035,0.45690008997917175,0.18660187721252441,-0.2580655813217163,0.9995668530464172,0.4917702078819275,0.1986982822418213,-0.2879237234592438,0.9994338154792786,0.47658827900886536,0.19437339901924133,-0.12910935282707214,0.9995104074478149,0.4578309953212738,0.22264257073402405,-0.2794603407382965,0.9994019269943237,0.4516548812389374,0.22172439098358154,-0.23333640396595,0.9989961981773376,0.5674370527267456,0.29201650619506836,-0.24913935363292694,0.9996767044067383,0.4348074197769165,0.27921223640441895,-0.08031663298606873,0.9998550415039062,0.6854780316352844,0.31665438413619995,-0.2765516936779022,0.9980946183204651,0.32489681243896484,0.27679798007011414,-0.057977210730314255,0.9832034111022949,0.7968772649765015,0.32905951142311096,-0.3868452310562134,0.9874951243400574,0.22148075699806213,0.258091002702713,-0.17895522713661194,0.9838459491729736,0.827958345413208,0.32236120104789734,-0.41446852684020996,0.9609196186065674,0.19286534190177917,0.249805748462677,-0.20025929808616638,0.9546355605125427,0.8335984945297241,0.3142426013946533,-0.4547037184238434,0.9676844477653503,0.19062373042106628,0.24453938007354736,-0.24441200494766235,0.9628394842147827,0.8223335146903992,0.3216078281402588,-0.4121350646018982,0.970081627368927,0.20019415020942688,0.2490721046924591,-0.20695573091506958,0.9723783731460571,0.5707508325576782,0.5300577878952026,-0.07846085727214813,0.9970995187759399,0.4857538938522339,0.5298106074333191,0.07825376838445663,0.9994468092918396,0.6726850271224976,0.6475062370300293,-0.10834614187479019,0.9969536066055298,0.3516327738761902,0.5859629511833191,-0.08025657385587692,0.9968488812446594,0.7812118530273438,0.7641322612762451,0.061337910592556,0.9973262548446655,0.3397366404533386,0.7563313841819763,0.08956185728311539,0.9964126944541931,0.800270676612854,0.7827374935150146,0.07277306169271469,0.9768784642219543,0.357519268989563,0.7884989380836487,0.10086273401975632,0.9943442344665527,0.7964662313461304,0.7903128862380981,-0.07124935835599899,0.9914336204528809,0.26384562253952026,0.7982305288314819,0.010505001060664654,0.9909226298332214
warrior2,00000220.jpg,0.5375092625617981,0.18102997541427612,-0.3525564968585968,0.9999743700027466,0.5472745299339294,0.1598629355430603,-0.3505783975124359,0.9998520612716675,0.5521954894065857,0.15908625721931458,-0.35054072737693787,0.9998574256896973,0.5575556755065918,0.15827786922454834,-0.3505500853061676,0.9997929930686951,0.5380415916442871,0.16060128808021545,-0.3270554542541504,0.9998847246170044,0.5364741086959839,0.16061154007911682,-0.3271607458591461,0.9998787641525269,0.5351658463478088,0.1603734791278839,-0.3271165192127228,0.9998364448547363,0.5799046158790588,0.16309836506843567,-0.2794557809829712,0.9998002648353577,0.5510358214378357,0.16106095910072327,-0.16665810346603394,0.9998260140419006,0.55101478099823,0.20126724243164062,-0.32364940643310547,0.9996975660324097,0.5396654009819031,0.20172619819641113,-0.2908105254173279,0.9996036887168884,0.652499794960022,0.27305111289024353,-0.19721831381320953,0.9997537732124329,0.5108944773674011,0.2610897719860077,-0.09549172967672348,0.9999443292617798,0.7660160064697266,0.2849291265010834,-0.2350326031446457,0.9983522891998291,0.40478283166885376,0.2704549729824066,-0.07633800804615021,0.9942789077758789,0.8490415811538696,0.27060794830322266,-0.36083829402923584,0.9929400682449341,0.31049296259880066,0.2433692216873169,-0.23589272797107697,0.9942717552185059,0.8790667057037354,0.2726976275444031,-0.3933374285697937,0.9737595915794373,0.27932071685791016,0.245820552110672,-0.2726230025291443,0.9782654643058777,0.8821330070495605,0.2672120928764343,-0.4376453757286072,0.9787654280662537,0.27861088514328003,0.23952502012252808,-0.31703951954841614,0.9820094108581543,0.869781494140625,0.2697135806083679,-0.38758566975593567,0.9819419384002686,0.28698110580444336,0.24058303236961365,-0.26508042216300964,0.9853384494781494,0.6274040937423706,0.5585145950317383,-0.04789910465478897,0.9983525276184082,0.5351880192756653,0.5425829887390137,0.047850579023361206,0.9997028708457947,0.735832691192627,0.6927332282066345,-0.08412601053714752,0.9949572682380676,0.3912044167518616,0.5888451933860779,-0.14307542145252228,0.998803973197937,0.856807291507721,0.8158615231513977,0.08180679380893707,0.9936935305595398,0.34984827041625977,0.8049919605255127,-2.3209018763736822e-05,0.9966002106666565,0.8670393228530884,0.835201621055603,0.09100071340799332,0.9557194709777832,0.3616427481174469,0.8403700590133667,0.007606501691043377,0.9901982545852661,0.900698184967041,0.8714504241943359,-0.057658158242702484,0.9800815582275391,0.27763718366622925,0.8533615469932556,-0.10283609479665756,0.988569438457489
warrior2,00000221.jpg,0.5254559516906738,0.3546695113182068,-0.4489223062992096,0.9999963045120239,0.5192312002182007,0.3408750295639038,-0.40865999460220337,0.9999885559082031,0.5193559527397156,0.3408096134662628,-0.4086708128452301,0.9999902248382568,0.5193161964416504,0.34066006541252136,-0.40877190232276917,0.9999864101409912,0.5127073526382446,0.3413538932800293,-0.4560425877571106,0.9999895095825195,0.5076850056648254,0.3413641154766083,-0.45620158314704895,0.99998939037323,0.5012930631637573,0.34105661511421204,-0.4560835659503937,0.9999804496765137,0.49962159991264343,0.3478495478630066,-0.2213016003370285,0.9999872446060181,0.4682912826538086,0.3484008312225342,-0.44482359290122986,0.9999853372573853,0.5228164792060852,0.3731843829154968,-0.3820502758026123,0.9999622106552124,0.5130334496498108,0.374298095703125,-0.4465237259864807,0.9999645948410034,0.5590438842773438,0.43707048892974854,-0.16052697598934174,0.9999773502349854,0.36865925788879395,0.43528974056243896,-0.41664472222328186,0.9998908042907715,0.708202600479126,0.43055588006973267,-0.17160679399967194,0.9991697072982788,0.21757610142230988,0.4366952180862427,-0.5090494751930237,0.9982209801673889,0.8385670185089111,0.41329845786094666,-0.3336900472640991,0.9991999268531799,0.08971816301345825,0.4407707452774048,-0.6237998008728027,0.9945336580276489,0.8818291425704956,0.41512638330459595,-0.3716953694820404,0.9955083131790161,0.04709532856941223,0.4407946467399597,-0.6576657295227051,0.9828715324401855,0.8848281502723694,0.413627028465271,-0.42965981364250183,0.9965081810951233,0.044940173625946045,0.4386712312698364,-0.7164331078529358,0.9852079153060913,0.8681367635726929,0.4149291515350342,-0.3724651336669922,0.9970629811286926,0.059303730726242065,0.44146451354026794,-0.6565425992012024,0.9837402701377869,0.5079734921455383,0.6564508676528931,0.05875582993030548,0.9997007846832275,0.3918001353740692,0.6544972658157349,-0.0587039589881897,0.999457061290741,0.6949748396873474,0.6821430921554565,-0.2793901860713959,0.9978918433189392,0.24624928832054138,0.7571691274642944,-0.16790726780891418,0.9990863800048828,0.7248639464378357,0.8648079633712769,-0.16483357548713684,0.997400164604187,0.08379492163658142,0.8561360239982605,-0.02529907412827015,0.9986967444419861,0.7015498876571655,0.8921414017677307,-0.16314107179641724,0.9922025203704834,0.05247616767883301,0.8662174940109253,-0.023453831672668457,0.9646642208099365,0.8114477396011353,0.8960204124450684,-0.3415760397911072,0.9961037635803223,0.0753093957901001,0.9127483367919922,-0.23187214136123657,0.9940086603164673
warrior2,00000222.jpg,0.5200166702270508,0.7149882912635803,-0.45549970865249634,0.9999977350234985,0.529891848564148,0.7244223356246948,-0.4535418748855591,0.9999963045120239,0.5299546122550964,0.7286028861999512,-0.45343148708343506,0.9999958276748657,0.5299285650253296,0.7332091331481934,-0.45354124903678894,0.9999953508377075,0.5303260684013367,0.7168301343917847,-0.43863987922668457,0.9999966621398926,0.5305019617080688,0.7155318856239319,-0.43871045112609863,0.9999954700469971,0.5307946801185608,0.7143169641494751,-0.4387090802192688,0.9999957084655762,0.5232770442962646,0.748072624206543,-0.36408931016921997,0.999995231628418,0.526637077331543,0.7240877747535706,-0.29840707778930664,0.9999951124191284,0.5070871114730835,0.7215623259544373,-0.41767096519470215,0.999997615814209,0.5092341899871826,0.7138252854347229,-0.3992166519165039,0.9999955892562866,0.46631085872650146,0.7919851541519165,-0.21041426062583923,0.9999333620071411,0.4577469527721405,0.6913837194442749,-0.20273223519325256,0.9999992847442627,0.40361204743385315,0.8223050236701965,-0.0307608712464571,0.7746050357818604,0.3895956873893738,0.7192927002906799,-0.09247522801160812,0.47350847721099854,0.34927839040756226,0.8080878853797913,0.10715587437152863,0.2770584523677826,0.3458321690559387,0.7612736225128174,-0.07161248475313187,0.1838495284318924,0.3297445476055145,0.806452751159668,0.14153261482715607,0.18483150005340576,0.3316207528114319,0.7720815539360046,-0.0723191425204277,0.19155587255954742,0.3347289562225342,0.7983412146568298,0.12189461290836334,0.18161793053150177,0.34047725796699524,0.771196722984314,-0.09405600279569626,0.19460715353488922,0.3377285897731781,0.7982107996940613,0.10823795944452286,0.1875729262828827,0.3422386944293976,0.770729660987854,-0.07888011634349823,0.17756211757659912,0.35847505927085876,0.7894003391265869,0.03775189816951752,0.9998667240142822,0.3121614456176758,0.7607148289680481,-0.03793211653828621,0.9999899864196777,0.46950316429138184,0.8204517960548401,-0.01504549290984869,0.6666496396064758,0.2158259153366089,0.8419468402862549,-0.05702437460422516,0.9954038858413696,0.47541970014572144,0.923922061920166,0.012217441573739052,0.70914226770401,0.10883559286594391,0.9200609922409058,0.00618210481479764,0.9935523271560669,0.47024646401405334,0.9377263188362122,0.011883709579706192,0.7255070209503174,0.09510341286659241,0.9236998558044434,0.006087535992264748,0.9678457975387573,0.5284714102745056,0.9405051469802856,-0.04789987951517105,0.8459336757659912,0.08313661813735962,0.9542662501335144,-0.11058971285820007,0.9888338446617126
warrior2,00000223.jpg,0.3781583309173584,0.34052544832229614,-0.14657527208328247,0.9998455047607422,0.3893953859806061,0.32313454151153564,-0.1640876680612564,0.9998947381973267,0.3921158015727997,0.3235782980918884,-0.16404825448989868,0.9998675584793091,0.3951400816440582,0.3243211507797241,-0.1640443652868271,0.9998927116394043,0.3880840241909027,0.32174333930015564,-0.12098445743322372,0.9998688697814941,0.38981005549430847,0.3209712505340576,-0.12097907066345215,0.9997822642326355,0.39165839552879333,0.320355087518692,-0.12098626792430878,0.9998090863227844,0.4198267161846161,0.3379082977771759,-0.21630917489528656,0.9998188614845276,0.41239914298057556,0.3345338702201843,-0.015252720564603806,0.9996738433837891,0.38598278164863586,0.3583785593509674,-0.1651441752910614,0.9993888139724731,0.38318735361099243,0.3567373752593994,-0.10697927325963974,0.9992247819900513,0.45248982310295105,0.4105146825313568,-0.29714685678482056,0.9990538954734802,0.4071771204471588,0.40191036462783813,0.05754075571894646,0.9985648989677429,0.4260355234146118,0.26760944724082947,-0.45740944147109985,0.998814582824707,0.3936709463596344,0.2696376442909241,0.11280229687690735,0.3847845494747162,0.4220876693725586,0.12886518239974976,-0.4451337456703186,0.9961982369422913,0.3951684534549713,0.14481407403945923,-0.008764989674091339,0.6716601848602295,0.4196295738220215,0.0934145450592041,-0.4931894540786743,0.9903854131698608,0.39691752195358276,0.10864055156707764,-0.05010281875729561,0.6635304689407349,0.4244305491447449,0.08956682682037354,-0.4702135920524597,0.9881672263145447,0.402758926153183,0.10433292388916016,-0.06220231205224991,0.6617902517318726,0.42545732855796814,0.10110408067703247,-0.43880072236061096,0.9836314916610718,0.4030498266220093,0.11703526973724365,-0.027614012360572815,0.7028639316558838,0.4482836127281189,0.6845327615737915,-0.09618259221315384,0.9993107318878174,0.3922174870967865,0.6743767857551575,0.09602198004722595,0.9998549222946167,0.5685480237007141,0.7715603709220886,0.05761605501174927,0.9966259002685547,0.2582957148551941,0.723891019821167,-0.11486585438251495,0.9955406785011292,0.6634104251861572,0.843970000743866,0.31788134574890137,0.9942067861557007,0.22969815135002136,0.8997553586959839,-0.0079270638525486,0.993237316608429,0.6824681758880615,0.8519065380096436,0.3370577096939087,0.9485712051391602,0.24234992265701294,0.9280941486358643,-0.004084755666553974,0.9840091466903687,0.6617646217346191,0.8984889984130859,0.21082617342472076,0.9821198582649231,0.16367357969284058,0.9475704431533813,-0.09376288950443268,0.9833742380142212
warrior2,00000224.jpg,0.3309437036514282,0.20015265047550201,0.03317350149154663,0.9999582767486572,0.3280641734600067,0.19081221520900726,0.032222431153059006,0.9999662637710571,0.3269862234592438,0.18989010155200958,0.0321456603705883,0.9999673366546631,0.32583749294281006,0.1889028251171112,0.03219686448574066,0.9999749660491943,0.32892686128616333,0.19167771935462952,0.011548465117812157,0.9999858140945435,0.3284761309623718,0.19142870604991913,0.0115420613437891,0.9999850988388062,0.3279413878917694,0.19116604328155518,0.011433706618845463,0.9999849796295166,0.3146958351135254,0.18923333287239075,0.039722226560115814,0.9999361038208008,0.3197670578956604,0.192574143409729,-0.05612460896372795,0.9999576807022095,0.325641930103302,0.20664924383163452,0.03991822525858879,0.9997473359107971,0.3258756697177887,0.20779870450496674,0.012000884860754013,0.9997890591621399,0.2689877152442932,0.225600004196167,0.06714491546154022,0.9990155696868896,0.31566253304481506,0.24585814774036407,-0.09775488078594208,0.999784529209137,0.20949161052703857,0.19599184393882751,0.08009056746959686,0.9948723912239075,0.36531156301498413,0.25943100452423096,-0.16741976141929626,0.9973959922790527,0.15347528457641602,0.1745450794696808,0.06047840043902397,0.9897187948226929,0.4015384018421173,0.26655107736587524,-0.1811169534921646,0.9762418270111084,0.13412250578403473,0.17292755842208862,0.05300714820623398,0.9829136729240417,0.41491782665252686,0.2722311019897461,-0.19981352984905243,0.9647155404090881,0.13370731472969055,0.16991358995437622,0.051126495003700256,0.9819053411483765,0.4150507152080536,0.2692599296569824,-0.186479851603508,0.9615575671195984,0.13968409597873688,0.17199648916721344,0.060008127242326736,0.9631124138832092,0.41037699580192566,0.26793941855430603,-0.17330791056156158,0.9276143908500671,0.26570582389831543,0.36425653100013733,0.06255586445331573,0.9994091987609863,0.28234627842903137,0.3715761601924896,-0.06319709122180939,0.9995978474617004,0.1860685646533966,0.4057339131832123,0.06326316297054291,0.9981133937835693,0.3498610556125641,0.4175531268119812,0.015994403511285782,0.9984493255615234,0.11432196199893951,0.45346271991729736,0.06115315482020378,0.9958226680755615,0.32745787501335144,0.5077282190322876,0.07432089745998383,0.9976897239685059,0.10086502134799957,0.4584812819957733,0.0627470463514328,0.9958859086036682,0.3170168399810791,0.5184264779090881,0.08053560554981232,0.9959084987640381,0.10749751329421997,0.4653899371623993,0.05274701490998268,0.9920201897621155,0.3591999113559723,0.5273690819740295,0.07838048785924911,0.9941415190696716
warrior2,00000225.jpg,0.5101134181022644,0.3221435248851776,-0.27868056297302246,0.9989872574806213,0.5174410939216614,0.31651967763900757,-0.2585850656032562,0.9936692118644714,0.5207224488258362,0.316803514957428,-0.25858762860298157,0.9927997589111328,0.5241697430610657,0.3171934485435486,-0.25862136483192444,0.9902582168579102,0.5083348155021667,0.31571507453918457,-0.2548893988132477,0.99544757604599,0.5061710476875305,0.3153836727142334,-0.2549685537815094,0.9957213401794434,0.5040674209594727,0.31510215997695923,-0.2549917697906494,0.9959244728088379,0.5322930216789246,0.320212721824646,-0.14043183624744415,0.9801961779594421,0.5067363977432251,0.31745320558547974,-0.12381213158369064,0.9954662322998047,0.5176716446876526,0.329620361328125,-0.2352214753627777,0.9886928796768188,0.5065549612045288,0.3288048505783081,-0.23015153408050537,0.9911098480224609,0.5645785927772522,0.3496938943862915,-0.0724770575761795,0.998580813407898,0.4872514605522156,0.3486473262310028,-0.06839662790298462,0.9998255372047424,0.6261131763458252,0.3584434688091278,-0.07528549432754517,0.9832732677459717,0.4183884561061859,0.3439532518386841,-0.07591567188501358,0.995390772819519,0.6787715554237366,0.3614952564239502,-0.1819535344839096,0.9766674041748047,0.3590778708457947,0.33557286858558655,-0.17369820177555084,0.9940468072891235,0.6958056688308716,0.3599063456058502,-0.20347721874713898,0.922416090965271,0.34118854999542236,0.33408960700035095,-0.2065432071685791,0.9737322330474854,0.6987234950065613,0.35775887966156006,-0.23699629306793213,0.9334733486175537,0.3397858738899231,0.3328709304332733,-0.23100318014621735,0.977049708366394,0.6918079257011414,0.35903799533843994,-0.20343108475208282,0.9391924738883972,0.346142053604126,0.33398258686065674,-0.19193623960018158,0.9807685017585754,0.562562108039856,0.44901809096336365,-0.016117241233587265,0.9992421865463257,0.5097415447235107,0.44657403230667114,0.016169646754860878,0.9999685287475586,0.6217966079711914,0.49374112486839294,0.05018604174256325,0.9898936152458191,0.4308466613292694,0.4678261876106262,-0.2601800262928009,0.9992225170135498,0.6741518974304199,0.5380830764770508,0.3336517810821533,0.9814209342002869,0.43220794200897217,0.5347525477409363,-0.07441465556621552,0.9976621866226196,0.6775673627853394,0.5431089997291565,0.3554344177246094,0.8849226832389832,0.44352611899375916,0.5428896546363831,-0.061053480952978134,0.9896847009658813,0.6864439845085144,0.5484243035316467,0.24272435903549194,0.9616093635559082,0.39571428298950195,0.5535047650337219,-0.17621128261089325,0.9950089454650879
warrior2,00000226.jpg,0.3623075485229492,0.4197695255279541,-0.13741149008274078,0.9997172951698303,0.3623383045196533,0.41161954402923584,-0.12417720258235931,0.9995478987693787,0.3632051348686218,0.4117785394191742,-0.12417986243963242,0.999518632888794,0.36408957839012146,0.411782830953598,-0.12423518300056458,0.999438464641571,0.3588400185108185,0.41165757179260254,-0.12944063544273376,0.9994421601295471,0.35712283849716187,0.41206473112106323,-0.1294754445552826,0.9993769526481628,0.35537222027778625,0.41295695304870605,-0.1294471174478531,0.9991053938865662,0.36245089769363403,0.41869497299194336,-0.06478868424892426,0.9995012283325195,0.34907200932502747,0.42013779282569885,-0.09006325900554657,0.9989824891090393,0.3643152117729187,0.43077534437179565,-0.11725389212369919,0.9987755417823792,0.3585890233516693,0.43227827548980713,-0.1244581788778305,0.9982877373695374,0.38188230991363525,0.4780205488204956,-0.041336242109537125,0.999543309211731,0.32673394680023193,0.48192882537841797,-0.0843004658818245,0.9989352822303772,0.4244527816772461,0.45928335189819336,-0.045967988669872284,0.9931002855300903,0.28366607427597046,0.4701479971408844,-0.11096296459436417,0.9941805601119995,0.46231260895729065,0.44260352849960327,-0.09773611277341843,0.9926149845123291,0.24296963214874268,0.472950279712677,-0.15537019073963165,0.979915976524353,0.47462907433509827,0.44042783975601196,-0.1082039549946785,0.9753361940383911,0.2328762412071228,0.46982210874557495,-0.16958600282669067,0.9389566779136658,0.4758776128292084,0.4354431629180908,-0.1268271654844284,0.9801427721977234,0.23246659338474274,0.4684978425502777,-0.1820763498544693,0.9457927942276001,0.47103190422058105,0.4379567503929138,-0.10949473083019257,0.9844136238098145,0.23548156023025513,0.4718475937843323,-0.1648353934288025,0.9489266276359558,0.37263381481170654,0.646575927734375,0.017643146216869354,0.9993988275527954,0.3382226228713989,0.6469210386276245,-0.01764351688325405,0.9990103244781494,0.4219008684158325,0.667255163192749,-0.07230815291404724,0.9946058392524719,0.28405123949050903,0.7137805223464966,-0.04615923762321472,0.999206006526947,0.4134454131126404,0.7712485194206238,0.020322177559137344,0.9900234341621399,0.23997367918491364,0.7792315483093262,-0.0007858359604142606,0.9986728429794312,0.4065319299697876,0.7918098568916321,0.026489097625017166,0.9661828279495239,0.23620423674583435,0.7897481918334961,0.0011209903750568628,0.9731244444847107,0.4449812173843384,0.7984959483146667,-0.017597587779164314,0.978826105594635,0.2247203141450882,0.8106292486190796,-0.04776109755039215,0.9950790405273438
warrior2,00000227.jpg,0.4754388928413391,0.249495267868042,-0.14808186888694763,0.9999918937683105,0.4860769510269165,0.229779452085495,-0.14305590093135834,0.9999666213989258,0.4900694787502289,0.2295524775981903,-0.14303191006183624,0.9999724626541138,0.4940226078033447,0.22957724332809448,-0.14300967752933502,0.9999650716781616,0.4800650477409363,0.22896844148635864,-0.12029474228620529,0.9999709129333496,0.4795847535133362,0.22813603281974792,-0.12037547677755356,0.9999756813049316,0.4791421890258789,0.22723999619483948,-0.12035607546567917,0.9999655485153198,0.5124209523200989,0.23940208554267883,-0.11357397586107254,0.999957799911499,0.4939977526664734,0.2362733781337738,-0.004543194081634283,0.9999338388442993,0.48397088050842285,0.2694917917251587,-0.139777272939682,0.999921441078186,0.47650814056396484,0.26820868253707886,-0.10820385068655014,0.99986732006073,0.5698455572128296,0.3535778224468231,-0.12177828699350357,0.9997201561927795,0.45376724004745483,0.34551653265953064,0.027463799342513084,0.9997492432594299,0.6695577502250671,0.3443034291267395,-0.17580962181091309,0.9987834095954895,0.36245739459991455,0.3393650949001312,0.050649840384721756,0.9857169389724731,0.7502164840698242,0.34082838892936707,-0.28212684392929077,0.9918786287307739,0.2856115698814392,0.33081701397895813,-0.07553546875715256,0.987184464931488,0.7762625813484192,0.3448279798030853,-0.30907073616981506,0.9734375476837158,0.2582131028175354,0.336276650428772,-0.10259297490119934,0.9648290872573853,0.7777121663093567,0.3411923050880432,-0.3461483120918274,0.9765679240226746,0.2561880648136139,0.33153268694877625,-0.13917750120162964,0.9709236025810242,0.7675013542175293,0.3423868715763092,-0.3043191432952881,0.9800728559494019,0.2647938132286072,0.33230599761009216,-0.10032632946968079,0.9786550402641296,0.5670666098594666,0.6243064999580383,-0.06801662594079971,0.9974491000175476,0.49926266074180603,0.6257186532020569,0.06781429052352905,0.9989978671073914,0.682721734046936,0.7323303818702698,-0.15194381773471832,0.9980837106704712,0.37906667590141296,0.6440621614456177,-0.05319192633032799,0.995804488658905,0.788277268409729,0.8397268056869507,-0.0625467523932457,0.9963895678520203,0.3632114827632904,0.8479722738265991,0.037273749709129333,0.9929924011230469,0.7986972332000732,0.8554642200469971,-0.058713193982839584,0.9667941331863403,0.37405526638031006,0.8733811378479004,0.040988557040691376,0.9895334839820862,0.7970777153968811,0.8811679482460022,-0.19515179097652435,0.9895881414413452,0.2988808751106262,0.8774248957633972,-0.03827233240008354,0.9825572371482849
warrior2,00000228.jpg,0.45397108793258667,0.37928444147109985,-0.35148605704307556,0.9999909400939941,0.46221718192100525,0.3676445484161377,-0.35789966583251953,0.999946117401123,0.46614354848861694,0.36723998188972473,-0.3578563332557678,0.9999492168426514,0.4703388512134552,0.3668789267539978,-0.35790854692459106,0.9999344348907471,0.4567588269710541,0.36734360456466675,-0.3296522796154022,0.999940037727356,0.4561951160430908,0.36677998304367065,-0.32974904775619507,0.9999409914016724,0.4556639492511749,0.36611485481262207,-0.32975006103515625,0.9999300241470337,0.4900909960269928,0.36888429522514343,-0.31623947620391846,0.9999622106552124,0.4692928194999695,0.36742526292800903,-0.1821858137845993,0.9999260902404785,0.46201086044311523,0.38985753059387207,-0.33181050419807434,0.9999655485153198,0.4545647203922272,0.389642596244812,-0.29303479194641113,0.9999262094497681,0.5511673092842102,0.4370816946029663,-0.23175311088562012,0.9999233484268188,0.43513885140419006,0.42741847038269043,-0.09726947546005249,0.9999215602874756,0.6375443935394287,0.4594935476779938,-0.24319270253181458,0.99937504529953,0.34642133116722107,0.4317839741706848,-0.06985171884298325,0.9960026144981384,0.718931257724762,0.46400904655456543,-0.35377341508865356,0.9961615800857544,0.25698620080947876,0.4148920774459839,-0.2097640037536621,0.9939204454421997,0.7417629361152649,0.47369682788848877,-0.3843408226966858,0.9851276278495789,0.22621622681617737,0.4148016571998596,-0.24109123647212982,0.9762445688247681,0.742221474647522,0.4717716574668884,-0.425681471824646,0.9877384901046753,0.22451162338256836,0.41023367643356323,-0.2847883105278015,0.980742335319519,0.7347084879875183,0.47038960456848145,-0.3763062059879303,0.987060546875,0.23704972863197327,0.4122275710105896,-0.23670479655265808,0.9836891293525696,0.522062361240387,0.6085501313209534,-0.052161067724227905,0.9990769624710083,0.44925200939178467,0.6066774129867554,0.05204962566494942,0.9997336268424988,0.5826926231384277,0.7232779860496521,-0.11821939051151276,0.9979514479637146,0.3591335117816925,0.7044636011123657,-0.07805588841438293,0.9990209341049194,0.633145809173584,0.8062938451766968,0.19613662362098694,0.996669590473175,0.37683892250061035,0.8144240975379944,0.17842943966388702,0.9981071949005127,0.6337254643440247,0.8143019676208496,0.21960659325122833,0.949664294719696,0.3951739966869354,0.8357093930244446,0.1970231682062149,0.9911524653434753,0.6506367921829224,0.8455004692077637,0.06426932662725449,0.9897418022155762,0.3275831341743469,0.8425598740577698,0.0735568255186081,0.9940219521522522
warrior2,00000231.jpg,0.6252830028533936,0.2531368136405945,-0.19042834639549255,0.999962568283081,0.641146183013916,0.2669513523578644,-0.1898370385169983,0.9999407529830933,0.6417124271392822,0.27332350611686707,-0.18976819515228271,0.9999387264251709,0.6425379514694214,0.279943585395813,-0.18984562158584595,0.9999183416366577,0.6398279666900635,0.2604730427265167,-0.15560010075569153,0.9999196529388428,0.6394155025482178,0.26138877868652344,-0.1556069701910019,0.9999158382415771,0.6392978429794312,0.2625638246536255,-0.1556534618139267,0.9999033212661743,0.6351642608642578,0.31915053725242615,-0.1746874302625656,0.9999434947967529,0.6316877603530884,0.2941041886806488,-0.015557179227471352,0.9999326467514038,0.6082828044891357,0.2736457288265228,-0.18759050965309143,0.9998722076416016,0.6070019602775574,0.26266905665397644,-0.14153647422790527,0.9997761845588684,0.5945026278495789,0.4321061372756958,-0.1528090238571167,0.9998739957809448,0.5451924800872803,0.3131120800971985,-0.017456624656915665,0.9999812841415405,0.6487106680870056,0.5850716829299927,-0.20766980946063995,0.9884250164031982,0.5982969403266907,0.15610623359680176,-0.1096605733036995,0.9696235656738281,0.708903968334198,0.7156772613525391,-0.3301084339618683,0.9322096705436707,0.6799331307411194,0.06470596790313721,-0.23560529947280884,0.9593911170959473,0.7246944308280945,0.7464587092399597,-0.36846864223480225,0.8682788610458374,0.7085570693016052,0.03008294105529785,-0.3030225336551666,0.889091432094574,0.7310327291488647,0.7532022595405579,-0.40361592173576355,0.8702225685119629,0.7126250267028809,0.03435403108596802,-0.30784693360328674,0.8829574584960938,0.7230063080787659,0.7435858845710754,-0.35146763920783997,0.87688809633255,0.7042550444602966,0.050705015659332275,-0.2546881437301636,0.9067067503929138,0.5272352695465088,0.6469292640686035,-0.055360160768032074,0.9996739625930786,0.4637250006198883,0.6321619153022766,0.05530089884996414,0.9999797344207764,0.7070597410202026,0.7656894326210022,-0.15164761245250702,0.9983718991279602,0.24738788604736328,0.6684139966964722,-0.28081169724464417,0.999169111251831,0.8346536755561829,0.896661639213562,-0.05307753011584282,0.9948844313621521,0.20705646276474,0.8981977105140686,-0.20288975536823273,0.9985963702201843,0.8517872095108032,0.9120924472808838,-0.04759464040398598,0.9734052419662476,0.22265306115150452,0.9435898065567017,-0.20429052412509918,0.9967431426048279,0.8552041053771973,0.9501075148582458,-0.18829485774040222,0.9882460236549377,0.1243257224559784,0.9572222232818604,-0.3416285812854767,0.9964654445648193
warrior2,00000233.jpg,0.4221096932888031,0.18462172150611877,-0.18281923234462738,0.9999607801437378,0.43228796124458313,0.16661867499351501,-0.18840953707695007,0.9998239874839783,0.43518662452697754,0.1660338044166565,-0.18836867809295654,0.9998525381088257,0.4378337562084198,0.16548317670822144,-0.18837517499923706,0.999795138835907,0.4282819628715515,0.16634538769721985,-0.15581104159355164,0.9998261332511902,0.4285632371902466,0.16567406058311462,-0.15590043365955353,0.9998719692230225,0.42880213260650635,0.16493520140647888,-0.15589837729930878,0.9998224377632141,0.4589216113090515,0.17312219738960266,-0.18420687317848206,0.9998199343681335,0.4411604106426239,0.17344748973846436,-0.02898983471095562,0.9997709393501282,0.43148741126060486,0.20387732982635498,-0.18143627047538757,0.9997161030769348,0.4247981905937195,0.20303121209144592,-0.1363147348165512,0.9994962215423584,0.5341084599494934,0.27610188722610474,-0.17218364775180817,0.9995488524436951,0.4056206941604614,0.2678074538707733,0.009404942393302917,0.9996583461761475,0.6459749341011047,0.2672669589519501,-0.2204333394765854,0.9978418350219727,0.3000916838645935,0.24739351868629456,0.03323579579591751,0.9941500425338745,0.741590142250061,0.28194311261177063,-0.34496477246284485,0.9862152934074402,0.19793987274169922,0.24362683296203613,-0.09895031899213791,0.9903387427330017,0.7727646231651306,0.28671830892562866,-0.3790421783924103,0.9541239142417908,0.167228102684021,0.239414244890213,-0.12478702515363693,0.9613889455795288,0.7769726514816284,0.2831227779388428,-0.4173029661178589,0.9607441425323486,0.16549721360206604,0.235938161611557,-0.1683984100818634,0.9679745435714722,0.7648258209228516,0.284051775932312,-0.3699941337108612,0.9649408459663391,0.17396435141563416,0.24053868651390076,-0.12880238890647888,0.9762995839118958,0.5346311330795288,0.5477941036224365,-0.07796884328126907,0.997722327709198,0.45001208782196045,0.5548636317253113,0.07790137827396393,0.9992477893829346,0.6382571458816528,0.6818869709968567,-0.18050044775009155,0.9991858601570129,0.3319283127784729,0.6306136846542358,-0.08629079163074493,0.9987063407897949,0.7214768528938293,0.8185038566589355,0.025579296052455902,0.9985876083374023,0.30610811710357666,0.8102309703826904,0.10345879942178726,0.9976605176925659,0.7243815064430237,0.8373600840568542,0.037267159670591354,0.9716944694519043,0.32008838653564453,0.8438654541969299,0.11468382179737091,0.9928642511367798,0.7537096738815308,0.8823580741882324,-0.1416964828968048,0.9952813982963562,0.23788124322891235,0.8559449911117554,0.004191325046122074,0.9944057464599609
warrior2,00000234.jpg,0.41786909103393555,0.29887232184410095,-0.24997594952583313,0.9995338916778564,0.43527495861053467,0.2883681654930115,-0.2539404332637787,0.9975860118865967,0.43913260102272034,0.28897902369499207,-0.25397989153862,0.9980315566062927,0.44293829798698425,0.28927209973335266,-0.2540835738182068,0.9974708557128906,0.4310495853424072,0.28791722655296326,-0.21308490633964539,0.9981860518455505,0.4320223033428192,0.28841933608055115,-0.21319352090358734,0.9986446499824524,0.4330677390098572,0.2886579632759094,-0.2132430076599121,0.998119056224823,0.47283288836479187,0.30212292075157166,-0.2346685379743576,0.9967427849769592,0.4532824158668518,0.30035164952278137,-0.03957124426960945,0.9968245029449463,0.42590078711509705,0.31518110632896423,-0.24325606226921082,0.9956282377243042,0.42043405771255493,0.314964234828949,-0.18658550083637238,0.9932410717010498,0.5815972089767456,0.38800689578056335,-0.20287469029426575,0.9990234375,0.39013898372650146,0.40641218423843384,0.013618073426187038,0.9993389248847961,0.7450224757194519,0.3996550142765045,-0.29633742570877075,0.9953045845031738,0.25090524554252625,0.401810884475708,0.03457008674740791,0.9412193298339844,0.9003423452377319,0.4071516990661621,-0.4290374517440796,0.968281626701355,0.12469509243965149,0.38981300592422485,-0.1783939003944397,0.9425538778305054,0.936699628829956,0.4014965891838074,-0.46642932295799255,0.9200903177261353,0.07344132661819458,0.3925214409828186,-0.21625663340091705,0.8899231553077698,0.941197395324707,0.39729705452919006,-0.5279459953308105,0.9281114339828491,0.0722644031047821,0.39005643129348755,-0.28106608986854553,0.9066726565361023,0.9286725521087646,0.401302695274353,-0.46546152234077454,0.9343320727348328,0.09040436148643494,0.39165085554122925,-0.21963493525981903,0.9270644783973694,0.5688803195953369,0.6582663059234619,-0.09827378392219543,0.9915367364883423,0.4516757130622864,0.651780366897583,0.09813114255666733,0.9978561997413635,0.7448379993438721,0.7866801023483276,-0.2543698251247406,0.9942890405654907,0.2578136622905731,0.6397726535797119,-0.17658363282680511,0.9881132245063782,0.9419524669647217,0.8943442106246948,-0.17732073366641998,0.9939595460891724,0.23516520857810974,0.8710910081863403,-0.017096219584345818,0.9870491623878479,0.9581407308578491,0.9060318470001221,-0.17833185195922852,0.9646046161651611,0.2537693977355957,0.9032366275787354,-0.008843999356031418,0.9870232343673706,0.9836149215698242,0.9271341562271118,-0.3990054130554199,0.9854899644851685,0.12566867470741272,0.9163585901260376,-0.14006850123405457,0.9754266738891602
warrior2,00000235.jpg,0.4231939911842346,0.14291095733642578,-0.17371851205825806,0.9999898672103882,0.4333043694496155,0.12359705567359924,-0.18113617599010468,0.999961256980896,0.4371654689311981,0.12240222096443176,-0.18111515045166016,0.9999653100967407,0.4407142102718353,0.12142255902290344,-0.18116974830627441,0.999955415725708,0.429939866065979,0.12422284483909607,-0.1401062160730362,0.9999651908874512,0.4307527542114258,0.12375316023826599,-0.14017777144908905,0.9999724626541138,0.431604266166687,0.123220294713974,-0.14010125398635864,0.9999632835388184,0.46755239367485046,0.12807437777519226,-0.1797579675912857,0.999954342842102,0.4509611427783966,0.13048332929611206,0.015337362885475159,0.9999505281448364,0.43277662992477417,0.15937724709510803,-0.1730939745903015,0.9999221563339233,0.42740780115127563,0.16067156195640564,-0.11666882038116455,0.9998505115509033,0.5653154253959656,0.23293912410736084,-0.163034588098526,0.9998795986175537,0.40871867537498474,0.24589353799819946,0.046182531863451004,0.999836802482605,0.7076528668403625,0.22966867685317993,-0.2304680496454239,0.9987850785255432,0.27390217781066895,0.24020326137542725,0.06609100848436356,0.9832173585891724,0.8212593793869019,0.23793113231658936,-0.362310528755188,0.9936323761940002,0.15105777978897095,0.22263771295547485,-0.11969296634197235,0.9858724474906921,0.8567901849746704,0.23081985116004944,-0.3990502655506134,0.9805121421813965,0.1127409040927887,0.21680176258087158,-0.1608928143978119,0.9665434956550598,0.8606279492378235,0.2244211733341217,-0.45343753695487976,0.9823015928268433,0.10981661081314087,0.21386858820915222,-0.21280650794506073,0.9718160033226013,0.8472466468811035,0.23144054412841797,-0.3945889472961426,0.9828969836235046,0.12347877025604248,0.2176787257194519,-0.15445728600025177,0.9792423248291016,0.5493420958518982,0.5372901558876038,-0.1045922264456749,0.9985804557800293,0.45793095231056213,0.5364722609519958,0.10415094345808029,0.9992449283599854,0.7110857963562012,0.709414005279541,-0.26141417026519775,0.9982144832611084,0.2666119635105133,0.5487636923789978,-0.0859454795718193,0.9929875731468201,0.8756552934646606,0.8598015308380127,-0.20458966493606567,0.9982339143753052,0.22292491793632507,0.8075933456420898,-0.00975833460688591,0.9930469393730164,0.8953186869621277,0.878856897354126,-0.2030048966407776,0.9859527349472046,0.240920752286911,0.8570289015769958,-0.0070939077995717525,0.9925001263618469,0.9131082892417908,0.9305481314659119,-0.3862975239753723,0.9954596161842346,0.13193026185035706,0.8617957830429077,-0.10156792402267456,0.9844979643821716
warrior2,00000236.jpg,0.5785532593727112,0.2040143609046936,-0.07527323067188263,0.9999980926513672,0.572699248790741,0.1851852834224701,-0.04746624827384949,0.999996542930603,0.5721734762191772,0.18476173281669617,-0.04750907048583031,0.999996542930603,0.5714331865310669,0.18431240320205688,-0.04758192598819733,0.9999963045120239,0.5692735910415649,0.18604400753974915,-0.08441407233476639,0.9999970197677612,0.566240131855011,0.18626022338867188,-0.08446217328310013,0.999996542930603,0.5630729794502258,0.18683061003684998,-0.08439309895038605,0.9999951124191284,0.5543138980865479,0.19520515203475952,0.06929352879524231,0.999996542930603,0.544098436832428,0.20028197765350342,-0.1006835401058197,0.9999957084655762,0.5776389241218567,0.22279685735702515,-0.033784713596105576,0.9999831914901733,0.5720917582511902,0.22606226801872253,-0.08288545906543732,0.9999854564666748,0.5962958931922913,0.30557847023010254,0.10794975608587265,0.999963641166687,0.4833885729312897,0.31784340739250183,-0.13187699019908905,0.999902606010437,0.6806256175041199,0.3080408573150635,0.13313797116279602,0.990576982498169,0.3823584318161011,0.33440276980400085,-0.18350672721862793,0.996871292591095,0.7464683651924133,0.3008962869644165,0.03469287231564522,0.9971063733100891,0.28315770626068115,0.33833956718444824,-0.23190481960773468,0.9941972494125366,0.7728641033172607,0.30391183495521545,0.014924246817827225,0.988706111907959,0.2538207769393921,0.3430379629135132,-0.2521342933177948,0.9813794493675232,0.7744879722595215,0.3042064905166626,-0.033943817019462585,0.9904584884643555,0.25165435671806335,0.3425500988960266,-0.28647518157958984,0.9831880927085876,0.7641335725784302,0.30551204085350037,0.004910255316644907,0.9916223883628845,0.2624792754650116,0.34353071451187134,-0.25060907006263733,0.9806348085403442,0.5597983002662659,0.6093538403511047,0.06809420138597488,0.9996123909950256,0.4842776656150818,0.5988466143608093,-0.06803010404109955,0.99954754114151,0.6928926706314087,0.6465847492218018,-0.11890838295221329,0.9967015385627747,0.364571213722229,0.7414236664772034,-0.14858032763004303,0.9984877109527588,0.6812108755111694,0.8693943023681641,-0.034784842282533646,0.9907123446464539,0.2356867492198944,0.8774820566177368,-0.15066619217395782,0.9988659620285034,0.6618197560310364,0.9029433131217957,-0.032311178743839264,0.9853994250297546,0.22286397218704224,0.895442545413971,-0.15839321911334991,0.9726483821868896,0.7319706082344055,0.9195681810379028,-0.1296725571155548,0.9878509640693665,0.21175333857536316,0.9369267225265503,-0.30915966629981995,0.9951832890510559
warrior2,00000237.jpg,0.5030187964439392,0.39794835448265076,-0.05104581639170647,0.9997852444648743,0.4963504374027252,0.3831539750099182,-0.03586274012923241,0.999792754650116,0.495589017868042,0.3826840817928314,-0.03592623397707939,0.9998735189437866,0.49458202719688416,0.38251936435699463,-0.0359075590968132,0.9998522996902466,0.49238121509552,0.38465970754623413,-0.07800417393445969,0.9998546838760376,0.48902037739753723,0.3852713704109192,-0.07801514118909836,0.9999208450317383,0.4854729175567627,0.38606730103492737,-0.07801643013954163,0.9998761415481567,0.47658708691596985,0.39540863037109375,0.034781474620103836,0.9998323917388916,0.46838489174842834,0.3984576463699341,-0.1545976847410202,0.9998891353607178,0.4995514750480652,0.41419416666030884,-0.020304754376411438,0.9992934465408325,0.49489352107048035,0.416296124458313,-0.07520022243261337,0.9991582632064819,0.48015540838241577,0.46218428015708923,0.1304859220981598,0.9973897337913513,0.4494941532611847,0.47933250665664673,-0.23310686647891998,0.9992713332176208,0.48627543449401855,0.3295482099056244,0.19342951476573944,0.3276342451572418,0.4581708312034607,0.34544047713279724,-0.3441542387008667,0.9828857183456421,0.47471150755882263,0.23124289512634277,0.0917593389749527,0.45283737778663635,0.45580676198005676,0.2236780822277069,-0.3487107753753662,0.9434819221496582,0.4690934419631958,0.20477506518363953,0.07520125806331635,0.48583489656448364,0.4523841142654419,0.19146418571472168,-0.38619667291641235,0.9270881414413452,0.46702802181243896,0.1964157223701477,0.05840105190873146,0.47778984904289246,0.4502105414867401,0.18625915050506592,-0.3772851526737213,0.9110357165336609,0.4698101580142975,0.21069246530532837,0.07695604115724564,0.4852884113788605,0.4522096514701843,0.1977023482322693,-0.3451944589614868,0.8891658782958984,0.4698870778083801,0.7196628451347351,0.12971976399421692,0.9998061060905457,0.4683404862880707,0.7254477739334106,-0.12999574840068817,0.9999004602432251,0.36049696803092957,0.8079543113708496,0.2215941697359085,0.9937841892242432,0.5919299721717834,0.7291053533554077,-0.10428368300199509,0.9998114705085754,0.26624464988708496,0.8562033772468567,0.28483816981315613,0.9892539978027344,0.604919970035553,0.893434464931488,-0.008585810661315918,0.9992198944091797,0.24405492842197418,0.8543837666511536,0.2917540967464447,0.9880848526954651,0.5966570377349854,0.9127534627914429,0.0011255216086283326,0.9983867406845093,0.26089873909950256,0.882719874382019,0.2673655152320862,0.9748132228851318,0.6605647206306458,0.9059025049209595,-0.04906998202204704,0.9962588548660278
warrior2,00000238.jpg,0.5810772776603699,0.15250369906425476,-0.3248670697212219,0.9999855756759644,0.5737813115119934,0.13161030411720276,-0.2989307940006256,0.999954104423523,0.5732981562614441,0.1309375762939453,-0.2989332377910614,0.9999592304229736,0.5726080536842346,0.13011395931243896,-0.2990454435348511,0.9999395608901978,0.569351851940155,0.13278979063034058,-0.3338868319988251,0.9999572038650513,0.5658386945724487,0.13288235664367676,-0.3339759409427643,0.9999551773071289,0.5620676279067993,0.13307562470436096,-0.3339084982872009,0.999914288520813,0.5556315779685974,0.1373749077320099,-0.1703239530324936,0.9999485015869141,0.5399481654167175,0.1439339816570282,-0.3348807692527771,0.9999501705169678,0.5789190530776978,0.17405664920806885,-0.27731600403785706,0.9998369216918945,0.5726335644721985,0.17739245295524597,-0.324919193983078,0.9998691082000732,0.5943279266357422,0.2540164589881897,-0.10402151197195053,0.9999641180038452,0.4680679142475128,0.2407049536705017,-0.3274584710597992,0.9999163150787354,0.6949144601821899,0.2634216845035553,-0.10616408288478851,0.9982231259346008,0.3664027452468872,0.2292729914188385,-0.39970895648002625,0.9973395466804504,0.787017822265625,0.2365691065788269,-0.22962895035743713,0.9990512728691101,0.2768445611000061,0.1997944712638855,-0.473143607378006,0.994914174079895,0.8167425394058228,0.2373315989971161,-0.25203949213027954,0.9956676959991455,0.24603435397148132,0.2021731734275818,-0.5024799108505249,0.9852811694145203,0.8210247755050659,0.23562026023864746,-0.3018421530723572,0.9965730905532837,0.24384552240371704,0.20162037014961243,-0.5357590317726135,0.9871822595596313,0.8083609342575073,0.23852360248565674,-0.26070719957351685,0.9971402883529663,0.2546394169330597,0.20447593927383423,-0.4937869906425476,0.986034631729126,0.5624514222145081,0.554023802280426,0.06635957956314087,0.9995976090431213,0.4814443588256836,0.5589221715927124,-0.0663454607129097,0.9996328353881836,0.6968201994895935,0.5818360447883606,-0.07575713843107224,0.9973142743110657,0.39275431632995605,0.7374753952026367,-0.1583610475063324,0.999610960483551,0.7176103591918945,0.8338078260421753,0.015047156251966953,0.9958345890045166,0.263305127620697,0.8434919118881226,-0.06282372027635574,0.9995323419570923,0.700893759727478,0.8743715286254883,0.01747373677790165,0.9895861744880676,0.24712952971458435,0.8471726179122925,-0.05966847389936447,0.9864069819450378,0.7814241647720337,0.8757933974266052,-0.07781194150447845,0.9934065341949463,0.21876385807991028,0.9010807275772095,-0.19048261642456055,0.9974148273468018
warrior2,00000239.jpg,0.45118433237075806,0.2867479920387268,-0.21869267523288727,0.9997089505195618,0.45714181661605835,0.26920050382614136,-0.2124379426240921,0.9992327690124512,0.46001163125038147,0.2685953974723816,-0.21241886913776398,0.9987446069717407,0.46340441703796387,0.2680930495262146,-0.21244001388549805,0.998725950717926,0.45380592346191406,0.2696387469768524,-0.19986039400100708,0.9994365572929382,0.4538346529006958,0.2693195343017578,-0.19994212687015533,0.9992638230323792,0.4539165198802948,0.2689398229122162,-0.19997335970401764,0.9995046854019165,0.4806452691555023,0.27497100830078125,-0.13608862459659576,0.9983731508255005,0.4617892801761627,0.27543553709983826,-0.0745888501405716,0.9993245601654053,0.45670458674430847,0.30249327421188354,-0.18801698088645935,0.9990295171737671,0.45242413878440857,0.3026067018508911,-0.1703464239835739,0.9991118311882019,0.5270808935165405,0.3757475018501282,-0.08232183754444122,0.9978907704353333,0.431913822889328,0.3708154857158661,-0.0031742483843117952,0.9999120235443115,0.5554139614105225,0.44750094413757324,-0.11172465234994888,0.8735300898551941,0.35595622658729553,0.37086421251296997,0.010139775462448597,0.9928062558174133,0.5500523447990417,0.45358940958976746,-0.1772533506155014,0.637041449546814,0.2853693664073944,0.36731693148612976,-0.0904310792684555,0.9837671518325806,0.5491153001785278,0.4557946026325226,-0.193790465593338,0.4902983605861664,0.25865793228149414,0.36997315287590027,-0.1118994653224945,0.952542245388031,0.5481808185577393,0.44118863344192505,-0.2020106464624405,0.49116551876068115,0.26031750440597534,0.3670044243335724,-0.14241357147693634,0.9597273468971252,0.5480997562408447,0.44152557849884033,-0.18420685827732086,0.48065266013145447,0.2680720090866089,0.3689987063407898,-0.10956732928752899,0.9667640924453735,0.5184925198554993,0.6336259841918945,-0.04259917885065079,0.998390793800354,0.45740947127342224,0.6311034560203552,0.04255284368991852,0.9998601675033569,0.5706717371940613,0.7905745506286621,-0.08522435277700424,0.9968135952949524,0.36120855808258057,0.6852075457572937,-0.11999320983886719,0.998900294303894,0.6539235711097717,0.851377546787262,0.10165722668170929,0.9965039491653442,0.3551892042160034,0.874322772026062,0.02334236353635788,0.9984220266342163,0.6577691435813904,0.8680225014686584,0.11671381443738937,0.975538432598114,0.3647991716861725,0.9036837816238403,0.03417601436376572,0.9940874576568604,0.6719111204147339,0.916968822479248,0.01812078058719635,0.9898813366889954,0.3075932264328003,0.9054222702980042,-0.04767999053001404,0.994855523109436
warrior2,00000240.jpg,0.7688189744949341,0.430227130651474,-0.052568111568689346,0.9999021291732788,0.7686326503753662,0.4153085947036743,-0.03575848788022995,0.9999275207519531,0.7672851085662842,0.41456377506256104,-0.03581590950489044,0.9999114274978638,0.7658163905143738,0.4139336049556732,-0.03579867631196976,0.9999308586120605,0.7681313753128052,0.4150867164134979,-0.08434365689754486,0.999915599822998,0.766475260257721,0.41411876678466797,-0.08430440723896027,0.9999167919158936,0.7646481990814209,0.4132290780544281,-0.08429361879825592,0.9999382495880127,0.7463342547416687,0.4114326238632202,0.04317246377468109,0.9998899698257446,0.7468005418777466,0.4116617739200592,-0.18062172830104828,0.9999163150787354,0.7567623853683472,0.4392513632774353,-0.018420249223709106,0.9999072551727295,0.7562351226806641,0.4378952980041504,-0.08314047753810883,0.9998888969421387,0.6902077198028564,0.4348580241203308,0.17930404841899872,0.9985681772232056,0.6963616609573364,0.4455570876598358,-0.3074090778827667,0.9995879530906677,0.798670768737793,0.45614859461784363,0.2542973458766937,0.2931324541568756,0.8099334239959717,0.46044665575027466,-0.4861581325531006,0.9896337985992432,0.8931214213371277,0.4498341679573059,0.06857147067785263,0.3965355455875397,0.9201546311378479,0.44624292850494385,-0.5192610025405884,0.9831599593162537,0.9164339900016785,0.4420397877693176,0.045951925218105316,0.403662770986557,0.9403200149536133,0.442352294921875,-0.5904229879379272,0.9652401804924011,0.9171748757362366,0.43693938851356506,0.0016213228227570653,0.4167558252811432,0.9391089677810669,0.43516039848327637,-0.5668235421180725,0.9580090641975403,0.9093183279037476,0.4379546642303467,0.04137688875198364,0.4154353141784668,0.9331778287887573,0.43496382236480713,-0.5122233033180237,0.9371433258056641,0.4592723250389099,0.464385062456131,0.15628503262996674,0.9997043013572693,0.4745696783065796,0.49413996934890747,-0.1563688963651657,0.99953293800354,0.30472683906555176,0.44810470938682556,0.21224360167980194,0.9811707735061646,0.47848352789878845,0.6804761290550232,-0.09788115322589874,0.9987778067588806,0.14968553185462952,0.4119507968425751,0.34125638008117676,0.9848942160606384,0.5077196359634399,0.850614070892334,0.017157796770334244,0.996788740158081,0.1283627152442932,0.39655518531799316,0.35280075669288635,0.9890502691268921,0.49883419275283813,0.8793325424194336,0.02678844705224037,0.9948047995567322,0.09267744421958923,0.4405736029148102,0.29656338691711426,0.977753758430481,0.5862433910369873,0.8675700426101685,-0.05038178339600563,0.9946237802505493
warrior2,00000241.jpg,0.45527395606040955,0.2071194052696228,-0.21942578256130219,0.9999529123306274,0.45906612277030945,0.19556620717048645,-0.2710486948490143,0.9999839067459106,0.45744067430496216,0.1990351378917694,-0.2711215615272522,0.9999845027923584,0.4555487036705017,0.20126083493232727,-0.2712963819503784,0.9999867677688599,0.46605727076530457,0.18899324536323547,-0.2438952773809433,0.9999836683273315,0.4691845178604126,0.18708327412605286,-0.24397914111614227,0.999982476234436,0.4713977575302124,0.18494227528572083,-0.24413037300109863,0.9999829530715942,0.46153464913368225,0.2172360122203827,-0.39108890295028687,0.9999654293060303,0.48970288038253784,0.19700422883033752,-0.2680773138999939,0.9999731779098511,0.4582892060279846,0.22834831476211548,-0.2487076222896576,0.9997106194496155,0.4657934308052063,0.22588399052619934,-0.21350790560245514,0.9996697902679443,0.4340413808822632,0.32803237438201904,-0.4022633135318756,0.9993865489959717,0.5627051591873169,0.2809746563434601,-0.20405572652816772,0.9999014139175415,0.3099154531955719,0.2886351943016052,-0.5171500444412231,0.9986600875854492,0.683290958404541,0.28999391198158264,-0.110060915350914,0.9990197420120239,0.1874866485595703,0.26306310296058655,-0.6118879914283752,0.9941946864128113,0.8033766150474548,0.29699090123176575,-0.10753694921731949,0.9762840867042542,0.15155741572380066,0.2685409486293793,-0.6727924346923828,0.9891645312309265,0.8418987393379211,0.30572453141212463,-0.1363043487071991,0.9475618600845337,0.14796361327171326,0.26176515221595764,-0.6634543538093567,0.9893110990524292,0.8417643904685974,0.30095991492271423,-0.13824383914470673,0.9446646571159363,0.1614934802055359,0.26240307092666626,-0.6066288948059082,0.9678601026535034,0.8262489438056946,0.29890894889831543,-0.10694225877523422,0.9150946736335754,0.4645156264305115,0.6002684235572815,-0.09915953129529953,0.999736487865448,0.5272566676139832,0.5711750984191895,0.0982629582285881,0.9995900988578796,0.30040454864501953,0.6666961312294006,-0.003399407956749201,0.9980649352073669,0.6091248989105225,0.7099553942680359,0.46211951971054077,0.9462531805038452,0.2800371050834656,0.8457401990890503,0.15728873014450073,0.9928293824195862,0.6960273385047913,0.8444033861160278,0.7547304630279541,0.9064919948577881,0.2922913432121277,0.8736516833305359,0.17749767005443573,0.9910032749176025,0.710369348526001,0.8711146116256714,0.7873485684394836,0.87840336561203,0.2193707823753357,0.8591506481170654,0.14025327563285828,0.9842877388000488,0.6774749159812927,0.8416317105293274,0.79156494140625,0.8413883447647095
warrior2,00000243.jpg,0.37231215834617615,0.044167399406433105,-0.322729229927063,0.997194766998291,0.38241374492645264,0.03291076421737671,-0.3112701177597046,0.9923691749572754,0.38875311613082886,0.031638145446777344,-0.31139376759529114,0.9926400184631348,0.39548709988594055,0.030161559581756592,-0.3116295039653778,0.992164134979248,0.3704068064689636,0.03937619924545288,-0.27724912762641907,0.9911779761314392,0.3688078224658966,0.042291104793548584,-0.27742162346839905,0.9913506507873535,0.36736488342285156,0.04455476999282837,-0.27754244208335876,0.9885772466659546,0.4256051182746887,0.042901694774627686,-0.23811154067516327,0.9921930432319641,0.3810963034629822,0.060783445835113525,-0.0775335356593132,0.9843736886978149,0.3940368890762329,0.053158700466156006,-0.29822105169296265,0.9894335865974426,0.37791308760643005,0.06229904294013977,-0.2511984407901764,0.9722079634666443,0.5715373754501343,0.15436214208602905,-0.20337052643299103,0.9977172613143921,0.3605317175388336,0.21122846007347107,-0.03875816985964775,0.9927523136138916,0.7519424557685852,0.1933862566947937,-0.2743142247200012,0.9882982969284058,0.18074971437454224,0.17307835817337036,-0.07658888399600983,0.9600982666015625,0.9190803170204163,0.23860034346580505,-0.4653799831867218,0.9560251235961914,0.03599819540977478,0.14146688580513,-0.228285551071167,0.882063090801239,0.9643893241882324,0.24541208148002625,-0.49100175499916077,0.8881627321243286,-0.002764105796813965,0.12839174270629883,-0.2749503552913666,0.7111380100250244,0.9663676023483276,0.25010964274406433,-0.5613912343978882,0.9064854979515076,1.7642974853515625e-05,0.12494552135467529,-0.3211038410663605,0.7465611100196838,0.9515137076377869,0.25264593958854675,-0.5048289895057678,0.9235575795173645,0.008520305156707764,0.13461190462112427,-0.2681914269924164,0.813876748085022,0.6248467564582825,0.6148850321769714,-0.06963714212179184,0.9931239485740662,0.48704081773757935,0.6254981160163879,0.06949780136346817,0.9980716109275818,0.8035478591918945,0.8238213658332825,-0.07428877800703049,0.975286602973938,0.2609200179576874,0.7343641519546509,-0.3179830312728882,0.9919548630714417,0.9231373071670532,0.9641629457473755,0.48825010657310486,0.9178879261016846,0.30975550413131714,1.0084502696990967,-0.052577316761016846,0.9629009366035461,0.9283591508865356,0.9730232954025269,0.5351537466049194,0.6656183004379272,0.34239792823791504,1.0195586681365967,-0.03281999006867409,0.9169342517852783,0.982962965965271,1.0133237838745117,0.332991361618042,0.7912303805351257,0.24383464455604553,1.1197288036346436,-0.18582165241241455,0.9244288206100464
warrior2,00000244.jpg,0.40777480602264404,0.18341901898384094,-0.203939288854599,0.9999407529830933,0.417697936296463,0.16405346989631653,-0.20763565599918365,0.999703586101532,0.42179074883461,0.1629425585269928,-0.20759831368923187,0.9997825026512146,0.4261983036994934,0.16182348132133484,-0.2076205462217331,0.9996459484100342,0.4114028215408325,0.16486051678657532,-0.17367611825466156,0.9997454285621643,0.41095858812332153,0.16441282629966736,-0.17374761402606964,0.9998064637184143,0.41061657667160034,0.1638217568397522,-0.17371360957622528,0.9997071623802185,0.451940655708313,0.16764220595359802,-0.19667242467403412,0.9997599720954895,0.43124762177467346,0.1669079065322876,-0.034091636538505554,0.9997418522834778,0.4202639162540436,0.20255789160728455,-0.19991406798362732,0.9994811415672302,0.4105816185474396,0.20483273267745972,-0.15291573107242584,0.9990882873535156,0.5226220488548279,0.2809666693210602,-0.18242155015468597,0.998932421207428,0.3950924575328827,0.27495884895324707,-0.0029396035242825747,0.9995179176330566,0.6375094056129456,0.25518563389778137,-0.2466915100812912,0.9978688955307007,0.2904457151889801,0.24172276258468628,0.00811461079865694,0.9781115055084229,0.7281522750854492,0.2535546123981476,-0.3513562083244324,0.9835259914398193,0.1996554136276245,0.20042219758033752,-0.15194277465343475,0.9802356958389282,0.7574158310890198,0.2550036311149597,-0.3846456706523895,0.948303759098053,0.16406777501106262,0.19413787126541138,-0.18958330154418945,0.9498012661933899,0.7605482339859009,0.2510838806629181,-0.4244704842567444,0.9529647827148438,0.1619112491607666,0.19093427062034607,-0.23109537363052368,0.9575821161270142,0.7509216070175171,0.2533508241176605,-0.37773552536964417,0.9605392217636108,0.17265856266021729,0.19473198056221008,-0.1824626326560974,0.9695781469345093,0.508668839931488,0.5832956433296204,-0.08497253805398941,0.9907128214836121,0.4222005009651184,0.5762302875518799,0.08480484038591385,0.9977679252624512,0.6298643350601196,0.7330846786499023,-0.19024010002613068,0.9947136044502258,0.2916131615638733,0.6591199040412903,-0.11610983312129974,0.9974168539047241,0.7471191883087158,0.8795896172523499,-0.06301340460777283,0.9941470623016357,0.32576578855514526,0.879919171333313,0.025780605152249336,0.9928805828094482,0.7544701099395752,0.8992525339126587,-0.0579206608235836,0.9551895260810852,0.3424994945526123,0.9187585115432739,0.03272877261042595,0.9927802681922913,0.772776186466217,0.9370648860931396,-0.23313865065574646,0.9862522482872009,0.2607528865337372,0.9297361373901367,-0.06976329535245895,0.9808140993118286
